population_group_id,population_group_name,measure_id,measure_name,location_id,location_name,sex_id,sex_name,age_id,age_name,cause_id,cause_name,metric_id,metric_name,year,val,upper,lower
1,All Population,5,Prevalence,59,Latvia,3,Both,27,Age-standardized,558,Mental disorders,2,Percent,2000,0.1175439000258901,0.1275378377551795,0.1083563412852268
1,All Population,5,Prevalence,59,Latvia,3,Both,27,Age-standardized,558,Mental disorders,3,Rate,2000,11033.50786439856,11951.13607565667,10171.30973967058
1,All Population,5,Prevalence,34,Azerbaijan,3,Both,27,Age-standardized,558,Mental disorders,2,Percent,2000,0.1134471126523458,0.1251819533724051,0.1028323446574442
1,All Population,5,Prevalence,34,Azerbaijan,3,Both,27,Age-standardized,558,Mental disorders,3,Rate,2000,11009.64364195854,12143.27996853679,9971.19136959456
1,All Population,5,Prevalence,106,Bahamas,3,Both,27,Age-standardized,558,Mental disorders,2,Percent,2000,0.1439481849674009,0.1565838297972049,0.1312816566779986
1,All Population,5,Prevalence,106,Bahamas,3,Both,27,Age-standardized,558,Mental disorders,3,Rate,2000,13931.01020973517,15157.432674986429,12717.82874444637
1,All Population,5,Prevalence,45,Bulgaria,3,Both,27,Age-standardized,558,Mental disorders,2,Percent,2000,0.1109812681926497,0.1229810841708927,0.1001909166024268
1,All Population,5,Prevalence,45,Bulgaria,3,Both,27,Age-standardized,558,Mental disorders,3,Rate,2000,10635.22335553362,11772.24534875083,9589.479881013289
1,All Population,5,Prevalence,48,Hungary,3,Both,27,Age-standardized,558,Mental disorders,2,Percent,2000,0.1162322339143948,0.1285937665817348,0.1045982865146619
1,All Population,5,Prevalence,48,Hungary,3,Both,27,Age-standardized,558,Mental disorders,3,Rate,2000,11109.77049705227,12273.83565667356,9993.39202358771
1,All Population,5,Prevalence,81,Germany,3,Both,27,Age-standardized,558,Mental disorders,2,Percent,2000,0.1374339200170913,0.1483305525267354,0.1278165486460335
1,All Population,5,Prevalence,81,Germany,3,Both,27,Age-standardized,558,Mental disorders,3,Rate,2000,12644.400340415299,13662.578246559582,11748.44608297088
1,All Population,5,Prevalence,95,United Kingdom,3,Both,27,Age-standardized,558,Mental disorders,2,Percent,2000,0.153637580772582,0.1655151291142208,0.1435870181602001
1,All Population,5,Prevalence,95,United Kingdom,3,Both,27,Age-standardized,558,Mental disorders,3,Rate,2000,14056.942854397481,15053.965484760689,13147.700313977079
1,All Population,5,Prevalence,121,Bolivia (Plurinational State of),3,Both,27,Age-standardized,558,Mental disorders,2,Percent,2000,0.1476975271761712,0.1622493589271269,0.1338368757083571
1,All Population,5,Prevalence,121,Bolivia (Plurinational State of),3,Both,27,Age-standardized,558,Mental disorders,3,Rate,2000,14425.794864013238,15874.41750991126,13027.86394746946
1,All Population,5,Prevalence,14,Maldives,3,Both,27,Age-standardized,558,Mental disorders,2,Percent,2000,0.07986804627439,0.0883037524570992,0.072562795867728
1,All Population,5,Prevalence,14,Maldives,3,Both,27,Age-standardized,558,Mental disorders,3,Rate,2000,7829.71023454977,8662.33576517258,7110.40021383746
1,All Population,5,Prevalence,29,Tonga,3,Both,27,Age-standardized,558,Mental disorders,2,Percent,2000,0.1081500413197022,0.125858820473258,0.0919221095608668
1,All Population,5,Prevalence,29,Tonga,3,Both,27,Age-standardized,558,Mental disorders,3,Rate,2000,10525.37417972339,12234.69656653646,8937.04466190723
1,All Population,5,Prevalence,74,Andorra,3,Both,27,Age-standardized,558,Mental disorders,2,Percent,2000,0.1348384746642658,0.144233210179,0.1261430489179372
1,All Population,5,Prevalence,74,Andorra,3,Both,27,Age-standardized,558,Mental disorders,3,Rate,2000,12362.6985719003,13211.05723557028,11610.27321938321
1,All Population,5,Prevalence,24,Marshall Islands,3,Both,27,Age-standardized,558,Mental disorders,2,Percent,2000,0.0959370974358874,0.1073786368334109,0.084574571407555
1,All Population,5,Prevalence,24,Marshall Islands,3,Both,27,Age-standardized,558,Mental disorders,3,Rate,2000,9458.69531469758,10589.94428833798,8326.54891453343
1,All Population,5,Prevalence,61,Republic of Moldova,3,Both,27,Age-standardized,558,Mental disorders,2,Percent,2000,0.1169078090392315,0.1290023941722871,0.1064359215407384
1,All Population,5,Prevalence,61,Republic of Moldova,3,Both,27,Age-standardized,558,Mental disorders,3,Rate,2000,11105.00978181924,12258.862768628249,10058.27591752776
1,All Population,5,Prevalence,11,Indonesia,3,Both,27,Age-standardized,558,Mental disorders,2,Percent,2000,0.0793957815078551,0.0887233731093979,0.0715688755997227
1,All Population,5,Prevalence,11,Indonesia,3,Both,27,Age-standardized,558,Mental disorders,3,Rate,2000,7849.007855134971,8783.830910057839,7074.9393030007905
1,All Population,5,Prevalence,47,Czechia,3,Both,27,Age-standardized,558,Mental disorders,2,Percent,2000,0.1211586013446849,0.1341895441364186,0.1079745708958764
1,All Population,5,Prevalence,47,Czechia,3,Both,27,Age-standardized,558,Mental disorders,3,Rate,2000,11475.88281376757,12701.543387588828,10183.609881506469
1,All Population,5,Prevalence,139,Algeria,3,Both,27,Age-standardized,558,Mental disorders,2,Percent,2000,0.13683939260415,0.1458642013208877,0.1266325260994246
1,All Population,5,Prevalence,139,Algeria,3,Both,27,Age-standardized,558,Mental disorders,3,Rate,2000,13272.13189497251,14155.85263113624,12334.31924638606
1,All Population,5,Prevalence,50,Montenegro,3,Both,27,Age-standardized,558,Mental disorders,2,Percent,2000,0.1235882434979792,0.1375506623135702,0.1107730179062512
1,All Population,5,Prevalence,50,Montenegro,3,Both,27,Age-standardized,558,Mental disorders,3,Rate,2000,11741.360733717871,13069.611686032951,10486.085403172781
1,All Population,5,Prevalence,108,Belize,3,Both,27,Age-standardized,558,Mental disorders,2,Percent,2000,0.1326770979092741,0.145099808860885,0.1207628855819081
1,All Population,5,Prevalence,108,Belize,3,Both,27,Age-standardized,558,Mental disorders,3,Rate,2000,12992.8465222865,14213.000095571451,11829.53228893362
1,All Population,5,Prevalence,186,Seychelles,3,Both,27,Age-standardized,558,Mental disorders,2,Percent,2000,0.0789199907451146,0.0865343406262168,0.0721997319176666
1,All Population,5,Prevalence,186,Seychelles,3,Both,27,Age-standardized,558,Mental disorders,3,Rate,2000,7623.24500766175,8333.018688242699,6970.0182579618795
1,All Population,5,Prevalence,16,Philippines,3,Both,27,Age-standardized,558,Mental disorders,2,Percent,2000,0.0852653179590189,0.0939442758976539,0.0776987084752368
1,All Population,5,Prevalence,16,Philippines,3,Both,27,Age-standardized,558,Mental disorders,3,Rate,2000,8339.327740723109,9179.37383335106,7601.57295106247
1,All Population,5,Prevalence,71,Australia,3,Both,27,Age-standardized,558,Mental disorders,2,Percent,2000,0.1708151190553051,0.182945028769489,0.1599788985987419
1,All Population,5,Prevalence,71,Australia,3,Both,27,Age-standardized,558,Mental disorders,3,Rate,2000,15678.917308591619,16748.19649348564,14672.09455223718
1,All Population,5,Prevalence,58,Estonia,3,Both,27,Age-standardized,558,Mental disorders,2,Percent,2000,0.1120581238438382,0.1231692732405765,0.1022505638584649
1,All Population,5,Prevalence,58,Estonia,3,Both,27,Age-standardized,558,Mental disorders,3,Rate,2000,10515.58629309044,11547.34438713104,9570.732515590471
1,All Population,5,Prevalence,97,Argentina,3,Both,27,Age-standardized,558,Mental disorders,2,Percent,2000,0.1445640453994796,0.161642016791249,0.1301627028603917
1,All Population,5,Prevalence,97,Argentina,3,Both,27,Age-standardized,558,Mental disorders,3,Rate,2000,13710.359683257711,15312.558233051472,12330.80505993969
1,All Population,5,Prevalence,92,Spain,3,Both,27,Age-standardized,558,Mental disorders,2,Percent,2000,0.1434837050901248,0.1558629229209805,0.1320759505627503
1,All Population,5,Prevalence,92,Spain,3,Both,27,Age-standardized,558,Mental disorders,3,Rate,2000,13204.720257221968,14308.780556317679,12137.86534967532
1,All Population,5,Prevalence,153,Syrian Arab Republic,3,Both,27,Age-standardized,558,Mental disorders,2,Percent,2000,0.1568336268482181,0.1717109913832321,0.1404060067557816
1,All Population,5,Prevalence,153,Syrian Arab Republic,3,Both,27,Age-standardized,558,Mental disorders,3,Rate,2000,15273.00921028308,16737.16796838586,13616.05404662905
1,All Population,5,Prevalence,49,North Macedonia,3,Both,27,Age-standardized,558,Mental disorders,2,Percent,2000,0.1133405527011836,0.12587467685374,0.1012690206725244
1,All Population,5,Prevalence,49,North Macedonia,3,Both,27,Age-standardized,558,Mental disorders,3,Rate,2000,10863.41359670708,12068.72534268147,9681.350783062879
1,All Population,5,Prevalence,142,Iran (Islamic Republic of),3,Both,27,Age-standardized,558,Mental disorders,2,Percent,2000,0.1777253866111375,0.1932184302048332,0.1614864543800782
1,All Population,5,Prevalence,142,Iran (Islamic Republic of),3,Both,27,Age-standardized,558,Mental disorders,3,Rate,2000,17284.8385860791,18800.52060370351,15668.981907357771
1,All Population,5,Prevalence,63,Ukraine,3,Both,27,Age-standardized,558,Mental disorders,2,Percent,2000,0.1222122694893074,0.1351293934364573,0.1102677653835971
1,All Population,5,Prevalence,63,Ukraine,3,Both,27,Age-standardized,558,Mental disorders,3,Rate,2000,11564.87770954635,12786.816481893558,10401.55246797799
1,All Population,5,Prevalence,189,United Republic of Tanzania,3,Both,27,Age-standardized,558,Mental disorders,2,Percent,2000,0.102985126842259,0.1124181246045808,0.0939588277565304
1,All Population,5,Prevalence,189,United Republic of Tanzania,3,Both,27,Age-standardized,558,Mental disorders,3,Rate,2000,10257.5926096322,11196.10761442212,9356.964190292
1,All Population,5,Prevalence,141,Egypt,3,Both,27,Age-standardized,558,Mental disorders,2,Percent,2000,0.1358944549855528,0.1487986632629709,0.1231511944718531
1,All Population,5,Prevalence,141,Egypt,3,Both,27,Age-standardized,558,Mental disorders,3,Rate,2000,13310.3798868228,14596.138968232639,12050.58071035608
1,All Population,5,Prevalence,26,Papua New Guinea,3,Both,27,Age-standardized,558,Mental disorders,2,Percent,2000,0.0964035687812566,0.1082956141035616,0.0846769023663174
1,All Population,5,Prevalence,26,Papua New Guinea,3,Both,27,Age-standardized,558,Mental disorders,3,Rate,2000,9591.85321578928,10778.98572171105,8425.3063876977
1,All Population,5,Prevalence,198,Zimbabwe,3,Both,27,Age-standardized,558,Mental disorders,2,Percent,2000,0.1148723437098546,0.1262896351702062,0.1030900232679809
1,All Population,5,Prevalence,198,Zimbabwe,3,Both,27,Age-standardized,558,Mental disorders,3,Rate,2000,11232.62306882051,12332.32457340934,10059.985620429821
1,All Population,5,Prevalence,13,Malaysia,3,Both,27,Age-standardized,558,Mental disorders,2,Percent,2000,0.0827660343927226,0.090870413574369,0.075604117398402
1,All Population,5,Prevalence,13,Malaysia,3,Both,27,Age-standardized,558,Mental disorders,3,Rate,2000,8038.648141264231,8845.10911330421,7339.11152564343
1,All Population,5,Prevalence,110,Dominica,3,Both,27,Age-standardized,558,Mental disorders,2,Percent,2000,0.1401939695738807,0.1529942456389124,0.1275237776576663
1,All Population,5,Prevalence,110,Dominica,3,Both,27,Age-standardized,558,Mental disorders,3,Rate,2000,13595.59949798159,14831.55705339284,12374.36966664303
1,All Population,5,Prevalence,190,Uganda,3,Both,27,Age-standardized,558,Mental disorders,2,Percent,2000,0.110231611542221,0.1201628638300854,0.1001708350329471
1,All Population,5,Prevalence,190,Uganda,3,Both,27,Age-standardized,558,Mental disorders,3,Rate,2000,10997.46169234986,11984.01470742339,9993.69822770627
1,All Population,5,Prevalence,201,Burkina Faso,3,Both,27,Age-standardized,558,Mental disorders,2,Percent,2000,0.1237993169998469,0.1352076133949534,0.1123100002793765
1,All Population,5,Prevalence,201,Burkina Faso,3,Both,27,Age-standardized,558,Mental disorders,3,Rate,2000,12372.61659546241,13512.9180662052,11223.6310818985
1,All Population,5,Prevalence,168,Angola,3,Both,27,Age-standardized,558,Mental disorders,2,Percent,2000,0.1444540512635046,0.1588588691034814,0.1275197515572513
1,All Population,5,Prevalence,168,Angola,3,Both,27,Age-standardized,558,Mental disorders,3,Rate,2000,14403.526611326331,15833.95290025118,12727.75920944933
1,All Population,5,Prevalence,94,Switzerland,3,Both,27,Age-standardized,558,Mental disorders,2,Percent,2000,0.1560236033085033,0.1725113280982236,0.1433019460070097
1,All Population,5,Prevalence,94,Switzerland,3,Both,27,Age-standardized,558,Mental disorders,3,Rate,2000,14312.05719209028,15786.999289778762,13094.49132632279
1,All Population,5,Prevalence,99,Uruguay,3,Both,27,Age-standardized,558,Mental disorders,2,Percent,2000,0.1464248233641685,0.1610629907582279,0.1331157053779032
1,All Population,5,Prevalence,99,Uruguay,3,Both,27,Age-standardized,558,Mental disorders,3,Rate,2000,13840.35709027969,15264.14836211714,12570.829352228699
1,All Population,5,Prevalence,18,Thailand,3,Both,27,Age-standardized,558,Mental disorders,2,Percent,2000,0.0842962836431804,0.0924782870242571,0.0762915114044838
1,All Population,5,Prevalence,18,Thailand,3,Both,27,Age-standardized,558,Mental disorders,3,Rate,2000,8201.09188491603,8999.02232495167,7399.168394108339
1,All Population,5,Prevalence,123,Peru,3,Both,27,Age-standardized,558,Mental disorders,2,Percent,2000,0.1533467043878674,0.16823023032538,0.1407089343831554
1,All Population,5,Prevalence,123,Peru,3,Both,27,Age-standardized,558,Mental disorders,3,Rate,2000,15083.983863870078,16517.78281231943,13837.69865292123
1,All Population,5,Prevalence,155,Türkiye,3,Both,27,Age-standardized,558,Mental disorders,2,Percent,2000,0.1345289349456444,0.146271976478249,0.1239300788908524
1,All Population,5,Prevalence,155,Türkiye,3,Both,27,Age-standardized,558,Mental disorders,3,Rate,2000,13095.552542322,14224.14399509464,12069.98705683976
1,All Population,5,Prevalence,129,Honduras,3,Both,27,Age-standardized,558,Mental disorders,2,Percent,2000,0.1090958390453958,0.1178400403541335,0.1003848786439769
1,All Population,5,Prevalence,129,Honduras,3,Both,27,Age-standardized,558,Mental disorders,3,Rate,2000,10747.36160209043,11607.95346240919,9896.31842306027
1,All Population,5,Prevalence,200,Benin,3,Both,27,Age-standardized,558,Mental disorders,2,Percent,2000,0.1263677496707781,0.1388692178338543,0.1148557240347541
1,All Population,5,Prevalence,200,Benin,3,Both,27,Age-standardized,558,Mental disorders,3,Rate,2000,12596.670297355058,13841.32007614221,11441.9743787691
1,All Population,5,Prevalence,143,Iraq,3,Both,27,Age-standardized,558,Mental disorders,2,Percent,2000,0.1330199856188446,0.144052486733471,0.1208436817987603
1,All Population,5,Prevalence,143,Iraq,3,Both,27,Age-standardized,558,Mental disorders,3,Rate,2000,13006.859344270499,14084.876574773389,11823.55307394044
1,All Population,5,Prevalence,44,Bosnia and Herzegovina,3,Both,27,Age-standardized,558,Mental disorders,2,Percent,2000,0.1215187444627659,0.1355159516777667,0.108201055080924
1,All Population,5,Prevalence,44,Bosnia and Herzegovina,3,Both,27,Age-standardized,558,Mental disorders,3,Rate,2000,11737.095455190889,13070.76017147866,10445.36399537936
1,All Population,5,Prevalence,214,Nigeria,3,Both,27,Age-standardized,558,Mental disorders,2,Percent,2000,0.1102737903621803,0.1204609360569951,0.1009676848798311
1,All Population,5,Prevalence,214,Nigeria,3,Both,27,Age-standardized,558,Mental disorders,3,Rate,2000,10998.726378055091,12011.44760418431,10068.426478099931
1,All Population,5,Prevalence,112,Grenada,3,Both,27,Age-standardized,558,Mental disorders,2,Percent,2000,0.1394651116658263,0.1520833811531158,0.1272270293502349
1,All Population,5,Prevalence,112,Grenada,3,Both,27,Age-standardized,558,Mental disorders,3,Rate,2000,13582.8905646003,14816.38032596694,12385.46554493117
1,All Population,5,Prevalence,203,Cabo Verde,3,Both,27,Age-standardized,558,Mental disorders,2,Percent,2000,0.1163132188642867,0.1266797505269537,0.1058205657000207
1,All Population,5,Prevalence,203,Cabo Verde,3,Both,27,Age-standardized,558,Mental disorders,3,Rate,2000,11368.56526414049,12379.26751850093,10336.12353832571
1,All Population,5,Prevalence,136,Paraguay,3,Both,27,Age-standardized,558,Mental disorders,2,Percent,2000,0.1507257623494536,0.1633062151556256,0.1390793345735186
1,All Population,5,Prevalence,136,Paraguay,3,Both,27,Age-standardized,558,Mental disorders,3,Rate,2000,14697.20619200879,15919.800308499929,13559.32956829338
1,All Population,5,Prevalence,68,Republic of Korea,3,Both,27,Age-standardized,558,Mental disorders,2,Percent,2000,0.1188121326572173,0.1291040537926729,0.1094580454706706
1,All Population,5,Prevalence,68,Republic of Korea,3,Both,27,Age-standardized,558,Mental disorders,3,Rate,2000,11152.851470305659,12161.33564690233,10323.94239906312
1,All Population,5,Prevalence,82,Greece,3,Both,27,Age-standardized,558,Mental disorders,2,Percent,2000,0.1516966746937988,0.1667399367452821,0.1386804041417745
1,All Population,5,Prevalence,82,Greece,3,Both,27,Age-standardized,558,Mental disorders,3,Rate,2000,14141.192672486011,15556.61582251276,12959.533647617369
1,All Population,5,Prevalence,144,Jordan,3,Both,27,Age-standardized,558,Mental disorders,2,Percent,2000,0.1291135490671711,0.1385662429285784,0.1181906475263528
1,All Population,5,Prevalence,144,Jordan,3,Both,27,Age-standardized,558,Mental disorders,3,Rate,2000,12459.28742829232,13360.17687937671,11418.56227699448
1,All Population,5,Prevalence,176,Comoros,3,Both,27,Age-standardized,558,Mental disorders,2,Percent,2000,0.1097857752699501,0.1205679125799039,0.0998509209820579
1,All Population,5,Prevalence,176,Comoros,3,Both,27,Age-standardized,558,Mental disorders,3,Rate,2000,10842.17522166219,11880.99402741188,9832.45646931504
1,All Population,5,Prevalence,91,Portugal,3,Both,27,Age-standardized,558,Mental disorders,2,Percent,2000,0.1702158472537901,0.1905261142120752,0.1538734541852708
1,All Population,5,Prevalence,91,Portugal,3,Both,27,Age-standardized,558,Mental disorders,3,Rate,2000,15777.402211519659,17588.34044397819,14259.328151878559
1,All Population,5,Prevalence,183,Mauritius,3,Both,27,Age-standardized,558,Mental disorders,2,Percent,2000,0.0907614477821167,0.1005657681732957,0.0814594633575074
1,All Population,5,Prevalence,183,Mauritius,3,Both,27,Age-standardized,558,Mental disorders,3,Rate,2000,8839.41889020794,9769.68301219899,7924.89023571782
1,All Population,5,Prevalence,115,Jamaica,3,Both,27,Age-standardized,558,Mental disorders,2,Percent,2000,0.1280043046350321,0.1397409361444002,0.1162059687994426
1,All Population,5,Prevalence,115,Jamaica,3,Both,27,Age-standardized,558,Mental disorders,3,Rate,2000,12511.27416893407,13684.59945533554,11379.32857827956
1,All Population,5,Prevalence,216,Senegal,3,Both,27,Age-standardized,558,Mental disorders,2,Percent,2000,0.1131519874347337,0.1231404897090291,0.1027012631447191
1,All Population,5,Prevalence,216,Senegal,3,Both,27,Age-standardized,558,Mental disorders,3,Rate,2000,11261.99981125058,12252.72408456185,10224.11730661032
1,All Population,5,Prevalence,118,Suriname,3,Both,27,Age-standardized,558,Mental disorders,2,Percent,2000,0.1372369934313645,0.1493631429693909,0.124979207743453
1,All Population,5,Prevalence,118,Suriname,3,Both,27,Age-standardized,558,Mental disorders,3,Rate,2000,13462.957387320072,14693.0049417012,12278.87058663358
1,All Population,5,Prevalence,37,Kyrgyzstan,3,Both,27,Age-standardized,558,Mental disorders,2,Percent,2000,0.100514298984019,0.1116471776357919,0.0906469636908792
1,All Population,5,Prevalence,37,Kyrgyzstan,3,Both,27,Age-standardized,558,Mental disorders,3,Rate,2000,9781.588191188139,10844.44157687888,8784.049870147779
1,All Population,5,Prevalence,105,Antigua and Barbuda,3,Both,27,Age-standardized,558,Mental disorders,2,Percent,2000,0.1414878228706913,0.1539703910685945,0.1290906640429084
1,All Population,5,Prevalence,105,Antigua and Barbuda,3,Both,27,Age-standardized,558,Mental disorders,3,Rate,2000,13760.183006625932,14993.73113613278,12549.809310556358
1,All Population,5,Prevalence,202,Cameroon,3,Both,27,Age-standardized,558,Mental disorders,2,Percent,2000,0.1218674548307153,0.1332280864575463,0.1106414419688049
1,All Population,5,Prevalence,202,Cameroon,3,Both,27,Age-standardized,558,Mental disorders,3,Rate,2000,12151.33886046961,13283.83567246696,11025.900778113019
1,All Population,5,Prevalence,165,Pakistan,3,Both,27,Age-standardized,558,Mental disorders,2,Percent,2000,0.1144513349351968,0.1265894043903865,0.1039892252466981
1,All Population,5,Prevalence,165,Pakistan,3,Both,27,Age-standardized,558,Mental disorders,3,Rate,2000,11218.570405412689,12413.05123232319,10209.840958941779
1,All Population,5,Prevalence,28,Solomon Islands,3,Both,27,Age-standardized,558,Mental disorders,2,Percent,2000,0.0970174415850654,0.1090893871517714,0.0855533490608503
1,All Population,5,Prevalence,28,Solomon Islands,3,Both,27,Age-standardized,558,Mental disorders,3,Rate,2000,9584.4847591821,10772.96460439493,8434.57333357471
1,All Population,5,Prevalence,157,Yemen,3,Both,27,Age-standardized,558,Mental disorders,2,Percent,2000,0.1334733829464891,0.1431788180291094,0.1221021274667142
1,All Population,5,Prevalence,157,Yemen,3,Both,27,Age-standardized,558,Mental disorders,3,Rate,2000,13288.170123058371,14259.11204187102,12160.16556762541
1,All Population,5,Prevalence,152,Saudi Arabia,3,Both,27,Age-standardized,558,Mental disorders,2,Percent,2000,0.1365096118067646,0.1544943174087019,0.1209784989711647
1,All Population,5,Prevalence,152,Saudi Arabia,3,Both,27,Age-standardized,558,Mental disorders,3,Rate,2000,13316.263990185482,15079.030791988702,11786.061562429111
1,All Population,5,Prevalence,169,Central African Republic,3,Both,27,Age-standardized,558,Mental disorders,2,Percent,2000,0.1356720388161063,0.149467040366712,0.1198874898300326
1,All Population,5,Prevalence,169,Central African Republic,3,Both,27,Age-standardized,558,Mental disorders,3,Rate,2000,13554.090232361801,14934.32490816487,11976.44919614184
1,All Population,5,Prevalence,75,Austria,3,Both,27,Age-standardized,558,Mental disorders,2,Percent,2000,0.1272228120809911,0.1423337551225346,0.1147387615975642
1,All Population,5,Prevalence,75,Austria,3,Both,27,Age-standardized,558,Mental disorders,3,Rate,2000,11740.177305558009,13097.92661896033,10630.86220755793
1,All Population,5,Prevalence,20,Viet Nam,3,Both,27,Age-standardized,558,Mental disorders,2,Percent,2000,0.0748698664120066,0.082173726216268,0.0676959695364862
1,All Population,5,Prevalence,20,Viet Nam,3,Both,27,Age-standardized,558,Mental disorders,3,Rate,2000,7421.39175010627,8143.33824344568,6711.891712027609
1,All Population,5,Prevalence,194,Lesotho,3,Both,27,Age-standardized,558,Mental disorders,2,Percent,2000,0.1030033502851124,0.1121744977977595,0.0935927185664812
1,All Population,5,Prevalence,194,Lesotho,3,Both,27,Age-standardized,558,Mental disorders,3,Rate,2000,10264.01378493401,11171.41292955331,9317.80345499969
1,All Population,5,Prevalence,215,Sao Tome and Principe,3,Both,27,Age-standardized,558,Mental disorders,2,Percent,2000,0.1139987526413952,0.1241583989717535,0.1033693965767384
1,All Population,5,Prevalence,215,Sao Tome and Principe,3,Both,27,Age-standardized,558,Mental disorders,3,Rate,2000,11378.055681279931,12394.42746494047,10314.62386741849
1,All Population,5,Prevalence,60,Lithuania,3,Both,27,Age-standardized,558,Mental disorders,2,Percent,2000,0.1192292412289727,0.1322619270874578,0.107160356674941
1,All Population,5,Prevalence,60,Lithuania,3,Both,27,Age-standardized,558,Mental disorders,3,Rate,2000,11393.996687447321,12652.42173813222,10233.3252713508
1,All Population,5,Prevalence,10,Cambodia,3,Both,27,Age-standardized,558,Mental disorders,2,Percent,2000,0.0891365302315699,0.0979709187915546,0.0812806612546603
1,All Population,5,Prevalence,10,Cambodia,3,Both,27,Age-standardized,558,Mental disorders,3,Rate,2000,8856.40284748571,9745.5868036994,8054.70319385692
1,All Population,5,Prevalence,128,Guatemala,3,Both,27,Age-standardized,558,Mental disorders,2,Percent,2000,0.1194637804475606,0.1286921894514211,0.1096135153004104
1,All Population,5,Prevalence,128,Guatemala,3,Both,27,Age-standardized,558,Mental disorders,3,Rate,2000,11770.701259953139,12662.39490165863,10796.5360030622
1,All Population,5,Prevalence,57,Belarus,3,Both,27,Age-standardized,558,Mental disorders,2,Percent,2000,0.1139199158299782,0.1256235260099571,0.1039526212894693
1,All Population,5,Prevalence,57,Belarus,3,Both,27,Age-standardized,558,Mental disorders,3,Rate,2000,10740.16781627322,11867.55933726872,9769.16204121144
1,All Population,5,Prevalence,84,Ireland,3,Both,27,Age-standardized,558,Mental disorders,2,Percent,2000,0.14151672486628,0.1542950585749899,0.1292828083444965
1,All Population,5,Prevalence,84,Ireland,3,Both,27,Age-standardized,558,Mental disorders,3,Rate,2000,13081.748320979412,14290.16794226581,11968.36189180321
1,All Population,5,Prevalence,131,Nicaragua,3,Both,27,Age-standardized,558,Mental disorders,2,Percent,2000,0.1187744058988216,0.1276208067920135,0.1099213956005047
1,All Population,5,Prevalence,131,Nicaragua,3,Both,27,Age-standardized,558,Mental disorders,3,Rate,2000,11635.08151203828,12524.34113912259,10759.36873918519
1,All Population,5,Prevalence,52,Romania,3,Both,27,Age-standardized,558,Mental disorders,2,Percent,2000,0.1115598711678182,0.1238726179012533,0.0999559890566911
1,All Population,5,Prevalence,52,Romania,3,Both,27,Age-standardized,558,Mental disorders,3,Rate,2000,10795.44739222455,11981.25375141295,9647.17229110547
1,All Population,5,Prevalence,205,Côte d'Ivoire,3,Both,27,Age-standardized,558,Mental disorders,2,Percent,2000,0.1172739745955947,0.1278288008464534,0.1065601293432137
1,All Population,5,Prevalence,205,Côte d'Ivoire,3,Both,27,Age-standardized,558,Mental disorders,3,Rate,2000,11683.662192145259,12732.828350922178,10614.420621752051
1,All Population,5,Prevalence,182,Malawi,3,Both,27,Age-standardized,558,Mental disorders,2,Percent,2000,0.1052033108355289,0.1150767759152047,0.0960867289567398
1,All Population,5,Prevalence,182,Malawi,3,Both,27,Age-standardized,558,Mental disorders,3,Rate,2000,10460.44774684932,11443.73559478348,9547.63669227579
1,All Population,5,Prevalence,15,Myanmar,3,Both,27,Age-standardized,558,Mental disorders,2,Percent,2000,0.0816219765388036,0.0899254752337044,0.0738669347260981
1,All Population,5,Prevalence,15,Myanmar,3,Both,27,Age-standardized,558,Mental disorders,3,Rate,2000,8120.006830231099,8952.41973820762,7353.0320308502305
1,All Population,5,Prevalence,204,Chad,3,Both,27,Age-standardized,558,Mental disorders,2,Percent,2000,0.1261986217279818,0.1376832595636694,0.1139196699990159
1,All Population,5,Prevalence,204,Chad,3,Both,27,Age-standardized,558,Mental disorders,3,Rate,2000,12590.633753293529,13734.78910418225,11367.84836382192
1,All Population,5,Prevalence,162,Bhutan,3,Both,27,Age-standardized,558,Mental disorders,2,Percent,2000,0.1080258915845621,0.1190105087766653,0.0966128362636779
1,All Population,5,Prevalence,162,Bhutan,3,Both,27,Age-standardized,558,Mental disorders,3,Rate,2000,10506.197055043629,11584.32969484689,9412.35852120407
1,All Population,5,Prevalence,218,Togo,3,Both,27,Age-standardized,558,Mental disorders,2,Percent,2000,0.1346284171014811,0.1587235143499952,0.1163491339931996
1,All Population,5,Prevalence,218,Togo,3,Both,27,Age-standardized,558,Mental disorders,3,Rate,2000,13440.10851988369,15843.625522197219,11611.06407822788
1,All Population,5,Prevalence,76,Belgium,3,Both,27,Age-standardized,558,Mental disorders,2,Percent,2000,0.1399846780109418,0.1544357946051642,0.1280003839462901
1,All Population,5,Prevalence,76,Belgium,3,Both,27,Age-standardized,558,Mental disorders,3,Rate,2000,12759.343199881989,14096.471200277769,11668.382236457479
1,All Population,5,Prevalence,114,Haiti,3,Both,27,Age-standardized,558,Mental disorders,2,Percent,2000,0.1395457293421141,0.1521382988418321,0.1269688702632262
1,All Population,5,Prevalence,114,Haiti,3,Both,27,Age-standardized,558,Mental disorders,3,Rate,2000,13829.06765015466,15100.05007126764,12580.67198471188
1,All Population,5,Prevalence,33,Armenia,3,Both,27,Age-standardized,558,Mental disorders,2,Percent,2000,0.127676712001392,0.1407618360926525,0.115241076782107
1,All Population,5,Prevalence,33,Armenia,3,Both,27,Age-standardized,558,Mental disorders,3,Rate,2000,12226.82911141454,13504.176211921309,10997.84831368176
1,All Population,5,Prevalence,170,Congo,3,Both,27,Age-standardized,558,Mental disorders,2,Percent,2000,0.1366164463639166,0.1492365105265527,0.1217911622381826
1,All Population,5,Prevalence,170,Congo,3,Both,27,Age-standardized,558,Mental disorders,3,Rate,2000,13613.253817886969,14871.47732079066,12149.998856843109
1,All Population,5,Prevalence,23,Kiribati,3,Both,27,Age-standardized,558,Mental disorders,2,Percent,2000,0.0976583533919898,0.1102494811240831,0.0856381475198204
1,All Population,5,Prevalence,23,Kiribati,3,Both,27,Age-standardized,558,Mental disorders,3,Rate,2000,9709.39381168189,10971.24782475616,8508.45794416273
1,All Population,5,Prevalence,146,Lebanon,3,Both,27,Age-standardized,558,Mental disorders,2,Percent,2000,0.1489702670801256,0.1636454882406837,0.137147338038017
1,All Population,5,Prevalence,146,Lebanon,3,Both,27,Age-standardized,558,Mental disorders,3,Rate,2000,14361.158334114341,15794.337303942399,13197.44091896912
1,All Population,5,Prevalence,86,Italy,3,Both,27,Age-standardized,558,Mental disorders,2,Percent,2000,0.1238322286861059,0.1353052363670984,0.1141166599665658
1,All Population,5,Prevalence,86,Italy,3,Both,27,Age-standardized,558,Mental disorders,3,Rate,2000,11456.715649951391,12509.24934707037,10573.47077670608
1,All Population,5,Prevalence,7,Democratic People's Republic of Korea,3,Both,27,Age-standardized,558,Mental disorders,2,Percent,2000,0.1006923538629117,0.1100475136507465,0.0916141073466629
1,All Population,5,Prevalence,7,Democratic People's Republic of Korea,3,Both,27,Age-standardized,558,Mental disorders,3,Rate,2000,9811.371778555069,10712.8220967627,8934.59581274533
1,All Population,5,Prevalence,178,Eritrea,3,Both,27,Age-standardized,558,Mental disorders,2,Percent,2000,0.1119400038770526,0.1223688445020268,0.1023770402038192
1,All Population,5,Prevalence,178,Eritrea,3,Both,27,Age-standardized,558,Mental disorders,3,Rate,2000,11075.9817286368,12088.83501476861,10115.20871604045
1,All Population,5,Prevalence,12,Lao People's Democratic Republic,3,Both,27,Age-standardized,558,Mental disorders,2,Percent,2000,0.0788811871293203,0.0880833437841555,0.0705593624094494
1,All Population,5,Prevalence,12,Lao People's Democratic Republic,3,Both,27,Age-standardized,558,Mental disorders,3,Rate,2000,7800.36749841885,8721.46911088315,6978.29309203417
1,All Population,5,Prevalence,213,Niger,3,Both,27,Age-standardized,558,Mental disorders,2,Percent,2000,0.1076743673228077,0.1171834459826256,0.0982044897938375
1,All Population,5,Prevalence,213,Niger,3,Both,27,Age-standardized,558,Mental disorders,3,Rate,2000,10753.96695056392,11712.24796977817,9806.66980947176
1,All Population,5,Prevalence,161,Bangladesh,3,Both,27,Age-standardized,558,Mental disorders,2,Percent,2000,0.1147768173584982,0.1276810827338271,0.101804377607988
1,All Population,5,Prevalence,161,Bangladesh,3,Both,27,Age-standardized,558,Mental disorders,3,Rate,2000,11317.24012274926,12596.765887858211,10034.45163741698
1,All Population,5,Prevalence,88,Malta,3,Both,27,Age-standardized,558,Mental disorders,2,Percent,2000,0.1398239116513953,0.1496922993297517,0.1317839439842563
1,All Population,5,Prevalence,88,Malta,3,Both,27,Age-standardized,558,Mental disorders,3,Rate,2000,12874.320770641429,13792.060799804001,12163.28913159969
1,All Population,5,Prevalence,90,Norway,3,Both,27,Age-standardized,558,Mental disorders,2,Percent,2000,0.1371294275658794,0.1520147095696183,0.1242306337999211
1,All Population,5,Prevalence,90,Norway,3,Both,27,Age-standardized,558,Mental disorders,3,Rate,2000,12588.532036452141,13978.61730414696,11414.55968145322
1,All Population,5,Prevalence,151,Qatar,3,Both,27,Age-standardized,558,Mental disorders,2,Percent,2000,0.1152740975937404,0.1258571685498894,0.1050845474815189
1,All Population,5,Prevalence,151,Qatar,3,Both,27,Age-standardized,558,Mental disorders,3,Rate,2000,11064.58982213778,12037.51639577015,10078.563211116
1,All Population,5,Prevalence,130,Mexico,3,Both,27,Age-standardized,558,Mental disorders,2,Percent,2000,0.1121598475202972,0.1203761073666437,0.1041600964166014
1,All Population,5,Prevalence,130,Mexico,3,Both,27,Age-standardized,558,Mental disorders,3,Rate,2000,10810.26592537233,11597.29699986468,10034.544559698
1,All Population,5,Prevalence,133,Venezuela (Bolivarian Republic of),3,Both,27,Age-standardized,558,Mental disorders,2,Percent,2000,0.124797385283269,0.1373959232595194,0.1126898296137115
1,All Population,5,Prevalence,133,Venezuela (Bolivarian Republic of),3,Both,27,Age-standardized,558,Mental disorders,3,Rate,2000,12203.05552477612,13433.98123120653,11021.04175509313
1,All Population,5,Prevalence,180,Kenya,3,Both,27,Age-standardized,558,Mental disorders,2,Percent,2000,0.107045297082509,0.1171895111255678,0.0977301187784612
1,All Population,5,Prevalence,180,Kenya,3,Both,27,Age-standardized,558,Mental disorders,3,Rate,2000,10604.05145839089,11617.85446278141,9671.68587812828
1,All Population,5,Prevalence,51,Poland,3,Both,27,Age-standardized,558,Mental disorders,2,Percent,2000,0.1120670056231973,0.1236549873283466,0.1015437587310886
1,All Population,5,Prevalence,51,Poland,3,Both,27,Age-standardized,558,Mental disorders,3,Rate,2000,10651.42149701965,11747.53700218158,9607.67850537965
1,All Population,5,Prevalence,210,Liberia,3,Both,27,Age-standardized,558,Mental disorders,2,Percent,2000,0.1250705180110053,0.1368478382322221,0.1134531562782065
1,All Population,5,Prevalence,210,Liberia,3,Both,27,Age-standardized,558,Mental disorders,3,Rate,2000,12484.08499510227,13656.569167677551,11322.717113774459
1,All Population,5,Prevalence,171,Democratic Republic of the Congo,3,Both,27,Age-standardized,558,Mental disorders,2,Percent,2000,0.1281933479181896,0.1421002663117799,0.1129661125873486
1,All Population,5,Prevalence,171,Democratic Republic of the Congo,3,Both,27,Age-standardized,558,Mental disorders,3,Rate,2000,12810.579815915171,14198.200168588779,11289.630906979959
1,All Population,5,Prevalence,122,Ecuador,3,Both,27,Age-standardized,558,Mental disorders,2,Percent,2000,0.1381570039757406,0.1513914871581678,0.1256688319375062
1,All Population,5,Prevalence,122,Ecuador,3,Both,27,Age-standardized,558,Mental disorders,3,Rate,2000,13555.82910623834,14873.0742381077,12299.618189338531
1,All Population,5,Prevalence,164,Nepal,3,Both,27,Age-standardized,558,Mental disorders,2,Percent,2000,0.1032124394490191,0.1139399571043616,0.0927014314492855
1,All Population,5,Prevalence,164,Nepal,3,Both,27,Age-standardized,558,Mental disorders,3,Rate,2000,10229.23061199566,11291.360434820299,9189.56753735602
1,All Population,5,Prevalence,117,Saint Vincent and the Grenadines,3,Both,27,Age-standardized,558,Mental disorders,2,Percent,2000,0.1388246971563135,0.1514141839185839,0.1263146838860143
1,All Population,5,Prevalence,117,Saint Vincent and the Grenadines,3,Both,27,Age-standardized,558,Mental disorders,3,Rate,2000,13575.79654704876,14814.22651953556,12334.69672337908
1,All Population,5,Prevalence,36,Kazakhstan,3,Both,27,Age-standardized,558,Mental disorders,2,Percent,2000,0.0973914422244994,0.1080100598432026,0.0877272858749189
1,All Population,5,Prevalence,36,Kazakhstan,3,Both,27,Age-standardized,558,Mental disorders,3,Rate,2000,9422.26701805252,10468.96321799659,8506.458868366119
1,All Population,5,Prevalence,154,Tunisia,3,Both,27,Age-standardized,558,Mental disorders,2,Percent,2000,0.1424956831234239,0.1524563241599359,0.1313068551597054
1,All Population,5,Prevalence,154,Tunisia,3,Both,27,Age-standardized,558,Mental disorders,3,Rate,2000,13705.330875446489,14671.54703064296,12614.87685947798
1,All Population,5,Prevalence,72,New Zealand,3,Both,27,Age-standardized,558,Mental disorders,2,Percent,2000,0.1874846978188933,0.2024387218942839,0.1735337972337982
1,All Population,5,Prevalence,72,New Zealand,3,Both,27,Age-standardized,558,Mental disorders,3,Rate,2000,17360.498017555838,18844.20733117299,16057.57049193855
1,All Population,5,Prevalence,196,South Africa,3,Both,27,Age-standardized,558,Mental disorders,2,Percent,2000,0.1116245707267143,0.1212228938067763,0.1024443751633491
1,All Population,5,Prevalence,196,South Africa,3,Both,27,Age-standardized,558,Mental disorders,3,Rate,2000,11058.99347165872,11990.57191433333,10144.12053161219
1,All Population,5,Prevalence,135,Brazil,3,Both,27,Age-standardized,558,Mental disorders,2,Percent,2000,0.1596841750717474,0.1710965689639545,0.1483331345315147
1,All Population,5,Prevalence,135,Brazil,3,Both,27,Age-standardized,558,Mental disorders,3,Rate,2000,15544.358138409281,16628.628749929238,14440.3308645915
1,All Population,5,Prevalence,156,United Arab Emirates,3,Both,27,Age-standardized,558,Mental disorders,2,Percent,2000,0.1160649871694094,0.1276424313956457,0.1046974608286327
1,All Population,5,Prevalence,156,United Arab Emirates,3,Both,27,Age-standardized,558,Mental disorders,3,Rate,2000,11180.52462775331,12319.487943586111,10080.28311076928
1,All Population,5,Prevalence,30,Vanuatu,3,Both,27,Age-standardized,558,Mental disorders,2,Percent,2000,0.0950484246588702,0.1078062699471301,0.0839424780743586
1,All Population,5,Prevalence,30,Vanuatu,3,Both,27,Age-standardized,558,Mental disorders,3,Rate,2000,9428.6630992115,10677.80880133757,8321.63612965239
1,All Population,5,Prevalence,93,Sweden,3,Both,27,Age-standardized,558,Mental disorders,2,Percent,2000,0.1300342419399027,0.1397816880505556,0.1212764917639465
1,All Population,5,Prevalence,93,Sweden,3,Both,27,Age-standardized,558,Mental disorders,3,Rate,2000,11973.574466659611,12817.258599588798,11107.1579843295
1,All Population,5,Prevalence,83,Iceland,3,Both,27,Age-standardized,558,Mental disorders,2,Percent,2000,0.1373832223633334,0.1471759879126127,0.1278619634114991
1,All Population,5,Prevalence,83,Iceland,3,Both,27,Age-standardized,558,Mental disorders,3,Rate,2000,12738.09802246798,13643.04177271559,11902.96461570491
1,All Population,5,Prevalence,191,Zambia,3,Both,27,Age-standardized,558,Mental disorders,2,Percent,2000,0.1075843363339263,0.1176951827231041,0.0983183005288231
1,All Population,5,Prevalence,191,Zambia,3,Both,27,Age-standardized,558,Mental disorders,3,Rate,2000,10733.15534914986,11736.74676278102,9805.3284191374
1,All Population,5,Prevalence,125,Colombia,3,Both,27,Age-standardized,558,Mental disorders,2,Percent,2000,0.1163377859779551,0.1249085411955149,0.1071328932965821
1,All Population,5,Prevalence,125,Colombia,3,Both,27,Age-standardized,558,Mental disorders,3,Rate,2000,11206.532317448778,12044.70508990698,10364.99110031937
1,All Population,5,Prevalence,140,Bahrain,3,Both,27,Age-standardized,558,Mental disorders,2,Percent,2000,0.1394780975482425,0.1492910814110003,0.128860011163082
1,All Population,5,Prevalence,140,Bahrain,3,Both,27,Age-standardized,558,Mental disorders,3,Rate,2000,13667.008559811089,14606.47098129296,12606.33054640696
1,All Population,5,Prevalence,101,Canada,3,Both,27,Age-standardized,558,Mental disorders,2,Percent,2000,0.1426814226379795,0.1554587415608323,0.1306711766682738
1,All Population,5,Prevalence,101,Canada,3,Both,27,Age-standardized,558,Mental disorders,3,Rate,2000,13207.658368281289,14360.46141527698,12118.55690133703
1,All Population,5,Prevalence,107,Barbados,3,Both,27,Age-standardized,558,Mental disorders,2,Percent,2000,0.1420748521597641,0.1547268534935291,0.1293909135077766
1,All Population,5,Prevalence,107,Barbados,3,Both,27,Age-standardized,558,Mental disorders,3,Rate,2000,13721.965415150462,14948.014837737599,12499.36273600809
1,All Population,5,Prevalence,145,Kuwait,3,Both,27,Age-standardized,558,Mental disorders,2,Percent,2000,0.1274124992129302,0.1356989657958565,0.1184849983162983
1,All Population,5,Prevalence,145,Kuwait,3,Both,27,Age-standardized,558,Mental disorders,3,Rate,2000,12082.42791471165,12892.123550375609,11272.38661717409
1,All Population,5,Prevalence,39,Tajikistan,3,Both,27,Age-standardized,558,Mental disorders,2,Percent,2000,0.1037048610654188,0.1153695830651373,0.0932751100650686
1,All Population,5,Prevalence,39,Tajikistan,3,Both,27,Age-standardized,558,Mental disorders,3,Rate,2000,10145.35863865083,11294.04716069044,9125.47455069475
1,All Population,5,Prevalence,67,Japan,3,Both,27,Age-standardized,558,Mental disorders,2,Percent,2000,0.117423330965273,0.1293906362530072,0.1070062553351368
1,All Population,5,Prevalence,67,Japan,3,Both,27,Age-standardized,558,Mental disorders,3,Rate,2000,10793.44023917493,11865.137957451589,9823.07372528388
1,All Population,5,Prevalence,109,Cuba,3,Both,27,Age-standardized,558,Mental disorders,2,Percent,2000,0.154616846059429,0.1685101926452064,0.1408106744538164
1,All Population,5,Prevalence,109,Cuba,3,Both,27,Age-standardized,558,Mental disorders,3,Rate,2000,15117.940790483412,16471.22407584041,13755.141289077761
1,All Population,5,Prevalence,111,Dominican Republic,3,Both,27,Age-standardized,558,Mental disorders,2,Percent,2000,0.15101883139928,0.1649438842062625,0.1377638146290473
1,All Population,5,Prevalence,111,Dominican Republic,3,Both,27,Age-standardized,558,Mental disorders,3,Rate,2000,14756.59399986792,16107.35465982765,13433.76173481404
1,All Population,5,Prevalence,132,Panama,3,Both,27,Age-standardized,558,Mental disorders,2,Percent,2000,0.1072573746738451,0.1156861435158763,0.0983541039676487
1,All Population,5,Prevalence,132,Panama,3,Both,27,Age-standardized,558,Mental disorders,3,Rate,2000,10344.38746416613,11146.55544806894,9508.25314599969
1,All Population,5,Prevalence,22,Fiji,3,Both,27,Age-standardized,558,Mental disorders,2,Percent,2000,0.0962291289366153,0.1079881227297386,0.0849619532834362
1,All Population,5,Prevalence,22,Fiji,3,Both,27,Age-standardized,558,Mental disorders,3,Rate,2000,9461.84726290278,10620.8073414614,8347.449514401751
1,All Population,5,Prevalence,212,Mauritania,3,Both,27,Age-standardized,558,Mental disorders,2,Percent,2000,0.1046945707201735,0.1140958561453926,0.0953384063774664
1,All Population,5,Prevalence,212,Mauritania,3,Both,27,Age-standardized,558,Mental disorders,3,Rate,2000,10359.226354567409,11300.24893624209,9416.519810532289
1,All Population,5,Prevalence,69,Singapore,3,Both,27,Age-standardized,558,Mental disorders,2,Percent,2000,0.1061994880677448,0.1168867152038356,0.0964355609221368
1,All Population,5,Prevalence,69,Singapore,3,Both,27,Age-standardized,558,Mental disorders,3,Rate,2000,9657.53495037849,10628.953233260982,8784.48303627626
1,All Population,5,Prevalence,119,Trinidad and Tobago,3,Both,27,Age-standardized,558,Mental disorders,2,Percent,2000,0.1336747788471337,0.1460050274467058,0.1215510558181779
1,All Population,5,Prevalence,119,Trinidad and Tobago,3,Both,27,Age-standardized,558,Mental disorders,3,Rate,2000,12954.19533374324,14167.8909214557,11797.698402930131
1,All Population,5,Prevalence,98,Chile,3,Both,27,Age-standardized,558,Mental disorders,2,Percent,2000,0.1532943617850165,0.1702379237929768,0.1387096403993184
1,All Population,5,Prevalence,98,Chile,3,Both,27,Age-standardized,558,Mental disorders,3,Rate,2000,14690.302351743381,16279.80363622567,13264.66717760346
1,All Population,5,Prevalence,77,Cyprus,3,Both,27,Age-standardized,558,Mental disorders,2,Percent,2000,0.1352879103821952,0.1442388273814345,0.1269708602017522
1,All Population,5,Prevalence,77,Cyprus,3,Both,27,Age-standardized,558,Mental disorders,3,Rate,2000,12578.9849691406,13425.224835181989,11810.40884302717
1,All Population,5,Prevalence,62,Russian Federation,3,Both,27,Age-standardized,558,Mental disorders,2,Percent,2000,0.114206565618995,0.1248066153612521,0.1043207621640585
1,All Population,5,Prevalence,62,Russian Federation,3,Both,27,Age-standardized,558,Mental disorders,3,Rate,2000,10825.468291880281,11874.58353950555,9840.059158770691
1,All Population,5,Prevalence,17,Sri Lanka,3,Both,27,Age-standardized,558,Mental disorders,2,Percent,2000,0.0849213696937939,0.093863978056992,0.0761672519961213
1,All Population,5,Prevalence,17,Sri Lanka,3,Both,27,Age-standardized,558,Mental disorders,3,Rate,2000,8296.591804677659,9151.306782745,7443.468390531841
1,All Population,5,Prevalence,217,Sierra Leone,3,Both,27,Age-standardized,558,Mental disorders,2,Percent,2000,0.1249879559675593,0.1363508930044112,0.1132725814882289
1,All Population,5,Prevalence,217,Sierra Leone,3,Both,27,Age-standardized,558,Mental disorders,3,Rate,2000,12481.099541139221,13620.99995404957,11311.78244649706
1,All Population,5,Prevalence,184,Mozambique,3,Both,27,Age-standardized,558,Mental disorders,2,Percent,2000,0.1213761743819106,0.1325474016219679,0.1095271189611184
1,All Population,5,Prevalence,184,Mozambique,3,Both,27,Age-standardized,558,Mental disorders,3,Rate,2000,12120.344127959639,13237.47628317752,10933.9812478083
1,All Population,5,Prevalence,207,Ghana,3,Both,27,Age-standardized,558,Mental disorders,2,Percent,2000,0.1172998411701863,0.127479432279519,0.1068607195990592
1,All Population,5,Prevalence,207,Ghana,3,Both,27,Age-standardized,558,Mental disorders,3,Rate,2000,11686.36723253452,12702.7840160037,10644.74443289023
1,All Population,5,Prevalence,148,Morocco,3,Both,27,Age-standardized,558,Mental disorders,2,Percent,2000,0.129850637091175,0.138148256662022,0.1200583878360369
1,All Population,5,Prevalence,148,Morocco,3,Both,27,Age-standardized,558,Mental disorders,3,Rate,2000,12667.84343763725,13495.135941965942,11739.45374979304
1,All Population,5,Prevalence,185,Rwanda,3,Both,27,Age-standardized,558,Mental disorders,2,Percent,2000,0.1041855252491706,0.1137917529019301,0.0954311740333969
1,All Population,5,Prevalence,185,Rwanda,3,Both,27,Age-standardized,558,Mental disorders,3,Rate,2000,10342.28100260853,11289.50094648023,9462.64435241618
1,All Population,5,Prevalence,46,Croatia,3,Both,27,Age-standardized,558,Mental disorders,2,Percent,2000,0.1234257391059076,0.1366962571270775,0.1101345454854881
1,All Population,5,Prevalence,46,Croatia,3,Both,27,Age-standardized,558,Mental disorders,3,Rate,2000,11813.530238188941,13065.09202803527,10561.38678077947
1,All Population,5,Prevalence,320,Cook Islands,3,Both,27,Age-standardized,558,Mental disorders,2,Percent,2000,0.0983653931729754,0.1097441971781212,0.0871286564448722
1,All Population,5,Prevalence,320,Cook Islands,3,Both,27,Age-standardized,558,Mental disorders,3,Rate,2000,9457.098989008959,10565.74727861578,8367.63577500476
1,All Population,5,Prevalence,393,Saint Kitts and Nevis,3,Both,27,Age-standardized,558,Mental disorders,2,Percent,2000,0.1416398194846203,0.154089191210079,0.1291329858150046
1,All Population,5,Prevalence,393,Saint Kitts and Nevis,3,Both,27,Age-standardized,558,Mental disorders,3,Rate,2000,13647.84108728805,14883.7103035764,12432.14180700904
1,All Population,5,Prevalence,113,Guyana,3,Both,27,Age-standardized,558,Mental disorders,2,Percent,2000,0.136315257783746,0.1490541779192118,0.1239908667205458
1,All Population,5,Prevalence,113,Guyana,3,Both,27,Age-standardized,558,Mental disorders,3,Rate,2000,13392.183946014771,14646.586934273731,12165.00102314466
1,All Population,5,Prevalence,206,Gambia,3,Both,27,Age-standardized,558,Mental disorders,2,Percent,2000,0.116199994317398,0.1265983285750215,0.1057642297530868
1,All Population,5,Prevalence,206,Gambia,3,Both,27,Age-standardized,558,Mental disorders,3,Rate,2000,11549.07232479913,12592.458093424591,10500.99042770463
1,All Population,5,Prevalence,25,Micronesia (Federated States of),3,Both,27,Age-standardized,558,Mental disorders,2,Percent,2000,0.0956939594470245,0.1070726151939962,0.0843700210816776
1,All Population,5,Prevalence,25,Micronesia (Federated States of),3,Both,27,Age-standardized,558,Mental disorders,3,Rate,2000,9431.84036228131,10560.48638596885,8321.81415013592
1,All Population,5,Prevalence,38,Mongolia,3,Both,27,Age-standardized,558,Mental disorders,2,Percent,2000,0.1066717714555098,0.1180894653126261,0.0963572441225027
1,All Population,5,Prevalence,38,Mongolia,3,Both,27,Age-standardized,558,Mental disorders,3,Rate,2000,10393.71544020201,11523.69550448063,9404.77687529868
1,All Population,5,Prevalence,35,Georgia,3,Both,27,Age-standardized,558,Mental disorders,2,Percent,2000,0.1155656959568695,0.127192032121324,0.1057187901828017
1,All Population,5,Prevalence,35,Georgia,3,Both,27,Age-standardized,558,Mental disorders,3,Rate,2000,11072.05992499002,12211.880685556629,10104.17459924822
1,All Population,5,Prevalence,78,Denmark,3,Both,27,Age-standardized,558,Mental disorders,2,Percent,2000,0.1246980869486996,0.132397938193908,0.1167611614384626
1,All Population,5,Prevalence,78,Denmark,3,Both,27,Age-standardized,558,Mental disorders,3,Rate,2000,11425.38775928745,12169.84706357426,10651.18281329653
1,All Population,5,Prevalence,193,Botswana,3,Both,27,Age-standardized,558,Mental disorders,2,Percent,2000,0.1087622019947992,0.1182258058592336,0.0986220165320011
1,All Population,5,Prevalence,193,Botswana,3,Both,27,Age-standardized,558,Mental disorders,3,Rate,2000,10724.713963127952,11670.772514265731,9704.768713800071
1,All Population,5,Prevalence,54,Slovakia,3,Both,27,Age-standardized,558,Mental disorders,2,Percent,2000,0.112881019370503,0.1256305773739556,0.1009176118709276
1,All Population,5,Prevalence,54,Slovakia,3,Both,27,Age-standardized,558,Mental disorders,3,Rate,2000,10757.80358081561,11919.445187931029,9609.34627792005
1,All Population,5,Prevalence,116,Saint Lucia,3,Both,27,Age-standardized,558,Mental disorders,2,Percent,2000,0.1422335316779717,0.1547668753716861,0.1295609778005562
1,All Population,5,Prevalence,116,Saint Lucia,3,Both,27,Age-standardized,558,Mental disorders,3,Rate,2000,13823.76160007261,15060.310430217369,12592.11487066324
1,All Population,5,Prevalence,172,Equatorial Guinea,3,Both,27,Age-standardized,558,Mental disorders,2,Percent,2000,0.1293086298759251,0.1424070703620407,0.1151772094949324
1,All Population,5,Prevalence,172,Equatorial Guinea,3,Both,27,Age-standardized,558,Mental disorders,3,Rate,2000,12845.197760517629,14155.04340389476,11443.38307724622
1,All Population,5,Prevalence,53,Serbia,3,Both,27,Age-standardized,558,Mental disorders,2,Percent,2000,0.124112891909587,0.1377735272954773,0.1106335328866029
1,All Population,5,Prevalence,53,Serbia,3,Both,27,Age-standardized,558,Mental disorders,3,Rate,2000,11990.05925795655,13318.57793922019,10687.43543102339
1,All Population,5,Prevalence,163,India,3,Both,27,Age-standardized,558,Mental disorders,2,Percent,2000,0.1118006170493411,0.1264141645165625,0.0998359792049167
1,All Population,5,Prevalence,163,India,3,Both,27,Age-standardized,558,Mental disorders,3,Rate,2000,11073.22449667108,12512.955416451628,9903.61133974026
1,All Population,5,Prevalence,147,Libya,3,Both,27,Age-standardized,558,Mental disorders,2,Percent,2000,0.1373415064081899,0.1466067926083518,0.1276579482357605
1,All Population,5,Prevalence,147,Libya,3,Both,27,Age-standardized,558,Mental disorders,3,Rate,2000,13334.28083587834,14262.895532453478,12414.47421680514
1,All Population,5,Prevalence,85,Israel,3,Both,27,Age-standardized,558,Mental disorders,2,Percent,2000,0.1345724961665699,0.1459163640621077,0.1233564993076222
1,All Population,5,Prevalence,85,Israel,3,Both,27,Age-standardized,558,Mental disorders,3,Rate,2000,12473.07133686184,13511.84997606536,11433.9980195713
1,All Population,5,Prevalence,41,Uzbekistan,3,Both,27,Age-standardized,558,Mental disorders,2,Percent,2000,0.1029464749806927,0.114020859992397,0.0934078980828784
1,All Population,5,Prevalence,41,Uzbekistan,3,Both,27,Age-standardized,558,Mental disorders,3,Rate,2000,9990.26124291719,11091.99259514272,9021.34270086082
1,All Population,5,Prevalence,6,China,3,Both,27,Age-standardized,558,Mental disorders,2,Percent,2000,0.1165708885254631,0.1271683773506532,0.1076194114754804
1,All Population,5,Prevalence,6,China,3,Both,27,Age-standardized,558,Mental disorders,3,Rate,2000,11243.26483018474,12272.741346679231,10352.25268096213
1,All Population,5,Prevalence,175,Burundi,3,Both,27,Age-standardized,558,Mental disorders,2,Percent,2000,0.1127027688919039,0.1228542147734587,0.1029371872386171
1,All Population,5,Prevalence,175,Burundi,3,Both,27,Age-standardized,558,Mental disorders,3,Rate,2000,11214.19850251229,12217.32419401872,10232.92934081319
1,All Population,5,Prevalence,160,Afghanistan,3,Both,27,Age-standardized,558,Mental disorders,2,Percent,2000,0.1290879865966832,0.1385091848033255,0.1190732881072677
1,All Population,5,Prevalence,160,Afghanistan,3,Both,27,Age-standardized,558,Mental disorders,3,Rate,2000,12884.92086664936,13831.90158249534,11868.87247881632
1,All Population,5,Prevalence,173,Gabon,3,Both,27,Age-standardized,558,Mental disorders,2,Percent,2000,0.1312482958330596,0.1439212523385372,0.1168571478214768
1,All Population,5,Prevalence,173,Gabon,3,Both,27,Age-standardized,558,Mental disorders,3,Rate,2000,13063.130819131418,14332.526528887398,11637.89393471204
1,All Population,5,Prevalence,126,Costa Rica,3,Both,27,Age-standardized,558,Mental disorders,2,Percent,2000,0.1197920812282121,0.1288066557314725,0.1103381720841226
1,All Population,5,Prevalence,126,Costa Rica,3,Both,27,Age-standardized,558,Mental disorders,3,Rate,2000,11514.94162383505,12379.225648078831,10605.7194340146
1,All Population,5,Prevalence,79,Finland,3,Both,27,Age-standardized,558,Mental disorders,2,Percent,2000,0.1215416502535722,0.1332578506855118,0.1103738392487687
1,All Population,5,Prevalence,79,Finland,3,Both,27,Age-standardized,558,Mental disorders,3,Rate,2000,11203.99429019406,12255.96831350773,10205.16309533667
1,All Population,5,Prevalence,19,Timor-Leste,3,Both,27,Age-standardized,558,Mental disorders,2,Percent,2000,0.0851468521208973,0.0947912118833656,0.076094461638399
1,All Population,5,Prevalence,19,Timor-Leste,3,Both,27,Age-standardized,558,Mental disorders,3,Rate,2000,8459.26653432458,9422.39766920316,7558.91650684155
1,All Population,5,Prevalence,127,El Salvador,3,Both,27,Age-standardized,558,Mental disorders,2,Percent,2000,0.1122871141304322,0.1206142576897067,0.1031096276203802
1,All Population,5,Prevalence,127,El Salvador,3,Both,27,Age-standardized,558,Mental disorders,3,Rate,2000,10952.47914881326,11778.606295228341,10062.7966918679
1,All Population,5,Prevalence,522,Sudan,3,Both,27,Age-standardized,558,Mental disorders,2,Percent,2000,0.1321655881949487,0.143572050284455,0.1208062572650088
1,All Population,5,Prevalence,522,Sudan,3,Both,27,Age-standardized,558,Mental disorders,3,Rate,2000,13133.79268959306,14281.08201890325,12032.55583965052
1,All Population,5,Prevalence,416,Tuvalu,3,Both,27,Age-standardized,558,Mental disorders,2,Percent,2000,0.0961564647695893,0.107723053824774,0.0845673418687157
1,All Population,5,Prevalence,416,Tuvalu,3,Both,27,Age-standardized,558,Mental disorders,3,Rate,2000,9448.852377641071,10584.58186773928,8323.34562380285
1,All Population,5,Prevalence,177,Djibouti,3,Both,27,Age-standardized,558,Mental disorders,2,Percent,2000,0.1012091167298017,0.1106182018278837,0.0923915131563624
1,All Population,5,Prevalence,177,Djibouti,3,Both,27,Age-standardized,558,Mental disorders,3,Rate,2000,9995.28209881516,10916.71405403425,9116.361227277
1,All Population,5,Prevalence,43,Albania,3,Both,27,Age-standardized,558,Mental disorders,2,Percent,2000,0.1125868870682901,0.124990619166295,0.1010249270515849
1,All Population,5,Prevalence,43,Albania,3,Both,27,Age-standardized,558,Mental disorders,3,Rate,2000,10915.82722332759,12120.29229071323,9776.51773077431
1,All Population,5,Prevalence,187,Somalia,3,Both,27,Age-standardized,558,Mental disorders,2,Percent,2000,0.1076706721910765,0.1174338850321597,0.0984893229495081
1,All Population,5,Prevalence,187,Somalia,3,Both,27,Age-standardized,558,Mental disorders,3,Rate,2000,10758.47192567018,11731.018589623949,9834.36407649295
1,All Population,5,Prevalence,179,Ethiopia,3,Both,27,Age-standardized,558,Mental disorders,2,Percent,2000,0.1166289574292629,0.1269874169662898,0.107010305513006
1,All Population,5,Prevalence,179,Ethiopia,3,Both,27,Age-standardized,558,Mental disorders,3,Rate,2000,11621.54319201695,12644.35283363231,10667.50339885313
1,All Population,5,Prevalence,80,France,3,Both,27,Age-standardized,558,Mental disorders,2,Percent,2000,0.157987025564291,0.1721479056864747,0.1452248751119126
1,All Population,5,Prevalence,80,France,3,Both,27,Age-standardized,558,Mental disorders,3,Rate,2000,14354.402718185898,15578.219653848571,13168.722236685251
1,All Population,5,Prevalence,208,Guinea,3,Both,27,Age-standardized,558,Mental disorders,2,Percent,2000,0.1233402115110563,0.1348191134929723,0.1118798628763866
1,All Population,5,Prevalence,208,Guinea,3,Both,27,Age-standardized,558,Mental disorders,3,Rate,2000,12302.66959708425,13449.631019646511,11161.77523937707
1,All Population,5,Prevalence,27,Samoa,3,Both,27,Age-standardized,558,Mental disorders,2,Percent,2000,0.095944539757509,0.106917965680267,0.0849296942678415
1,All Population,5,Prevalence,27,Samoa,3,Both,27,Age-standardized,558,Mental disorders,3,Rate,2000,9385.83673419484,10457.93851730023,8298.57692791881
1,All Population,5,Prevalence,40,Turkmenistan,3,Both,27,Age-standardized,558,Mental disorders,2,Percent,2000,0.100212230238054,0.1114863975611306,0.0906530062107769
1,All Population,5,Prevalence,40,Turkmenistan,3,Both,27,Age-standardized,558,Mental disorders,3,Rate,2000,9635.93617378722,10711.07203766221,8689.83802251607
1,All Population,5,Prevalence,435,South Sudan,3,Both,27,Age-standardized,558,Mental disorders,2,Percent,2000,0.1153159795942882,0.1259599289214417,0.1054752186360578
1,All Population,5,Prevalence,435,South Sudan,3,Both,27,Age-standardized,558,Mental disorders,3,Rate,2000,11453.45783799498,12499.04110050702,10482.77676337067
1,All Population,5,Prevalence,150,Oman,3,Both,27,Age-standardized,558,Mental disorders,2,Percent,2000,0.1265088928669157,0.1357257139219866,0.1159301315417705
1,All Population,5,Prevalence,150,Oman,3,Both,27,Age-standardized,558,Mental disorders,3,Rate,2000,12395.51840864422,13278.076149381852,11382.37511217786
1,All Population,5,Prevalence,367,Monaco,3,Both,27,Age-standardized,558,Mental disorders,2,Percent,2000,0.136689026355041,0.1467601844014654,0.1282294928853583
1,All Population,5,Prevalence,367,Monaco,3,Both,27,Age-standardized,558,Mental disorders,3,Rate,2000,12508.953379560231,13409.215966504229,11751.39534736188
1,All Population,5,Prevalence,87,Luxembourg,3,Both,27,Age-standardized,558,Mental disorders,2,Percent,2000,0.1360618652088304,0.1453733851949948,0.1274966257924367
1,All Population,5,Prevalence,87,Luxembourg,3,Both,27,Age-standardized,558,Mental disorders,3,Rate,2000,12489.13318559677,13347.348480802171,11699.90463178046
1,All Population,5,Prevalence,149,Palestine,3,Both,27,Age-standardized,558,Mental disorders,2,Percent,2000,0.1446156721490019,0.1550688313698395,0.1332498029682043
1,All Population,5,Prevalence,149,Palestine,3,Both,27,Age-standardized,558,Mental disorders,3,Rate,2000,14164.72206028406,15131.94790292302,13085.75959866829
1,All Population,5,Prevalence,55,Slovenia,3,Both,27,Age-standardized,558,Mental disorders,2,Percent,2000,0.1271122323594208,0.1403338327718173,0.1134560339927276
1,All Population,5,Prevalence,55,Slovenia,3,Both,27,Age-standardized,558,Mental disorders,3,Rate,2000,12013.50149743379,13304.35557823984,10730.43448280186
1,All Population,5,Prevalence,66,Brunei Darussalam,3,Both,27,Age-standardized,558,Mental disorders,2,Percent,2000,0.1133884640969929,0.1245964592340739,0.1030515199924755
1,All Population,5,Prevalence,66,Brunei Darussalam,3,Both,27,Age-standardized,558,Mental disorders,3,Rate,2000,10598.069902109799,11561.57153049256,9642.10822472924
1,All Population,5,Prevalence,298,American Samoa,3,Both,27,Age-standardized,558,Mental disorders,2,Percent,2000,0.0978426816944843,0.1094737914790488,0.0865752307356538
1,All Population,5,Prevalence,298,American Samoa,3,Both,27,Age-standardized,558,Mental disorders,3,Rate,2000,9434.10124272533,10552.40460500166,8346.07078179
1,All Population,5,Prevalence,209,Guinea-Bissau,3,Both,27,Age-standardized,558,Mental disorders,2,Percent,2000,0.1154608151094348,0.1255629003758948,0.1052139251328281
1,All Population,5,Prevalence,209,Guinea-Bissau,3,Both,27,Age-standardized,558,Mental disorders,3,Rate,2000,11526.27400464594,12542.75545500071,10500.88988716605
1,All Population,5,Prevalence,305,Bermuda,3,Both,27,Age-standardized,558,Mental disorders,2,Percent,2000,0.1450468721829765,0.1583754815583316,0.1323844465057771
1,All Population,5,Prevalence,305,Bermuda,3,Both,27,Age-standardized,558,Mental disorders,3,Rate,2000,13899.335132102151,15129.33741386032,12695.46818907716
1,All Population,5,Prevalence,385,Puerto Rico,3,Both,27,Age-standardized,558,Mental disorders,2,Percent,2000,0.152008045158933,0.1635895981789556,0.1400178543942886
1,All Population,5,Prevalence,385,Puerto Rico,3,Both,27,Age-standardized,558,Mental disorders,3,Rate,2000,14529.41547871709,15608.485890897511,13382.93573750291
1,All Population,5,Prevalence,181,Madagascar,3,Both,27,Age-standardized,558,Mental disorders,2,Percent,2000,0.1058630751325986,0.1157244726930839,0.0966725456640991
1,All Population,5,Prevalence,181,Madagascar,3,Both,27,Age-standardized,558,Mental disorders,3,Rate,2000,10543.24729704367,11518.35536000938,9624.894528013909
1,All Population,5,Prevalence,102,United States of America,3,Both,27,Age-standardized,558,Mental disorders,2,Percent,2000,0.1688146084376791,0.1794401553688929,0.1591840953599282
1,All Population,5,Prevalence,102,United States of America,3,Both,27,Age-standardized,558,Mental disorders,3,Rate,2000,15419.610236870778,16431.91455682077,14521.21979285883
1,All Population,5,Prevalence,195,Namibia,3,Both,27,Age-standardized,558,Mental disorders,2,Percent,2000,0.1021618761172045,0.1112730901234094,0.092761815741293
1,All Population,5,Prevalence,195,Namibia,3,Both,27,Age-standardized,558,Mental disorders,3,Rate,2000,10059.78231014786,10961.80485993378,9101.28417842811
1,All Population,5,Prevalence,369,Nauru,3,Both,27,Age-standardized,558,Mental disorders,2,Percent,2000,0.0960976373441002,0.107459232073267,0.084941738892252
1,All Population,5,Prevalence,369,Nauru,3,Both,27,Age-standardized,558,Mental disorders,3,Rate,2000,9422.90849452566,10547.89679715812,8328.62923997941
1,All Population,5,Prevalence,15,Myanmar,3,Both,27,Age-standardized,558,Mental disorders,2,Percent,2001,0.0816613668753243,0.0899071766891534,0.0739735275887197
1,All Population,5,Prevalence,15,Myanmar,3,Both,27,Age-standardized,558,Mental disorders,3,Rate,2001,8118.694011955239,8940.87614024124,7357.40377088595
1,All Population,5,Prevalence,88,Malta,3,Both,27,Age-standardized,558,Mental disorders,2,Percent,2001,0.139920052134826,0.1499279984963788,0.131692737761763
1,All Population,5,Prevalence,88,Malta,3,Both,27,Age-standardized,558,Mental disorders,3,Rate,2001,12880.98047067647,13796.73289330578,12153.9694606697
1,All Population,5,Prevalence,89,Netherlands,3,Both,27,Age-standardized,558,Mental disorders,2,Percent,2000,0.1608469090238675,0.171680542852296,0.1515933367339622
1,All Population,5,Prevalence,89,Netherlands,3,Both,27,Age-standardized,558,Mental disorders,3,Rate,2000,15278.19983257234,16318.096192839359,14380.40049243384
1,All Population,5,Prevalence,435,South Sudan,3,Both,27,Age-standardized,558,Mental disorders,2,Percent,2001,0.1151427794409316,0.1256909520122592,0.1052405559606904
1,All Population,5,Prevalence,435,South Sudan,3,Both,27,Age-standardized,558,Mental disorders,3,Rate,2001,11435.36853490167,12479.677247731299,10459.29598764772
1,All Population,5,Prevalence,197,Eswatini,3,Both,27,Age-standardized,558,Mental disorders,2,Percent,2000,0.113583365657143,0.1243016568511327,0.1029837618387844
1,All Population,5,Prevalence,197,Eswatini,3,Both,27,Age-standardized,558,Mental disorders,3,Rate,2000,11153.29413661003,12177.87565788745,10100.051598442109
1,All Population,5,Prevalence,13,Malaysia,3,Both,27,Age-standardized,558,Mental disorders,2,Percent,2001,0.0825129462717041,0.0901207512112909,0.0754106425435638
1,All Population,5,Prevalence,13,Malaysia,3,Both,27,Age-standardized,558,Mental disorders,3,Rate,2001,8006.45935528616,8773.24755312039,7311.65911480611
1,All Population,5,Prevalence,8,Taiwan,3,Both,27,Age-standardized,558,Mental disorders,2,Percent,2000,0.0911188013868226,0.0981641979535908,0.0838985802276318
1,All Population,5,Prevalence,8,Taiwan,3,Both,27,Age-standardized,558,Mental disorders,3,Rate,2000,8649.34230864799,9318.17231164625,7942.8638642694295
1,All Population,5,Prevalence,38,Mongolia,3,Both,27,Age-standardized,558,Mental disorders,2,Percent,2001,0.1068782625311743,0.1184317366052531,0.096691417059673
1,All Population,5,Prevalence,38,Mongolia,3,Both,27,Age-standardized,558,Mental disorders,3,Rate,2001,10401.276560125,11534.70050100781,9434.80649654419
1,All Population,5,Prevalence,6,China,3,Both,27,Age-standardized,558,Mental disorders,2,Percent,2001,0.1166638422597156,0.1269664057815107,0.107545489724027
1,All Population,5,Prevalence,6,China,3,Both,27,Age-standardized,558,Mental disorders,3,Rate,2001,11236.09163238178,12232.6361994589,10351.209646888861
1,All Population,5,Prevalence,374,Niue,3,Both,27,Age-standardized,558,Mental disorders,2,Percent,2001,0.0981608574315723,0.109145373551609,0.0869126333918181
1,All Population,5,Prevalence,374,Niue,3,Both,27,Age-standardized,558,Mental disorders,3,Rate,2001,9451.07824602559,10536.88520756631,8350.45254470374
1,All Population,5,Prevalence,376,Northern Mariana Islands,3,Both,27,Age-standardized,558,Mental disorders,2,Percent,2000,0.0982763446797351,0.1098635574076026,0.0871380147781674
1,All Population,5,Prevalence,376,Northern Mariana Islands,3,Both,27,Age-standardized,558,Mental disorders,3,Rate,2000,9431.526881287431,10540.15572132928,8352.22186438102
1,All Population,5,Prevalence,351,Guam,3,Both,27,Age-standardized,558,Mental disorders,2,Percent,2000,0.0990183366229946,0.1103910532067829,0.0879409541327627
1,All Population,5,Prevalence,351,Guam,3,Both,27,Age-standardized,558,Mental disorders,3,Rate,2000,9475.32564082688,10569.73431991684,8369.45683065964
1,All Population,5,Prevalence,98,Chile,3,Both,27,Age-standardized,558,Mental disorders,2,Percent,2001,0.1530468268339713,0.1704691852414094,0.13811932117056
1,All Population,5,Prevalence,98,Chile,3,Both,27,Age-standardized,558,Mental disorders,3,Rate,2001,14655.821839496499,16246.01305816738,13202.70981851763
1,All Population,5,Prevalence,85,Israel,3,Both,27,Age-standardized,558,Mental disorders,2,Percent,2001,0.1348090158756755,0.1460908187384437,0.123437530608125
1,All Population,5,Prevalence,85,Israel,3,Both,27,Age-standardized,558,Mental disorders,3,Rate,2001,12497.22037557898,13555.71556389078,11461.2537453848
1,All Population,5,Prevalence,99,Uruguay,3,Both,27,Age-standardized,558,Mental disorders,2,Percent,2001,0.1469472205847201,0.1618858839649753,0.1335767176721856
1,All Population,5,Prevalence,99,Uruguay,3,Both,27,Age-standardized,558,Mental disorders,3,Rate,2001,13884.76254029735,15340.1683485023,12639.21461108803
1,All Population,5,Prevalence,91,Portugal,3,Both,27,Age-standardized,558,Mental disorders,2,Percent,2001,0.1711081809751751,0.1911167418730478,0.1540669364825033
1,All Population,5,Prevalence,91,Portugal,3,Both,27,Age-standardized,558,Mental disorders,3,Rate,2001,15841.95728942652,17664.20561985901,14276.865015227891
1,All Population,5,Prevalence,33,Armenia,3,Both,27,Age-standardized,558,Mental disorders,2,Percent,2001,0.1279651872421991,0.1411867026740875,0.115492957031597
1,All Population,5,Prevalence,33,Armenia,3,Both,27,Age-standardized,558,Mental disorders,3,Rate,2001,12247.250384163961,13537.88765048314,11019.71020409815
1,All Population,5,Prevalence,78,Denmark,3,Both,27,Age-standardized,558,Mental disorders,2,Percent,2001,0.1254643114786416,0.1331200882004969,0.1178048339563696
1,All Population,5,Prevalence,78,Denmark,3,Both,27,Age-standardized,558,Mental disorders,3,Rate,2001,11484.66570512152,12209.75857445458,10726.89797155581
1,All Population,5,Prevalence,7,Democratic People's Republic of Korea,3,Both,27,Age-standardized,558,Mental disorders,2,Percent,2001,0.1003955458931417,0.1098692599391261,0.0913186371977684
1,All Population,5,Prevalence,7,Democratic People's Republic of Korea,3,Both,27,Age-standardized,558,Mental disorders,3,Rate,2001,9777.56129610493,10680.476775676349,8903.9269644614
1,All Population,5,Prevalence,44,Bosnia and Herzegovina,3,Both,27,Age-standardized,558,Mental disorders,2,Percent,2001,0.1208644726525455,0.1349739086305491,0.1075961128953172
1,All Population,5,Prevalence,44,Bosnia and Herzegovina,3,Both,27,Age-standardized,558,Mental disorders,3,Rate,2001,11652.577384946659,12990.52068078715,10368.9910786499
1,All Population,5,Prevalence,151,Qatar,3,Both,27,Age-standardized,558,Mental disorders,2,Percent,2001,0.1166588952305221,0.126411806395654,0.1061932274131948
1,All Population,5,Prevalence,151,Qatar,3,Both,27,Age-standardized,558,Mental disorders,3,Rate,2001,11195.019937245761,12132.04653385223,10199.20266103663
1,All Population,5,Prevalence,18,Thailand,3,Both,27,Age-standardized,558,Mental disorders,2,Percent,2001,0.0846498461134448,0.0928321604259101,0.0764898639081769
1,All Population,5,Prevalence,18,Thailand,3,Both,27,Age-standardized,558,Mental disorders,3,Rate,2001,8226.67834100588,9008.48429996815,7427.44282154118
1,All Population,5,Prevalence,51,Poland,3,Both,27,Age-standardized,558,Mental disorders,2,Percent,2001,0.1121662473903027,0.1237423320604668,0.1015310696582806
1,All Population,5,Prevalence,51,Poland,3,Both,27,Age-standardized,558,Mental disorders,3,Rate,2001,10652.71572454683,11775.16915726608,9607.06669727179
1,All Population,5,Prevalence,27,Samoa,3,Both,27,Age-standardized,558,Mental disorders,2,Percent,2001,0.0961171615957671,0.1071459963838363,0.0851795984190723
1,All Population,5,Prevalence,27,Samoa,3,Both,27,Age-standardized,558,Mental disorders,3,Rate,2001,9397.32599951745,10449.01361894152,8331.30507897808
1,All Population,5,Prevalence,385,Puerto Rico,3,Both,27,Age-standardized,558,Mental disorders,2,Percent,2001,0.1525489804345114,0.163951603284449,0.1401162531638762
1,All Population,5,Prevalence,385,Puerto Rico,3,Both,27,Age-standardized,558,Mental disorders,3,Rate,2001,14574.27539798879,15671.58754871599,13374.974285302978
1,All Population,5,Prevalence,201,Burkina Faso,3,Both,27,Age-standardized,558,Mental disorders,2,Percent,2001,0.1242276637951826,0.1354939493075529,0.1129138816419227
1,All Population,5,Prevalence,201,Burkina Faso,3,Both,27,Age-standardized,558,Mental disorders,3,Rate,2001,12413.963373260869,13540.114126424798,11285.74950705122
1,All Population,5,Prevalence,136,Paraguay,3,Both,27,Age-standardized,558,Mental disorders,2,Percent,2001,0.1516365856816922,0.164252170001112,0.1399562955618364
1,All Population,5,Prevalence,136,Paraguay,3,Both,27,Age-standardized,558,Mental disorders,3,Rate,2001,14772.28694801493,16029.759800509668,13639.542007771091
1,All Population,5,Prevalence,14,Maldives,3,Both,27,Age-standardized,558,Mental disorders,2,Percent,2001,0.0805049728033651,0.0887008224163361,0.0732335021818259
1,All Population,5,Prevalence,14,Maldives,3,Both,27,Age-standardized,558,Mental disorders,3,Rate,2001,7877.973500786669,8691.593328075,7168.493446787031
1,All Population,5,Prevalence,23,Kiribati,3,Both,27,Age-standardized,558,Mental disorders,2,Percent,2001,0.0978476508412566,0.110078159757053,0.0858661977418193
1,All Population,5,Prevalence,23,Kiribati,3,Both,27,Age-standardized,558,Mental disorders,3,Rate,2001,9725.20478364566,10938.27494248012,8527.05096687798
1,All Population,5,Prevalence,168,Angola,3,Both,27,Age-standardized,558,Mental disorders,2,Percent,2001,0.1451815336175491,0.1596226527222322,0.1285716630958358
1,All Population,5,Prevalence,168,Angola,3,Both,27,Age-standardized,558,Mental disorders,3,Rate,2001,14472.18218724337,15911.707830320958,12832.06130918334
1,All Population,5,Prevalence,87,Luxembourg,3,Both,27,Age-standardized,558,Mental disorders,2,Percent,2001,0.1361729469123215,0.145175864864085,0.1276374470179181
1,All Population,5,Prevalence,87,Luxembourg,3,Both,27,Age-standardized,558,Mental disorders,3,Rate,2001,12491.730718724479,13329.18601309376,11753.23751266428
1,All Population,5,Prevalence,62,Russian Federation,3,Both,27,Age-standardized,558,Mental disorders,2,Percent,2001,0.1145956564921001,0.1252383693086959,0.1046621034619354
1,All Population,5,Prevalence,62,Russian Federation,3,Both,27,Age-standardized,558,Mental disorders,3,Rate,2001,10856.2479469216,11896.7933632857,9864.21923224031
1,All Population,5,Prevalence,198,Zimbabwe,3,Both,27,Age-standardized,558,Mental disorders,2,Percent,2001,0.115420943985179,0.1263775559041056,0.10335790579317
1,All Population,5,Prevalence,198,Zimbabwe,3,Both,27,Age-standardized,558,Mental disorders,3,Rate,2001,11286.01556929153,12363.87819551037,10086.67890763266
1,All Population,5,Prevalence,393,Saint Kitts and Nevis,3,Both,27,Age-standardized,558,Mental disorders,2,Percent,2001,0.142277147221177,0.1552255897783415,0.1293071573261154
1,All Population,5,Prevalence,393,Saint Kitts and Nevis,3,Both,27,Age-standardized,558,Mental disorders,3,Rate,2001,13700.07013574642,14955.221774205322,12469.55019179119
1,All Population,5,Prevalence,105,Antigua and Barbuda,3,Both,27,Age-standardized,558,Mental disorders,2,Percent,2001,0.142129337078947,0.1549893013495945,0.1294297588026488
1,All Population,5,Prevalence,105,Antigua and Barbuda,3,Both,27,Age-standardized,558,Mental disorders,3,Rate,2001,13817.24019911853,15083.112693556619,12575.10190559282
1,All Population,5,Prevalence,413,Tokelau,3,Both,27,Age-standardized,558,Mental disorders,2,Percent,2000,0.0966215439448934,0.1075531427963286,0.0855529699678813
1,All Population,5,Prevalence,413,Tokelau,3,Both,27,Age-standardized,558,Mental disorders,3,Rate,2000,9426.16412105164,10494.88882104698,8337.19326919798
1,All Population,5,Prevalence,122,Ecuador,3,Both,27,Age-standardized,558,Mental disorders,2,Percent,2001,0.1380277232071874,0.1510493047881968,0.1255149521549839
1,All Population,5,Prevalence,122,Ecuador,3,Both,27,Age-standardized,558,Mental disorders,3,Rate,2001,13530.40211061437,14791.507614434091,12273.3130795915
1,All Population,5,Prevalence,82,Greece,3,Both,27,Age-standardized,558,Mental disorders,2,Percent,2001,0.1507119178730107,0.1655345942000597,0.1374925547500796
1,All Population,5,Prevalence,82,Greece,3,Both,27,Age-standardized,558,Mental disorders,3,Rate,2001,14036.355126653641,15446.380271267952,12809.53693600311
1,All Population,5,Prevalence,41,Uzbekistan,3,Both,27,Age-standardized,558,Mental disorders,2,Percent,2001,0.1034129553147923,0.1146448824902391,0.0938652974525427
1,All Population,5,Prevalence,41,Uzbekistan,3,Both,27,Age-standardized,558,Mental disorders,3,Rate,2001,10026.66812679047,11105.14522235216,9047.76682013017
1,All Population,5,Prevalence,114,Haiti,3,Both,27,Age-standardized,558,Mental disorders,2,Percent,2001,0.1383322037602986,0.1509720236097734,0.1258723942491673
1,All Population,5,Prevalence,114,Haiti,3,Both,27,Age-standardized,558,Mental disorders,3,Rate,2001,13704.702493891049,14969.806399387331,12476.03266228303
1,All Population,5,Prevalence,135,Brazil,3,Both,27,Age-standardized,558,Mental disorders,2,Percent,2001,0.1604166833179484,0.1715661498678166,0.1494926032389497
1,All Population,5,Prevalence,135,Brazil,3,Both,27,Age-standardized,558,Mental disorders,3,Rate,2001,15607.855912845762,16677.805015360882,14551.393186915571
1,All Population,5,Prevalence,83,Iceland,3,Both,27,Age-standardized,558,Mental disorders,2,Percent,2001,0.137481995425922,0.1472761068536269,0.1284399469261511
1,All Population,5,Prevalence,83,Iceland,3,Both,27,Age-standardized,558,Mental disorders,3,Rate,2001,12743.72214773926,13672.259287509482,11915.57813080587
1,All Population,5,Prevalence,68,Republic of Korea,3,Both,27,Age-standardized,558,Mental disorders,2,Percent,2001,0.1193289713494369,0.1297445598142611,0.1099357062845242
1,All Population,5,Prevalence,68,Republic of Korea,3,Both,27,Age-standardized,558,Mental disorders,3,Rate,2001,11183.27419652083,12185.6847216289,10352.01109966755
1,All Population,5,Prevalence,40,Turkmenistan,3,Both,27,Age-standardized,558,Mental disorders,2,Percent,2001,0.1010863399151917,0.1124828828626707,0.0911682019139834
1,All Population,5,Prevalence,40,Turkmenistan,3,Both,27,Age-standardized,558,Mental disorders,3,Rate,2001,9713.69087850152,10796.38213169314,8748.11034778043
1,All Population,5,Prevalence,109,Cuba,3,Both,27,Age-standardized,558,Mental disorders,2,Percent,2001,0.1548874408937678,0.1684333016768467,0.1406305340854886
1,All Population,5,Prevalence,109,Cuba,3,Both,27,Age-standardized,558,Mental disorders,3,Rate,2001,15136.622167651689,16474.7221869433,13735.093389651809
1,All Population,5,Prevalence,17,Sri Lanka,3,Both,27,Age-standardized,558,Mental disorders,2,Percent,2001,0.0850263272165259,0.0938952928091839,0.0761858159860747
1,All Population,5,Prevalence,17,Sri Lanka,3,Both,27,Age-standardized,558,Mental disorders,3,Rate,2001,8297.64031823352,9153.511745607611,7442.061701615139
1,All Population,5,Prevalence,152,Saudi Arabia,3,Both,27,Age-standardized,558,Mental disorders,2,Percent,2001,0.1368379047673859,0.1540123841848525,0.1212249992296293
1,All Population,5,Prevalence,152,Saudi Arabia,3,Both,27,Age-standardized,558,Mental disorders,3,Rate,2001,13340.9217966983,15044.95147148007,11807.64509208167
1,All Population,5,Prevalence,60,Lithuania,3,Both,27,Age-standardized,558,Mental disorders,2,Percent,2001,0.118811171389676,0.1319680878689345,0.10684389582575
1,All Population,5,Prevalence,60,Lithuania,3,Both,27,Age-standardized,558,Mental disorders,3,Rate,2001,11348.32319222187,12603.766377103659,10199.479657761069
1,All Population,5,Prevalence,298,American Samoa,3,Both,27,Age-standardized,558,Mental disorders,2,Percent,2001,0.0979772368776793,0.1094981476269237,0.0868799340240276
1,All Population,5,Prevalence,298,American Samoa,3,Both,27,Age-standardized,558,Mental disorders,3,Rate,2001,9445.46287488043,10571.36959559856,8371.7022047377
1,All Population,5,Prevalence,139,Algeria,3,Both,27,Age-standardized,558,Mental disorders,2,Percent,2001,0.1369114722689245,0.1459647308353195,0.1265693811448477
1,All Population,5,Prevalence,139,Algeria,3,Both,27,Age-standardized,558,Mental disorders,3,Rate,2001,13267.627975187928,14168.160576884331,12328.855185558741
1,All Population,5,Prevalence,156,United Arab Emirates,3,Both,27,Age-standardized,558,Mental disorders,2,Percent,2001,0.1161370999776299,0.1273080792438052,0.1048496884498335
1,All Population,5,Prevalence,156,United Arab Emirates,3,Both,27,Age-standardized,558,Mental disorders,3,Rate,2001,11182.26997481454,12271.20220818014,10085.53592222382
1,All Population,5,Prevalence,215,Sao Tome and Principe,3,Both,27,Age-standardized,558,Mental disorders,2,Percent,2001,0.1145372036856217,0.1242201134800174,0.1043283923265565
1,All Population,5,Prevalence,215,Sao Tome and Principe,3,Both,27,Age-standardized,558,Mental disorders,3,Rate,2001,11430.19984429022,12401.10485732873,10420.994684551732
1,All Population,5,Prevalence,53,Serbia,3,Both,27,Age-standardized,558,Mental disorders,2,Percent,2001,0.1245893917571057,0.1387856580536267,0.1109966892951799
1,All Population,5,Prevalence,53,Serbia,3,Both,27,Age-standardized,558,Mental disorders,3,Rate,2001,12027.39557302817,13370.46510177375,10701.32132732319
1,All Population,5,Prevalence,176,Comoros,3,Both,27,Age-standardized,558,Mental disorders,2,Percent,2001,0.1087238204764057,0.1193981148350005,0.0986878479669617
1,All Population,5,Prevalence,176,Comoros,3,Both,27,Age-standardized,558,Mental disorders,3,Rate,2001,10730.48636993003,11749.12676862565,9718.54945984434
1,All Population,5,Prevalence,22,Fiji,3,Both,27,Age-standardized,558,Mental disorders,2,Percent,2001,0.0951298030123509,0.1059983412656936,0.0842997453222068
1,All Population,5,Prevalence,22,Fiji,3,Both,27,Age-standardized,558,Mental disorders,3,Rate,2001,9352.67700240566,10425.75455839304,8281.05740300859
1,All Population,5,Prevalence,374,Niue,3,Both,27,Age-standardized,558,Mental disorders,2,Percent,2000,0.0980179235734958,0.1094375495892109,0.0866410642140296
1,All Population,5,Prevalence,374,Niue,3,Both,27,Age-standardized,558,Mental disorders,3,Rate,2000,9439.715706102721,10567.95786851306,8324.49539776448
1,All Population,5,Prevalence,194,Lesotho,3,Both,27,Age-standardized,558,Mental disorders,2,Percent,2001,0.1024219174274215,0.1113548005753048,0.092983871080117
1,All Population,5,Prevalence,194,Lesotho,3,Both,27,Age-standardized,558,Mental disorders,3,Rate,2001,10204.27695096299,11096.538358864711,9256.36677044711
1,All Population,5,Prevalence,380,Palau,3,Both,27,Age-standardized,558,Mental disorders,2,Percent,2001,0.0982296501380775,0.1097969201185102,0.087081255654974
1,All Population,5,Prevalence,380,Palau,3,Both,27,Age-standardized,558,Mental disorders,3,Rate,2001,9492.77428608267,10587.08847493018,8408.017433851819
1,All Population,5,Prevalence,101,Canada,3,Both,27,Age-standardized,558,Mental disorders,2,Percent,2001,0.1444269322576634,0.1575737567038753,0.1321077243992448
1,All Population,5,Prevalence,101,Canada,3,Both,27,Age-standardized,558,Mental disorders,3,Rate,2001,13367.67381935532,14580.43812251579,12258.01832023192
1,All Population,5,Prevalence,89,Netherlands,3,Both,27,Age-standardized,558,Mental disorders,2,Percent,2001,0.1620178819431633,0.1729166614745791,0.152335432783169
1,All Population,5,Prevalence,89,Netherlands,3,Both,27,Age-standardized,558,Mental disorders,3,Rate,2001,15395.319770473028,16440.36092330783,14496.724745748728
1,All Population,5,Prevalence,36,Kazakhstan,3,Both,27,Age-standardized,558,Mental disorders,2,Percent,2001,0.0977420697012782,0.1083461630821753,0.0883979440954021
1,All Population,5,Prevalence,36,Kazakhstan,3,Both,27,Age-standardized,558,Mental disorders,3,Rate,2001,9450.00926589691,10491.224522615119,8540.5342512763
1,All Population,5,Prevalence,113,Guyana,3,Both,27,Age-standardized,558,Mental disorders,2,Percent,2001,0.1368910729277451,0.1496493261337061,0.1245151188688704
1,All Population,5,Prevalence,113,Guyana,3,Both,27,Age-standardized,558,Mental disorders,3,Rate,2001,13441.845572030259,14706.41007921512,12217.30008885462
1,All Population,5,Prevalence,211,Mali,3,Both,27,Age-standardized,558,Mental disorders,2,Percent,2000,0.1125814377141012,0.1227107458710479,0.102258724258467
1,All Population,5,Prevalence,211,Mali,3,Both,27,Age-standardized,558,Mental disorders,3,Rate,2000,11237.171483284319,12239.835496933769,10207.31409161214
1,All Population,5,Prevalence,52,Romania,3,Both,27,Age-standardized,558,Mental disorders,2,Percent,2001,0.1119290329924028,0.1249676649808896,0.1001543303946478
1,All Population,5,Prevalence,52,Romania,3,Both,27,Age-standardized,558,Mental disorders,3,Rate,2001,10817.81913946772,12069.6019833287,9649.33503667655
1,All Population,5,Prevalence,146,Lebanon,3,Both,27,Age-standardized,558,Mental disorders,2,Percent,2001,0.1488916395050588,0.1638323536283047,0.1369915274893089
1,All Population,5,Prevalence,146,Lebanon,3,Both,27,Age-standardized,558,Mental disorders,3,Rate,2001,14342.420355114498,15716.35929974173,13214.984532556029
1,All Population,5,Prevalence,20,Viet Nam,3,Both,27,Age-standardized,558,Mental disorders,2,Percent,2001,0.0753241182492887,0.082477903499669,0.0681927281876647
1,All Population,5,Prevalence,20,Viet Nam,3,Both,27,Age-standardized,558,Mental disorders,3,Rate,2001,7463.39880601263,8173.7004790357905,6757.5078549459
1,All Population,5,Prevalence,93,Sweden,3,Both,27,Age-standardized,558,Mental disorders,2,Percent,2001,0.1303603430209997,0.1398941226791668,0.1215473947723339
1,All Population,5,Prevalence,93,Sweden,3,Both,27,Age-standardized,558,Mental disorders,3,Rate,2001,11999.08765633349,12846.187269015361,11142.50847974774
1,All Population,5,Prevalence,153,Syrian Arab Republic,3,Both,27,Age-standardized,558,Mental disorders,2,Percent,2001,0.1569768582908185,0.1718260903997021,0.1405952082033434
1,All Population,5,Prevalence,153,Syrian Arab Republic,3,Both,27,Age-standardized,558,Mental disorders,3,Rate,2001,15277.20571505752,16731.99054238782,13646.81360941323
1,All Population,5,Prevalence,80,France,3,Both,27,Age-standardized,558,Mental disorders,2,Percent,2001,0.1583798793597722,0.1727270268822474,0.1453073219895683
1,All Population,5,Prevalence,80,France,3,Both,27,Age-standardized,558,Mental disorders,3,Rate,2001,14382.9446355901,15640.672384803538,13174.99022005399
1,All Population,5,Prevalence,169,Central African Republic,3,Both,27,Age-standardized,558,Mental disorders,2,Percent,2001,0.1362785286920786,0.1504316835105334,0.1206454489033274
1,All Population,5,Prevalence,169,Central African Republic,3,Both,27,Age-standardized,558,Mental disorders,3,Rate,2001,13614.24565042032,15030.48788800512,12057.09587998484
1,All Population,5,Prevalence,102,United States of America,3,Both,27,Age-standardized,558,Mental disorders,2,Percent,2001,0.1697001393939689,0.1805916503536395,0.1599207529668907
1,All Population,5,Prevalence,102,United States of America,3,Both,27,Age-standardized,558,Mental disorders,3,Rate,2001,15492.428093289982,16501.059923602672,14615.427093629622
1,All Population,5,Prevalence,25,Micronesia (Federated States of),3,Both,27,Age-standardized,558,Mental disorders,2,Percent,2001,0.0958342816154265,0.1069478019584992,0.0847453018951445
1,All Population,5,Prevalence,25,Micronesia (Federated States of),3,Both,27,Age-standardized,558,Mental disorders,3,Rate,2001,9442.91402849388,10544.40010314507,8353.36799517504
1,All Population,5,Prevalence,132,Panama,3,Both,27,Age-standardized,558,Mental disorders,2,Percent,2001,0.1070110090575667,0.1152210993617333,0.0981412622263856
1,All Population,5,Prevalence,132,Panama,3,Both,27,Age-standardized,558,Mental disorders,3,Rate,2001,10315.23166460262,11100.31909109823,9482.11758331531
1,All Population,5,Prevalence,115,Jamaica,3,Both,27,Age-standardized,558,Mental disorders,2,Percent,2001,0.1277029889657631,0.139776078855195,0.1160169847356852
1,All Population,5,Prevalence,115,Jamaica,3,Both,27,Age-standardized,558,Mental disorders,3,Rate,2001,12475.69829021113,13650.928035808041,11343.11715975972
1,All Population,5,Prevalence,67,Japan,3,Both,27,Age-standardized,558,Mental disorders,2,Percent,2001,0.1179617606938844,0.1297100716260349,0.1071703465286337
1,All Population,5,Prevalence,67,Japan,3,Both,27,Age-standardized,558,Mental disorders,3,Rate,2001,10827.99306647366,11899.02720756592,9845.03275939117
1,All Population,5,Prevalence,161,Bangladesh,3,Both,27,Age-standardized,558,Mental disorders,2,Percent,2001,0.1145487662602983,0.127481480637021,0.1015732351931995
1,All Population,5,Prevalence,161,Bangladesh,3,Both,27,Age-standardized,558,Mental disorders,3,Rate,2001,11291.40157117508,12568.747408633772,10013.19088952287
1,All Population,5,Prevalence,116,Saint Lucia,3,Both,27,Age-standardized,558,Mental disorders,2,Percent,2001,0.1410325034759689,0.1538677482212845,0.1280849961876623
1,All Population,5,Prevalence,116,Saint Lucia,3,Both,27,Age-standardized,558,Mental disorders,3,Rate,2001,13697.91462168177,14952.28390300179,12445.92108864132
1,All Population,5,Prevalence,367,Monaco,3,Both,27,Age-standardized,558,Mental disorders,2,Percent,2001,0.1367605576409083,0.1465603024767776,0.1281264578786706
1,All Population,5,Prevalence,367,Monaco,3,Both,27,Age-standardized,558,Mental disorders,3,Rate,2001,12512.67543911282,13389.78059785163,11758.07287278153
1,All Population,5,Prevalence,182,Malawi,3,Both,27,Age-standardized,558,Mental disorders,2,Percent,2001,0.1052704958575829,0.1149291384255394,0.0960015788217191
1,All Population,5,Prevalence,182,Malawi,3,Both,27,Age-standardized,558,Mental disorders,3,Rate,2001,10462.00157433263,11429.97956496225,9535.31831465046
1,All Population,5,Prevalence,75,Austria,3,Both,27,Age-standardized,558,Mental disorders,2,Percent,2001,0.1276003017074963,0.1425796956042455,0.1146417977900838
1,All Population,5,Prevalence,75,Austria,3,Both,27,Age-standardized,558,Mental disorders,3,Rate,2001,11771.418917464329,13127.2428241505,10620.2538260481
1,All Population,5,Prevalence,66,Brunei Darussalam,3,Both,27,Age-standardized,558,Mental disorders,2,Percent,2001,0.1137580213768659,0.1250380728928579,0.10340211759483
1,All Population,5,Prevalence,66,Brunei Darussalam,3,Both,27,Age-standardized,558,Mental disorders,3,Rate,2001,10624.44338853079,11601.22976745141,9677.86491905675
1,All Population,5,Prevalence,28,Solomon Islands,3,Both,27,Age-standardized,558,Mental disorders,2,Percent,2001,0.0977679498566429,0.109951077134865,0.086448920938466
1,All Population,5,Prevalence,28,Solomon Islands,3,Both,27,Age-standardized,558,Mental disorders,3,Rate,2001,9655.56970874626,10848.11009407407,8518.35500938333
1,All Population,5,Prevalence,90,Norway,3,Both,27,Age-standardized,558,Mental disorders,2,Percent,2001,0.1375162880685398,0.1526671198620664,0.1243073235676013
1,All Population,5,Prevalence,90,Norway,3,Both,27,Age-standardized,558,Mental disorders,3,Rate,2001,12622.39498063292,14001.325438386919,11435.55095573783
1,All Population,5,Prevalence,204,Chad,3,Both,27,Age-standardized,558,Mental disorders,2,Percent,2001,0.1265828693610143,0.1380176243174742,0.1142996201803215
1,All Population,5,Prevalence,204,Chad,3,Both,27,Age-standardized,558,Mental disorders,3,Rate,2001,12627.16087687814,13751.62922718863,11403.43969443134
1,All Population,5,Prevalence,45,Bulgaria,3,Both,27,Age-standardized,558,Mental disorders,2,Percent,2001,0.1100919955678958,0.1219876960253362,0.0992981462724254
1,All Population,5,Prevalence,45,Bulgaria,3,Both,27,Age-standardized,558,Mental disorders,3,Rate,2001,10545.8362472668,11660.52121174673,9513.27765017875
1,All Population,5,Prevalence,183,Mauritius,3,Both,27,Age-standardized,558,Mental disorders,2,Percent,2001,0.0922332798977841,0.1022167843206917,0.0827921011826488
1,All Population,5,Prevalence,183,Mauritius,3,Both,27,Age-standardized,558,Mental disorders,3,Rate,2001,8980.11353311647,9977.4291980532,8051.139580006369
1,All Population,5,Prevalence,522,Sudan,3,Both,27,Age-standardized,558,Mental disorders,2,Percent,2001,0.1322179494059494,0.142862262501698,0.1207701308754475
1,All Population,5,Prevalence,522,Sudan,3,Both,27,Age-standardized,558,Mental disorders,3,Rate,2001,13132.65850603762,14219.10794672848,12026.79814108881
1,All Population,5,Prevalence,396,San Marino,3,Both,27,Age-standardized,558,Mental disorders,2,Percent,2000,0.1363628796293788,0.1458334732133623,0.127579331493626
1,All Population,5,Prevalence,396,San Marino,3,Both,27,Age-standardized,558,Mental disorders,3,Rate,2000,12488.17411019157,13377.12661731387,11744.7055132195
1,All Population,5,Prevalence,74,Andorra,3,Both,27,Age-standardized,558,Mental disorders,2,Percent,2001,0.1349865371238261,0.1444228830368875,0.1266044666085702
1,All Population,5,Prevalence,74,Andorra,3,Both,27,Age-standardized,558,Mental disorders,3,Rate,2001,12373.41137948187,13210.058143824019,11623.61076455597
1,All Population,5,Prevalence,59,Latvia,3,Both,27,Age-standardized,558,Mental disorders,2,Percent,2001,0.1166701604532981,0.1269325691051782,0.1077187720875994
1,All Population,5,Prevalence,59,Latvia,3,Both,27,Age-standardized,558,Mental disorders,3,Rate,2001,10945.49357187687,11900.034306081581,10089.290243452411
1,All Population,5,Prevalence,128,Guatemala,3,Both,27,Age-standardized,558,Mental disorders,2,Percent,2001,0.1199590217713189,0.129137457269295,0.1101434599317572
1,All Population,5,Prevalence,128,Guatemala,3,Both,27,Age-standardized,558,Mental disorders,3,Rate,2001,11806.48603502888,12709.325067836411,10837.34080024805
1,All Population,5,Prevalence,8,Taiwan,3,Both,27,Age-standardized,558,Mental disorders,2,Percent,2001,0.0921299036388787,0.099393001486438,0.0846477380463603
1,All Population,5,Prevalence,8,Taiwan,3,Both,27,Age-standardized,558,Mental disorders,3,Rate,2001,8738.52886082633,9403.37746924097,8013.22747263732
1,All Population,5,Prevalence,145,Kuwait,3,Both,27,Age-standardized,558,Mental disorders,2,Percent,2001,0.1274321047917308,0.1355189344757818,0.1190059315866609
1,All Population,5,Prevalence,145,Kuwait,3,Both,27,Age-standardized,558,Mental disorders,3,Rate,2001,12078.931718899761,12877.21924379782,11295.89773351537
1,All Population,5,Prevalence,117,Saint Vincent and the Grenadines,3,Both,27,Age-standardized,558,Mental disorders,2,Percent,2001,0.1394654739900755,0.152472276750339,0.1266854340926196
1,All Population,5,Prevalence,117,Saint Vincent and the Grenadines,3,Both,27,Age-standardized,558,Mental disorders,3,Rate,2001,13627.64387296482,14874.513566323169,12393.65101562174
1,All Population,5,Prevalence,207,Ghana,3,Both,27,Age-standardized,558,Mental disorders,2,Percent,2001,0.117051360046624,0.1269418152117681,0.106450123747266
1,All Population,5,Prevalence,207,Ghana,3,Both,27,Age-standardized,558,Mental disorders,3,Rate,2001,11657.83188105479,12646.92433029075,10604.55818445772
1,All Population,5,Prevalence,37,Kyrgyzstan,3,Both,27,Age-standardized,558,Mental disorders,2,Percent,2001,0.1006248139715724,0.1118919310797625,0.0907515690541881
1,All Population,5,Prevalence,37,Kyrgyzstan,3,Both,27,Age-standardized,558,Mental disorders,3,Rate,2001,9788.257780018681,10882.05054608085,8820.969579643941
1,All Population,5,Prevalence,172,Equatorial Guinea,3,Both,27,Age-standardized,558,Mental disorders,2,Percent,2001,0.1297640522298736,0.1427170276068197,0.1154355912107992
1,All Population,5,Prevalence,172,Equatorial Guinea,3,Both,27,Age-standardized,558,Mental disorders,3,Rate,2001,12874.08131768568,14156.84336179236,11455.56466343514
1,All Population,5,Prevalence,305,Bermuda,3,Both,27,Age-standardized,558,Mental disorders,2,Percent,2001,0.1456928301945322,0.1591623939561584,0.1328980105084695
1,All Population,5,Prevalence,305,Bermuda,3,Both,27,Age-standardized,558,Mental disorders,3,Rate,2001,13955.49973867834,15206.709211657651,12735.625055049779
1,All Population,5,Prevalence,214,Nigeria,3,Both,27,Age-standardized,558,Mental disorders,2,Percent,2001,0.1102146467343293,0.1202853428700419,0.1010041028132474
1,All Population,5,Prevalence,214,Nigeria,3,Both,27,Age-standardized,558,Mental disorders,3,Rate,2001,10990.78046204386,11985.72796829709,10074.02379686066
1,All Population,5,Prevalence,349,Greenland,3,Both,27,Age-standardized,558,Mental disorders,2,Percent,2000,0.1614334205000735,0.174414161712656,0.1504780283133213
1,All Population,5,Prevalence,349,Greenland,3,Both,27,Age-standardized,558,Mental disorders,3,Rate,2000,15053.4715200406,16208.883804379851,14023.27204852043
1,All Population,5,Prevalence,160,Afghanistan,3,Both,27,Age-standardized,558,Mental disorders,2,Percent,2001,0.1292227458379666,0.1386605888303693,0.1192663814871826
1,All Population,5,Prevalence,160,Afghanistan,3,Both,27,Age-standardized,558,Mental disorders,3,Rate,2001,12897.08542949444,13843.87757496843,11888.96748137886
1,All Population,5,Prevalence,170,Congo,3,Both,27,Age-standardized,558,Mental disorders,2,Percent,2001,0.135493286018935,0.1478032425900288,0.120719105123016
1,All Population,5,Prevalence,170,Congo,3,Both,27,Age-standardized,558,Mental disorders,3,Rate,2001,13499.2230091995,14739.624139196669,12027.360432664811
1,All Population,5,Prevalence,16,Philippines,3,Both,27,Age-standardized,558,Mental disorders,2,Percent,2001,0.0853884179207677,0.0940210720603972,0.0778853478558112
1,All Population,5,Prevalence,16,Philippines,3,Both,27,Age-standardized,558,Mental disorders,3,Rate,2001,8345.970284731851,9187.06174163373,7614.15190223933
1,All Population,5,Prevalence,106,Bahamas,3,Both,27,Age-standardized,558,Mental disorders,2,Percent,2001,0.1437615319556862,0.1567204634030164,0.131069602235751
1,All Population,5,Prevalence,106,Bahamas,3,Both,27,Age-standardized,558,Mental disorders,3,Rate,2001,13908.13973372539,15162.201644006109,12671.071276944122
1,All Population,5,Prevalence,55,Slovenia,3,Both,27,Age-standardized,558,Mental disorders,2,Percent,2001,0.1273251415933434,0.1410333263405952,0.1135736479699736
1,All Population,5,Prevalence,55,Slovenia,3,Both,27,Age-standardized,558,Mental disorders,3,Rate,2001,12030.03303498123,13355.16103849928,10728.45255848327
1,All Population,5,Prevalence,320,Cook Islands,3,Both,27,Age-standardized,558,Mental disorders,2,Percent,2001,0.0985451490963569,0.1096155809761802,0.0874741967224664
1,All Population,5,Prevalence,320,Cook Islands,3,Both,27,Age-standardized,558,Mental disorders,3,Rate,2001,9470.42262352496,10554.49830912359,8398.12075280976
1,All Population,5,Prevalence,19,Timor-Leste,3,Both,27,Age-standardized,558,Mental disorders,2,Percent,2001,0.0853586681344209,0.0948963096775629,0.0763461320488935
1,All Population,5,Prevalence,19,Timor-Leste,3,Both,27,Age-standardized,558,Mental disorders,3,Rate,2001,8476.54600245956,9428.12992360455,7586.99091269233
1,All Population,5,Prevalence,217,Sierra Leone,3,Both,27,Age-standardized,558,Mental disorders,2,Percent,2001,0.1254374710341755,0.1367830141691193,0.1140081419259045
1,All Population,5,Prevalence,217,Sierra Leone,3,Both,27,Age-standardized,558,Mental disorders,3,Rate,2001,12524.697320296871,13668.33573416516,11389.20766098748
1,All Population,5,Prevalence,112,Grenada,3,Both,27,Age-standardized,558,Mental disorders,2,Percent,2001,0.1400670718380036,0.152949421404261,0.1276085430377797
1,All Population,5,Prevalence,112,Grenada,3,Both,27,Age-standardized,558,Mental disorders,3,Rate,2001,13632.576127613711,14893.735573871361,12424.72821237017
1,All Population,5,Prevalence,125,Colombia,3,Both,27,Age-standardized,558,Mental disorders,2,Percent,2001,0.1164309840585171,0.1248081208480697,0.1073778649648041
1,All Population,5,Prevalence,125,Colombia,3,Both,27,Age-standardized,558,Mental disorders,3,Rate,2001,11212.66120774413,12024.4343893564,10347.94137231946
1,All Population,5,Prevalence,72,New Zealand,3,Both,27,Age-standardized,558,Mental disorders,2,Percent,2001,0.1887610197102711,0.2043575098064052,0.1751105625062312
1,All Population,5,Prevalence,72,New Zealand,3,Both,27,Age-standardized,558,Mental disorders,3,Rate,2001,17455.99201630898,18947.258800718788,16136.92897930508
1,All Population,5,Prevalence,140,Bahrain,3,Both,27,Age-standardized,558,Mental disorders,2,Percent,2001,0.1388171910267789,0.1480562159025814,0.1285778412091309
1,All Population,5,Prevalence,140,Bahrain,3,Both,27,Age-standardized,558,Mental disorders,3,Rate,2001,13597.89082990523,14503.771677633129,12596.852271089889
1,All Population,5,Prevalence,422,United States Virgin Islands,3,Both,27,Age-standardized,558,Mental disorders,2,Percent,2000,0.1397966701048528,0.1528477442317133,0.1271416703341315
1,All Population,5,Prevalence,422,United States Virgin Islands,3,Both,27,Age-standardized,558,Mental disorders,3,Rate,2000,13397.568931050091,14586.808259797179,12206.42275284469
1,All Population,5,Prevalence,126,Costa Rica,3,Both,27,Age-standardized,558,Mental disorders,2,Percent,2001,0.1209253219296196,0.1299254390840754,0.1112486502437052
1,All Population,5,Prevalence,126,Costa Rica,3,Both,27,Age-standardized,558,Mental disorders,3,Rate,2001,11617.78636604761,12489.47440861873,10696.37611450422
1,All Population,5,Prevalence,107,Barbados,3,Both,27,Age-standardized,558,Mental disorders,2,Percent,2001,0.1426384599921103,0.1554296433123451,0.1296916066388361
1,All Population,5,Prevalence,107,Barbados,3,Both,27,Age-standardized,558,Mental disorders,3,Rate,2001,13773.73779470516,15045.267365294902,12536.31454264141
1,All Population,5,Prevalence,196,South Africa,3,Both,27,Age-standardized,558,Mental disorders,2,Percent,2001,0.1116047070046508,0.1208983617476495,0.1024003292697816
1,All Population,5,Prevalence,196,South Africa,3,Both,27,Age-standardized,558,Mental disorders,3,Rate,2001,11057.05833146092,11957.37221199447,10147.997263073261
1,All Population,5,Prevalence,54,Slovakia,3,Both,27,Age-standardized,558,Mental disorders,2,Percent,2001,0.1126864992901017,0.1255696059155602,0.1005850220132321
1,All Population,5,Prevalence,54,Slovakia,3,Both,27,Age-standardized,558,Mental disorders,3,Rate,2001,10732.4478487478,11933.312491429771,9577.42181627798
1,All Population,5,Prevalence,155,Türkiye,3,Both,27,Age-standardized,558,Mental disorders,2,Percent,2001,0.1345979376015931,0.1466134877788927,0.1236323229955757
1,All Population,5,Prevalence,155,Türkiye,3,Both,27,Age-standardized,558,Mental disorders,3,Rate,2001,13089.38151626029,14245.34168876795,12044.61625339195
1,All Population,5,Prevalence,29,Tonga,3,Both,27,Age-standardized,558,Mental disorders,2,Percent,2001,0.1085616638459027,0.1262631787567605,0.0922988307767083
1,All Population,5,Prevalence,29,Tonga,3,Both,27,Age-standardized,558,Mental disorders,3,Rate,2001,10561.17095344898,12267.82537253739,8974.08035353564
1,All Population,5,Prevalence,95,United Kingdom,3,Both,27,Age-standardized,558,Mental disorders,2,Percent,2001,0.1534848108206677,0.1654046781458369,0.1431472638561839
1,All Population,5,Prevalence,95,United Kingdom,3,Both,27,Age-standardized,558,Mental disorders,3,Rate,2001,14030.646449454209,15026.75663203418,13088.5720049124
1,All Population,5,Prevalence,130,Mexico,3,Both,27,Age-standardized,558,Mental disorders,2,Percent,2001,0.1127991639294953,0.121194522052167,0.1049143106814653
1,All Population,5,Prevalence,130,Mexico,3,Both,27,Age-standardized,558,Mental disorders,3,Rate,2001,10864.65327607093,11661.29514186329,10090.49598546971
1,All Population,5,Prevalence,147,Libya,3,Both,27,Age-standardized,558,Mental disorders,2,Percent,2001,0.1361432693377617,0.1451301588010561,0.1262896198629287
1,All Population,5,Prevalence,147,Libya,3,Both,27,Age-standardized,558,Mental disorders,3,Rate,2001,13210.99036313934,14096.464258688491,12300.101001065259
1,All Population,5,Prevalence,119,Trinidad and Tobago,3,Both,27,Age-standardized,558,Mental disorders,2,Percent,2001,0.1333890278335449,0.1457241945210989,0.1212952396835367
1,All Population,5,Prevalence,119,Trinidad and Tobago,3,Both,27,Age-standardized,558,Mental disorders,3,Rate,2001,12915.50921573566,14131.18234752877,11744.81297191351
1,All Population,5,Prevalence,206,Gambia,3,Both,27,Age-standardized,558,Mental disorders,2,Percent,2001,0.1162675936932736,0.1263793590783327,0.1058458784661356
1,All Population,5,Prevalence,206,Gambia,3,Both,27,Age-standardized,558,Mental disorders,3,Rate,2001,11550.51304036558,12581.388039225649,10538.97540330717
1,All Population,5,Prevalence,179,Ethiopia,3,Both,27,Age-standardized,558,Mental disorders,2,Percent,2001,0.115913349968618,0.1260076452686958,0.1063984966013601
1,All Population,5,Prevalence,179,Ethiopia,3,Both,27,Age-standardized,558,Mental disorders,3,Rate,2001,11547.63906353753,12551.22625911212,10595.54496930432
1,All Population,5,Prevalence,191,Zambia,3,Both,27,Age-standardized,558,Mental disorders,2,Percent,2001,0.1078827901845998,0.1177841771642495,0.098495237661929
1,All Population,5,Prevalence,191,Zambia,3,Both,27,Age-standardized,558,Mental disorders,3,Rate,2001,10761.611657200949,11747.604140755551,9819.822962174569
1,All Population,5,Prevalence,175,Burundi,3,Both,27,Age-standardized,558,Mental disorders,2,Percent,2001,0.1126805233153871,0.1227119976899578,0.1028126563403096
1,All Population,5,Prevalence,175,Burundi,3,Both,27,Age-standardized,558,Mental disorders,3,Rate,2001,11210.33175337227,12206.88675587319,10226.665556774169
1,All Population,5,Prevalence,162,Bhutan,3,Both,27,Age-standardized,558,Mental disorders,2,Percent,2001,0.1075150691922061,0.1184496641407292,0.0961205581139265
1,All Population,5,Prevalence,162,Bhutan,3,Both,27,Age-standardized,558,Mental disorders,3,Rate,2001,10442.509380103871,11501.71131322801,9369.7692794838
1,All Population,5,Prevalence,13,Malaysia,3,Both,27,Age-standardized,558,Mental disorders,2,Percent,2002,0.0823521575394446,0.0897387373152405,0.07525330388245
1,All Population,5,Prevalence,13,Malaysia,3,Both,27,Age-standardized,558,Mental disorders,3,Rate,2002,7980.9590807166305,8705.067864277551,7284.36696496585
1,All Population,5,Prevalence,200,Benin,3,Both,27,Age-standardized,558,Mental disorders,2,Percent,2001,0.127052173457231,0.1392825719987249,0.1157587979996217
1,All Population,5,Prevalence,200,Benin,3,Both,27,Age-standardized,558,Mental disorders,3,Rate,2001,12663.531098023881,13895.451758920648,11549.871596461
1,All Population,5,Prevalence,11,Indonesia,3,Both,27,Age-standardized,558,Mental disorders,2,Percent,2001,0.0797732561805409,0.0888011061062692,0.071893429934156
1,All Population,5,Prevalence,11,Indonesia,3,Both,27,Age-standardized,558,Mental disorders,3,Rate,2001,7880.0855566063,8782.96823999627,7102.78395502523
1,All Population,5,Prevalence,52,Romania,3,Both,27,Age-standardized,558,Mental disorders,2,Percent,2002,0.1117718408958131,0.1250505564683314,0.0996851825627248
1,All Population,5,Prevalence,52,Romania,3,Both,27,Age-standardized,558,Mental disorders,3,Rate,2002,10780.50857241999,12017.92859601214,9598.41125523966
1,All Population,5,Prevalence,69,Singapore,3,Both,27,Age-standardized,558,Mental disorders,2,Percent,2001,0.106779547612858,0.1179750815336097,0.09695894454711
1,All Population,5,Prevalence,69,Singapore,3,Both,27,Age-standardized,558,Mental disorders,3,Rate,2001,9696.148304211,10675.41721972962,8817.824033284161
1,All Population,5,Prevalence,22,Fiji,3,Both,27,Age-standardized,558,Mental disorders,2,Percent,2002,0.0958028822736684,0.1064000432105283,0.0847848430700458
1,All Population,5,Prevalence,22,Fiji,3,Both,27,Age-standardized,558,Mental disorders,3,Rate,2002,9418.25781763387,10464.156807806079,8329.835532759
1,All Population,5,Prevalence,69,Singapore,3,Both,27,Age-standardized,558,Mental disorders,2,Percent,2002,0.1073207597231562,0.1185932332210726,0.0974018894478184
1,All Population,5,Prevalence,69,Singapore,3,Both,27,Age-standardized,558,Mental disorders,3,Rate,2002,9729.67072638053,10712.37499476093,8842.7142529912
1,All Population,5,Prevalence,82,Greece,3,Both,27,Age-standardized,558,Mental disorders,2,Percent,2002,0.1520400929197738,0.1670233139093627,0.1386162216369467
1,All Population,5,Prevalence,82,Greece,3,Both,27,Age-standardized,558,Mental disorders,3,Rate,2002,14145.684490052652,15586.979341045479,12897.79410769594
1,All Population,5,Prevalence,185,Rwanda,3,Both,27,Age-standardized,558,Mental disorders,2,Percent,2001,0.1048097227656015,0.1141503582126218,0.0959701862585819
1,All Population,5,Prevalence,185,Rwanda,3,Both,27,Age-standardized,558,Mental disorders,3,Rate,2001,10399.34751585889,11310.70204003745,9513.992887493721
1,All Population,5,Prevalence,35,Georgia,3,Both,27,Age-standardized,558,Mental disorders,2,Percent,2001,0.1159881861629497,0.1275615862692605,0.1057775466546677
1,All Population,5,Prevalence,35,Georgia,3,Both,27,Age-standardized,558,Mental disorders,3,Rate,2001,11109.77021338074,12230.992139397751,10132.57285569291
1,All Population,5,Prevalence,111,Dominican Republic,3,Both,27,Age-standardized,558,Mental disorders,2,Percent,2001,0.1510099990719271,0.1647413403053022,0.1373394196538539
1,All Population,5,Prevalence,111,Dominican Republic,3,Both,27,Age-standardized,558,Mental disorders,3,Rate,2001,14746.769980901588,16088.64074426447,13382.50912239833
1,All Population,5,Prevalence,118,Suriname,3,Both,27,Age-standardized,558,Mental disorders,2,Percent,2001,0.1378004492665205,0.1502601155257441,0.1254789265248522
1,All Population,5,Prevalence,118,Suriname,3,Both,27,Age-standardized,558,Mental disorders,3,Rate,2001,13512.02235057048,14753.338322572628,12314.40496296017
1,All Population,5,Prevalence,79,Finland,3,Both,27,Age-standardized,558,Mental disorders,2,Percent,2002,0.1220153912131584,0.1339880544603023,0.1105355401411356
1,All Population,5,Prevalence,79,Finland,3,Both,27,Age-standardized,558,Mental disorders,3,Rate,2002,11241.46020154283,12298.14985183017,10252.40364513923
1,All Population,5,Prevalence,34,Azerbaijan,3,Both,27,Age-standardized,558,Mental disorders,2,Percent,2002,0.1136845820518605,0.1260735697521189,0.1034594579780717
1,All Population,5,Prevalence,34,Azerbaijan,3,Both,27,Age-standardized,558,Mental disorders,3,Rate,2002,11018.1931231532,12253.427143810259,10006.420292154671
1,All Population,5,Prevalence,149,Palestine,3,Both,27,Age-standardized,558,Mental disorders,2,Percent,2001,0.1449996559442251,0.1550650888853681,0.1338190674653162
1,All Population,5,Prevalence,149,Palestine,3,Both,27,Age-standardized,558,Mental disorders,3,Rate,2001,14181.979565516202,15133.014669790578,13134.570482536432
1,All Population,5,Prevalence,11,Indonesia,3,Both,27,Age-standardized,558,Mental disorders,2,Percent,2002,0.079711749738071,0.0886881796613217,0.0719325124861937
1,All Population,5,Prevalence,11,Indonesia,3,Both,27,Age-standardized,558,Mental disorders,3,Rate,2002,7867.00714962669,8759.523671666671,7105.42222839205
1,All Population,5,Prevalence,7,Democratic People's Republic of Korea,3,Both,27,Age-standardized,558,Mental disorders,2,Percent,2002,0.1000924162885018,0.1092529061363053,0.0910835432289421
1,All Population,5,Prevalence,7,Democratic People's Republic of Korea,3,Both,27,Age-standardized,558,Mental disorders,3,Rate,2002,9737.65507483427,10614.191454830001,8874.14400856475
1,All Population,5,Prevalence,209,Guinea-Bissau,3,Both,27,Age-standardized,558,Mental disorders,2,Percent,2001,0.1169713615968407,0.1269956358923408,0.1066166894164899
1,All Population,5,Prevalence,209,Guinea-Bissau,3,Both,27,Age-standardized,558,Mental disorders,3,Rate,2001,11674.53266299207,12682.19953949725,10643.33530046397
1,All Population,5,Prevalence,37,Kyrgyzstan,3,Both,27,Age-standardized,558,Mental disorders,2,Percent,2002,0.1014959857314836,0.1130408723356477,0.0915373396106526
1,All Population,5,Prevalence,37,Kyrgyzstan,3,Both,27,Age-standardized,558,Mental disorders,3,Rate,2002,9867.46521012045,10991.20140917014,8858.08116455808
1,All Population,5,Prevalence,43,Albania,3,Both,27,Age-standardized,558,Mental disorders,2,Percent,2001,0.1127802133417935,0.1255349809974443,0.1010755731216102
1,All Population,5,Prevalence,43,Albania,3,Both,27,Age-standardized,558,Mental disorders,3,Rate,2001,10918.63619692139,12150.79190434364,9783.1075155399
1,All Population,5,Prevalence,211,Mali,3,Both,27,Age-standardized,558,Mental disorders,2,Percent,2001,0.1130152221093514,0.1228178262202009,0.1024192347689514
1,All Population,5,Prevalence,211,Mali,3,Both,27,Age-standardized,558,Mental disorders,3,Rate,2001,11278.1668840748,12252.44388556655,10227.18156528559
1,All Population,5,Prevalence,29,Tonga,3,Both,27,Age-standardized,558,Mental disorders,2,Percent,2002,0.1089866210195035,0.1269768741772404,0.0923452696358046
1,All Population,5,Prevalence,29,Tonga,3,Both,27,Age-standardized,558,Mental disorders,3,Rate,2002,10596.86969744504,12334.26938819129,8971.89807965457
1,All Population,5,Prevalence,396,San Marino,3,Both,27,Age-standardized,558,Mental disorders,2,Percent,2001,0.1375847221736954,0.1471505897677883,0.1288878134905057
1,All Population,5,Prevalence,396,San Marino,3,Both,27,Age-standardized,558,Mental disorders,3,Rate,2001,12598.50663211064,13473.09010028503,11853.46217375189
1,All Population,5,Prevalence,44,Bosnia and Herzegovina,3,Both,27,Age-standardized,558,Mental disorders,2,Percent,2002,0.1212195567903515,0.1352336863911305,0.1076848810492137
1,All Population,5,Prevalence,44,Bosnia and Herzegovina,3,Both,27,Age-standardized,558,Mental disorders,3,Rate,2002,11664.84787542629,12975.20233859629,10359.653254794319
1,All Population,5,Prevalence,91,Portugal,3,Both,27,Age-standardized,558,Mental disorders,2,Percent,2002,0.1733368194352209,0.193361016457801,0.1557758513744973
1,All Population,5,Prevalence,91,Portugal,3,Both,27,Age-standardized,558,Mental disorders,3,Rate,2002,16025.9235107931,17824.66345976963,14386.715597941771
1,All Population,5,Prevalence,213,Niger,3,Both,27,Age-standardized,558,Mental disorders,2,Percent,2001,0.1080992180856021,0.1175845634000198,0.0987262434235458
1,All Population,5,Prevalence,213,Niger,3,Both,27,Age-standardized,558,Mental disorders,3,Rate,2001,10794.93662918799,11751.18642849787,9860.64117566233
1,All Population,5,Prevalence,14,Maldives,3,Both,27,Age-standardized,558,Mental disorders,2,Percent,2002,0.0800323852820004,0.0880256921042602,0.0729233078163741
1,All Population,5,Prevalence,14,Maldives,3,Both,27,Age-standardized,558,Mental disorders,3,Rate,2002,7815.8790884969,8607.84534919099,7127.13819456702
1,All Population,5,Prevalence,144,Jordan,3,Both,27,Age-standardized,558,Mental disorders,2,Percent,2001,0.1306639119144356,0.1403502836376737,0.1197790647411694
1,All Population,5,Prevalence,144,Jordan,3,Both,27,Age-standardized,558,Mental disorders,3,Rate,2001,12602.737144291781,13538.785671804199,11530.97067760029
1,All Population,5,Prevalence,57,Belarus,3,Both,27,Age-standardized,558,Mental disorders,2,Percent,2001,0.1136702595677258,0.1254699771726297,0.1037341068231521
1,All Population,5,Prevalence,57,Belarus,3,Both,27,Age-standardized,558,Mental disorders,3,Rate,2001,10710.05544477784,11807.71846623845,9741.48083366766
1,All Population,5,Prevalence,413,Tokelau,3,Both,27,Age-standardized,558,Mental disorders,2,Percent,2001,0.0968035967416417,0.1076314084913791,0.085601752679767
1,All Population,5,Prevalence,413,Tokelau,3,Both,27,Age-standardized,558,Mental disorders,3,Rate,2001,9439.16278441047,10491.86782290308,8343.08663546324
1,All Population,5,Prevalence,177,Djibouti,3,Both,27,Age-standardized,558,Mental disorders,2,Percent,2001,0.1012936046403146,0.110658277123197,0.092693881818714
1,All Population,5,Prevalence,177,Djibouti,3,Both,27,Age-standardized,558,Mental disorders,3,Rate,2001,9998.862314445769,10913.30856301247,9141.12197073284
1,All Population,5,Prevalence,28,Solomon Islands,3,Both,27,Age-standardized,558,Mental disorders,2,Percent,2002,0.0991923563188694,0.1107989439970282,0.0875593120031651
1,All Population,5,Prevalence,28,Solomon Islands,3,Both,27,Age-standardized,558,Mental disorders,3,Rate,2002,9793.4798335169,10930.40301738966,8651.113820275661
1,All Population,5,Prevalence,10,Cambodia,3,Both,27,Age-standardized,558,Mental disorders,2,Percent,2001,0.0889795809753562,0.0976408074865063,0.0809782408111557
1,All Population,5,Prevalence,10,Cambodia,3,Both,27,Age-standardized,558,Mental disorders,3,Rate,2001,8835.30453823399,9688.53692264795,8018.987419378041
1,All Population,5,Prevalence,164,Nepal,3,Both,27,Age-standardized,558,Mental disorders,2,Percent,2001,0.1034484512243947,0.1139538677962527,0.0934032519897108
1,All Population,5,Prevalence,164,Nepal,3,Both,27,Age-standardized,558,Mental disorders,3,Rate,2001,10241.93147995932,11279.716572800411,9254.868211638539
1,All Population,5,Prevalence,181,Madagascar,3,Both,27,Age-standardized,558,Mental disorders,2,Percent,2001,0.1047577136975784,0.1143311830172206,0.0955532212099353
1,All Population,5,Prevalence,181,Madagascar,3,Both,27,Age-standardized,558,Mental disorders,3,Rate,2001,10431.17720426804,11384.26623588342,9513.76244055139
1,All Population,5,Prevalence,208,Guinea,3,Both,27,Age-standardized,558,Mental disorders,2,Percent,2001,0.1247158760727722,0.1359244463482721,0.1134348903892297
1,All Population,5,Prevalence,208,Guinea,3,Both,27,Age-standardized,558,Mental disorders,3,Rate,2001,12436.586233045049,13568.15420072038,11323.08879203265
1,All Population,5,Prevalence,193,Botswana,3,Both,27,Age-standardized,558,Mental disorders,2,Percent,2001,0.1088965263933169,0.1184015281366475,0.098801128337936
1,All Population,5,Prevalence,193,Botswana,3,Both,27,Age-standardized,558,Mental disorders,3,Rate,2001,10732.35845782101,11681.767013059869,9724.12007229909
1,All Population,5,Prevalence,99,Uruguay,3,Both,27,Age-standardized,558,Mental disorders,2,Percent,2002,0.1474423269969944,0.1624303874391691,0.1343157909761234
1,All Population,5,Prevalence,99,Uruguay,3,Both,27,Age-standardized,558,Mental disorders,3,Rate,2002,13926.640203124449,15402.487344670079,12674.95044403043
1,All Population,5,Prevalence,114,Haiti,3,Both,27,Age-standardized,558,Mental disorders,2,Percent,2002,0.1397540535222043,0.1522241685014987,0.1266691330356407
1,All Population,5,Prevalence,114,Haiti,3,Both,27,Age-standardized,558,Mental disorders,3,Rate,2002,13841.35602237813,15069.18302812372,12544.26287091408
1,All Population,5,Prevalence,74,Andorra,3,Both,27,Age-standardized,558,Mental disorders,2,Percent,2002,0.1351115283050759,0.1446911744441929,0.1267266493311334
1,All Population,5,Prevalence,74,Andorra,3,Both,27,Age-standardized,558,Mental disorders,3,Rate,2002,12380.210143589631,13241.82558968344,11614.46761986825
1,All Population,5,Prevalence,142,Iran (Islamic Republic of),3,Both,27,Age-standardized,558,Mental disorders,2,Percent,2001,0.1779539187535246,0.1929274060854838,0.1621400836747035
1,All Population,5,Prevalence,142,Iran (Islamic Republic of),3,Both,27,Age-standardized,558,Mental disorders,3,Rate,2001,17303.16476928964,18748.36555368313,15765.90484240012
1,All Population,5,Prevalence,127,El Salvador,3,Both,27,Age-standardized,558,Mental disorders,2,Percent,2001,0.1123438497892057,0.1208318932380661,0.1033771031717202
1,All Population,5,Prevalence,127,El Salvador,3,Both,27,Age-standardized,558,Mental disorders,3,Rate,2001,10943.80135607051,11767.94148217598,10080.10325322244
1,All Population,5,Prevalence,59,Latvia,3,Both,27,Age-standardized,558,Mental disorders,2,Percent,2002,0.1174627029458425,0.1281325285391673,0.108409964671017
1,All Population,5,Prevalence,59,Latvia,3,Both,27,Age-standardized,558,Mental disorders,3,Rate,2002,11013.71164639776,11994.64835016494,10155.18133726164
1,All Population,5,Prevalence,46,Croatia,3,Both,27,Age-standardized,558,Mental disorders,2,Percent,2001,0.1236282362591039,0.1370343144076671,0.1102322555530071
1,All Population,5,Prevalence,46,Croatia,3,Both,27,Age-standardized,558,Mental disorders,3,Rate,2001,11827.01165539274,13154.76440498471,10568.81834467867
1,All Population,5,Prevalence,203,Cabo Verde,3,Both,27,Age-standardized,558,Mental disorders,2,Percent,2001,0.1170185925964373,0.12698982701482,0.1067440446171777
1,All Population,5,Prevalence,203,Cabo Verde,3,Both,27,Age-standardized,558,Mental disorders,3,Rate,2001,11425.17887471202,12396.72077911332,10437.984310987671
1,All Population,5,Prevalence,90,Norway,3,Both,27,Age-standardized,558,Mental disorders,2,Percent,2002,0.1374259929150041,0.1533471070255495,0.1239893606006006
1,All Population,5,Prevalence,90,Norway,3,Both,27,Age-standardized,558,Mental disorders,3,Rate,2002,12613.79563875844,14048.741430096501,11405.45786004177
1,All Population,5,Prevalence,154,Tunisia,3,Both,27,Age-standardized,558,Mental disorders,2,Percent,2001,0.1426369132516811,0.1526800535244888,0.1314571485608893
1,All Population,5,Prevalence,154,Tunisia,3,Both,27,Age-standardized,558,Mental disorders,3,Rate,2001,13709.554105126152,14694.01416216484,12625.10191612754
1,All Population,5,Prevalence,351,Guam,3,Both,27,Age-standardized,558,Mental disorders,2,Percent,2001,0.0991557703420004,0.1102018307654972,0.0882131799773506
1,All Population,5,Prevalence,351,Guam,3,Both,27,Age-standardized,558,Mental disorders,3,Rate,2001,9487.04929888246,10564.63869371341,8400.23564225884
1,All Population,5,Prevalence,105,Antigua and Barbuda,3,Both,27,Age-standardized,558,Mental disorders,2,Percent,2002,0.1427650906835638,0.1559424058681154,0.1298158138041028
1,All Population,5,Prevalence,105,Antigua and Barbuda,3,Both,27,Age-standardized,558,Mental disorders,3,Rate,2002,13872.74026680265,15115.706330006751,12629.48804344475
1,All Population,5,Prevalence,75,Austria,3,Both,27,Age-standardized,558,Mental disorders,2,Percent,2002,0.1279748043809412,0.1435847500320198,0.1150141959964489
1,All Population,5,Prevalence,75,Austria,3,Both,27,Age-standardized,558,Mental disorders,3,Rate,2002,11802.857801845,13185.40465873529,10627.10399095308
1,All Population,5,Prevalence,141,Egypt,3,Both,27,Age-standardized,558,Mental disorders,2,Percent,2001,0.1359307060525358,0.1483670280478979,0.1235457239977137
1,All Population,5,Prevalence,141,Egypt,3,Both,27,Age-standardized,558,Mental disorders,3,Rate,2001,13304.22491836383,14544.57615311788,12089.710762799501
1,All Population,5,Prevalence,369,Nauru,3,Both,27,Age-standardized,558,Mental disorders,2,Percent,2001,0.0961676289567696,0.1075570200321682,0.0850994977502091
1,All Population,5,Prevalence,369,Nauru,3,Both,27,Age-standardized,558,Mental disorders,3,Rate,2001,9432.05851424311,10546.81410453076,8334.360780973051
1,All Population,5,Prevalence,210,Liberia,3,Both,27,Age-standardized,558,Mental disorders,2,Percent,2001,0.1259851419919691,0.1377447780749525,0.1146338168635503
1,All Population,5,Prevalence,210,Liberia,3,Both,27,Age-standardized,558,Mental disorders,3,Rate,2001,12573.159068104089,13744.69966394562,11446.93400396234
1,All Population,5,Prevalence,195,Namibia,3,Both,27,Age-standardized,558,Mental disorders,2,Percent,2001,0.1023797449012777,0.1115567677102196,0.0929861027318231
1,All Population,5,Prevalence,195,Namibia,3,Both,27,Age-standardized,558,Mental disorders,3,Rate,2001,10078.68285935828,10977.25016954336,9134.9646260906
1,All Population,5,Prevalence,171,Democratic Republic of the Congo,3,Both,27,Age-standardized,558,Mental disorders,2,Percent,2001,0.1281531537306293,0.1422774984941971,0.1129454028428518
1,All Population,5,Prevalence,171,Democratic Republic of the Congo,3,Both,27,Age-standardized,558,Mental disorders,3,Rate,2001,12807.19283519387,14219.374942788809,11290.52394973968
1,All Population,5,Prevalence,126,Costa Rica,3,Both,27,Age-standardized,558,Mental disorders,2,Percent,2002,0.1200127436742482,0.1290553148386723,0.1105562560461826
1,All Population,5,Prevalence,126,Costa Rica,3,Both,27,Age-standardized,558,Mental disorders,3,Rate,2002,11522.63480023534,12374.341176320371,10620.62398168773
1,All Population,5,Prevalence,84,Ireland,3,Both,27,Age-standardized,558,Mental disorders,2,Percent,2001,0.1429589970797543,0.1556373381088228,0.1305438322309599
1,All Population,5,Prevalence,84,Ireland,3,Both,27,Age-standardized,558,Mental disorders,3,Rate,2001,13211.686101048139,14410.93110261219,12090.29089676413
1,All Population,5,Prevalence,380,Palau,3,Both,27,Age-standardized,558,Mental disorders,2,Percent,2000,0.0980871297419066,0.1101221299404773,0.086835465215437
1,All Population,5,Prevalence,380,Palau,3,Both,27,Age-standardized,558,Mental disorders,3,Rate,2000,9480.259893912,10598.449831921209,8381.899985396141
1,All Population,5,Prevalence,58,Estonia,3,Both,27,Age-standardized,558,Mental disorders,2,Percent,2002,0.1125271272972474,0.1234910565422931,0.1022787393489052
1,All Population,5,Prevalence,58,Estonia,3,Both,27,Age-standardized,558,Mental disorders,3,Rate,2002,10536.17219646398,11555.19503533363,9587.6371961678
1,All Population,5,Prevalence,58,Estonia,3,Both,27,Age-standardized,558,Mental disorders,2,Percent,2001,0.1134736903154284,0.1245830993642337,0.1035952746605658
1,All Population,5,Prevalence,58,Estonia,3,Both,27,Age-standardized,558,Mental disorders,3,Rate,2001,10638.20820701854,11670.18624019637,9702.230275055
1,All Population,5,Prevalence,178,Eritrea,3,Both,27,Age-standardized,558,Mental disorders,2,Percent,2001,0.1111243418503958,0.1212663797300658,0.1016708336583864
1,All Population,5,Prevalence,178,Eritrea,3,Both,27,Age-standardized,558,Mental disorders,3,Rate,2001,10987.53246981207,11956.43699531993,10035.90106417767
1,All Population,5,Prevalence,24,Marshall Islands,3,Both,27,Age-standardized,558,Mental disorders,2,Percent,2001,0.0960773863220268,0.1073215171442717,0.0850557159922759
1,All Population,5,Prevalence,24,Marshall Islands,3,Both,27,Age-standardized,558,Mental disorders,3,Rate,2001,9469.28404621209,10579.65849742773,8371.84724846992
1,All Population,5,Prevalence,12,Lao People's Democratic Republic,3,Both,27,Age-standardized,558,Mental disorders,2,Percent,2001,0.0788085612301365,0.0880536493043123,0.0704513619959971
1,All Population,5,Prevalence,12,Lao People's Democratic Republic,3,Both,27,Age-standardized,558,Mental disorders,3,Rate,2001,7788.38320892029,8695.087754595681,6961.62909874132
1,All Population,5,Prevalence,148,Morocco,3,Both,27,Age-standardized,558,Mental disorders,2,Percent,2001,0.1293865511016365,0.137848873456316,0.1197235437407138
1,All Population,5,Prevalence,148,Morocco,3,Both,27,Age-standardized,558,Mental disorders,3,Rate,2001,12610.95503359553,13435.71304314607,11695.55630220227
1,All Population,5,Prevalence,71,Australia,3,Both,27,Age-standardized,558,Mental disorders,2,Percent,2001,0.1724448858886898,0.1843138374858807,0.1614573115654832
1,All Population,5,Prevalence,71,Australia,3,Both,27,Age-standardized,558,Mental disorders,3,Rate,2001,15820.16413469603,16897.447257995373,14844.943422923128
1,All Population,5,Prevalence,116,Saint Lucia,3,Both,27,Age-standardized,558,Mental disorders,2,Percent,2002,0.1424858424640056,0.1557362311011031,0.1292570167833923
1,All Population,5,Prevalence,116,Saint Lucia,3,Both,27,Age-standardized,558,Mental disorders,3,Rate,2002,13830.12270901896,15077.142029035009,12566.098455825999
1,All Population,5,Prevalence,184,Mozambique,3,Both,27,Age-standardized,558,Mental disorders,2,Percent,2001,0.120405018203551,0.1315184613948757,0.1083531568443197
1,All Population,5,Prevalence,184,Mozambique,3,Both,27,Age-standardized,558,Mental disorders,3,Rate,2001,12020.65757326956,13131.668390010489,10816.04410327804
1,All Population,5,Prevalence,157,Yemen,3,Both,27,Age-standardized,558,Mental disorders,2,Percent,2001,0.1333913664261704,0.1427354711698411,0.1220451073514024
1,All Population,5,Prevalence,157,Yemen,3,Both,27,Age-standardized,558,Mental disorders,3,Rate,2001,13274.707701131969,14208.837519414848,12143.37149315227
1,All Population,5,Prevalence,97,Argentina,3,Both,27,Age-standardized,558,Mental disorders,2,Percent,2001,0.1442358203864231,0.1613211632982152,0.1296518521652308
1,All Population,5,Prevalence,97,Argentina,3,Both,27,Age-standardized,558,Mental disorders,3,Rate,2001,13674.030049777319,15320.41866632597,12293.07173174389
1,All Population,5,Prevalence,197,Eswatini,3,Both,27,Age-standardized,558,Mental disorders,2,Percent,2001,0.1136603789583641,0.1240504571294704,0.1031308417075571
1,All Population,5,Prevalence,197,Eswatini,3,Both,27,Age-standardized,558,Mental disorders,3,Rate,2001,11158.38088653787,12145.71791128263,10114.94264991407
1,All Population,5,Prevalence,47,Czechia,3,Both,27,Age-standardized,558,Mental disorders,2,Percent,2001,0.1224276432741584,0.1356137760256032,0.1088650871643494
1,All Population,5,Prevalence,47,Czechia,3,Both,27,Age-standardized,558,Mental disorders,3,Rate,2001,11590.72461712337,12846.46589264509,10260.35116507959
1,All Population,5,Prevalence,60,Lithuania,3,Both,27,Age-standardized,558,Mental disorders,2,Percent,2002,0.1190414003247322,0.1321668959446408,0.1071018105932335
1,All Population,5,Prevalence,60,Lithuania,3,Both,27,Age-standardized,558,Mental disorders,3,Rate,2002,11363.87878365521,12619.08462150517,10219.19906280893
1,All Population,5,Prevalence,77,Cyprus,3,Both,27,Age-standardized,558,Mental disorders,2,Percent,2001,0.1350112507704586,0.1439885732535436,0.1268409884599846
1,All Population,5,Prevalence,77,Cyprus,3,Both,27,Age-standardized,558,Mental disorders,3,Rate,2001,12544.077937869111,13403.6828457155,11767.83243592462
1,All Population,5,Prevalence,139,Algeria,3,Both,27,Age-standardized,558,Mental disorders,2,Percent,2002,0.1370992695001362,0.1466258015599498,0.126592310086253
1,All Population,5,Prevalence,139,Algeria,3,Both,27,Age-standardized,558,Mental disorders,3,Rate,2002,13272.40113408335,14195.999101170739,12310.87450383975
1,All Population,5,Prevalence,187,Somalia,3,Both,27,Age-standardized,558,Mental disorders,2,Percent,2001,0.1080452532449362,0.1177072171822144,0.0987508987199588
1,All Population,5,Prevalence,187,Somalia,3,Both,27,Age-standardized,558,Mental disorders,3,Rate,2001,10795.49926941813,11757.264801570689,9859.36883447141
1,All Population,5,Prevalence,76,Belgium,3,Both,27,Age-standardized,558,Mental disorders,2,Percent,2001,0.1402741838397636,0.1545738407308338,0.1278801119064957
1,All Population,5,Prevalence,76,Belgium,3,Both,27,Age-standardized,558,Mental disorders,3,Rate,2001,12788.278108335571,14131.28021071037,11650.82055333535
1,All Population,5,Prevalence,212,Mauritania,3,Both,27,Age-standardized,558,Mental disorders,2,Percent,2001,0.1047573269395115,0.1143614433535144,0.0957007086905091
1,All Population,5,Prevalence,212,Mauritania,3,Both,27,Age-standardized,558,Mental disorders,3,Rate,2001,10362.65176539574,11327.03247650722,9463.08407600883
1,All Population,5,Prevalence,152,Saudi Arabia,3,Both,27,Age-standardized,558,Mental disorders,2,Percent,2002,0.137573748661123,0.1542020779157462,0.1217603921273855
1,All Population,5,Prevalence,152,Saudi Arabia,3,Both,27,Age-standardized,558,Mental disorders,3,Rate,2002,13403.046600451298,15042.205913392121,11850.259732474611
1,All Population,5,Prevalence,376,Northern Mariana Islands,3,Both,27,Age-standardized,558,Mental disorders,2,Percent,2001,0.0984662454647891,0.1099116707059518,0.0874807200696804
1,All Population,5,Prevalence,376,Northern Mariana Islands,3,Both,27,Age-standardized,558,Mental disorders,3,Rate,2001,9447.197803362651,10566.12497134764,8381.25263944247
1,All Population,5,Prevalence,92,Spain,3,Both,27,Age-standardized,558,Mental disorders,2,Percent,2001,0.1441104215377585,0.156766501807871,0.1323878281196574
1,All Population,5,Prevalence,92,Spain,3,Both,27,Age-standardized,558,Mental disorders,3,Rate,2001,13257.25703227536,14377.31688942319,12180.494704148501
1,All Population,5,Prevalence,129,Honduras,3,Both,27,Age-standardized,558,Mental disorders,2,Percent,2001,0.1087639439275973,0.1172523477356595,0.1003369737264706
1,All Population,5,Prevalence,129,Honduras,3,Both,27,Age-standardized,558,Mental disorders,3,Rate,2001,10708.02560432674,11545.58519944028,9882.277303122219
1,All Population,5,Prevalence,39,Tajikistan,3,Both,27,Age-standardized,558,Mental disorders,2,Percent,2001,0.1034641043369869,0.1153180341039491,0.0931552381160698
1,All Population,5,Prevalence,39,Tajikistan,3,Both,27,Age-standardized,558,Mental disorders,3,Rate,2001,10116.69591431664,11281.85281170682,9090.43907907435
1,All Population,5,Prevalence,30,Vanuatu,3,Both,27,Age-standardized,558,Mental disorders,2,Percent,2001,0.0951788019093364,0.1071486408838897,0.0841595165536078
1,All Population,5,Prevalence,30,Vanuatu,3,Both,27,Age-standardized,558,Mental disorders,3,Rate,2001,9439.51561373908,10620.51149901008,8337.86061639719
1,All Population,5,Prevalence,122,Ecuador,3,Both,27,Age-standardized,558,Mental disorders,2,Percent,2002,0.1384750294789516,0.151145145327166,0.1253709936490558
1,All Population,5,Prevalence,122,Ecuador,3,Both,27,Age-standardized,558,Mental disorders,3,Rate,2002,13555.883165335212,14777.475043234259,12246.35447926499
1,All Population,5,Prevalence,45,Bulgaria,3,Both,27,Age-standardized,558,Mental disorders,2,Percent,2002,0.1115366340101231,0.1235557261298866,0.1005773276385318
1,All Population,5,Prevalence,45,Bulgaria,3,Both,27,Age-standardized,558,Mental disorders,3,Rate,2002,10679.097385690351,11803.283956921801,9634.34653108659
1,All Population,5,Prevalence,416,Tuvalu,3,Both,27,Age-standardized,558,Mental disorders,2,Percent,2001,0.096333703126737,0.1074205363776406,0.0849419546529981
1,All Population,5,Prevalence,416,Tuvalu,3,Both,27,Age-standardized,558,Mental disorders,3,Rate,2001,9461.3072077421,10562.33286618442,8358.825507041889
1,All Population,5,Prevalence,349,Greenland,3,Both,27,Age-standardized,558,Mental disorders,2,Percent,2001,0.1620256231172323,0.1750756282615614,0.1509123783823765
1,All Population,5,Prevalence,349,Greenland,3,Both,27,Age-standardized,558,Mental disorders,3,Rate,2001,15103.048278814851,16281.16828421205,14063.03362401228
1,All Population,5,Prevalence,48,Hungary,3,Both,27,Age-standardized,558,Mental disorders,2,Percent,2002,0.1171571488786557,0.1298340543769349,0.1057126592339662
1,All Population,5,Prevalence,48,Hungary,3,Both,27,Age-standardized,558,Mental disorders,3,Rate,2002,11175.56708689084,12343.91890936581,10086.52641902769
1,All Population,5,Prevalence,108,Belize,3,Both,27,Age-standardized,558,Mental disorders,2,Percent,2001,0.133207608341529,0.1457920923682367,0.121180003229938
1,All Population,5,Prevalence,108,Belize,3,Both,27,Age-standardized,558,Mental disorders,3,Rate,2001,13039.812588112689,14274.811772564039,11859.52348436562
1,All Population,5,Prevalence,95,United Kingdom,3,Both,27,Age-standardized,558,Mental disorders,2,Percent,2002,0.1551487649933444,0.1673887111481964,0.1444245478706538
1,All Population,5,Prevalence,95,United Kingdom,3,Both,27,Age-standardized,558,Mental disorders,3,Rate,2002,14168.6134808836,15192.947039661489,13176.58654442328
1,All Population,5,Prevalence,61,Republic of Moldova,3,Both,27,Age-standardized,558,Mental disorders,2,Percent,2001,0.1161060880232143,0.1280744913351045,0.1056384179432845
1,All Population,5,Prevalence,61,Republic of Moldova,3,Both,27,Age-standardized,558,Mental disorders,3,Rate,2001,11021.922931587022,12151.671573867701,9977.758975718889
1,All Population,5,Prevalence,106,Bahamas,3,Both,27,Age-standardized,558,Mental disorders,2,Percent,2002,0.1435480255847976,0.1567638178235908,0.1306586506927992
1,All Population,5,Prevalence,106,Bahamas,3,Both,27,Age-standardized,558,Mental disorders,3,Rate,2002,13883.311804348139,15105.295108602451,12654.20028090499
1,All Population,5,Prevalence,202,Cameroon,3,Both,27,Age-standardized,558,Mental disorders,2,Percent,2001,0.1213936160862073,0.1324799679308679,0.1106264272919779
1,All Population,5,Prevalence,202,Cameroon,3,Both,27,Age-standardized,558,Mental disorders,3,Rate,2001,12102.60047041121,13208.82240811328,11036.239107829291
1,All Population,5,Prevalence,144,Jordan,3,Both,27,Age-standardized,558,Mental disorders,2,Percent,2002,0.1310179591153381,0.1408171057140389,0.1200403901260002
1,All Population,5,Prevalence,144,Jordan,3,Both,27,Age-standardized,558,Mental disorders,3,Rate,2002,12629.05957379959,13608.222300881109,11551.28958107132
1,All Population,5,Prevalence,163,India,3,Both,27,Age-standardized,558,Mental disorders,2,Percent,2001,0.1114277405607005,0.1258952427266866,0.0997909457673889
1,All Population,5,Prevalence,163,India,3,Both,27,Age-standardized,558,Mental disorders,3,Rate,2001,11033.78626268022,12466.33772633051,9898.09177166531
1,All Population,5,Prevalence,121,Bolivia (Plurinational State of),3,Both,27,Age-standardized,558,Mental disorders,2,Percent,2001,0.1475202370989052,0.161524159332882,0.1338445046077765
1,All Population,5,Prevalence,121,Bolivia (Plurinational State of),3,Both,27,Age-standardized,558,Mental disorders,3,Rate,2001,14398.89773622599,15806.01615909282,13012.856402646188
1,All Population,5,Prevalence,48,Hungary,3,Both,27,Age-standardized,558,Mental disorders,2,Percent,2001,0.1169012569033009,0.1293568259599193,0.1054721568729268
1,All Population,5,Prevalence,48,Hungary,3,Both,27,Age-standardized,558,Mental disorders,3,Rate,2001,11163.65462996357,12339.7648940913,10053.0708500226
1,All Population,5,Prevalence,121,Bolivia (Plurinational State of),3,Both,27,Age-standardized,558,Mental disorders,2,Percent,2002,0.1478849783176017,0.1619287728028966,0.1336348168439115
1,All Population,5,Prevalence,121,Bolivia (Plurinational State of),3,Both,27,Age-standardized,558,Mental disorders,3,Rate,2002,14424.91161204662,15828.096185597402,13015.39616836272
1,All Population,5,Prevalence,173,Gabon,3,Both,27,Age-standardized,558,Mental disorders,2,Percent,2002,0.1317527585558272,0.1449577786835579,0.1175752473960314
1,All Population,5,Prevalence,173,Gabon,3,Both,27,Age-standardized,558,Mental disorders,3,Rate,2002,13102.56616198404,14410.57384277068,11697.4406824084
1,All Population,5,Prevalence,169,Central African Republic,3,Both,27,Age-standardized,558,Mental disorders,2,Percent,2002,0.1364243221278326,0.1509447967382849,0.1209268925004843
1,All Population,5,Prevalence,169,Central African Republic,3,Both,27,Age-standardized,558,Mental disorders,3,Rate,2002,13628.45171289673,15080.55144575227,12079.7326629902
1,All Population,5,Prevalence,15,Myanmar,3,Both,27,Age-standardized,558,Mental disorders,2,Percent,2002,0.0818811800401166,0.090198808681694,0.0741955523316562
1,All Population,5,Prevalence,15,Myanmar,3,Both,27,Age-standardized,558,Mental disorders,3,Rate,2002,8133.1797840605805,8960.46843790875,7370.57173156703
1,All Population,5,Prevalence,86,Italy,3,Both,27,Age-standardized,558,Mental disorders,2,Percent,2001,0.1241892550142315,0.136110790681946,0.1142765040896589
1,All Population,5,Prevalence,86,Italy,3,Both,27,Age-standardized,558,Mental disorders,3,Rate,2001,11476.37920951647,12550.11874142363,10579.194992756049
1,All Population,5,Prevalence,163,India,3,Both,27,Age-standardized,558,Mental disorders,2,Percent,2002,0.1114654885315964,0.1256033879954255,0.0998480219553874
1,All Population,5,Prevalence,163,India,3,Both,27,Age-standardized,558,Mental disorders,3,Rate,2002,11034.21109307512,12435.43728546395,9893.98139926236
1,All Population,5,Prevalence,176,Comoros,3,Both,27,Age-standardized,558,Mental disorders,2,Percent,2002,0.1087706525894627,0.1191911104336617,0.0987510700718004
1,All Population,5,Prevalence,176,Comoros,3,Both,27,Age-standardized,558,Mental disorders,3,Rate,2002,10725.13595673704,11747.34571141927,9735.724046607811
1,All Population,5,Prevalence,24,Marshall Islands,3,Both,27,Age-standardized,558,Mental disorders,2,Percent,2002,0.0962258170324551,0.1071869590058645,0.085130123776578
1,All Population,5,Prevalence,24,Marshall Islands,3,Both,27,Age-standardized,558,Mental disorders,3,Rate,2002,9479.73200313804,10548.2631652801,8409.89962762225
1,All Population,5,Prevalence,216,Senegal,3,Both,27,Age-standardized,558,Mental disorders,2,Percent,2001,0.1135108793873767,0.1232305316036183,0.1027877867780721
1,All Population,5,Prevalence,216,Senegal,3,Both,27,Age-standardized,558,Mental disorders,3,Rate,2001,11293.43268810179,12273.03614674692,10237.30821078673
1,All Population,5,Prevalence,153,Syrian Arab Republic,3,Both,27,Age-standardized,558,Mental disorders,2,Percent,2002,0.1575457314738269,0.1734623579798588,0.1408707147513797
1,All Population,5,Prevalence,153,Syrian Arab Republic,3,Both,27,Age-standardized,558,Mental disorders,3,Rate,2002,15323.28696964285,16883.649269665173,13694.01856897991
1,All Population,5,Prevalence,190,Uganda,3,Both,27,Age-standardized,558,Mental disorders,2,Percent,2001,0.1100317744693337,0.1198034977129544,0.0999444540172073
1,All Population,5,Prevalence,190,Uganda,3,Both,27,Age-standardized,558,Mental disorders,3,Rate,2001,10976.08363315843,11952.20755630643,9970.33253764
1,All Population,5,Prevalence,136,Paraguay,3,Both,27,Age-standardized,558,Mental disorders,2,Percent,2002,0.1524926360625718,0.1647595422107972,0.140293549713926
1,All Population,5,Prevalence,136,Paraguay,3,Both,27,Age-standardized,558,Mental disorders,3,Rate,2002,14844.849918300932,16081.25097263945,13675.476034431618
1,All Population,5,Prevalence,71,Australia,3,Both,27,Age-standardized,558,Mental disorders,2,Percent,2002,0.1730450468676939,0.1859720073466653,0.1619225857505061
1,All Population,5,Prevalence,71,Australia,3,Both,27,Age-standardized,558,Mental disorders,3,Rate,2002,15865.831758471591,17049.05340307733,14927.90561852938
1,All Population,5,Prevalence,84,Ireland,3,Both,27,Age-standardized,558,Mental disorders,2,Percent,2002,0.1430706719143407,0.155848993524538,0.1303970982767398
1,All Population,5,Prevalence,84,Ireland,3,Both,27,Age-standardized,558,Mental disorders,3,Rate,2002,13219.180029178551,14440.61919131216,12057.96693192297
1,All Population,5,Prevalence,54,Slovakia,3,Both,27,Age-standardized,558,Mental disorders,2,Percent,2002,0.1125904905782824,0.1253716344670742,0.1001116692066293
1,All Population,5,Prevalence,54,Slovakia,3,Both,27,Age-standardized,558,Mental disorders,3,Rate,2002,10715.12450379981,11942.15713675322,9554.25469107119
1,All Population,5,Prevalence,39,Tajikistan,3,Both,27,Age-standardized,558,Mental disorders,2,Percent,2002,0.1022797270748434,0.114225012571942,0.092101998221947
1,All Population,5,Prevalence,39,Tajikistan,3,Both,27,Age-standardized,558,Mental disorders,3,Rate,2002,9992.14679421966,11148.594751878869,8962.922720216671
1,All Population,5,Prevalence,161,Bangladesh,3,Both,27,Age-standardized,558,Mental disorders,2,Percent,2002,0.1143850847733592,0.1274497087764976,0.1016043389509398
1,All Population,5,Prevalence,161,Bangladesh,3,Both,27,Age-standardized,558,Mental disorders,3,Rate,2002,11270.682602098139,12570.55132388315,10009.48506569998
1,All Population,5,Prevalence,198,Zimbabwe,3,Both,27,Age-standardized,558,Mental disorders,2,Percent,2002,0.1156856144865894,0.1265466051893349,0.1033894133511584
1,All Population,5,Prevalence,198,Zimbabwe,3,Both,27,Age-standardized,558,Mental disorders,3,Rate,2002,11312.48853145992,12390.55362582554,10096.06910769125
1,All Population,5,Prevalence,184,Mozambique,3,Both,27,Age-standardized,558,Mental disorders,2,Percent,2002,0.1219816467074645,0.133423619902974,0.1104823255216746
1,All Population,5,Prevalence,184,Mozambique,3,Both,27,Age-standardized,558,Mental disorders,3,Rate,2002,12173.75692662989,13316.90394827961,11022.495731908739
1,All Population,5,Prevalence,422,United States Virgin Islands,3,Both,27,Age-standardized,558,Mental disorders,2,Percent,2001,0.140463332591209,0.1537211394424271,0.1276424332117239
1,All Population,5,Prevalence,422,United States Virgin Islands,3,Both,27,Age-standardized,558,Mental disorders,3,Rate,2001,13455.97722567766,14689.622100360139,12278.41027293361
1,All Population,5,Prevalence,81,Germany,3,Both,27,Age-standardized,558,Mental disorders,2,Percent,2002,0.1376566137006547,0.1485988129033143,0.1275409247908902
1,All Population,5,Prevalence,81,Germany,3,Both,27,Age-standardized,558,Mental disorders,3,Rate,2002,12621.859152366429,13644.339977312831,11697.80171663101
1,All Population,5,Prevalence,142,Iran (Islamic Republic of),3,Both,27,Age-standardized,558,Mental disorders,2,Percent,2002,0.1780610198213433,0.1922260814366685,0.1627470434865621
1,All Population,5,Prevalence,142,Iran (Islamic Republic of),3,Both,27,Age-standardized,558,Mental disorders,3,Rate,2002,17315.37120613664,18685.89621911323,15851.37385583948
1,All Population,5,Prevalence,168,Angola,3,Both,27,Age-standardized,558,Mental disorders,2,Percent,2002,0.1452460985078168,0.1601707835353269,0.1287624886831433
1,All Population,5,Prevalence,168,Angola,3,Both,27,Age-standardized,558,Mental disorders,3,Rate,2002,14473.853758269639,15960.18049798405,12827.17107703992
1,All Population,5,Prevalence,46,Croatia,3,Both,27,Age-standardized,558,Mental disorders,2,Percent,2002,0.1237986866974612,0.1376141851513403,0.1104081196694373
1,All Population,5,Prevalence,46,Croatia,3,Both,27,Age-standardized,558,Mental disorders,3,Rate,2002,11839.81606782135,13148.78002718223,10546.85407742642
1,All Population,5,Prevalence,183,Mauritius,3,Both,27,Age-standardized,558,Mental disorders,2,Percent,2002,0.0911522663062863,0.1012122786432014,0.082080215588518
1,All Population,5,Prevalence,183,Mauritius,3,Both,27,Age-standardized,558,Mental disorders,3,Rate,2002,8871.68679834296,9871.2691980602,7968.1822166913
1,All Population,5,Prevalence,190,Uganda,3,Both,27,Age-standardized,558,Mental disorders,2,Percent,2002,0.1102467036298445,0.1199540648512402,0.1003190769046201
1,All Population,5,Prevalence,190,Uganda,3,Both,27,Age-standardized,558,Mental disorders,3,Rate,2002,10994.9689548614,11963.40175802135,10003.933781066731
1,All Population,5,Prevalence,76,Belgium,3,Both,27,Age-standardized,558,Mental disorders,2,Percent,2002,0.1400791633862831,0.1545272002844563,0.1272336887279551
1,All Population,5,Prevalence,76,Belgium,3,Both,27,Age-standardized,558,Mental disorders,3,Rate,2002,12773.13055187342,14133.60927718407,11592.9339660635
1,All Population,5,Prevalence,30,Vanuatu,3,Both,27,Age-standardized,558,Mental disorders,2,Percent,2002,0.0953059307422249,0.1064938125792695,0.0842835640361791
1,All Population,5,Prevalence,30,Vanuatu,3,Both,27,Age-standardized,558,Mental disorders,3,Rate,2002,9450.864934627309,10554.35542399841,8355.9511347683
1,All Population,5,Prevalence,173,Gabon,3,Both,27,Age-standardized,558,Mental disorders,2,Percent,2001,0.1314498317487484,0.144201429338517,0.1169596667638648
1,All Population,5,Prevalence,173,Gabon,3,Both,27,Age-standardized,558,Mental disorders,3,Rate,2001,13079.403308687628,14350.30629112182,11640.948384742309
1,All Population,5,Prevalence,186,Seychelles,3,Both,27,Age-standardized,558,Mental disorders,2,Percent,2001,0.079764327330826,0.0871153749539011,0.0729661076588331
1,All Population,5,Prevalence,186,Seychelles,3,Both,27,Age-standardized,558,Mental disorders,3,Rate,2001,7699.17368581694,8389.2273731025,7047.17564800216
1,All Population,5,Prevalence,215,Sao Tome and Principe,3,Both,27,Age-standardized,558,Mental disorders,2,Percent,2002,0.1150791548987226,0.1250273024557857,0.1052650780900705
1,All Population,5,Prevalence,215,Sao Tome and Principe,3,Both,27,Age-standardized,558,Mental disorders,3,Rate,2002,11482.2613545578,12488.75226763471,10510.26396878051
1,All Population,5,Prevalence,178,Eritrea,3,Both,27,Age-standardized,558,Mental disorders,2,Percent,2002,0.1112224087533175,0.1212932399097861,0.1017112107316789
1,All Population,5,Prevalence,178,Eritrea,3,Both,27,Age-standardized,558,Mental disorders,3,Rate,2002,10988.95196965508,11936.148487358229,10042.771876070581
1,All Population,5,Prevalence,165,Pakistan,3,Both,27,Age-standardized,558,Mental disorders,2,Percent,2002,0.1150914400013724,0.1269176250562811,0.1050862064132362
1,All Population,5,Prevalence,165,Pakistan,3,Both,27,Age-standardized,558,Mental disorders,3,Rate,2002,11257.14551453087,12402.88184031723,10300.14397555103
1,All Population,5,Prevalence,8,Taiwan,3,Both,27,Age-standardized,558,Mental disorders,2,Percent,2002,0.0920218496651959,0.0995145797469484,0.0844472188366215
1,All Population,5,Prevalence,8,Taiwan,3,Both,27,Age-standardized,558,Mental disorders,3,Rate,2002,8718.77500014349,9400.39601539147,7989.28739971126
1,All Population,5,Prevalence,50,Montenegro,3,Both,27,Age-standardized,558,Mental disorders,2,Percent,2001,0.1238102278487186,0.1380151076503482,0.1107186471317246
1,All Population,5,Prevalence,50,Montenegro,3,Both,27,Age-standardized,558,Mental disorders,3,Rate,2001,11758.18876908098,13123.79170413633,10483.313694929091
1,All Population,5,Prevalence,180,Kenya,3,Both,27,Age-standardized,558,Mental disorders,2,Percent,2001,0.1067162418103297,0.1170713101060361,0.0976357781343486
1,All Population,5,Prevalence,180,Kenya,3,Both,27,Age-standardized,558,Mental disorders,3,Rate,2001,10567.67682695286,11585.91298317749,9652.43331435707
1,All Population,5,Prevalence,101,Canada,3,Both,27,Age-standardized,558,Mental disorders,2,Percent,2002,0.1441460542046551,0.1573157373057955,0.131375218294339
1,All Population,5,Prevalence,101,Canada,3,Both,27,Age-standardized,558,Mental disorders,3,Rate,2002,13339.302607622461,14568.308634090548,12213.65417881243
1,All Population,5,Prevalence,298,American Samoa,3,Both,27,Age-standardized,558,Mental disorders,2,Percent,2002,0.098129610136743,0.1091246982191,0.0872161109118851
1,All Population,5,Prevalence,298,American Samoa,3,Both,27,Age-standardized,558,Mental disorders,3,Rate,2002,9457.87408773504,10534.33331682316,8375.05636598884
1,All Population,5,Prevalence,201,Burkina Faso,3,Both,27,Age-standardized,558,Mental disorders,2,Percent,2002,0.1253352882591316,0.1363878009705924,0.1142557299263506
1,All Population,5,Prevalence,201,Burkina Faso,3,Both,27,Age-standardized,558,Mental disorders,3,Rate,2002,12522.11617314467,13627.284700941082,11417.9159837073
1,All Population,5,Prevalence,67,Japan,3,Both,27,Age-standardized,558,Mental disorders,2,Percent,2002,0.1187096980682341,0.1304341109384486,0.107935267603918
1,All Population,5,Prevalence,67,Japan,3,Both,27,Age-standardized,558,Mental disorders,3,Rate,2002,10876.68055954022,11938.19854918049,9879.57987959875
1,All Population,5,Prevalence,93,Sweden,3,Both,27,Age-standardized,558,Mental disorders,2,Percent,2002,0.1306104018541093,0.1405971511912754,0.1218404656540136
1,All Population,5,Prevalence,93,Sweden,3,Both,27,Age-standardized,558,Mental disorders,3,Rate,2002,12017.84174764899,12869.122679867582,11169.3448039722
1,All Population,5,Prevalence,205,Côte d'Ivoire,3,Both,27,Age-standardized,558,Mental disorders,2,Percent,2001,0.1176771533906286,0.1279857765613507,0.1069516908477787
1,All Population,5,Prevalence,205,Côte d'Ivoire,3,Both,27,Age-standardized,558,Mental disorders,3,Rate,2001,11722.2078984816,12749.132090058121,10653.60300496014
1,All Population,5,Prevalence,61,Republic of Moldova,3,Both,27,Age-standardized,558,Mental disorders,2,Percent,2002,0.1168100968539974,0.1286139742323891,0.1062736993798433
1,All Population,5,Prevalence,61,Republic of Moldova,3,Both,27,Age-standardized,558,Mental disorders,3,Rate,2002,11081.57168667813,12175.25886625442,10041.51311115544
1,All Population,5,Prevalence,16,Philippines,3,Both,27,Age-standardized,558,Mental disorders,2,Percent,2002,0.085483771146921,0.0939010786583956,0.0779922866223716
1,All Population,5,Prevalence,16,Philippines,3,Both,27,Age-standardized,558,Mental disorders,3,Rate,2002,8349.571921866129,9189.51621830828,7618.70148327925
1,All Population,5,Prevalence,154,Tunisia,3,Both,27,Age-standardized,558,Mental disorders,2,Percent,2002,0.1440611584913575,0.1541146377528556,0.1326025077274311
1,All Population,5,Prevalence,154,Tunisia,3,Both,27,Age-standardized,558,Mental disorders,3,Rate,2002,13838.36613371867,14828.85226973267,12717.5085139974
1,All Population,5,Prevalence,143,Iraq,3,Both,27,Age-standardized,558,Mental disorders,2,Percent,2001,0.132989365800357,0.1432244633083948,0.1208550040330101
1,All Population,5,Prevalence,143,Iraq,3,Both,27,Age-standardized,558,Mental disorders,3,Rate,2001,12993.54856517583,14010.37139681992,11814.88690736905
1,All Population,5,Prevalence,92,Spain,3,Both,27,Age-standardized,558,Mental disorders,2,Percent,2002,0.1448800839242416,0.1577194792663988,0.1332169768753425
1,All Population,5,Prevalence,92,Spain,3,Both,27,Age-standardized,558,Mental disorders,3,Rate,2002,13325.325971728318,14462.296838371542,12250.38175378604
1,All Population,5,Prevalence,393,Saint Kitts and Nevis,3,Both,27,Age-standardized,558,Mental disorders,2,Percent,2002,0.1429445171418399,0.1560734870170608,0.129899506209649
1,All Population,5,Prevalence,393,Saint Kitts and Nevis,3,Both,27,Age-standardized,558,Mental disorders,3,Rate,2002,13754.980683700971,14984.98379013867,12513.807194940118
1,All Population,5,Prevalence,107,Barbados,3,Both,27,Age-standardized,558,Mental disorders,2,Percent,2002,0.1431962068843753,0.1563005231783176,0.1302344487427279
1,All Population,5,Prevalence,107,Barbados,3,Both,27,Age-standardized,558,Mental disorders,3,Rate,2002,13824.891565223901,15069.965398871549,12596.98712384139
1,All Population,5,Prevalence,33,Armenia,3,Both,27,Age-standardized,558,Mental disorders,2,Percent,2002,0.1282465127148047,0.1415093670824623,0.1156303442573511
1,All Population,5,Prevalence,33,Armenia,3,Both,27,Age-standardized,558,Mental disorders,3,Rate,2002,12265.16090212006,13548.54376542694,11018.5912784208
1,All Population,5,Prevalence,129,Honduras,3,Both,27,Age-standardized,558,Mental disorders,2,Percent,2002,0.1091314874564178,0.1176700191396294,0.1005423042362084
1,All Population,5,Prevalence,129,Honduras,3,Both,27,Age-standardized,558,Mental disorders,3,Rate,2002,10737.83422673715,11586.924595045579,9891.02403381529
1,All Population,5,Prevalence,141,Egypt,3,Both,27,Age-standardized,558,Mental disorders,2,Percent,2002,0.1363110881561922,0.1484292436792828,0.123578826849109
1,All Population,5,Prevalence,141,Egypt,3,Both,27,Age-standardized,558,Mental disorders,3,Rate,2002,13330.87880066996,14513.62513331172,12083.15910411083
1,All Population,5,Prevalence,10,Cambodia,3,Both,27,Age-standardized,558,Mental disorders,2,Percent,2002,0.0890845325892039,0.0976181869380086,0.08087667225077
1,All Population,5,Prevalence,10,Cambodia,3,Both,27,Age-standardized,558,Mental disorders,3,Rate,2002,8838.02917487897,9681.64531830955,8008.11562644434
1,All Population,5,Prevalence,36,Kazakhstan,3,Both,27,Age-standardized,558,Mental disorders,2,Percent,2002,0.0974031072390202,0.107772272140211,0.0882165384858125
1,All Population,5,Prevalence,36,Kazakhstan,3,Both,27,Age-standardized,558,Mental disorders,3,Rate,2002,9408.15005287054,10415.71002652437,8502.77898442857
1,All Population,5,Prevalence,23,Kiribati,3,Both,27,Age-standardized,558,Mental disorders,2,Percent,2002,0.098072790498095,0.1098388195920396,0.086278867505718
1,All Population,5,Prevalence,23,Kiribati,3,Both,27,Age-standardized,558,Mental disorders,3,Rate,2002,9744.54282217044,10932.95333946822,8573.23450148485
1,All Population,5,Prevalence,6,China,3,Both,27,Age-standardized,558,Mental disorders,2,Percent,2002,0.1168874371020045,0.1268062977865851,0.1076158140664905
1,All Population,5,Prevalence,6,China,3,Both,27,Age-standardized,558,Mental disorders,3,Rate,2002,11239.957379471869,12208.51682037275,10345.95225714709
1,All Population,5,Prevalence,77,Cyprus,3,Both,27,Age-standardized,558,Mental disorders,2,Percent,2002,0.1354676165585392,0.1446522884490223,0.1273225055605986
1,All Population,5,Prevalence,77,Cyprus,3,Both,27,Age-standardized,558,Mental disorders,3,Rate,2002,12575.17630562297,13458.45827387737,11802.42755328087
1,All Population,5,Prevalence,49,North Macedonia,3,Both,27,Age-standardized,558,Mental disorders,2,Percent,2001,0.1142095153409022,0.126751752275522,0.1020984595209616
1,All Population,5,Prevalence,49,North Macedonia,3,Both,27,Age-standardized,558,Mental disorders,3,Rate,2001,10933.94441602527,12151.426739756569,9763.64481831279
1,All Population,5,Prevalence,218,Togo,3,Both,27,Age-standardized,558,Mental disorders,2,Percent,2001,0.1349355308881107,0.1592513034258464,0.116523256269407
1,All Population,5,Prevalence,218,Togo,3,Both,27,Age-standardized,558,Mental disorders,3,Rate,2001,13470.18489412491,15896.88015258691,11629.616330982979
1,All Population,5,Prevalence,55,Slovenia,3,Both,27,Age-standardized,558,Mental disorders,2,Percent,2002,0.1275269220959518,0.1416449008793042,0.1135919696750217
1,All Population,5,Prevalence,55,Slovenia,3,Both,27,Age-standardized,558,Mental disorders,3,Rate,2002,12046.909313518341,13401.80452670158,10713.54639209992
1,All Population,5,Prevalence,51,Poland,3,Both,27,Age-standardized,558,Mental disorders,2,Percent,2002,0.1123299833387256,0.1240816928357049,0.1016383136422267
1,All Population,5,Prevalence,51,Poland,3,Both,27,Age-standardized,558,Mental disorders,3,Rate,2002,10661.28479370646,11778.50326929145,9611.58182838306
1,All Population,5,Prevalence,12,Lao People's Democratic Republic,3,Both,27,Age-standardized,558,Mental disorders,2,Percent,2002,0.0793852430435628,0.0888248552322615,0.0709198827838575
1,All Population,5,Prevalence,12,Lao People's Democratic Republic,3,Both,27,Age-standardized,558,Mental disorders,3,Rate,2002,7840.36808888752,8743.6469039755,6998.5498048103
1,All Population,5,Prevalence,26,Papua New Guinea,3,Both,27,Age-standardized,558,Mental disorders,2,Percent,2001,0.0970278729498352,0.1088518957800685,0.0854806250461336
1,All Population,5,Prevalence,26,Papua New Guinea,3,Both,27,Age-standardized,558,Mental disorders,3,Rate,2001,9652.6125969652,10830.477875364571,8500.68521346248
1,All Population,5,Prevalence,118,Suriname,3,Both,27,Age-standardized,558,Mental disorders,2,Percent,2002,0.1383834854107929,0.1511756608397685,0.1258961498005358
1,All Population,5,Prevalence,118,Suriname,3,Both,27,Age-standardized,558,Mental disorders,3,Rate,2002,13560.52747115805,14773.46557796027,12367.67215863745
1,All Population,5,Prevalence,150,Oman,3,Both,27,Age-standardized,558,Mental disorders,2,Percent,2001,0.1266306220260222,0.1352456184798322,0.1159647987185827
1,All Population,5,Prevalence,150,Oman,3,Both,27,Age-standardized,558,Mental disorders,3,Rate,2001,12398.167490219219,13286.477046884609,11400.63093829699
1,All Population,5,Prevalence,194,Lesotho,3,Both,27,Age-standardized,558,Mental disorders,2,Percent,2002,0.1029283459417116,0.1116865276165701,0.093516598691824
1,All Population,5,Prevalence,194,Lesotho,3,Both,27,Age-standardized,558,Mental disorders,3,Rate,2002,10252.88411077377,11119.2034237163,9308.47806741391
1,All Population,5,Prevalence,62,Russian Federation,3,Both,27,Age-standardized,558,Mental disorders,2,Percent,2002,0.1151632852530238,0.1257220077295754,0.1051932215092036
1,All Population,5,Prevalence,62,Russian Federation,3,Both,27,Age-standardized,558,Mental disorders,3,Rate,2002,10902.00546318834,11927.31822147282,9901.826377081201
1,All Population,5,Prevalence,165,Pakistan,3,Both,27,Age-standardized,558,Mental disorders,2,Percent,2001,0.1145691413498755,0.1266861361889097,0.1044869784768906
1,All Population,5,Prevalence,165,Pakistan,3,Both,27,Age-standardized,558,Mental disorders,3,Rate,2001,11220.058924060939,12387.41326808665,10240.42468748866
1,All Population,5,Prevalence,79,Finland,3,Both,27,Age-standardized,558,Mental disorders,2,Percent,2001,0.1217046321041112,0.133683481134762,0.1103509619638503
1,All Population,5,Prevalence,79,Finland,3,Both,27,Age-standardized,558,Mental disorders,3,Rate,2001,11216.420873857449,12270.00311542364,10216.43777595121
1,All Population,5,Prevalence,186,Seychelles,3,Both,27,Age-standardized,558,Mental disorders,2,Percent,2002,0.0799975276582316,0.0872146374489738,0.073011410122982
1,All Population,5,Prevalence,186,Seychelles,3,Both,27,Age-standardized,558,Mental disorders,3,Rate,2002,7715.855059379791,8414.89722662551,7071.9825400809095
1,All Population,5,Prevalence,200,Benin,3,Both,27,Age-standardized,558,Mental disorders,2,Percent,2002,0.1277233528925688,0.139719643268669,0.1167608304110085
1,All Population,5,Prevalence,200,Benin,3,Both,27,Age-standardized,558,Mental disorders,3,Rate,2002,12729.90736627872,13935.062229714751,11641.754231904131
1,All Population,5,Prevalence,47,Czechia,3,Both,27,Age-standardized,558,Mental disorders,2,Percent,2002,0.1216443168864915,0.1347237842714233,0.1079868466939604
1,All Population,5,Prevalence,47,Czechia,3,Both,27,Age-standardized,558,Mental disorders,3,Rate,2002,11512.66154807807,12731.63735092396,10190.762871557301
1,All Population,5,Prevalence,94,Switzerland,3,Both,27,Age-standardized,558,Mental disorders,2,Percent,2001,0.1589318330955469,0.175630333834429,0.1460732130577191
1,All Population,5,Prevalence,94,Switzerland,3,Both,27,Age-standardized,558,Mental disorders,3,Rate,2001,14575.99138757292,16122.590395294259,13360.286341225661
1,All Population,5,Prevalence,185,Rwanda,3,Both,27,Age-standardized,558,Mental disorders,2,Percent,2002,0.1034038932042858,0.1126282640324975,0.0945809826714932
1,All Population,5,Prevalence,185,Rwanda,3,Both,27,Age-standardized,558,Mental disorders,3,Rate,2002,10250.96662039969,11151.95663534483,9371.20969967149
1,All Population,5,Prevalence,38,Mongolia,3,Both,27,Age-standardized,558,Mental disorders,2,Percent,2002,0.107091217370293,0.1186851811054298,0.0972851336364031
1,All Population,5,Prevalence,38,Mongolia,3,Both,27,Age-standardized,558,Mental disorders,3,Rate,2002,10405.97821052172,11547.76798830718,9446.19013408803
1,All Population,5,Prevalence,207,Ghana,3,Both,27,Age-standardized,558,Mental disorders,2,Percent,2002,0.1178237611208428,0.1275948818434288,0.1069190834579643
1,All Population,5,Prevalence,207,Ghana,3,Both,27,Age-standardized,558,Mental disorders,3,Rate,2002,11730.04189581546,12701.93963831486,10650.09229189881
1,All Population,5,Prevalence,131,Nicaragua,3,Both,27,Age-standardized,558,Mental disorders,2,Percent,2001,0.11760483734476,0.1267161119090236,0.1086294652926858
1,All Population,5,Prevalence,131,Nicaragua,3,Both,27,Age-standardized,558,Mental disorders,3,Rate,2001,11508.29290687612,12415.942629047131,10632.2161831598
1,All Population,5,Prevalence,146,Lebanon,3,Both,27,Age-standardized,558,Mental disorders,2,Percent,2002,0.1486822064722219,0.1630818159937479,0.1367988188725176
1,All Population,5,Prevalence,146,Lebanon,3,Both,27,Age-standardized,558,Mental disorders,3,Rate,2002,14311.48404121155,15630.050521446581,13156.07566720223
1,All Population,5,Prevalence,211,Mali,3,Both,27,Age-standardized,558,Mental disorders,2,Percent,2002,0.1134300727516747,0.1229311575806093,0.1030463603320874
1,All Population,5,Prevalence,211,Mali,3,Both,27,Age-standardized,558,Mental disorders,3,Rate,2002,11316.578058848741,12263.99495575336,10287.89534980455
1,All Population,5,Prevalence,180,Kenya,3,Both,27,Age-standardized,558,Mental disorders,2,Percent,2002,0.1068841879890396,0.1169898444991459,0.0976308438154232
1,All Population,5,Prevalence,180,Kenya,3,Both,27,Age-standardized,558,Mental disorders,3,Rate,2002,10577.801568752911,11584.7872069602,9642.27337285954
1,All Population,5,Prevalence,83,Iceland,3,Both,27,Age-standardized,558,Mental disorders,2,Percent,2002,0.1375809712785553,0.1471204857977536,0.1286183388511921
1,All Population,5,Prevalence,83,Iceland,3,Both,27,Age-standardized,558,Mental disorders,3,Rate,2002,12747.782235253091,13655.12212052732,11917.99656853321
1,All Population,5,Prevalence,68,Republic of Korea,3,Both,27,Age-standardized,558,Mental disorders,2,Percent,2002,0.1202179574256053,0.1309271178439094,0.110734746813456
1,All Population,5,Prevalence,68,Republic of Korea,3,Both,27,Age-standardized,558,Mental disorders,3,Rate,2002,11240.35817600561,12258.79093053999,10383.94871773808
1,All Population,5,Prevalence,25,Micronesia (Federated States of),3,Both,27,Age-standardized,558,Mental disorders,2,Percent,2002,0.0959604036524912,0.1069054398500615,0.0849367064114637
1,All Population,5,Prevalence,25,Micronesia (Federated States of),3,Both,27,Age-standardized,558,Mental disorders,3,Rate,2002,9454.17305417138,10509.5782930342,8355.65256471897
1,All Population,5,Prevalence,214,Nigeria,3,Both,27,Age-standardized,558,Mental disorders,2,Percent,2002,0.1112618434352331,0.1214812392465971,0.1019711385339616
1,All Population,5,Prevalence,214,Nigeria,3,Both,27,Age-standardized,558,Mental disorders,3,Rate,2002,11091.94030039312,12102.164141732339,10165.76138751404
1,All Population,5,Prevalence,170,Congo,3,Both,27,Age-standardized,558,Mental disorders,2,Percent,2002,0.1364380506158148,0.1494163713532454,0.1216894430029039
1,All Population,5,Prevalence,170,Congo,3,Both,27,Age-standardized,558,Mental disorders,3,Rate,2002,13590.27844257002,14882.87011811296,12140.008486710149
1,All Population,5,Prevalence,57,Belarus,3,Both,27,Age-standardized,558,Mental disorders,2,Percent,2002,0.1151441320223065,0.1269428743472516,0.1052171043236594
1,All Population,5,Prevalence,57,Belarus,3,Both,27,Age-standardized,558,Mental disorders,3,Rate,2002,10840.66438829738,11924.68447835176,9837.53548201404
1,All Population,5,Prevalence,86,Italy,3,Both,27,Age-standardized,558,Mental disorders,2,Percent,2002,0.1245971526382654,0.1368432481794955,0.1143586228052108
1,All Population,5,Prevalence,86,Italy,3,Both,27,Age-standardized,558,Mental disorders,3,Rate,2002,11492.82829256332,12570.43237309709,10576.83640487031
1,All Population,5,Prevalence,435,South Sudan,3,Both,27,Age-standardized,558,Mental disorders,2,Percent,2002,0.1150583205482837,0.1252951325174723,0.1049201710691487
1,All Population,5,Prevalence,435,South Sudan,3,Both,27,Age-standardized,558,Mental disorders,3,Rate,2002,11426.31663983983,12454.990293394121,10431.31585621239
1,All Population,5,Prevalence,203,Cabo Verde,3,Both,27,Age-standardized,558,Mental disorders,2,Percent,2002,0.1177782494879381,0.127916028861419,0.10784898653772
1,All Population,5,Prevalence,203,Cabo Verde,3,Both,27,Age-standardized,558,Mental disorders,3,Rate,2002,11484.24099884958,12473.55186090046,10533.543611730529
1,All Population,5,Prevalence,367,Monaco,3,Both,27,Age-standardized,558,Mental disorders,2,Percent,2002,0.1368896381390417,0.1466967069544946,0.1280286959029916
1,All Population,5,Prevalence,367,Monaco,3,Both,27,Age-standardized,558,Mental disorders,3,Rate,2002,12520.363745505188,13418.646427128238,11752.5102152459
1,All Population,5,Prevalence,123,Peru,3,Both,27,Age-standardized,558,Mental disorders,2,Percent,2002,0.1537315588733796,0.1681063929839669,0.1399942979575925
1,All Population,5,Prevalence,123,Peru,3,Both,27,Age-standardized,558,Mental disorders,3,Rate,2002,15105.956055675779,16514.9472628608,13751.88070051634
1,All Population,5,Prevalence,41,Uzbekistan,3,Both,27,Age-standardized,558,Mental disorders,2,Percent,2002,0.1031202502358432,0.1144011733730264,0.0936224244191661
1,All Population,5,Prevalence,41,Uzbekistan,3,Both,27,Age-standardized,558,Mental disorders,3,Rate,2002,9987.67862890608,11047.92931590013,9012.78434234545
1,All Population,5,Prevalence,85,Israel,3,Both,27,Age-standardized,558,Mental disorders,2,Percent,2002,0.1355167622779181,0.1467263840789999,0.1238049450126038
1,All Population,5,Prevalence,85,Israel,3,Both,27,Age-standardized,558,Mental disorders,3,Rate,2002,12575.28740327519,13641.983141637571,11514.713328361791
1,All Population,5,Prevalence,34,Azerbaijan,3,Both,27,Age-standardized,558,Mental disorders,2,Percent,2001,0.1135276485228848,0.1255410111515336,0.1029786107972504
1,All Population,5,Prevalence,34,Azerbaijan,3,Both,27,Age-standardized,558,Mental disorders,3,Rate,2001,11012.17439945526,12191.24222550929,10004.53709203212
1,All Population,5,Prevalence,72,New Zealand,3,Both,27,Age-standardized,558,Mental disorders,2,Percent,2002,0.1901660870027018,0.2061372730785871,0.1763662505148161
1,All Population,5,Prevalence,72,New Zealand,3,Both,27,Age-standardized,558,Mental disorders,3,Rate,2002,17549.16857752142,19031.45436595467,16238.058465902119
1,All Population,5,Prevalence,102,United States of America,3,Both,27,Age-standardized,558,Mental disorders,2,Percent,2002,0.1701531265068934,0.1811044775665947,0.1602303500153313
1,All Population,5,Prevalence,102,United States of America,3,Both,27,Age-standardized,558,Mental disorders,3,Rate,2002,15525.02212279303,16523.51185016844,14680.26485844616
1,All Population,5,Prevalence,26,Papua New Guinea,3,Both,27,Age-standardized,558,Mental disorders,2,Percent,2002,0.0956690201083935,0.1067916201485488,0.0844213876203488
1,All Population,5,Prevalence,26,Papua New Guinea,3,Both,27,Age-standardized,558,Mental disorders,3,Rate,2002,9515.93640557016,10615.866327100939,8394.9516126771
1,All Population,5,Prevalence,213,Niger,3,Both,27,Age-standardized,558,Mental disorders,2,Percent,2002,0.1082798389653842,0.1175905640023673,0.0993725591930175
1,All Population,5,Prevalence,213,Niger,3,Both,27,Age-standardized,558,Mental disorders,3,Rate,2002,10810.89971109485,11744.68333539346,9914.02603576245
1,All Population,5,Prevalence,53,Serbia,3,Both,27,Age-standardized,558,Mental disorders,2,Percent,2002,0.1249057014901201,0.1391476294673166,0.1109645525177516
1,All Population,5,Prevalence,53,Serbia,3,Both,27,Age-standardized,558,Mental disorders,3,Rate,2002,12047.08446630764,13392.98080795448,10683.41160034838
1,All Population,5,Prevalence,40,Turkmenistan,3,Both,27,Age-standardized,558,Mental disorders,2,Percent,2002,0.1016912392189104,0.1131387664235844,0.0917793908268608
1,All Population,5,Prevalence,40,Turkmenistan,3,Both,27,Age-standardized,558,Mental disorders,3,Rate,2002,9761.908223070639,10841.94850076351,8803.62915433851
1,All Population,5,Prevalence,320,Cook Islands,3,Both,27,Age-standardized,558,Mental disorders,2,Percent,2002,0.09873995006085,0.1094605941342986,0.0875409376681669
1,All Population,5,Prevalence,320,Cook Islands,3,Both,27,Age-standardized,558,Mental disorders,3,Rate,2002,9484.62895998115,10518.36133892072,8400.40840722666
1,All Population,5,Prevalence,171,Democratic Republic of the Congo,3,Both,27,Age-standardized,558,Mental disorders,2,Percent,2002,0.1285586492805041,0.1431014756230257,0.1136891008867508
1,All Population,5,Prevalence,171,Democratic Republic of the Congo,3,Both,27,Age-standardized,558,Mental disorders,3,Rate,2002,12848.37109949647,14299.20096598688,11365.32783087352
1,All Population,5,Prevalence,17,Sri Lanka,3,Both,27,Age-standardized,558,Mental disorders,2,Percent,2002,0.0848911868795608,0.0939185550494507,0.0764088712254736
1,All Population,5,Prevalence,17,Sri Lanka,3,Both,27,Age-standardized,558,Mental disorders,3,Rate,2002,8273.40754595398,9140.57299310817,7439.832958892651
1,All Population,5,Prevalence,50,Montenegro,3,Both,27,Age-standardized,558,Mental disorders,2,Percent,2002,0.1235754941613565,0.1379422668531209,0.110282301936347
1,All Population,5,Prevalence,50,Montenegro,3,Both,27,Age-standardized,558,Mental disorders,3,Rate,2002,11728.711916364611,13100.22148998444,10411.78260049225
1,All Population,5,Prevalence,131,Nicaragua,3,Both,27,Age-standardized,558,Mental disorders,2,Percent,2002,0.1187050331193446,0.1277176123825976,0.1093827463128389
1,All Population,5,Prevalence,131,Nicaragua,3,Both,27,Age-standardized,558,Mental disorders,3,Rate,2002,11602.99874948281,12500.585685453641,10694.47376380947
1,All Population,5,Prevalence,108,Belize,3,Both,27,Age-standardized,558,Mental disorders,2,Percent,2002,0.1337675427898743,0.1462565375400246,0.1216561995229441
1,All Population,5,Prevalence,108,Belize,3,Both,27,Age-standardized,558,Mental disorders,3,Rate,2002,13086.987468201749,14290.595618821311,11898.85994954164
1,All Population,5,Prevalence,97,Argentina,3,Both,27,Age-standardized,558,Mental disorders,2,Percent,2002,0.1443823288192226,0.1611270339917355,0.1296515327557858
1,All Population,5,Prevalence,97,Argentina,3,Both,27,Age-standardized,558,Mental disorders,3,Rate,2002,13684.478427795679,15339.336078582211,12271.986344043891
1,All Population,5,Prevalence,305,Bermuda,3,Both,27,Age-standardized,558,Mental disorders,2,Percent,2002,0.1463550621762687,0.1595711034867632,0.1334808559559563
1,All Population,5,Prevalence,305,Bermuda,3,Both,27,Age-standardized,558,Mental disorders,3,Rate,2002,14013.039719658498,15252.055411222931,12794.97756586609
1,All Population,5,Prevalence,385,Puerto Rico,3,Both,27,Age-standardized,558,Mental disorders,2,Percent,2002,0.1533981199809886,0.1653592035394849,0.1414128242258984
1,All Population,5,Prevalence,385,Puerto Rico,3,Both,27,Age-standardized,558,Mental disorders,3,Rate,2002,14648.87005121473,15793.310227049958,13482.328047259509
1,All Population,5,Prevalence,155,Türkiye,3,Both,27,Age-standardized,558,Mental disorders,2,Percent,2002,0.1343858959409412,0.1460103400611679,0.1232921273044404
1,All Population,5,Prevalence,155,Türkiye,3,Both,27,Age-standardized,558,Mental disorders,3,Rate,2002,13054.868109569908,14194.690984725361,11977.12393711982
1,All Population,5,Prevalence,98,Chile,3,Both,27,Age-standardized,558,Mental disorders,2,Percent,2002,0.1542085335239909,0.1715950132345716,0.1389301487862294
1,All Population,5,Prevalence,98,Chile,3,Both,27,Age-standardized,558,Mental disorders,3,Rate,2002,14756.513010037888,16390.23838777172,13232.685585709749
1,All Population,5,Prevalence,87,Luxembourg,3,Both,27,Age-standardized,558,Mental disorders,2,Percent,2002,0.1362703163195224,0.1451365927128028,0.1277028133292402
1,All Population,5,Prevalence,87,Luxembourg,3,Both,27,Age-standardized,558,Mental disorders,3,Rate,2002,12492.3299629706,13336.66441763205,11750.35396377547
1,All Population,5,Prevalence,27,Samoa,3,Both,27,Age-standardized,558,Mental disorders,2,Percent,2002,0.0963156706376548,0.1070440705570191,0.0852676269364299
1,All Population,5,Prevalence,27,Samoa,3,Both,27,Age-standardized,558,Mental disorders,3,Rate,2002,9409.690559459139,10430.80209610981,8334.7283583632
1,All Population,5,Prevalence,133,Venezuela (Bolivarian Republic of),3,Both,27,Age-standardized,558,Mental disorders,2,Percent,2001,0.1252587936069446,0.1378002174097031,0.1130605308117295
1,All Population,5,Prevalence,133,Venezuela (Bolivarian Republic of),3,Both,27,Age-standardized,558,Mental disorders,3,Rate,2001,12247.16315041095,13476.27670885736,11051.6316719203
1,All Population,5,Prevalence,189,United Republic of Tanzania,3,Both,27,Age-standardized,558,Mental disorders,2,Percent,2002,0.103259837931071,0.1123822865812467,0.0943159831026498
1,All Population,5,Prevalence,189,United Republic of Tanzania,3,Both,27,Age-standardized,558,Mental disorders,3,Rate,2002,10279.49211522634,11185.26276192136,9387.776612149939
1,All Population,5,Prevalence,187,Somalia,3,Both,27,Age-standardized,558,Mental disorders,2,Percent,2002,0.1076063872157902,0.1170546668786478,0.0981558416392183
1,All Population,5,Prevalence,187,Somalia,3,Both,27,Age-standardized,558,Mental disorders,3,Rate,2002,10751.13641353849,11691.49873523038,9798.55732310996
1,All Population,5,Prevalence,63,Ukraine,3,Both,27,Age-standardized,558,Mental disorders,2,Percent,2001,0.1223121919785171,0.1354088509726835,0.1106386850923792
1,All Population,5,Prevalence,63,Ukraine,3,Both,27,Age-standardized,558,Mental disorders,3,Rate,2001,11567.842655123339,12818.2083479946,10423.800960100441
1,All Population,5,Prevalence,196,South Africa,3,Both,27,Age-standardized,558,Mental disorders,2,Percent,2002,0.1117434074033419,0.1208053596508817,0.1026651208173838
1,All Population,5,Prevalence,196,South Africa,3,Both,27,Age-standardized,558,Mental disorders,3,Rate,2002,11070.90258428738,11947.38736161735,10168.85130791309
1,All Population,5,Prevalence,202,Cameroon,3,Both,27,Age-standardized,558,Mental disorders,2,Percent,2002,0.121948627730397,0.1329351145237907,0.1115964161003089
1,All Population,5,Prevalence,202,Cameroon,3,Both,27,Age-standardized,558,Mental disorders,3,Rate,2002,12154.75029840818,13249.90400478202,11130.74446734274
1,All Population,5,Prevalence,189,United Republic of Tanzania,3,Both,27,Age-standardized,558,Mental disorders,2,Percent,2001,0.1030555588379227,0.1123065994810927,0.0939648667659565
1,All Population,5,Prevalence,189,United Republic of Tanzania,3,Both,27,Age-standardized,558,Mental disorders,3,Rate,2001,10262.45511483245,11182.07182013288,9354.61655101124
1,All Population,5,Prevalence,94,Switzerland,3,Both,27,Age-standardized,558,Mental disorders,2,Percent,2002,0.1573148608089149,0.1746089978944265,0.1437636186809459
1,All Population,5,Prevalence,94,Switzerland,3,Both,27,Age-standardized,558,Mental disorders,3,Rate,2002,14422.04805729159,16009.13061382941,13148.491061005068
1,All Population,5,Prevalence,143,Iraq,3,Both,27,Age-standardized,558,Mental disorders,2,Percent,2002,0.132997210250361,0.1431478743418317,0.1208933703254536
1,All Population,5,Prevalence,143,Iraq,3,Both,27,Age-standardized,558,Mental disorders,3,Rate,2002,12982.83163812147,13968.636534481211,11807.93797884116
1,All Population,5,Prevalence,151,Qatar,3,Both,27,Age-standardized,558,Mental disorders,2,Percent,2002,0.1152430645568675,0.124403074053145,0.1046525909428424
1,All Population,5,Prevalence,151,Qatar,3,Both,27,Age-standardized,558,Mental disorders,3,Rate,2002,11057.43527691805,11949.03994649833,10053.052842619429
1,All Population,5,Prevalence,182,Malawi,3,Both,27,Age-standardized,558,Mental disorders,2,Percent,2002,0.1057093687589416,0.1151577423772142,0.0964473447921
1,All Population,5,Prevalence,182,Malawi,3,Both,27,Age-standardized,558,Mental disorders,3,Rate,2002,10497.7780961501,11437.08183003145,9578.16409927887
1,All Population,5,Prevalence,110,Dominica,3,Both,27,Age-standardized,558,Mental disorders,2,Percent,2001,0.1407296315271943,0.1537550973606366,0.1279809786510079
1,All Population,5,Prevalence,110,Dominica,3,Both,27,Age-standardized,558,Mental disorders,3,Rate,2001,13643.15344639406,14895.638262007598,12412.05333358017
1,All Population,5,Prevalence,156,United Arab Emirates,3,Both,27,Age-standardized,558,Mental disorders,2,Percent,2002,0.1162306089065308,0.1276231236292674,0.1046728550854681
1,All Population,5,Prevalence,156,United Arab Emirates,3,Both,27,Age-standardized,558,Mental disorders,3,Rate,2002,11186.89200236185,12247.70296160185,10063.27930953922
1,All Population,5,Prevalence,416,Tuvalu,3,Both,27,Age-standardized,558,Mental disorders,2,Percent,2002,0.0964962463978712,0.1072280275101927,0.0850121099588311
1,All Population,5,Prevalence,416,Tuvalu,3,Both,27,Age-standardized,558,Mental disorders,3,Rate,2002,9472.25347307606,10521.63883563647,8361.91847531838
1,All Population,5,Prevalence,123,Peru,3,Both,27,Age-standardized,558,Mental disorders,2,Percent,2001,0.1536864710800624,0.1684448552377813,0.1406693238137426
1,All Population,5,Prevalence,123,Peru,3,Both,27,Age-standardized,558,Mental disorders,3,Rate,2001,15109.77111640886,16551.33372587177,13828.462883135071
1,All Population,5,Prevalence,148,Morocco,3,Both,27,Age-standardized,558,Mental disorders,2,Percent,2002,0.1300537861371851,0.1386466496648845,0.1203815614518451
1,All Population,5,Prevalence,148,Morocco,3,Both,27,Age-standardized,558,Mental disorders,3,Rate,2002,12663.84338370512,13517.483919599079,11748.946114487251
1,All Population,5,Prevalence,209,Guinea-Bissau,3,Both,27,Age-standardized,558,Mental disorders,2,Percent,2002,0.1158375986729396,0.1257691625404561,0.1059894664556585
1,All Population,5,Prevalence,209,Guinea-Bissau,3,Both,27,Age-standardized,558,Mental disorders,3,Rate,2002,11557.515697334351,12559.718977966419,10586.78811787192
1,All Population,5,Prevalence,128,Guatemala,3,Both,27,Age-standardized,558,Mental disorders,2,Percent,2002,0.1203974052260512,0.1293505365443882,0.1107370640112746
1,All Population,5,Prevalence,128,Guatemala,3,Both,27,Age-standardized,558,Mental disorders,3,Rate,2002,11835.40163423149,12724.54328399874,10887.53298238202
1,All Population,5,Prevalence,88,Malta,3,Both,27,Age-standardized,558,Mental disorders,2,Percent,2002,0.1400107891999351,0.1502681525839287,0.1315028807667831
1,All Population,5,Prevalence,88,Malta,3,Both,27,Age-standardized,558,Mental disorders,3,Rate,2002,12888.941528974728,13821.909519935449,12154.91178515047
1,All Population,5,Prevalence,89,Netherlands,3,Both,27,Age-standardized,558,Mental disorders,2,Percent,2002,0.1628123288923658,0.1742818487849851,0.1532896483119417
1,All Population,5,Prevalence,89,Netherlands,3,Both,27,Age-standardized,558,Mental disorders,3,Rate,2002,15475.391571130609,16499.31061259097,14541.14380946902
1,All Population,5,Prevalence,149,Palestine,3,Both,27,Age-standardized,558,Mental disorders,2,Percent,2002,0.1456068919326673,0.1559378068793941,0.1344940714256211
1,All Population,5,Prevalence,149,Palestine,3,Both,27,Age-standardized,558,Mental disorders,3,Rate,2002,14222.22384985163,15243.2200055417,13174.97008646883
1,All Population,5,Prevalence,374,Niue,3,Both,27,Age-standardized,558,Mental disorders,2,Percent,2002,0.0983215567274283,0.1089717693608398,0.0871913620753487
1,All Population,5,Prevalence,374,Niue,3,Both,27,Age-standardized,558,Mental disorders,3,Rate,2002,9463.07139399459,10504.20601421811,8372.83056885983
1,All Population,5,Prevalence,43,Albania,3,Both,27,Age-standardized,558,Mental disorders,2,Percent,2002,0.1128296097765676,0.125218457049588,0.1011558622342721
1,All Population,5,Prevalence,43,Albania,3,Both,27,Age-standardized,558,Mental disorders,3,Rate,2002,10904.67194508,12130.06858942149,9764.58919811336
1,All Population,5,Prevalence,133,Venezuela (Bolivarian Republic of),3,Both,27,Age-standardized,558,Mental disorders,2,Percent,2002,0.1256025906065774,0.1380698661120005,0.1131700367086389
1,All Population,5,Prevalence,133,Venezuela (Bolivarian Republic of),3,Both,27,Age-standardized,558,Mental disorders,3,Rate,2002,12281.77266576009,13488.52545816331,11067.73398776574
1,All Population,5,Prevalence,113,Guyana,3,Both,27,Age-standardized,558,Mental disorders,2,Percent,2002,0.1384628290960852,0.1513749098464352,0.1258100883123707
1,All Population,5,Prevalence,113,Guyana,3,Both,27,Age-standardized,558,Mental disorders,3,Rate,2002,13588.78778755598,14835.3657686484,12356.70421459506
1,All Population,5,Prevalence,172,Equatorial Guinea,3,Both,27,Age-standardized,558,Mental disorders,2,Percent,2002,0.1290911860059522,0.14198053267327,0.1151233901741801
1,All Population,5,Prevalence,172,Equatorial Guinea,3,Both,27,Age-standardized,558,Mental disorders,3,Rate,2002,12788.40454957518,14068.11715007949,11421.66394329001
1,All Population,5,Prevalence,115,Jamaica,3,Both,27,Age-standardized,558,Mental disorders,2,Percent,2002,0.1282093352873808,0.1401711687162826,0.116502224879662
1,All Population,5,Prevalence,115,Jamaica,3,Both,27,Age-standardized,558,Mental disorders,3,Rate,2002,12518.53999496077,13665.39200840794,11374.41177573137
1,All Population,5,Prevalence,130,Mexico,3,Both,27,Age-standardized,558,Mental disorders,2,Percent,2002,0.1134565495974931,0.1219871136615183,0.1055058149242714
1,All Population,5,Prevalence,130,Mexico,3,Both,27,Age-standardized,558,Mental disorders,3,Rate,2002,10920.80640060986,11721.39707193588,10137.559514401071
1,All Population,5,Prevalence,160,Afghanistan,3,Both,27,Age-standardized,558,Mental disorders,2,Percent,2002,0.1290757397712804,0.1386257943192454,0.1189123428513635
1,All Population,5,Prevalence,160,Afghanistan,3,Both,27,Age-standardized,558,Mental disorders,3,Rate,2002,12879.85787227384,13846.28409938251,11871.20599011811
1,All Population,5,Prevalence,175,Burundi,3,Both,27,Age-standardized,558,Mental disorders,2,Percent,2002,0.112676321104748,0.1223349075600828,0.1027564255221468
1,All Population,5,Prevalence,175,Burundi,3,Both,27,Age-standardized,558,Mental disorders,3,Rate,2002,11205.563683443399,12172.91091921135,10215.44320185254
1,All Population,5,Prevalence,217,Sierra Leone,3,Both,27,Age-standardized,558,Mental disorders,2,Percent,2002,0.1255137214165689,0.1364584643719724,0.1144270467878793
1,All Population,5,Prevalence,217,Sierra Leone,3,Both,27,Age-standardized,558,Mental disorders,3,Rate,2002,12529.90652848934,13627.744190327629,11427.02767631054
1,All Population,5,Prevalence,140,Bahrain,3,Both,27,Age-standardized,558,Mental disorders,2,Percent,2002,0.1389445656061635,0.1484911421619527,0.1289812352332588
1,All Population,5,Prevalence,140,Bahrain,3,Both,27,Age-standardized,558,Mental disorders,3,Rate,2002,13605.32896228775,14542.65465031073,12641.21364938638
1,All Population,5,Prevalence,522,Sudan,3,Both,27,Age-standardized,558,Mental disorders,2,Percent,2002,0.1322496629694731,0.1425199268410867,0.120715370726602
1,All Population,5,Prevalence,522,Sudan,3,Both,27,Age-standardized,558,Mental disorders,3,Rate,2002,13127.7503740589,14178.85451591053,12013.16747132676
1,All Population,5,Prevalence,109,Cuba,3,Both,27,Age-standardized,558,Mental disorders,2,Percent,2002,0.1557618204660564,0.1703302688315199,0.1411614331278345
1,All Population,5,Prevalence,109,Cuba,3,Both,27,Age-standardized,558,Mental disorders,3,Rate,2002,15207.714921587409,16612.663014631158,13804.183946739291
1,All Population,5,Prevalence,413,Tokelau,3,Both,27,Age-standardized,558,Mental disorders,2,Percent,2002,0.09701056681564,0.1073972576337135,0.085894177933232
1,All Population,5,Prevalence,413,Tokelau,3,Both,27,Age-standardized,558,Mental disorders,3,Rate,2002,9454.03957693976,10473.06146340168,8353.22703179024
1,All Population,5,Prevalence,150,Oman,3,Both,27,Age-standardized,558,Mental disorders,2,Percent,2002,0.1267991670944382,0.1364193247769107,0.1160604173997542
1,All Population,5,Prevalence,150,Oman,3,Both,27,Age-standardized,558,Mental disorders,3,Rate,2002,12400.68194960227,13373.286343979198,11388.90435412383
1,All Population,5,Prevalence,66,Brunei Darussalam,3,Both,27,Age-standardized,558,Mental disorders,2,Percent,2002,0.1144269817109946,0.1255826325043323,0.1040789386083283
1,All Population,5,Prevalence,66,Brunei Darussalam,3,Both,27,Age-standardized,558,Mental disorders,3,Rate,2002,10678.24241313202,11658.206993552909,9722.10090305787
1,All Population,5,Prevalence,197,Eswatini,3,Both,27,Age-standardized,558,Mental disorders,2,Percent,2002,0.1129975636761154,0.1229434471505373,0.1023814130207622
1,All Population,5,Prevalence,197,Eswatini,3,Both,27,Age-standardized,558,Mental disorders,3,Rate,2002,11090.602471602699,12044.320521573069,10040.409987013909
1,All Population,5,Prevalence,205,Côte d'Ivoire,3,Both,27,Age-standardized,558,Mental disorders,2,Percent,2002,0.1187379184923323,0.129044117581286,0.107888815913996
1,All Population,5,Prevalence,205,Côte d'Ivoire,3,Both,27,Age-standardized,558,Mental disorders,3,Rate,2002,11825.9234262221,12847.575644851719,10749.516651992071
1,All Population,5,Prevalence,35,Georgia,3,Both,27,Age-standardized,558,Mental disorders,2,Percent,2002,0.1160655694470607,0.1276882983381925,0.1057987568284282
1,All Population,5,Prevalence,35,Georgia,3,Both,27,Age-standardized,558,Mental disorders,3,Rate,2002,11115.87400388649,12214.10237974023,10117.4026773751
1,All Population,5,Prevalence,380,Palau,3,Both,27,Age-standardized,558,Mental disorders,2,Percent,2002,0.0983536940801777,0.1094346276605196,0.0873323420960305
1,All Population,5,Prevalence,380,Palau,3,Both,27,Age-standardized,558,Mental disorders,3,Rate,2002,9503.914962096389,10549.68662829094,8415.96110217054
1,All Population,5,Prevalence,63,Ukraine,3,Both,27,Age-standardized,558,Mental disorders,2,Percent,2002,0.1236666976768726,0.1368927380513643,0.112125525043002
1,All Population,5,Prevalence,63,Ukraine,3,Both,27,Age-standardized,558,Mental disorders,3,Rate,2002,11686.65562254738,12961.39008702145,10560.50672586199
1,All Population,5,Prevalence,78,Denmark,3,Both,27,Age-standardized,558,Mental disorders,2,Percent,2002,0.1257411368283624,0.1332245841716529,0.1181842105697086
1,All Population,5,Prevalence,78,Denmark,3,Both,27,Age-standardized,558,Mental disorders,3,Rate,2002,11491.63830823165,12212.98993810172,10749.25075644971
1,All Population,5,Prevalence,396,San Marino,3,Both,27,Age-standardized,558,Mental disorders,2,Percent,2002,0.1366090708649283,0.1463361904401559,0.128051710333355
1,All Population,5,Prevalence,396,San Marino,3,Both,27,Age-standardized,558,Mental disorders,3,Rate,2002,12505.90643203478,13395.018921511759,11750.86698758151
1,All Population,5,Prevalence,117,Saint Vincent and the Grenadines,3,Both,27,Age-standardized,558,Mental disorders,2,Percent,2002,0.1401791121686591,0.1533513455764557,0.1274102816027763
1,All Population,5,Prevalence,117,Saint Vincent and the Grenadines,3,Both,27,Age-standardized,558,Mental disorders,3,Rate,2002,13681.897349982319,14904.79028189877,12452.42351224258
1,All Population,5,Prevalence,145,Kuwait,3,Both,27,Age-standardized,558,Mental disorders,2,Percent,2002,0.1275060757924368,0.1357511773977951,0.1188875239698376
1,All Population,5,Prevalence,145,Kuwait,3,Both,27,Age-standardized,558,Mental disorders,3,Rate,2002,12082.53311351136,12890.771616548649,11282.97738905068
1,All Population,5,Prevalence,132,Panama,3,Both,27,Age-standardized,558,Mental disorders,2,Percent,2002,0.1074179892405308,0.1154133709790107,0.098377239434386
1,All Population,5,Prevalence,132,Panama,3,Both,27,Age-standardized,558,Mental disorders,3,Rate,2002,10348.04893995058,11141.93543322861,9497.22430311455
1,All Population,5,Prevalence,135,Brazil,3,Both,27,Age-standardized,558,Mental disorders,2,Percent,2002,0.1610780658354946,0.172105660174291,0.1499920109500498
1,All Population,5,Prevalence,135,Brazil,3,Both,27,Age-standardized,558,Mental disorders,3,Rate,2002,15666.40169979077,16784.51086865114,14587.81726389881
1,All Population,5,Prevalence,204,Chad,3,Both,27,Age-standardized,558,Mental disorders,2,Percent,2002,0.127313874929813,0.1381024174274731,0.1146563289905582
1,All Population,5,Prevalence,204,Chad,3,Both,27,Age-standardized,558,Mental disorders,3,Rate,2002,12697.300320554188,13782.34551773707,11440.424495973039
1,All Population,5,Prevalence,7,Democratic People's Republic of Korea,3,Both,27,Age-standardized,558,Mental disorders,2,Percent,2003,0.0998724361649254,0.1090134298843826,0.0908132261502449
1,All Population,5,Prevalence,7,Democratic People's Republic of Korea,3,Both,27,Age-standardized,558,Mental disorders,3,Rate,2003,9703.65704216154,10591.950745506749,8828.25576188399
1,All Population,5,Prevalence,119,Trinidad and Tobago,3,Both,27,Age-standardized,558,Mental disorders,2,Percent,2002,0.1333175523668568,0.145527402111296,0.1213118255592214
1,All Population,5,Prevalence,119,Trinidad and Tobago,3,Both,27,Age-standardized,558,Mental disorders,3,Rate,2002,12892.5641890418,14053.63607434515,11726.33999145369
1,All Population,5,Prevalence,39,Tajikistan,3,Both,27,Age-standardized,558,Mental disorders,2,Percent,2003,0.1025425056963485,0.1146368620278545,0.09234329141006
1,All Population,5,Prevalence,39,Tajikistan,3,Both,27,Age-standardized,558,Mental disorders,3,Rate,2003,10007.29932899555,11188.61225722632,8973.487116468339
1,All Population,5,Prevalence,13,Malaysia,3,Both,27,Age-standardized,558,Mental disorders,2,Percent,2003,0.084336725322068,0.0918745014740776,0.0771819937575222
1,All Population,5,Prevalence,13,Malaysia,3,Both,27,Age-standardized,558,Mental disorders,3,Rate,2003,8162.28964487443,8881.79129531266,7447.81423387373
1,All Population,5,Prevalence,162,Bhutan,3,Both,27,Age-standardized,558,Mental disorders,2,Percent,2002,0.1078138388203591,0.1188014911981435,0.0964784182806221
1,All Population,5,Prevalence,162,Bhutan,3,Both,27,Age-standardized,558,Mental disorders,3,Rate,2002,10454.76158047801,11511.97796352374,9374.90780569767
1,All Population,5,Prevalence,177,Djibouti,3,Both,27,Age-standardized,558,Mental disorders,2,Percent,2002,0.1019716620856585,0.111437411376566,0.0927920422554287
1,All Population,5,Prevalence,177,Djibouti,3,Both,27,Age-standardized,558,Mental disorders,3,Rate,2002,10058.91877753274,10963.66215130393,9147.06407804009
1,All Population,5,Prevalence,191,Zambia,3,Both,27,Age-standardized,558,Mental disorders,2,Percent,2002,0.1066284058101134,0.1164407885572605,0.0973292377711232
1,All Population,5,Prevalence,191,Zambia,3,Both,27,Age-standardized,558,Mental disorders,3,Rate,2002,10633.77793456758,11612.63240971952,9701.88619871009
1,All Population,5,Prevalence,49,North Macedonia,3,Both,27,Age-standardized,558,Mental disorders,2,Percent,2002,0.1147927974362113,0.127709571027472,0.10278866743861
1,All Population,5,Prevalence,49,North Macedonia,3,Both,27,Age-standardized,558,Mental disorders,3,Rate,2002,10974.5009920683,12193.50464220086,9826.679969964749
1,All Population,5,Prevalence,81,Germany,3,Both,27,Age-standardized,558,Mental disorders,2,Percent,2001,0.1372363235152972,0.1482475110275196,0.1272739388054129
1,All Population,5,Prevalence,81,Germany,3,Both,27,Age-standardized,558,Mental disorders,3,Rate,2001,12611.62435848339,13631.88186067511,11692.97054223736
1,All Population,5,Prevalence,351,Guam,3,Both,27,Age-standardized,558,Mental disorders,2,Percent,2002,0.0993025233355031,0.1098723004972939,0.0884285373601942
1,All Population,5,Prevalence,351,Guam,3,Both,27,Age-standardized,558,Mental disorders,3,Rate,2002,9500.16402775292,10542.54622615263,8435.87066407455
1,All Population,5,Prevalence,28,Solomon Islands,3,Both,27,Age-standardized,558,Mental disorders,2,Percent,2003,0.0988206279722028,0.1099909561421158,0.0869527129914835
1,All Population,5,Prevalence,28,Solomon Islands,3,Both,27,Age-standardized,558,Mental disorders,3,Rate,2003,9754.21497802848,10832.656170656719,8588.08085601426
1,All Population,5,Prevalence,18,Thailand,3,Both,27,Age-standardized,558,Mental disorders,2,Percent,2002,0.0851474801333855,0.093391527658861,0.0769115999894548
1,All Population,5,Prevalence,18,Thailand,3,Both,27,Age-standardized,558,Mental disorders,3,Rate,2002,8265.39182684365,9063.97982137617,7476.6016276744895
1,All Population,5,Prevalence,52,Romania,3,Both,27,Age-standardized,558,Mental disorders,2,Percent,2003,0.1123947607334362,0.1250221629720827,0.1002665247474421
1,All Population,5,Prevalence,52,Romania,3,Both,27,Age-standardized,558,Mental disorders,3,Rate,2003,10814.96844441155,12013.95622150451,9636.90138606041
1,All Population,5,Prevalence,22,Fiji,3,Both,27,Age-standardized,558,Mental disorders,2,Percent,2003,0.0959945889997952,0.1065943948016922,0.0848935899624624
1,All Population,5,Prevalence,22,Fiji,3,Both,27,Age-standardized,558,Mental disorders,3,Rate,2003,9436.673054930101,10477.99150611379,8342.861496512009
1,All Population,5,Prevalence,45,Bulgaria,3,Both,27,Age-standardized,558,Mental disorders,2,Percent,2003,0.11085503509289,0.1229799830540468,0.0996896953866699
1,All Population,5,Prevalence,45,Bulgaria,3,Both,27,Age-standardized,558,Mental disorders,3,Rate,2003,10607.51270784746,11748.93065925165,9573.85311641729
1,All Population,5,Prevalence,208,Guinea,3,Both,27,Age-standardized,558,Mental disorders,2,Percent,2002,0.1251777151347029,0.1362391908115737,0.1142985722011987
1,All Population,5,Prevalence,208,Guinea,3,Both,27,Age-standardized,558,Mental disorders,3,Rate,2002,12478.03978943694,13587.19314923019,11406.641144991201
1,All Population,5,Prevalence,147,Libya,3,Both,27,Age-standardized,558,Mental disorders,2,Percent,2002,0.1365341577127093,0.1452112295579203,0.1264092580035825
1,All Population,5,Prevalence,147,Libya,3,Both,27,Age-standardized,558,Mental disorders,3,Rate,2002,13242.06156084622,14140.24158167157,12326.36210392087
1,All Population,5,Prevalence,11,Indonesia,3,Both,27,Age-standardized,558,Mental disorders,2,Percent,2003,0.0798197597288557,0.0888658300221174,0.0721143058013727
1,All Population,5,Prevalence,11,Indonesia,3,Both,27,Age-standardized,558,Mental disorders,3,Rate,2003,7870.26970311054,8764.50711493435,7119.379740430711
1,All Population,5,Prevalence,41,Uzbekistan,3,Both,27,Age-standardized,558,Mental disorders,2,Percent,2003,0.103256788582948,0.1145084698075356,0.093648790387078
1,All Population,5,Prevalence,41,Uzbekistan,3,Both,27,Age-standardized,558,Mental disorders,3,Rate,2003,9989.54330153686,11074.74445540451,9010.75326195602
1,All Population,5,Prevalence,33,Armenia,3,Both,27,Age-standardized,558,Mental disorders,2,Percent,2003,0.1287611879854487,0.1418715395066192,0.1162060750669926
1,All Population,5,Prevalence,33,Armenia,3,Both,27,Age-standardized,558,Mental disorders,3,Rate,2003,12304.287025180629,13531.38516639526,11065.78442845821
1,All Population,5,Prevalence,14,Maldives,3,Both,27,Age-standardized,558,Mental disorders,2,Percent,2003,0.0811725097759727,0.0888266172528603,0.0742362512429385
1,All Population,5,Prevalence,14,Maldives,3,Both,27,Age-standardized,558,Mental disorders,3,Rate,2003,7910.506176953811,8667.89092292285,7237.24334704474
1,All Population,5,Prevalence,49,North Macedonia,3,Both,27,Age-standardized,558,Mental disorders,2,Percent,2003,0.1151733617678448,0.1280858364127209,0.1030658722992462
1,All Population,5,Prevalence,49,North Macedonia,3,Both,27,Age-standardized,558,Mental disorders,3,Rate,2003,10994.646732920959,12241.71499133597,9839.04457312903
1,All Population,5,Prevalence,157,Yemen,3,Both,27,Age-standardized,558,Mental disorders,2,Percent,2002,0.1336942454557526,0.1434517137590026,0.1220456061624668
1,All Population,5,Prevalence,157,Yemen,3,Both,27,Age-standardized,558,Mental disorders,3,Rate,2002,13298.42282075531,14273.80799056331,12135.60048939607
1,All Population,5,Prevalence,125,Colombia,3,Both,27,Age-standardized,558,Mental disorders,2,Percent,2002,0.1164777547793772,0.1246437290749896,0.107347610792168
1,All Population,5,Prevalence,125,Colombia,3,Both,27,Age-standardized,558,Mental disorders,3,Rate,2002,11220.180902028069,11992.214639019989,10347.334466417531
1,All Population,5,Prevalence,206,Gambia,3,Both,27,Age-standardized,558,Mental disorders,2,Percent,2002,0.1171518272800994,0.1273413480073055,0.1070974013906591
1,All Population,5,Prevalence,206,Gambia,3,Both,27,Age-standardized,558,Mental disorders,3,Rate,2002,11631.80035626529,12650.40849208129,10662.43782194724
1,All Population,5,Prevalence,54,Slovakia,3,Both,27,Age-standardized,558,Mental disorders,2,Percent,2003,0.1129279033356282,0.1256153297059401,0.1003803466244276
1,All Population,5,Prevalence,54,Slovakia,3,Both,27,Age-standardized,558,Mental disorders,3,Rate,2003,10738.3661332636,11919.354991347229,9554.33588167449
1,All Population,5,Prevalence,24,Marshall Islands,3,Both,27,Age-standardized,558,Mental disorders,2,Percent,2003,0.0964549300654553,0.1072705506636392,0.085046837395438
1,All Population,5,Prevalence,24,Marshall Islands,3,Both,27,Age-standardized,558,Mental disorders,3,Rate,2003,9497.65215626137,10564.89002096762,8396.37157933549
1,All Population,5,Prevalence,37,Kyrgyzstan,3,Both,27,Age-standardized,558,Mental disorders,2,Percent,2003,0.1014185339413984,0.1129706370745384,0.0915659674969563
1,All Population,5,Prevalence,37,Kyrgyzstan,3,Both,27,Age-standardized,558,Mental disorders,3,Rate,2003,9853.55551274591,10965.370899820471,8873.54453323921
1,All Population,5,Prevalence,86,Italy,3,Both,27,Age-standardized,558,Mental disorders,2,Percent,2003,0.1259648576858452,0.1380129730712877,0.1156689610025112
1,All Population,5,Prevalence,86,Italy,3,Both,27,Age-standardized,558,Mental disorders,3,Rate,2003,11595.460704195271,12636.24621417579,10670.77981411964
1,All Population,5,Prevalence,19,Timor-Leste,3,Both,27,Age-standardized,558,Mental disorders,2,Percent,2002,0.0854752230992234,0.0953984438985303,0.0763853482795997
1,All Population,5,Prevalence,19,Timor-Leste,3,Both,27,Age-standardized,558,Mental disorders,3,Rate,2002,8485.068056892529,9464.53217054078,7586.95469101517
1,All Population,5,Prevalence,193,Botswana,3,Both,27,Age-standardized,558,Mental disorders,2,Percent,2002,0.1086355274301021,0.1179530218956463,0.0984761835390531
1,All Population,5,Prevalence,193,Botswana,3,Both,27,Age-standardized,558,Mental disorders,3,Rate,2002,10700.82886810968,11628.98270782395,9721.42067037838
1,All Population,5,Prevalence,179,Ethiopia,3,Both,27,Age-standardized,558,Mental disorders,2,Percent,2002,0.116680019535034,0.1267232330160184,0.106916898453939
1,All Population,5,Prevalence,179,Ethiopia,3,Both,27,Age-standardized,558,Mental disorders,3,Rate,2002,11621.28295081976,12610.0022887845,10645.49857915883
1,All Population,5,Prevalence,60,Lithuania,3,Both,27,Age-standardized,558,Mental disorders,2,Percent,2003,0.1192855458220944,0.1324221788652115,0.1071949587309372
1,All Population,5,Prevalence,60,Lithuania,3,Both,27,Age-standardized,558,Mental disorders,3,Rate,2003,11380.18169515304,12625.83047453962,10213.44612601703
1,All Population,5,Prevalence,105,Antigua and Barbuda,3,Both,27,Age-standardized,558,Mental disorders,2,Percent,2003,0.14331359178189,0.1562152283383857,0.1305118519888964
1,All Population,5,Prevalence,105,Antigua and Barbuda,3,Both,27,Age-standardized,558,Mental disorders,3,Rate,2003,13919.021173270321,15155.261037539181,12691.555649016938
1,All Population,5,Prevalence,90,Norway,3,Both,27,Age-standardized,558,Mental disorders,2,Percent,2003,0.1376655302602365,0.1533598459808044,0.1241552289041027
1,All Population,5,Prevalence,90,Norway,3,Both,27,Age-standardized,558,Mental disorders,3,Rate,2003,12636.398127894448,14085.333342978809,11407.12368438196
1,All Population,5,Prevalence,67,Japan,3,Both,27,Age-standardized,558,Mental disorders,2,Percent,2003,0.1195526918973763,0.1312446124691885,0.1081943479674365
1,All Population,5,Prevalence,67,Japan,3,Both,27,Age-standardized,558,Mental disorders,3,Rate,2003,10932.22155680932,12041.499316977359,9893.31701598144
1,All Population,5,Prevalence,99,Uruguay,3,Both,27,Age-standardized,558,Mental disorders,2,Percent,2003,0.1479462463168339,0.163118340366197,0.1349439628153347
1,All Population,5,Prevalence,99,Uruguay,3,Both,27,Age-standardized,558,Mental disorders,3,Rate,2003,13969.392378641809,15419.55358471918,12710.41157870579
1,All Population,5,Prevalence,164,Nepal,3,Both,27,Age-standardized,558,Mental disorders,2,Percent,2002,0.1038033410591287,0.1141372107030825,0.0938799982522459
1,All Population,5,Prevalence,164,Nepal,3,Both,27,Age-standardized,558,Mental disorders,3,Rate,2002,10263.04317786607,11279.307341337879,9283.97007312808
1,All Population,5,Prevalence,110,Dominica,3,Both,27,Age-standardized,558,Mental disorders,2,Percent,2002,0.1412761727434307,0.1545402599082823,0.1282921138352432
1,All Population,5,Prevalence,110,Dominica,3,Both,27,Age-standardized,558,Mental disorders,3,Rate,2002,13692.339775030148,14918.09343952876,12461.482398657401
1,All Population,5,Prevalence,18,Thailand,3,Both,27,Age-standardized,558,Mental disorders,2,Percent,2003,0.0858038734133731,0.0939352229296089,0.0775198112415605
1,All Population,5,Prevalence,18,Thailand,3,Both,27,Age-standardized,558,Mental disorders,3,Rate,2003,8319.1672347388,9103.5860079719,7533.74229475597
1,All Population,5,Prevalence,216,Senegal,3,Both,27,Age-standardized,558,Mental disorders,2,Percent,2002,0.1139242209952623,0.1237309853638674,0.1035967572210461
1,All Population,5,Prevalence,216,Senegal,3,Both,27,Age-standardized,558,Mental disorders,3,Rate,2002,11330.54530147395,12303.481679681889,10309.752830747471
1,All Population,5,Prevalence,349,Greenland,3,Both,27,Age-standardized,558,Mental disorders,2,Percent,2002,0.1626176047092461,0.1758272514461839,0.1512628925625207
1,All Population,5,Prevalence,349,Greenland,3,Both,27,Age-standardized,558,Mental disorders,3,Rate,2002,15150.937569924088,16355.022211664038,14094.10214261661
1,All Population,5,Prevalence,44,Bosnia and Herzegovina,3,Both,27,Age-standardized,558,Mental disorders,2,Percent,2003,0.1211654759085509,0.1350824889729821,0.1077580426341689
1,All Population,5,Prevalence,44,Bosnia and Herzegovina,3,Both,27,Age-standardized,558,Mental disorders,3,Rate,2003,11638.07765856651,12952.54949798895,10337.40883770342
1,All Population,5,Prevalence,43,Albania,3,Both,27,Age-standardized,558,Mental disorders,2,Percent,2003,0.1122865840907859,0.1243944978550806,0.1004575265572874
1,All Population,5,Prevalence,43,Albania,3,Both,27,Age-standardized,558,Mental disorders,3,Rate,2003,10831.904901915,12043.27352408535,9715.72116113826
1,All Population,5,Prevalence,82,Greece,3,Both,27,Age-standardized,558,Mental disorders,2,Percent,2003,0.1519846952278421,0.1675684619873116,0.138310525185747
1,All Population,5,Prevalence,82,Greece,3,Both,27,Age-standardized,558,Mental disorders,3,Rate,2003,14126.205991795821,15560.767211218628,12860.032570887159
1,All Population,5,Prevalence,59,Latvia,3,Both,27,Age-standardized,558,Mental disorders,2,Percent,2003,0.1177750316901919,0.1285771506074839,0.1086180140614924
1,All Population,5,Prevalence,59,Latvia,3,Both,27,Age-standardized,558,Mental disorders,3,Rate,2003,11036.26909421914,12027.02161974122,10176.151132184901
1,All Population,5,Prevalence,181,Madagascar,3,Both,27,Age-standardized,558,Mental disorders,2,Percent,2002,0.1065266740530286,0.1160158010293211,0.0972138913119062
1,All Population,5,Prevalence,181,Madagascar,3,Both,27,Age-standardized,558,Mental disorders,3,Rate,2002,10603.6245673464,11545.009742115759,9676.77107706681
1,All Population,5,Prevalence,210,Liberia,3,Both,27,Age-standardized,558,Mental disorders,2,Percent,2002,0.1269335949917544,0.1381052242415141,0.115786571321416
1,All Population,5,Prevalence,210,Liberia,3,Both,27,Age-standardized,558,Mental disorders,3,Rate,2002,12664.7645596678,13784.95990387936,11559.010985700981
1,All Population,5,Prevalence,195,Namibia,3,Both,27,Age-standardized,558,Mental disorders,2,Percent,2002,0.1023617891992525,0.1115228388379122,0.0930309637900733
1,All Population,5,Prevalence,195,Namibia,3,Both,27,Age-standardized,558,Mental disorders,3,Rate,2002,10073.51856071723,10943.63809534296,9157.36118092688
1,All Population,5,Prevalence,422,United States Virgin Islands,3,Both,27,Age-standardized,558,Mental disorders,2,Percent,2002,0.1411696661351965,0.1543648229281722,0.1282019787441721
1,All Population,5,Prevalence,422,United States Virgin Islands,3,Both,27,Age-standardized,558,Mental disorders,3,Rate,2002,13517.349234680021,14757.25488323876,12345.441599990161
1,All Population,5,Prevalence,75,Austria,3,Both,27,Age-standardized,558,Mental disorders,2,Percent,2003,0.1284659948129954,0.1440367627118439,0.1152163276061166
1,All Population,5,Prevalence,75,Austria,3,Both,27,Age-standardized,558,Mental disorders,3,Rate,2003,11845.54305154286,13224.10769529445,10664.04839599819
1,All Population,5,Prevalence,111,Dominican Republic,3,Both,27,Age-standardized,558,Mental disorders,2,Percent,2002,0.1516801738601048,0.1657012396375686,0.1375918460594963
1,All Population,5,Prevalence,111,Dominican Republic,3,Both,27,Age-standardized,558,Mental disorders,3,Rate,2002,14804.11320343916,16160.876551980142,13413.53428841787
1,All Population,5,Prevalence,127,El Salvador,3,Both,27,Age-standardized,558,Mental disorders,2,Percent,2002,0.1129280986545832,0.1214331796724878,0.1038491841718762
1,All Population,5,Prevalence,127,El Salvador,3,Both,27,Age-standardized,558,Mental disorders,3,Rate,2002,10984.54536300791,11818.45999703659,10098.32331816706
1,All Population,5,Prevalence,58,Estonia,3,Both,27,Age-standardized,558,Mental disorders,2,Percent,2003,0.1133652849651699,0.1242935556567979,0.1031026171973544
1,All Population,5,Prevalence,58,Estonia,3,Both,27,Age-standardized,558,Mental disorders,3,Rate,2003,10600.55944642159,11607.29626267115,9635.28335209586
1,All Population,5,Prevalence,369,Nauru,3,Both,27,Age-standardized,558,Mental disorders,2,Percent,2002,0.0962451611857501,0.1071619002433897,0.0853076745454197
1,All Population,5,Prevalence,369,Nauru,3,Both,27,Age-standardized,558,Mental disorders,3,Rate,2002,9441.8593239323,10510.571826013911,8352.80853406298
1,All Population,5,Prevalence,26,Papua New Guinea,3,Both,27,Age-standardized,558,Mental disorders,2,Percent,2003,0.096388422616682,0.1071341849172813,0.0848861513132796
1,All Population,5,Prevalence,26,Papua New Guinea,3,Both,27,Age-standardized,558,Mental disorders,3,Rate,2003,9586.25097006207,10658.36702615323,8445.1389060664
1,All Population,5,Prevalence,69,Singapore,3,Both,27,Age-standardized,558,Mental disorders,2,Percent,2003,0.1078531721857857,0.1192488147748807,0.0981483034472336
1,All Population,5,Prevalence,69,Singapore,3,Both,27,Age-standardized,558,Mental disorders,3,Rate,2003,9761.92266204571,10775.08646393424,8887.89978384397
1,All Population,5,Prevalence,88,Malta,3,Both,27,Age-standardized,558,Mental disorders,2,Percent,2003,0.140631063473751,0.1511380448586111,0.132209351479026
1,All Population,5,Prevalence,88,Malta,3,Both,27,Age-standardized,558,Mental disorders,3,Rate,2003,12946.99523392804,13865.64461504039,12177.47471099917
1,All Population,5,Prevalence,122,Ecuador,3,Both,27,Age-standardized,558,Mental disorders,2,Percent,2003,0.1388817490482583,0.1517687862680624,0.1255330402486243
1,All Population,5,Prevalence,122,Ecuador,3,Both,27,Age-standardized,558,Mental disorders,3,Rate,2003,13574.21869142615,14791.870978873769,12275.76919130684
1,All Population,5,Prevalence,139,Algeria,3,Both,27,Age-standardized,558,Mental disorders,2,Percent,2003,0.1370707725660656,0.1469527819936793,0.1266449343050084
1,All Population,5,Prevalence,139,Algeria,3,Both,27,Age-standardized,558,Mental disorders,3,Rate,2003,13256.129088964879,14233.129734324939,12296.83764612954
1,All Population,5,Prevalence,107,Barbados,3,Both,27,Age-standardized,558,Mental disorders,2,Percent,2003,0.1436907288023456,0.1568823419515158,0.1307708754202688
1,All Population,5,Prevalence,107,Barbados,3,Both,27,Age-standardized,558,Mental disorders,3,Rate,2003,13870.137740875622,15107.828152237451,12650.936382363958
1,All Population,5,Prevalence,62,Russian Federation,3,Both,27,Age-standardized,558,Mental disorders,2,Percent,2003,0.1153361328991849,0.1258909520231101,0.1051298878118362
1,All Population,5,Prevalence,62,Russian Federation,3,Both,27,Age-standardized,558,Mental disorders,3,Rate,2003,10909.09550860556,11930.63743642013,9914.77400399272
1,All Population,5,Prevalence,101,Canada,3,Both,27,Age-standardized,558,Mental disorders,2,Percent,2003,0.143657364384167,0.1571197979124704,0.1310374603059568
1,All Population,5,Prevalence,101,Canada,3,Both,27,Age-standardized,558,Mental disorders,3,Rate,2003,13291.926499222809,14520.44380125479,12159.97564560689
1,All Population,5,Prevalence,91,Portugal,3,Both,27,Age-standardized,558,Mental disorders,2,Percent,2003,0.1725631418300789,0.1931502460212051,0.1547100112596368
1,All Population,5,Prevalence,91,Portugal,3,Both,27,Age-standardized,558,Mental disorders,3,Rate,2003,15929.288553216269,17798.63780830051,14239.92706963641
1,All Population,5,Prevalence,74,Andorra,3,Both,27,Age-standardized,558,Mental disorders,2,Percent,2003,0.135584936516674,0.1451969905582354,0.1270671968465153
1,All Population,5,Prevalence,74,Andorra,3,Both,27,Age-standardized,558,Mental disorders,3,Rate,2003,12418.56410773662,13274.020223349638,11654.148651343781
1,All Population,5,Prevalence,80,France,3,Both,27,Age-standardized,558,Mental disorders,2,Percent,2002,0.1586969879706758,0.1731985686517761,0.1452462904135394
1,All Population,5,Prevalence,80,France,3,Both,27,Age-standardized,558,Mental disorders,3,Rate,2002,14403.602830814369,15687.923260310168,13189.60760051923
1,All Population,5,Prevalence,76,Belgium,3,Both,27,Age-standardized,558,Mental disorders,2,Percent,2003,0.1398690400696435,0.1546865894156975,0.126984947162205
1,All Population,5,Prevalence,76,Belgium,3,Both,27,Age-standardized,558,Mental disorders,3,Rate,2003,12756.331958749912,14126.12859090368,11597.56145978578
1,All Population,5,Prevalence,112,Grenada,3,Both,27,Age-standardized,558,Mental disorders,2,Percent,2003,0.1412785396883354,0.1541340984158272,0.1288188098344874
1,All Population,5,Prevalence,112,Grenada,3,Both,27,Age-standardized,558,Mental disorders,3,Rate,2003,13731.944850115422,14943.681219085538,12525.611563592609
1,All Population,5,Prevalence,212,Mauritania,3,Both,27,Age-standardized,558,Mental disorders,2,Percent,2002,0.1046678799306338,0.1136049759985745,0.0954347307452034
1,All Population,5,Prevalence,212,Mauritania,3,Both,27,Age-standardized,558,Mental disorders,3,Rate,2002,10350.49232208454,11250.458675352811,9445.32476746504
1,All Population,5,Prevalence,114,Haiti,3,Both,27,Age-standardized,558,Mental disorders,2,Percent,2003,0.1409964804944103,0.1533532309047439,0.1274546678963662
1,All Population,5,Prevalence,114,Haiti,3,Both,27,Age-standardized,558,Mental disorders,3,Rate,2003,13959.865539234708,15159.541309786839,12641.328523440328
1,All Population,5,Prevalence,84,Ireland,3,Both,27,Age-standardized,558,Mental disorders,2,Percent,2003,0.1435678242648634,0.1568033449775609,0.1310648058733595
1,All Population,5,Prevalence,84,Ireland,3,Both,27,Age-standardized,558,Mental disorders,3,Rate,2003,13263.297239294661,14554.94926131401,12136.22726753897
1,All Population,5,Prevalence,133,Venezuela (Bolivarian Republic of),3,Both,27,Age-standardized,558,Mental disorders,2,Percent,2003,0.1259001940321689,0.1381416952646612,0.1136205350119277
1,All Population,5,Prevalence,133,Venezuela (Bolivarian Republic of),3,Both,27,Age-standardized,558,Mental disorders,3,Rate,2003,12311.78229103624,13491.55498679299,11115.15557482768
1,All Population,5,Prevalence,376,Northern Mariana Islands,3,Both,27,Age-standardized,558,Mental disorders,2,Percent,2002,0.098732334618875,0.1095855736208604,0.0876020380147709
1,All Population,5,Prevalence,376,Northern Mariana Islands,3,Both,27,Age-standardized,558,Mental disorders,3,Rate,2002,9469.190249382451,10535.93984459427,8385.06927508457
1,All Population,5,Prevalence,15,Myanmar,3,Both,27,Age-standardized,558,Mental disorders,2,Percent,2003,0.0821146914833547,0.0906790038476393,0.0743474946558661
1,All Population,5,Prevalence,15,Myanmar,3,Both,27,Age-standardized,558,Mental disorders,3,Rate,2003,8147.0787160543305,8984.382732069069,7367.978770448271
1,All Population,5,Prevalence,30,Vanuatu,3,Both,27,Age-standardized,558,Mental disorders,2,Percent,2003,0.0955174322126908,0.105899850799673,0.0841894969931855
1,All Population,5,Prevalence,30,Vanuatu,3,Both,27,Age-standardized,558,Mental disorders,3,Rate,2003,9469.95499037796,10512.8355385898,8355.18403608438
1,All Population,5,Prevalence,143,Iraq,3,Both,27,Age-standardized,558,Mental disorders,2,Percent,2003,0.1335007170592846,0.1434309230755426,0.1215698847659535
1,All Population,5,Prevalence,143,Iraq,3,Both,27,Age-standardized,558,Mental disorders,3,Rate,2003,13025.8072066856,13987.80366467113,11862.15851232009
1,All Population,5,Prevalence,154,Tunisia,3,Both,27,Age-standardized,558,Mental disorders,2,Percent,2003,0.1429502776780343,0.152957383432255,0.1318006637123854
1,All Population,5,Prevalence,154,Tunisia,3,Both,27,Age-standardized,558,Mental disorders,3,Rate,2003,13723.95133817268,14739.4947103287,12627.207173760979
1,All Population,5,Prevalence,77,Cyprus,3,Both,27,Age-standardized,558,Mental disorders,2,Percent,2003,0.1359352775363489,0.1454128197815681,0.1274868385988435
1,All Population,5,Prevalence,77,Cyprus,3,Both,27,Age-standardized,558,Mental disorders,3,Rate,2003,12606.71688285441,13482.1868131176,11822.0847028532
1,All Population,5,Prevalence,20,Viet Nam,3,Both,27,Age-standardized,558,Mental disorders,2,Percent,2002,0.0748521575843781,0.0820281094055127,0.0678908585683745
1,All Population,5,Prevalence,20,Viet Nam,3,Both,27,Age-standardized,558,Mental disorders,3,Rate,2002,7413.08064659779,8123.39665333862,6724.822037742791
1,All Population,5,Prevalence,136,Paraguay,3,Both,27,Age-standardized,558,Mental disorders,2,Percent,2003,0.1524613857918858,0.1649703874373473,0.1403296716783236
1,All Population,5,Prevalence,136,Paraguay,3,Both,27,Age-standardized,558,Mental disorders,3,Rate,2003,14832.12636281035,16057.528861526629,13670.146109353578
1,All Population,5,Prevalence,106,Bahamas,3,Both,27,Age-standardized,558,Mental disorders,2,Percent,2003,0.1440696961013508,0.1570648190006851,0.1313291323872172
1,All Population,5,Prevalence,106,Bahamas,3,Both,27,Age-standardized,558,Mental disorders,3,Rate,2003,13929.856755951581,15169.02304874991,12711.98150618002
1,All Population,5,Prevalence,151,Qatar,3,Both,27,Age-standardized,558,Mental disorders,2,Percent,2003,0.115832136660491,0.124844603175587,0.1051284424062301
1,All Population,5,Prevalence,151,Qatar,3,Both,27,Age-standardized,558,Mental disorders,3,Rate,2003,11112.80388716813,11987.779118740049,10115.13671208868
1,All Population,5,Prevalence,170,Congo,3,Both,27,Age-standardized,558,Mental disorders,2,Percent,2003,0.1355835919726299,0.1483637787374214,0.1213606688458666
1,All Population,5,Prevalence,170,Congo,3,Both,27,Age-standardized,558,Mental disorders,3,Rate,2003,13501.48190872129,14778.59555512484,12106.58232237187
1,All Population,5,Prevalence,123,Peru,3,Both,27,Age-standardized,558,Mental disorders,2,Percent,2003,0.1537989979334947,0.1680146905090641,0.1396546438264835
1,All Population,5,Prevalence,123,Peru,3,Both,27,Age-standardized,558,Mental disorders,3,Rate,2003,15104.16690540857,16488.70076455224,13713.483530363548
1,All Population,5,Prevalence,168,Angola,3,Both,27,Age-standardized,558,Mental disorders,2,Percent,2003,0.1450740345972364,0.1603257910056954,0.1286243991671033
1,All Population,5,Prevalence,168,Angola,3,Both,27,Age-standardized,558,Mental disorders,3,Rate,2003,14451.50204783394,15972.111992802229,12808.66666588
1,All Population,5,Prevalence,47,Czechia,3,Both,27,Age-standardized,558,Mental disorders,2,Percent,2003,0.1218208800533528,0.1348395677975366,0.1080727292911132
1,All Population,5,Prevalence,47,Czechia,3,Both,27,Age-standardized,558,Mental disorders,3,Rate,2003,11526.49946871361,12731.864072687778,10223.6507774132
1,All Population,5,Prevalence,182,Malawi,3,Both,27,Age-standardized,558,Mental disorders,2,Percent,2003,0.1053006035285934,0.1149094723015934,0.0960119810464456
1,All Population,5,Prevalence,182,Malawi,3,Both,27,Age-standardized,558,Mental disorders,3,Rate,2003,10447.616014068819,11397.94810327145,9521.8910694117
1,All Population,5,Prevalence,198,Zimbabwe,3,Both,27,Age-standardized,558,Mental disorders,2,Percent,2003,0.1156554424602174,0.1264577224794777,0.1033691602976727
1,All Population,5,Prevalence,198,Zimbabwe,3,Both,27,Age-standardized,558,Mental disorders,3,Rate,2003,11310.44335852924,12399.31658287207,10097.56070468066
1,All Population,5,Prevalence,169,Central African Republic,3,Both,27,Age-standardized,558,Mental disorders,2,Percent,2003,0.1365279406745595,0.1514331458219139,0.121002654894697
1,All Population,5,Prevalence,169,Central African Republic,3,Both,27,Age-standardized,558,Mental disorders,3,Rate,2003,13638.46899712762,15125.75386410908,12087.406843527
1,All Population,5,Prevalence,146,Lebanon,3,Both,27,Age-standardized,558,Mental disorders,2,Percent,2003,0.1489908722476182,0.1627029392774041,0.1368538435576197
1,All Population,5,Prevalence,146,Lebanon,3,Both,27,Age-standardized,558,Mental disorders,3,Rate,2003,14331.14915270993,15588.61000553059,13179.405030053029
1,All Population,5,Prevalence,35,Georgia,3,Both,27,Age-standardized,558,Mental disorders,2,Percent,2003,0.1159458060312265,0.1271516228000342,0.1056604890806105
1,All Population,5,Prevalence,35,Georgia,3,Both,27,Age-standardized,558,Mental disorders,3,Rate,2003,11103.02128454952,12194.00748146332,10079.6927487454
1,All Population,5,Prevalence,16,Philippines,3,Both,27,Age-standardized,558,Mental disorders,2,Percent,2003,0.0857778244624865,0.0939620315821287,0.0784472719298948
1,All Population,5,Prevalence,16,Philippines,3,Both,27,Age-standardized,558,Mental disorders,3,Rate,2003,8372.6483387847,9180.62403933249,7653.36413752265
1,All Population,5,Prevalence,215,Sao Tome and Principe,3,Both,27,Age-standardized,558,Mental disorders,2,Percent,2003,0.1154516697029358,0.1251219031886243,0.1057785473676413
1,All Population,5,Prevalence,215,Sao Tome and Principe,3,Both,27,Age-standardized,558,Mental disorders,3,Rate,2003,11516.55236403272,12491.63272823705,10563.07289544913
1,All Population,5,Prevalence,66,Brunei Darussalam,3,Both,27,Age-standardized,558,Mental disorders,2,Percent,2003,0.1148557804499212,0.1261004289082661,0.1045468352202124
1,All Population,5,Prevalence,66,Brunei Darussalam,3,Both,27,Age-standardized,558,Mental disorders,3,Rate,2003,10709.257631727789,11716.625378602399,9772.89872392559
1,All Population,5,Prevalence,202,Cameroon,3,Both,27,Age-standardized,558,Mental disorders,2,Percent,2003,0.1219096681874669,0.1327568309491167,0.111460477127603
1,All Population,5,Prevalence,202,Cameroon,3,Both,27,Age-standardized,558,Mental disorders,3,Rate,2003,12146.75909990047,13236.05879796112,11108.2675474349
1,All Population,5,Prevalence,393,Saint Kitts and Nevis,3,Both,27,Age-standardized,558,Mental disorders,2,Percent,2003,0.1435148661981673,0.1564020102182488,0.130332273534002
1,All Population,5,Prevalence,393,Saint Kitts and Nevis,3,Both,27,Age-standardized,558,Mental disorders,3,Rate,2003,13800.760921729841,15020.93062904665,12567.990258900649
1,All Population,5,Prevalence,92,Spain,3,Both,27,Age-standardized,558,Mental disorders,2,Percent,2003,0.1460283278828406,0.1583602807816883,0.1340969446500801
1,All Population,5,Prevalence,92,Spain,3,Both,27,Age-standardized,558,Mental disorders,3,Rate,2003,13429.909854471469,14551.228020070308,12336.68092017571
1,All Population,5,Prevalence,79,Finland,3,Both,27,Age-standardized,558,Mental disorders,2,Percent,2003,0.1221811602284949,0.1344664525032555,0.1106172044417687
1,All Population,5,Prevalence,79,Finland,3,Both,27,Age-standardized,558,Mental disorders,3,Rate,2003,11252.735791611509,12308.26146643032,10257.24792516696
1,All Population,5,Prevalence,298,American Samoa,3,Both,27,Age-standardized,558,Mental disorders,2,Percent,2003,0.0997593195082771,0.1110123039700717,0.0884006750134156
1,All Population,5,Prevalence,298,American Samoa,3,Both,27,Age-standardized,558,Mental disorders,3,Rate,2003,9613.42067559539,10711.78674705732,8512.08077847775
1,All Population,5,Prevalence,161,Bangladesh,3,Both,27,Age-standardized,558,Mental disorders,2,Percent,2003,0.1145140829430829,0.1272414204286755,0.1014630970336977
1,All Population,5,Prevalence,161,Bangladesh,3,Both,27,Age-standardized,558,Mental disorders,3,Rate,2003,11277.7666923274,12539.215682223052,9991.06037397671
1,All Population,5,Prevalence,176,Comoros,3,Both,27,Age-standardized,558,Mental disorders,2,Percent,2003,0.1088510173546944,0.1191209144527906,0.0987157503585134
1,All Population,5,Prevalence,176,Comoros,3,Both,27,Age-standardized,558,Mental disorders,3,Rate,2003,10720.99226216298,11735.45079496119,9735.38091146264
1,All Population,5,Prevalence,180,Kenya,3,Both,27,Age-standardized,558,Mental disorders,2,Percent,2003,0.1068920940462757,0.1167125784832232,0.0977906772317902
1,All Population,5,Prevalence,180,Kenya,3,Both,27,Age-standardized,558,Mental disorders,3,Rate,2003,10570.80018480707,11523.19975177543,9649.28153781532
1,All Population,5,Prevalence,71,Australia,3,Both,27,Age-standardized,558,Mental disorders,2,Percent,2003,0.1755227164886541,0.188800015997008,0.1646137071763542
1,All Population,5,Prevalence,71,Australia,3,Both,27,Age-standardized,558,Mental disorders,3,Rate,2003,16085.89206862333,17267.54333899595,15172.122298094559
1,All Population,5,Prevalence,201,Burkina Faso,3,Both,27,Age-standardized,558,Mental disorders,2,Percent,2003,0.1268051732855427,0.1380172765699613,0.1154036374448022
1,All Population,5,Prevalence,201,Burkina Faso,3,Both,27,Age-standardized,558,Mental disorders,3,Rate,2003,12665.486034536161,13789.76862748583,11525.05398761584
1,All Population,5,Prevalence,20,Viet Nam,3,Both,27,Age-standardized,558,Mental disorders,2,Percent,2003,0.0759895741560796,0.0830180951544372,0.0690317716982173
1,All Population,5,Prevalence,20,Viet Nam,3,Both,27,Age-standardized,558,Mental disorders,3,Rate,2003,7521.762824740929,8217.03062063218,6831.059403004259
1,All Population,5,Prevalence,218,Togo,3,Both,27,Age-standardized,558,Mental disorders,2,Percent,2002,0.1343912775247194,0.158151716470358,0.1157279594472034
1,All Population,5,Prevalence,218,Togo,3,Both,27,Age-standardized,558,Mental disorders,3,Rate,2002,13415.779642275429,15788.83303055787,11553.77427841235
1,All Population,5,Prevalence,129,Honduras,3,Both,27,Age-standardized,558,Mental disorders,2,Percent,2003,0.1108914566334434,0.1198581902069815,0.1021710852102491
1,All Population,5,Prevalence,129,Honduras,3,Both,27,Age-standardized,558,Mental disorders,3,Rate,2003,10903.85899433911,11768.86213239143,10038.836933529321
1,All Population,5,Prevalence,194,Lesotho,3,Both,27,Age-standardized,558,Mental disorders,2,Percent,2003,0.1018286847751472,0.1104185634896739,0.092238450763512
1,All Population,5,Prevalence,194,Lesotho,3,Both,27,Age-standardized,558,Mental disorders,3,Rate,2003,10141.4451888704,10999.05172125442,9203.27726288608
1,All Population,5,Prevalence,207,Ghana,3,Both,27,Age-standardized,558,Mental disorders,2,Percent,2003,0.1188213144648957,0.1284732188636701,0.1077587555075041
1,All Population,5,Prevalence,207,Ghana,3,Both,27,Age-standardized,558,Mental disorders,3,Rate,2003,11824.44327420964,12784.930569086338,10728.94715874622
1,All Population,5,Prevalence,116,Saint Lucia,3,Both,27,Age-standardized,558,Mental disorders,2,Percent,2003,0.1430085103928781,0.1559367248184616,0.1298505528749688
1,All Population,5,Prevalence,116,Saint Lucia,3,Both,27,Age-standardized,558,Mental disorders,3,Rate,2003,13871.71995778111,15109.1944087726,12618.6175167768
1,All Population,5,Prevalence,46,Croatia,3,Both,27,Age-standardized,558,Mental disorders,2,Percent,2003,0.1241196819004141,0.1383917052945714,0.1103240464228051
1,All Population,5,Prevalence,46,Croatia,3,Both,27,Age-standardized,558,Mental disorders,3,Rate,2003,11867.98835348684,13209.281403627629,10556.24878854172
1,All Population,5,Prevalence,112,Grenada,3,Both,27,Age-standardized,558,Mental disorders,2,Percent,2002,0.1407121268378426,0.1536639091380084,0.128198792285573
1,All Population,5,Prevalence,112,Grenada,3,Both,27,Age-standardized,558,Mental disorders,3,Rate,2002,13685.9808501928,14918.85974063446,12475.37171631152
1,All Population,5,Prevalence,183,Mauritius,3,Both,27,Age-standardized,558,Mental disorders,2,Percent,2003,0.0935364118190286,0.1044726924368609,0.0841215545532974
1,All Population,5,Prevalence,183,Mauritius,3,Both,27,Age-standardized,558,Mental disorders,3,Rate,2003,9100.667514828601,10170.64858911315,8157.373582992949
1,All Population,5,Prevalence,121,Bolivia (Plurinational State of),3,Both,27,Age-standardized,558,Mental disorders,2,Percent,2003,0.1481121948546797,0.1623669532491858,0.1334072274237365
1,All Population,5,Prevalence,121,Bolivia (Plurinational State of),3,Both,27,Age-standardized,558,Mental disorders,3,Rate,2003,14437.628838342558,15816.93097861321,12994.442525512659
1,All Population,5,Prevalence,172,Equatorial Guinea,3,Both,27,Age-standardized,558,Mental disorders,2,Percent,2003,0.1317078787262895,0.1454844396867043,0.1174892454886551
1,All Population,5,Prevalence,172,Equatorial Guinea,3,Both,27,Age-standardized,558,Mental disorders,3,Rate,2003,13027.23316507426,14395.80480138988,11644.002589622989
1,All Population,5,Prevalence,218,Togo,3,Both,27,Age-standardized,558,Mental disorders,2,Percent,2003,0.1339567133791025,0.1572443255293249,0.1156236943564475
1,All Population,5,Prevalence,218,Togo,3,Both,27,Age-standardized,558,Mental disorders,3,Rate,2003,13372.624091997739,15700.25522877812,11545.11221911682
1,All Population,5,Prevalence,135,Brazil,3,Both,27,Age-standardized,558,Mental disorders,2,Percent,2003,0.1614833588438721,0.1726839179086606,0.1496142252743066
1,All Population,5,Prevalence,135,Brazil,3,Both,27,Age-standardized,558,Mental disorders,3,Rate,2003,15699.88315146823,16802.91141367006,14547.261412493708
1,All Population,5,Prevalence,17,Sri Lanka,3,Both,27,Age-standardized,558,Mental disorders,2,Percent,2003,0.0853819018161188,0.0942877069380132,0.0768868826810817
1,All Population,5,Prevalence,17,Sri Lanka,3,Both,27,Age-standardized,558,Mental disorders,3,Rate,2003,8309.51383601688,9164.535524698731,7481.186822288891
1,All Population,5,Prevalence,141,Egypt,3,Both,27,Age-standardized,558,Mental disorders,2,Percent,2003,0.1351626402397807,0.1468446532657047,0.1226756455661743
1,All Population,5,Prevalence,141,Egypt,3,Both,27,Age-standardized,558,Mental disorders,3,Rate,2003,13207.457850569252,14338.35348476624,11973.92220976143
1,All Population,5,Prevalence,109,Cuba,3,Both,27,Age-standardized,558,Mental disorders,2,Percent,2003,0.1565747566062846,0.1710661165583728,0.1420177226200348
1,All Population,5,Prevalence,109,Cuba,3,Both,27,Age-standardized,558,Mental disorders,3,Rate,2003,15269.63457406996,16680.228734065968,13881.342915392761
1,All Population,5,Prevalence,156,United Arab Emirates,3,Both,27,Age-standardized,558,Mental disorders,2,Percent,2003,0.1162973358220115,0.1274254198968009,0.1048532557723991
1,All Population,5,Prevalence,156,United Arab Emirates,3,Both,27,Age-standardized,558,Mental disorders,3,Rate,2003,11189.808057503691,12273.602287586451,10083.40240963163
1,All Population,5,Prevalence,126,Costa Rica,3,Both,27,Age-standardized,558,Mental disorders,2,Percent,2003,0.1210344347394105,0.1303291101215719,0.1115703003885993
1,All Population,5,Prevalence,126,Costa Rica,3,Both,27,Age-standardized,558,Mental disorders,3,Rate,2003,11613.30236764803,12469.8565372894,10719.73518552612
1,All Population,5,Prevalence,34,Azerbaijan,3,Both,27,Age-standardized,558,Mental disorders,2,Percent,2003,0.114017674384848,0.126585271995492,0.1034017340975724
1,All Population,5,Prevalence,34,Azerbaijan,3,Both,27,Age-standardized,558,Mental disorders,3,Rate,2003,11038.5597558621,12293.21626959541,10004.44654883726
1,All Population,5,Prevalence,25,Micronesia (Federated States of),3,Both,27,Age-standardized,558,Mental disorders,2,Percent,2003,0.0961827672745848,0.1068643862276996,0.0850876505713278
1,All Population,5,Prevalence,25,Micronesia (Federated States of),3,Both,27,Age-standardized,558,Mental disorders,3,Rate,2003,9473.174162276291,10512.732997282339,8369.18135290036
1,All Population,5,Prevalence,148,Morocco,3,Both,27,Age-standardized,558,Mental disorders,2,Percent,2003,0.1306648569784004,0.1399999000071535,0.1210660107673843
1,All Population,5,Prevalence,148,Morocco,3,Both,27,Age-standardized,558,Mental disorders,3,Rate,2003,12710.87341824109,13605.230612622909,11821.061510012989
1,All Population,5,Prevalence,6,China,3,Both,27,Age-standardized,558,Mental disorders,2,Percent,2003,0.1168756727186242,0.1267896875815401,0.1077243310398868
1,All Population,5,Prevalence,6,China,3,Both,27,Age-standardized,558,Mental disorders,3,Rate,2003,11221.23737749866,12188.46424065934,10324.9922661418
1,All Population,5,Prevalence,374,Niue,3,Both,27,Age-standardized,558,Mental disorders,2,Percent,2003,0.0985670803854017,0.1090591145051331,0.0871651508633193
1,All Population,5,Prevalence,374,Niue,3,Both,27,Age-standardized,558,Mental disorders,3,Rate,2003,9482.84067607705,10512.317151211919,8386.403794171949
1,All Population,5,Prevalence,214,Nigeria,3,Both,27,Age-standardized,558,Mental disorders,2,Percent,2003,0.1114395061964033,0.1213140451545007,0.1022684231991537
1,All Population,5,Prevalence,214,Nigeria,3,Both,27,Age-standardized,558,Mental disorders,3,Rate,2003,11105.66946837159,12085.07601983486,10192.088496831859
1,All Population,5,Prevalence,61,Republic of Moldova,3,Both,27,Age-standardized,558,Mental disorders,2,Percent,2003,0.117056071850502,0.1289862214418231,0.1064303162191591
1,All Population,5,Prevalence,61,Republic of Moldova,3,Both,27,Age-standardized,558,Mental disorders,3,Rate,2003,11096.872910763419,12191.29825993823,10073.84258999668
1,All Population,5,Prevalence,305,Bermuda,3,Both,27,Age-standardized,558,Mental disorders,2,Percent,2003,0.1469221719242013,0.160324990308738,0.1340548689300326
1,All Population,5,Prevalence,305,Bermuda,3,Both,27,Age-standardized,558,Mental disorders,3,Rate,2003,14062.31244870479,15301.727040376281,12851.54878998933
1,All Population,5,Prevalence,38,Mongolia,3,Both,27,Age-standardized,558,Mental disorders,2,Percent,2003,0.1073118066761872,0.1188802101756255,0.0976015143739919
1,All Population,5,Prevalence,38,Mongolia,3,Both,27,Age-standardized,558,Mental disorders,3,Rate,2003,10409.81591463947,11534.572558354459,9450.194697593579
1,All Population,5,Prevalence,163,India,3,Both,27,Age-standardized,558,Mental disorders,2,Percent,2003,0.1111377358649259,0.1252516491281248,0.0996980810527479
1,All Population,5,Prevalence,163,India,3,Both,27,Age-standardized,558,Mental disorders,3,Rate,2003,10997.97800453723,12396.86059856553,9873.618812316041
1,All Population,5,Prevalence,196,South Africa,3,Both,27,Age-standardized,558,Mental disorders,2,Percent,2003,0.1117665195365649,0.1204870727864679,0.1026907428546315
1,All Population,5,Prevalence,196,South Africa,3,Both,27,Age-standardized,558,Mental disorders,3,Rate,2003,11073.02874535708,11922.88073809156,10157.267042401261
1,All Population,5,Prevalence,81,Germany,3,Both,27,Age-standardized,558,Mental disorders,2,Percent,2003,0.1377268234599056,0.1487251663129442,0.1274915022084332
1,All Population,5,Prevalence,81,Germany,3,Both,27,Age-standardized,558,Mental disorders,3,Rate,2003,12594.689156165408,13593.64103841099,11693.583595837059
1,All Population,5,Prevalence,152,Saudi Arabia,3,Both,27,Age-standardized,558,Mental disorders,2,Percent,2003,0.1388986962175553,0.1551545196691052,0.1231498489579223
1,All Population,5,Prevalence,152,Saudi Arabia,3,Both,27,Age-standardized,558,Mental disorders,3,Rate,2003,13521.74762750295,15118.42524082021,11976.97158834596
1,All Population,5,Prevalence,422,United States Virgin Islands,3,Both,27,Age-standardized,558,Mental disorders,2,Percent,2003,0.1418211631753932,0.1546807835688065,0.1291387881367212
1,All Population,5,Prevalence,422,United States Virgin Islands,3,Both,27,Age-standardized,558,Mental disorders,3,Rate,2003,13572.973168902088,14820.23734021272,12416.07754905176
1,All Population,5,Prevalence,125,Colombia,3,Both,27,Age-standardized,558,Mental disorders,2,Percent,2003,0.1163415437775988,0.1245268039673353,0.1078649260302178
1,All Population,5,Prevalence,125,Colombia,3,Both,27,Age-standardized,558,Mental disorders,3,Rate,2003,11211.90649721381,11999.84404480185,10377.65541443695
1,All Population,5,Prevalence,93,Sweden,3,Both,27,Age-standardized,558,Mental disorders,2,Percent,2003,0.1302951477689666,0.1400247366679951,0.1216770538318362
1,All Population,5,Prevalence,93,Sweden,3,Both,27,Age-standardized,558,Mental disorders,3,Rate,2003,11984.94947901396,12824.3641297772,11147.73717789672
1,All Population,5,Prevalence,27,Samoa,3,Both,27,Age-standardized,558,Mental disorders,2,Percent,2003,0.0966014246177402,0.1069304125817851,0.0856255955044012
1,All Population,5,Prevalence,27,Samoa,3,Both,27,Age-standardized,558,Mental disorders,3,Rate,2003,9429.99837213428,10445.424602828989,8353.484488779759
1,All Population,5,Prevalence,200,Benin,3,Both,27,Age-standardized,558,Mental disorders,2,Percent,2003,0.1281737836852204,0.1398705312213954,0.1169365457812628
1,All Population,5,Prevalence,200,Benin,3,Both,27,Age-standardized,558,Mental disorders,3,Rate,2003,12774.93045749798,13947.7584407698,11656.64562744449
1,All Population,5,Prevalence,184,Mozambique,3,Both,27,Age-standardized,558,Mental disorders,2,Percent,2003,0.1208275631222842,0.1319931689244551,0.1094504322097445
1,All Population,5,Prevalence,184,Mozambique,3,Both,27,Age-standardized,558,Mental disorders,3,Rate,2003,12053.02581256993,13165.703996163,10915.51651302631
1,All Population,5,Prevalence,108,Belize,3,Both,27,Age-standardized,558,Mental disorders,2,Percent,2003,0.1342628239034383,0.1462761143177064,0.1222416731200514
1,All Population,5,Prevalence,108,Belize,3,Both,27,Age-standardized,558,Mental disorders,3,Rate,2003,13127.09909301523,14268.22019623089,11956.483265859071
1,All Population,5,Prevalence,23,Kiribati,3,Both,27,Age-standardized,558,Mental disorders,2,Percent,2003,0.0983465453090548,0.1098915479334099,0.0864007132456209
1,All Population,5,Prevalence,23,Kiribati,3,Both,27,Age-standardized,558,Mental disorders,3,Rate,2003,9769.004481311611,10917.04237022374,8583.52497760991
1,All Population,5,Prevalence,78,Denmark,3,Both,27,Age-standardized,558,Mental disorders,2,Percent,2003,0.1269350055497574,0.1344943295354921,0.1190372190010181
1,All Population,5,Prevalence,78,Denmark,3,Both,27,Age-standardized,558,Mental disorders,3,Rate,2003,11580.57896800948,12278.49992658787,10837.19380867138
1,All Population,5,Prevalence,51,Poland,3,Both,27,Age-standardized,558,Mental disorders,2,Percent,2003,0.1125209384960146,0.1242406138818881,0.1017319902765396
1,All Population,5,Prevalence,51,Poland,3,Both,27,Age-standardized,558,Mental disorders,3,Rate,2003,10672.9891557685,11803.07352427054,9614.641182143401
1,All Population,5,Prevalence,8,Taiwan,3,Both,27,Age-standardized,558,Mental disorders,2,Percent,2003,0.0928342492590843,0.1003617586613059,0.0852273724044215
1,All Population,5,Prevalence,8,Taiwan,3,Both,27,Age-standardized,558,Mental disorders,3,Rate,2003,8785.36466965371,9483.156688378649,8051.34524661771
1,All Population,5,Prevalence,72,New Zealand,3,Both,27,Age-standardized,558,Mental disorders,2,Percent,2003,0.1915506116824133,0.2070825724936793,0.1772926521790477
1,All Population,5,Prevalence,72,New Zealand,3,Both,27,Age-standardized,558,Mental disorders,3,Rate,2003,17635.41090007848,19118.69561923181,16300.984233260022
1,All Population,5,Prevalence,178,Eritrea,3,Both,27,Age-standardized,558,Mental disorders,2,Percent,2003,0.1112373905396316,0.121150169681162,0.1016759251351965
1,All Population,5,Prevalence,178,Eritrea,3,Both,27,Age-standardized,558,Mental disorders,3,Rate,2003,10982.14731493273,11928.43942077264,10048.2750952891
1,All Population,5,Prevalence,435,South Sudan,3,Both,27,Age-standardized,558,Mental disorders,2,Percent,2003,0.1149780705357796,0.1250877439486556,0.1050947511744576
1,All Population,5,Prevalence,435,South Sudan,3,Both,27,Age-standardized,558,Mental disorders,3,Rate,2003,11417.76012284913,12415.1623699867,10445.7747832526
1,All Population,5,Prevalence,171,Democratic Republic of the Congo,3,Both,27,Age-standardized,558,Mental disorders,2,Percent,2003,0.1284301879275899,0.1432984770484892,0.1136746806772079
1,All Population,5,Prevalence,171,Democratic Republic of the Congo,3,Both,27,Age-standardized,558,Mental disorders,3,Rate,2003,12836.059148320588,14318.63072042345,11362.82184052569
1,All Population,5,Prevalence,131,Nicaragua,3,Both,27,Age-standardized,558,Mental disorders,2,Percent,2003,0.1202216704967544,0.1293584851488123,0.1111325488379419
1,All Population,5,Prevalence,131,Nicaragua,3,Both,27,Age-standardized,558,Mental disorders,3,Rate,2003,11737.92546996966,12623.94874320219,10847.982388675979
1,All Population,5,Prevalence,118,Suriname,3,Both,27,Age-standardized,558,Mental disorders,2,Percent,2003,0.1389048411656054,0.1515150328377027,0.1264064964951968
1,All Population,5,Prevalence,118,Suriname,3,Both,27,Age-standardized,558,Mental disorders,3,Rate,2003,13602.41727317453,14802.25965636165,12412.99406657248
1,All Population,5,Prevalence,385,Puerto Rico,3,Both,27,Age-standardized,558,Mental disorders,2,Percent,2003,0.154944221300536,0.1672045679259614,0.1436375621264408
1,All Population,5,Prevalence,385,Puerto Rico,3,Both,27,Age-standardized,558,Mental disorders,3,Rate,2003,14790.42365110913,15949.65650414964,13680.36542035913
1,All Population,5,Prevalence,140,Bahrain,3,Both,27,Age-standardized,558,Mental disorders,2,Percent,2003,0.1388678185078155,0.1482317236802743,0.1290801761611966
1,All Population,5,Prevalence,140,Bahrain,3,Both,27,Age-standardized,558,Mental disorders,3,Rate,2003,13591.9929142798,14554.05110475142,12630.00914418723
1,All Population,5,Prevalence,413,Tokelau,3,Both,27,Age-standardized,558,Mental disorders,2,Percent,2003,0.0973029524389595,0.1077575877786627,0.0859549448424228
1,All Population,5,Prevalence,413,Tokelau,3,Both,27,Age-standardized,558,Mental disorders,3,Rate,2003,9477.29454819024,10499.497696210421,8375.26781954722
1,All Population,5,Prevalence,320,Cook Islands,3,Both,27,Age-standardized,558,Mental disorders,2,Percent,2003,0.0990191396442364,0.1095210428535486,0.0878148562805378
1,All Population,5,Prevalence,320,Cook Islands,3,Both,27,Age-standardized,558,Mental disorders,3,Rate,2003,9507.147555478141,10532.99031662668,8425.52425045634
1,All Population,5,Prevalence,209,Guinea-Bissau,3,Both,27,Age-standardized,558,Mental disorders,2,Percent,2003,0.1173924604610808,0.1271931306726757,0.1073154508106861
1,All Population,5,Prevalence,209,Guinea-Bissau,3,Both,27,Age-standardized,558,Mental disorders,3,Rate,2003,11707.98223647699,12703.597398625261,10702.64340034206
1,All Population,5,Prevalence,367,Monaco,3,Both,27,Age-standardized,558,Mental disorders,2,Percent,2003,0.1374032258438367,0.1473202032864149,0.1285307505853571
1,All Population,5,Prevalence,367,Monaco,3,Both,27,Age-standardized,558,Mental disorders,3,Rate,2003,12563.857603233591,13459.65598033114,11795.15478170118
1,All Population,5,Prevalence,153,Syrian Arab Republic,3,Both,27,Age-standardized,558,Mental disorders,2,Percent,2003,0.1577338224974386,0.1731477492837818,0.1410725790244607
1,All Population,5,Prevalence,153,Syrian Arab Republic,3,Both,27,Age-standardized,558,Mental disorders,3,Rate,2003,15332.67152913533,16842.39418889498,13694.51360680293
1,All Population,5,Prevalence,40,Turkmenistan,3,Both,27,Age-standardized,558,Mental disorders,2,Percent,2003,0.101944021608543,0.113229513108439,0.0919776827404508
1,All Population,5,Prevalence,40,Turkmenistan,3,Both,27,Age-standardized,558,Mental disorders,3,Rate,2003,9774.50072404466,10837.15143582822,8826.40956350841
1,All Population,5,Prevalence,150,Oman,3,Both,27,Age-standardized,558,Mental disorders,2,Percent,2003,0.1269023814895456,0.1372973703326426,0.1161867107287626
1,All Population,5,Prevalence,150,Oman,3,Both,27,Age-standardized,558,Mental disorders,3,Rate,2003,12394.99653086688,13393.73147450244,11387.35541550739
1,All Population,5,Prevalence,380,Palau,3,Both,27,Age-standardized,558,Mental disorders,2,Percent,2003,0.0985487280122603,0.1093797363446546,0.0872556490566718
1,All Population,5,Prevalence,380,Palau,3,Both,27,Age-standardized,558,Mental disorders,3,Rate,2003,9522.14686978706,10579.01832439257,8425.766846387569
1,All Population,5,Prevalence,53,Serbia,3,Both,27,Age-standardized,558,Mental disorders,2,Percent,2003,0.125139692329305,0.1393694603952025,0.1111025945547124
1,All Population,5,Prevalence,53,Serbia,3,Both,27,Age-standardized,558,Mental disorders,3,Rate,2003,12056.722334564041,13415.53666136343,10691.23561349765
1,All Population,5,Prevalence,165,Pakistan,3,Both,27,Age-standardized,558,Mental disorders,2,Percent,2003,0.1152156034740907,0.1270008341450162,0.1050870937251408
1,All Population,5,Prevalence,165,Pakistan,3,Both,27,Age-standardized,558,Mental disorders,3,Rate,2003,11253.58096582713,12387.428109676479,10289.9267357217
1,All Population,5,Prevalence,144,Jordan,3,Both,27,Age-standardized,558,Mental disorders,2,Percent,2003,0.1302127760391893,0.1402278336489615,0.1194413832191227
1,All Population,5,Prevalence,144,Jordan,3,Both,27,Age-standardized,558,Mental disorders,3,Rate,2003,12542.58554392014,13542.27001141928,11501.68630818128
1,All Population,5,Prevalence,217,Sierra Leone,3,Both,27,Age-standardized,558,Mental disorders,2,Percent,2003,0.1259098552135479,0.1369692170209901,0.1144398109144123
1,All Population,5,Prevalence,217,Sierra Leone,3,Both,27,Age-standardized,558,Mental disorders,3,Rate,2003,12566.21077553301,13680.2839672895,11426.163704931321
1,All Population,5,Prevalence,19,Timor-Leste,3,Both,27,Age-standardized,558,Mental disorders,2,Percent,2003,0.0855019941242023,0.0952736310896816,0.0766564594079376
1,All Population,5,Prevalence,19,Timor-Leste,3,Both,27,Age-standardized,558,Mental disorders,3,Rate,2003,8484.023761102411,9454.07616452982,7608.6378509108
1,All Population,5,Prevalence,94,Switzerland,3,Both,27,Age-standardized,558,Mental disorders,2,Percent,2003,0.1608820837875164,0.1775100133511609,0.147072402579674
1,All Population,5,Prevalence,94,Switzerland,3,Both,27,Age-standardized,558,Mental disorders,3,Rate,2003,14745.711742638989,16240.16907602131,13469.3152030944
1,All Population,5,Prevalence,204,Chad,3,Both,27,Age-standardized,558,Mental disorders,2,Percent,2003,0.1273202266678637,0.1382245323750149,0.1147741219546084
1,All Population,5,Prevalence,204,Chad,3,Both,27,Age-standardized,558,Mental disorders,3,Rate,2003,12694.561290060921,13767.76737416123,11438.23028416504
1,All Population,5,Prevalence,85,Israel,3,Both,27,Age-standardized,558,Mental disorders,2,Percent,2003,0.1363569919351602,0.1477642781893368,0.1245341971731013
1,All Population,5,Prevalence,85,Israel,3,Both,27,Age-standardized,558,Mental disorders,3,Rate,2003,12667.53176578079,13783.746657786949,11570.219448989621
1,All Population,5,Prevalence,29,Tonga,3,Both,27,Age-standardized,558,Mental disorders,2,Percent,2003,0.1094673680061164,0.1275745782612836,0.0924823747155298
1,All Population,5,Prevalence,29,Tonga,3,Both,27,Age-standardized,558,Mental disorders,3,Rate,2003,10637.63418308692,12387.69972575734,8991.54998963006
1,All Population,5,Prevalence,10,Cambodia,3,Both,27,Age-standardized,558,Mental disorders,2,Percent,2003,0.0892641974873689,0.0975980712070561,0.0811591630107689
1,All Population,5,Prevalence,10,Cambodia,3,Both,27,Age-standardized,558,Mental disorders,3,Rate,2003,8846.70607705976,9669.99910002289,8025.19986433287
1,All Population,5,Prevalence,68,Republic of Korea,3,Both,27,Age-standardized,558,Mental disorders,2,Percent,2003,0.1202723709375406,0.1308609442037451,0.1105896298207869
1,All Population,5,Prevalence,68,Republic of Korea,3,Both,27,Age-standardized,558,Mental disorders,3,Rate,2003,11216.03177467764,12253.91664176597,10321.955921680661
1,All Population,5,Prevalence,98,Chile,3,Both,27,Age-standardized,558,Mental disorders,2,Percent,2003,0.1540465149266303,0.1717758843469462,0.1383162946203554
1,All Population,5,Prevalence,98,Chile,3,Both,27,Age-standardized,558,Mental disorders,3,Rate,2003,14730.073513540028,16384.26352226333,13210.051162471651
1,All Population,5,Prevalence,211,Mali,3,Both,27,Age-standardized,558,Mental disorders,2,Percent,2003,0.1137118739804231,0.1231354726132562,0.1034703842913235
1,All Population,5,Prevalence,211,Mali,3,Both,27,Age-standardized,558,Mental disorders,3,Rate,2003,11341.23097364916,12292.20891111345,10321.10491186556
1,All Population,5,Prevalence,55,Slovenia,3,Both,27,Age-standardized,558,Mental disorders,2,Percent,2003,0.1277690680706583,0.1424938092223586,0.1134315456831141
1,All Population,5,Prevalence,55,Slovenia,3,Both,27,Age-standardized,558,Mental disorders,3,Rate,2003,12067.73554800977,13445.89027608158,10726.03997305488
1,All Population,5,Prevalence,111,Dominican Republic,3,Both,27,Age-standardized,558,Mental disorders,2,Percent,2003,0.1522698092833409,0.1663364966388331,0.1380102932688063
1,All Population,5,Prevalence,111,Dominican Republic,3,Both,27,Age-standardized,558,Mental disorders,3,Rate,2003,14854.07212200239,16222.2726178358,13477.328750587469
1,All Population,5,Prevalence,186,Seychelles,3,Both,27,Age-standardized,558,Mental disorders,2,Percent,2003,0.0805426208496412,0.0877039429347659,0.0735057656392147
1,All Population,5,Prevalence,186,Seychelles,3,Both,27,Age-standardized,558,Mental disorders,3,Rate,2003,7762.81275525315,8449.512239019099,7119.43085991674
1,All Population,5,Prevalence,351,Guam,3,Both,27,Age-standardized,558,Mental disorders,2,Percent,2003,0.0995321250808782,0.1099888993263549,0.0883820471941099
1,All Population,5,Prevalence,351,Guam,3,Both,27,Age-standardized,558,Mental disorders,3,Rate,2003,9521.52199425128,10557.4057527293,8446.49854812065
1,All Population,5,Prevalence,173,Gabon,3,Both,27,Age-standardized,558,Mental disorders,2,Percent,2003,0.1309722488790641,0.1439924436423279,0.1172308031370491
1,All Population,5,Prevalence,173,Gabon,3,Both,27,Age-standardized,558,Mental disorders,3,Rate,2003,13016.32447540543,14314.134240464171,11658.72119393647
1,All Population,5,Prevalence,203,Cabo Verde,3,Both,27,Age-standardized,558,Mental disorders,2,Percent,2003,0.1183750666319749,0.12823405099861,0.1082308963230979
1,All Population,5,Prevalence,203,Cabo Verde,3,Both,27,Age-standardized,558,Mental disorders,3,Rate,2003,11525.80742841603,12492.446781657569,10542.04715978709
1,All Population,5,Prevalence,48,Hungary,3,Both,27,Age-standardized,558,Mental disorders,2,Percent,2003,0.1169699741988742,0.129786371530604,0.1054077196565392
1,All Population,5,Prevalence,48,Hungary,3,Both,27,Age-standardized,558,Mental disorders,3,Rate,2003,11144.42674007407,12331.3548835574,10039.1336659023
1,All Population,5,Prevalence,185,Rwanda,3,Both,27,Age-standardized,558,Mental disorders,2,Percent,2003,0.1046833682630892,0.1136707331521879,0.0957290354731952
1,All Population,5,Prevalence,185,Rwanda,3,Both,27,Age-standardized,558,Mental disorders,3,Rate,2003,10367.08583927767,11257.65423196978,9480.03151370586
1,All Population,5,Prevalence,119,Trinidad and Tobago,3,Both,27,Age-standardized,558,Mental disorders,2,Percent,2003,0.1339991463191011,0.1459082149193694,0.121824474773503
1,All Population,5,Prevalence,119,Trinidad and Tobago,3,Both,27,Age-standardized,558,Mental disorders,3,Rate,2003,12938.504412072798,14043.469092422889,11777.53910305428
1,All Population,5,Prevalence,87,Luxembourg,3,Both,27,Age-standardized,558,Mental disorders,2,Percent,2003,0.1367359166611001,0.1456706814169674,0.1282019814380527
1,All Population,5,Prevalence,87,Luxembourg,3,Both,27,Age-standardized,558,Mental disorders,3,Rate,2003,12526.873910308239,13354.74061031072,11790.89568792666
1,All Population,5,Prevalence,63,Ukraine,3,Both,27,Age-standardized,558,Mental disorders,2,Percent,2003,0.1220371657769627,0.1349239924041595,0.1101270280079499
1,All Population,5,Prevalence,63,Ukraine,3,Both,27,Age-standardized,558,Mental disorders,3,Rate,2003,11521.25311741141,12771.31142507742,10422.22308612822
1,All Population,5,Prevalence,12,Lao People's Democratic Republic,3,Both,27,Age-standardized,558,Mental disorders,2,Percent,2003,0.0794314403223235,0.0889669027311611,0.0708867514531097
1,All Population,5,Prevalence,12,Lao People's Democratic Republic,3,Both,27,Age-standardized,558,Mental disorders,3,Rate,2003,7839.52349165446,8773.72476851075,6989.084759609799
1,All Population,5,Prevalence,36,Kazakhstan,3,Both,27,Age-standardized,558,Mental disorders,2,Percent,2003,0.0977673160007766,0.1081366263680124,0.0887062853622608
1,All Population,5,Prevalence,36,Kazakhstan,3,Both,27,Age-standardized,558,Mental disorders,3,Rate,2003,9432.596538468251,10448.3589250358,8528.236290493809
1,All Population,5,Prevalence,57,Belarus,3,Both,27,Age-standardized,558,Mental disorders,2,Percent,2003,0.1153855415043465,0.126916029439593,0.1053690300817852
1,All Population,5,Prevalence,57,Belarus,3,Both,27,Age-standardized,558,Mental disorders,3,Rate,2003,10854.377878271,11952.64761255926,9836.88674405926
1,All Population,5,Prevalence,102,United States of America,3,Both,27,Age-standardized,558,Mental disorders,2,Percent,2003,0.1706254459091657,0.1816718908298336,0.1610892000428543
1,All Population,5,Prevalence,102,United States of America,3,Both,27,Age-standardized,558,Mental disorders,3,Rate,2003,15559.963439781648,16577.29381898494,14714.41814398162
1,All Population,5,Prevalence,213,Niger,3,Both,27,Age-standardized,558,Mental disorders,2,Percent,2003,0.1074170921308649,0.1166041358754685,0.0984377687804593
1,All Population,5,Prevalence,213,Niger,3,Both,27,Age-standardized,558,Mental disorders,3,Rate,2003,10722.26205949238,11650.57157259043,9828.98056485321
1,All Population,5,Prevalence,522,Sudan,3,Both,27,Age-standardized,558,Mental disorders,2,Percent,2003,0.1324298526225216,0.1426823064381855,0.1210947536121955
1,All Population,5,Prevalence,522,Sudan,3,Both,27,Age-standardized,558,Mental disorders,3,Rate,2003,13136.81962492696,14177.937623314529,12047.57587182129
1,All Population,5,Prevalence,216,Senegal,3,Both,27,Age-standardized,558,Mental disorders,2,Percent,2003,0.1142795504626703,0.1239637339240345,0.1039450635316087
1,All Population,5,Prevalence,216,Senegal,3,Both,27,Age-standardized,558,Mental disorders,3,Rate,2003,11361.76461979345,12336.64527334442,10342.41006928959
1,All Population,5,Prevalence,127,El Salvador,3,Both,27,Age-standardized,558,Mental disorders,2,Percent,2003,0.1134357560013637,0.1219839506842735,0.1044891772626502
1,All Population,5,Prevalence,127,El Salvador,3,Both,27,Age-standardized,558,Mental disorders,3,Rate,2003,11017.87353886918,11849.38484738338,10146.61068026895
1,All Population,5,Prevalence,89,Netherlands,3,Both,27,Age-standardized,558,Mental disorders,2,Percent,2003,0.1626639471746399,0.1738685711221557,0.1527642874718933
1,All Population,5,Prevalence,89,Netherlands,3,Both,27,Age-standardized,558,Mental disorders,3,Rate,2003,15464.901424147858,16525.44961297894,14500.16326794262
1,All Population,5,Prevalence,349,Greenland,3,Both,27,Age-standardized,558,Mental disorders,2,Percent,2003,0.162757948148377,0.176228626948854,0.151264180109084
1,All Population,5,Prevalence,349,Greenland,3,Both,27,Age-standardized,558,Mental disorders,3,Rate,2003,15156.72609720663,16363.555654074169,14090.702661336429
1,All Population,5,Prevalence,189,United Republic of Tanzania,3,Both,27,Age-standardized,558,Mental disorders,2,Percent,2003,0.1027881425312805,0.1115698139593889,0.0937160521596935
1,All Population,5,Prevalence,189,United Republic of Tanzania,3,Both,27,Age-standardized,558,Mental disorders,3,Rate,2003,10228.41188557058,11103.924962959589,9323.08726429012
1,All Population,5,Prevalence,113,Guyana,3,Both,27,Age-standardized,558,Mental disorders,2,Percent,2003,0.1372638256042862,0.1496228238053052,0.1247656982517391
1,All Population,5,Prevalence,113,Guyana,3,Both,27,Age-standardized,558,Mental disorders,3,Rate,2003,13463.97132445122,14672.32515380086,12242.61828340125
1,All Population,5,Prevalence,80,France,3,Both,27,Age-standardized,558,Mental disorders,2,Percent,2003,0.1590805635955629,0.173678164144899,0.1457695399055728
1,All Population,5,Prevalence,80,France,3,Both,27,Age-standardized,558,Mental disorders,3,Rate,2003,14430.862176322558,15709.840805541811,13207.609267501819
1,All Population,5,Prevalence,83,Iceland,3,Both,27,Age-standardized,558,Mental disorders,2,Percent,2003,0.1380196748252281,0.1471954564871516,0.1293574114954847
1,All Population,5,Prevalence,83,Iceland,3,Both,27,Age-standardized,558,Mental disorders,3,Rate,2003,12782.973305523621,13655.07850646825,11960.39734700925
1,All Population,5,Prevalence,396,San Marino,3,Both,27,Age-standardized,558,Mental disorders,2,Percent,2003,0.1375931716559755,0.1475912549220079,0.1294232529232374
1,All Population,5,Prevalence,396,San Marino,3,Both,27,Age-standardized,558,Mental disorders,3,Rate,2003,12593.96747328588,13475.178414008122,11833.48116464277
1,All Population,5,Prevalence,95,United Kingdom,3,Both,27,Age-standardized,558,Mental disorders,2,Percent,2003,0.1563182610850333,0.1684999894549942,0.1451613535968354
1,All Population,5,Prevalence,95,United Kingdom,3,Both,27,Age-standardized,558,Mental disorders,3,Rate,2003,14260.827998281438,15297.59600071299,13248.229499704988
1,All Population,5,Prevalence,132,Panama,3,Both,27,Age-standardized,558,Mental disorders,2,Percent,2003,0.1077398728252068,0.1159288895199865,0.0987408370906021
1,All Population,5,Prevalence,132,Panama,3,Both,27,Age-standardized,558,Mental disorders,3,Rate,2003,10372.297161776201,11196.80566380003,9521.11582251197
1,All Population,5,Prevalence,110,Dominica,3,Both,27,Age-standardized,558,Mental disorders,2,Percent,2003,0.1417441442284293,0.1548118457815011,0.1288865558951907
1,All Population,5,Prevalence,110,Dominica,3,Both,27,Age-standardized,558,Mental disorders,3,Rate,2003,13734.70556308991,14947.15204418517,12509.77446547752
1,All Population,5,Prevalence,142,Iran (Islamic Republic of),3,Both,27,Age-standardized,558,Mental disorders,2,Percent,2003,0.1781540869824773,0.1922242462278266,0.1626347551334634
1,All Population,5,Prevalence,142,Iran (Islamic Republic of),3,Both,27,Age-standardized,558,Mental disorders,3,Rate,2003,17329.93440926324,18677.99748408774,15878.15380381789
1,All Population,5,Prevalence,19,Timor-Leste,3,Both,27,Age-standardized,558,Mental disorders,2,Percent,2004,0.084551535984973,0.0942034964883593,0.0756676394603521
1,All Population,5,Prevalence,19,Timor-Leste,3,Both,27,Age-standardized,558,Mental disorders,3,Rate,2004,8386.5648418071,9341.372099381031,7505.737084431779
1,All Population,5,Prevalence,145,Kuwait,3,Both,27,Age-standardized,558,Mental disorders,2,Percent,2003,0.1276361757552358,0.1364384034035473,0.1189469641346324
1,All Population,5,Prevalence,145,Kuwait,3,Both,27,Age-standardized,558,Mental disorders,3,Rate,2003,12092.43120373053,12964.14642763836,11283.74243435083
1,All Population,5,Prevalence,155,Türkiye,3,Both,27,Age-standardized,558,Mental disorders,2,Percent,2003,0.13460148767736,0.1463315425190736,0.1234541119502135
1,All Population,5,Prevalence,155,Türkiye,3,Both,27,Age-standardized,558,Mental disorders,3,Rate,2003,13061.12247875242,14212.08134267025,11992.20613340857
1,All Population,5,Prevalence,115,Jamaica,3,Both,27,Age-standardized,558,Mental disorders,2,Percent,2003,0.1286424305334388,0.1405919988356069,0.1167757547166752
1,All Population,5,Prevalence,115,Jamaica,3,Both,27,Age-standardized,558,Mental disorders,3,Rate,2003,12554.04150870181,13674.95164948096,11420.31653890274
1,All Population,5,Prevalence,45,Bulgaria,3,Both,27,Age-standardized,558,Mental disorders,2,Percent,2004,0.1120978393815026,0.1242324380809571,0.1008569037986751
1,All Population,5,Prevalence,45,Bulgaria,3,Both,27,Age-standardized,558,Mental disorders,3,Rate,2004,10719.90337297664,11882.84470782349,9671.230649245561
1,All Population,5,Prevalence,97,Argentina,3,Both,27,Age-standardized,558,Mental disorders,2,Percent,2003,0.1445182748536427,0.1619906190825439,0.1296027772351089
1,All Population,5,Prevalence,97,Argentina,3,Both,27,Age-standardized,558,Mental disorders,3,Rate,2003,13694.80439997469,15351.487535866328,12277.20849823049
1,All Population,5,Prevalence,13,Malaysia,3,Both,27,Age-standardized,558,Mental disorders,2,Percent,2004,0.0833289072922007,0.0908424165835518,0.0760774530046878
1,All Population,5,Prevalence,13,Malaysia,3,Both,27,Age-standardized,558,Mental disorders,3,Rate,2004,8054.106359004811,8764.58207640877,7349.29422728237
1,All Population,5,Prevalence,66,Brunei Darussalam,3,Both,27,Age-standardized,558,Mental disorders,2,Percent,2004,0.1154309119759305,0.1269353648712071,0.1050521608441053
1,All Population,5,Prevalence,66,Brunei Darussalam,3,Both,27,Age-standardized,558,Mental disorders,3,Rate,2004,10753.827401963199,11783.09861496155,9805.04793581163
1,All Population,5,Prevalence,187,Somalia,3,Both,27,Age-standardized,558,Mental disorders,2,Percent,2003,0.1073665951302051,0.1167597583338691,0.0980498081702605
1,All Population,5,Prevalence,187,Somalia,3,Both,27,Age-standardized,558,Mental disorders,3,Rate,2003,10726.55613256106,11663.34658823264,9786.32633896695
1,All Population,5,Prevalence,205,Côte d'Ivoire,3,Both,27,Age-standardized,558,Mental disorders,2,Percent,2003,0.1189043468397918,0.129004976536679,0.108027865378274
1,All Population,5,Prevalence,205,Côte d'Ivoire,3,Both,27,Age-standardized,558,Mental disorders,3,Rate,2003,11840.21578970789,12856.71672954958,10760.074364712
1,All Population,5,Prevalence,416,Tuvalu,3,Both,27,Age-standardized,558,Mental disorders,2,Percent,2003,0.0967274276620841,0.107325031110517,0.0851250177170538
1,All Population,5,Prevalence,416,Tuvalu,3,Both,27,Age-standardized,558,Mental disorders,3,Rate,2003,9490.044627532181,10510.833153000269,8366.81078075783
1,All Population,5,Prevalence,47,Czechia,3,Both,27,Age-standardized,558,Mental disorders,2,Percent,2004,0.1230328415728273,0.1358546844342364,0.1094222593505342
1,All Population,5,Prevalence,47,Czechia,3,Both,27,Age-standardized,558,Mental disorders,3,Rate,2004,11638.186378064811,12846.857194273962,10304.27385329079
1,All Population,5,Prevalence,128,Guatemala,3,Both,27,Age-standardized,558,Mental disorders,2,Percent,2003,0.1208366294975869,0.1301055705377252,0.1114857808132908
1,All Population,5,Prevalence,128,Guatemala,3,Both,27,Age-standardized,558,Mental disorders,3,Rate,2003,11863.350444363981,12750.25530508539,10954.59965069556
1,All Population,5,Prevalence,77,Cyprus,3,Both,27,Age-standardized,558,Mental disorders,2,Percent,2004,0.1365825994442189,0.1462918104829296,0.1279904189369135
1,All Population,5,Prevalence,77,Cyprus,3,Both,27,Age-standardized,558,Mental disorders,3,Rate,2004,12656.298987398859,13551.67058142783,11845.72229830737
1,All Population,5,Prevalence,50,Montenegro,3,Both,27,Age-standardized,558,Mental disorders,2,Percent,2003,0.1243907256033362,0.138744075981551,0.1105092762180379
1,All Population,5,Prevalence,50,Montenegro,3,Both,27,Age-standardized,558,Mental disorders,3,Rate,2003,11797.41403997055,13173.13793759273,10440.98841833955
1,All Population,5,Prevalence,34,Azerbaijan,3,Both,27,Age-standardized,558,Mental disorders,2,Percent,2004,0.1142051997261043,0.1269827193812515,0.1030677915208619
1,All Population,5,Prevalence,34,Azerbaijan,3,Both,27,Age-standardized,558,Mental disorders,3,Rate,2004,11043.41678006353,12293.26980931103,9987.41502145848
1,All Population,5,Prevalence,90,Norway,3,Both,27,Age-standardized,558,Mental disorders,2,Percent,2004,0.1380675499086452,0.1533895131183837,0.1245448412337081
1,All Population,5,Prevalence,90,Norway,3,Both,27,Age-standardized,558,Mental disorders,3,Rate,2004,12675.251746002681,14102.702004900488,11417.80797192894
1,All Population,5,Prevalence,60,Lithuania,3,Both,27,Age-standardized,558,Mental disorders,2,Percent,2004,0.1195700920831885,0.1324231419767457,0.1074969730872308
1,All Population,5,Prevalence,60,Lithuania,3,Both,27,Age-standardized,558,Mental disorders,3,Rate,2004,11400.07584221555,12629.573887395309,10229.25930812104
1,All Population,5,Prevalence,49,North Macedonia,3,Both,27,Age-standardized,558,Mental disorders,2,Percent,2004,0.1146037888031944,0.1276756932117913,0.1023614442668375
1,All Population,5,Prevalence,49,North Macedonia,3,Both,27,Age-standardized,558,Mental disorders,3,Rate,2004,10924.07762244292,12164.55492891384,9749.185054983329
1,All Population,5,Prevalence,191,Zambia,3,Both,27,Age-standardized,558,Mental disorders,2,Percent,2003,0.1079860482333713,0.1176125242634757,0.0985405367942075
1,All Population,5,Prevalence,191,Zambia,3,Both,27,Age-standardized,558,Mental disorders,3,Rate,2003,10765.49244380861,11725.63011360675,9817.26674708954
1,All Population,5,Prevalence,160,Afghanistan,3,Both,27,Age-standardized,558,Mental disorders,2,Percent,2003,0.1290475466311411,0.1386477776359567,0.1191766928573316
1,All Population,5,Prevalence,160,Afghanistan,3,Both,27,Age-standardized,558,Mental disorders,3,Rate,2003,12873.325295531191,13829.346902058951,11870.498158876799
1,All Population,5,Prevalence,179,Ethiopia,3,Both,27,Age-standardized,558,Mental disorders,2,Percent,2003,0.1160032081155433,0.1257821969670239,0.1064157012517972
1,All Population,5,Prevalence,179,Ethiopia,3,Both,27,Age-standardized,558,Mental disorders,3,Rate,2003,11551.09953212593,12517.038562280139,10585.92932860561
1,All Population,5,Prevalence,157,Yemen,3,Both,27,Age-standardized,558,Mental disorders,2,Percent,2003,0.1339753511944438,0.1438402798263342,0.1225520156842413
1,All Population,5,Prevalence,157,Yemen,3,Both,27,Age-standardized,558,Mental disorders,3,Rate,2003,13319.228883848418,14310.98671454418,12178.90906932934
1,All Population,5,Prevalence,147,Libya,3,Both,27,Age-standardized,558,Mental disorders,2,Percent,2003,0.1359334166618082,0.1449048669814814,0.125769545047075
1,All Population,5,Prevalence,147,Libya,3,Both,27,Age-standardized,558,Mental disorders,3,Rate,2003,13176.79161657683,14114.01758331092,12253.53409814256
1,All Population,5,Prevalence,15,Myanmar,3,Both,27,Age-standardized,558,Mental disorders,2,Percent,2004,0.0824358254265905,0.0913846158016759,0.074492547072434
1,All Population,5,Prevalence,15,Myanmar,3,Both,27,Age-standardized,558,Mental disorders,3,Rate,2004,8168.28520196336,9047.21840340507,7405.199097715449
1,All Population,5,Prevalence,28,Solomon Islands,3,Both,27,Age-standardized,558,Mental disorders,2,Percent,2004,0.098455981517106,0.1094323022068378,0.0864227152762376
1,All Population,5,Prevalence,28,Solomon Islands,3,Both,27,Age-standardized,558,Mental disorders,3,Rate,2004,9716.27679039445,10800.87367628746,8540.66873705576
1,All Population,5,Prevalence,79,Finland,3,Both,27,Age-standardized,558,Mental disorders,2,Percent,2004,0.1227167217494479,0.1350450639153962,0.111500728835737
1,All Population,5,Prevalence,79,Finland,3,Both,27,Age-standardized,558,Mental disorders,3,Rate,2004,11298.40015558862,12348.45646542253,10294.41354435489
1,All Population,5,Prevalence,190,Uganda,3,Both,27,Age-standardized,558,Mental disorders,2,Percent,2003,0.1101895597645358,0.1199748073936994,0.1000700365564641
1,All Population,5,Prevalence,190,Uganda,3,Both,27,Age-standardized,558,Mental disorders,3,Rate,2003,10985.952774839141,11964.06958825151,9981.45705563268
1,All Population,5,Prevalence,62,Russian Federation,3,Both,27,Age-standardized,558,Mental disorders,2,Percent,2004,0.1153934196225566,0.1258918351963246,0.1052134629388723
1,All Population,5,Prevalence,62,Russian Federation,3,Both,27,Age-standardized,558,Mental disorders,3,Rate,2004,10904.8821061049,11929.454168107879,9925.55013218669
1,All Population,5,Prevalence,126,Costa Rica,3,Both,27,Age-standardized,558,Mental disorders,2,Percent,2004,0.1213310663266804,0.1304799175254435,0.1122743495487023
1,All Population,5,Prevalence,126,Costa Rica,3,Both,27,Age-standardized,558,Mental disorders,3,Rate,2004,11633.44848935901,12475.57441310706,10754.27738607765
1,All Population,5,Prevalence,105,Antigua and Barbuda,3,Both,27,Age-standardized,558,Mental disorders,2,Percent,2004,0.1437768904011272,0.1567698722613951,0.1304846709274895
1,All Population,5,Prevalence,105,Antigua and Barbuda,3,Both,27,Age-standardized,558,Mental disorders,3,Rate,2004,13956.580479079108,15181.72098850051,12698.47098660327
1,All Population,5,Prevalence,175,Burundi,3,Both,27,Age-standardized,558,Mental disorders,2,Percent,2003,0.1126993606068565,0.1222701861063306,0.1030066548622186
1,All Population,5,Prevalence,175,Burundi,3,Both,27,Age-standardized,558,Mental disorders,3,Rate,2003,11201.98915322677,12153.95022484779,10234.12217835831
1,All Population,5,Prevalence,130,Mexico,3,Both,27,Age-standardized,558,Mental disorders,2,Percent,2003,0.1141938872473311,0.1228636848191645,0.1061817814973931
1,All Population,5,Prevalence,130,Mexico,3,Both,27,Age-standardized,558,Mental disorders,3,Rate,2003,10984.99004010165,11802.47000075193,10234.47669704373
1,All Population,5,Prevalence,117,Saint Vincent and the Grenadines,3,Both,27,Age-standardized,558,Mental disorders,2,Percent,2003,0.1408784815503716,0.1539599535174695,0.1280640723923189
1,All Population,5,Prevalence,117,Saint Vincent and the Grenadines,3,Both,27,Age-standardized,558,Mental disorders,3,Rate,2003,13728.11458492077,14945.92300118272,12507.19983676008
1,All Population,5,Prevalence,35,Georgia,3,Both,27,Age-standardized,558,Mental disorders,2,Percent,2004,0.1162778550005694,0.1281704392967141,0.1059316657693199
1,All Population,5,Prevalence,35,Georgia,3,Both,27,Age-standardized,558,Mental disorders,3,Rate,2004,11133.4935977963,12273.588050431961,10135.69687977029
1,All Population,5,Prevalence,59,Latvia,3,Both,27,Age-standardized,558,Mental disorders,2,Percent,2004,0.1187142403534116,0.1293562290963351,0.1096448415133642
1,All Population,5,Prevalence,59,Latvia,3,Both,27,Age-standardized,558,Mental disorders,3,Rate,2004,11117.35094703442,12075.11620752531,10296.30994137919
1,All Population,5,Prevalence,75,Austria,3,Both,27,Age-standardized,558,Mental disorders,2,Percent,2004,0.1290793855232368,0.1439585940724423,0.1156238400267407
1,All Population,5,Prevalence,75,Austria,3,Both,27,Age-standardized,558,Mental disorders,3,Rate,2004,11899.70431455239,13250.855318779812,10680.914461877499
1,All Population,5,Prevalence,139,Algeria,3,Both,27,Age-standardized,558,Mental disorders,2,Percent,2004,0.1369667369407497,0.1466896523059084,0.1266724651934487
1,All Population,5,Prevalence,139,Algeria,3,Both,27,Age-standardized,558,Mental disorders,3,Rate,2004,13232.63929623994,14183.326210990219,12249.81694095938
1,All Population,5,Prevalence,48,Hungary,3,Both,27,Age-standardized,558,Mental disorders,2,Percent,2004,0.1177829861747607,0.1306098922242135,0.1061283588309626
1,All Population,5,Prevalence,48,Hungary,3,Both,27,Age-standardized,558,Mental disorders,3,Rate,2004,11209.86263853574,12446.17068272074,10093.60627476767
1,All Population,5,Prevalence,206,Gambia,3,Both,27,Age-standardized,558,Mental disorders,2,Percent,2003,0.11725626939389,0.1270682123926449,0.107208115390338
1,All Population,5,Prevalence,206,Gambia,3,Both,27,Age-standardized,558,Mental disorders,3,Rate,2003,11634.05641199128,12638.29937114248,10649.58172742693
1,All Population,5,Prevalence,14,Maldives,3,Both,27,Age-standardized,558,Mental disorders,2,Percent,2004,0.0807412562835942,0.088210184745267,0.0739310800971938
1,All Population,5,Prevalence,14,Maldives,3,Both,27,Age-standardized,558,Mental disorders,3,Rate,2004,7855.12204059471,8593.02580198516,7184.697134385159
1,All Population,5,Prevalence,74,Andorra,3,Both,27,Age-standardized,558,Mental disorders,2,Percent,2004,0.136399850264529,0.1461084757432325,0.1276199413854975
1,All Population,5,Prevalence,74,Andorra,3,Both,27,Age-standardized,558,Mental disorders,3,Rate,2004,12488.76446463453,13358.055532837,11724.6865225661
1,All Population,5,Prevalence,29,Tonga,3,Both,27,Age-standardized,558,Mental disorders,2,Percent,2004,0.1099912958005718,0.1283940743029288,0.0928308387196106
1,All Population,5,Prevalence,29,Tonga,3,Both,27,Age-standardized,558,Mental disorders,3,Rate,2004,10683.00245411702,12476.19261181782,9028.24420544548
1,All Population,5,Prevalence,193,Botswana,3,Both,27,Age-standardized,558,Mental disorders,2,Percent,2003,0.1087586951339481,0.1177881495596859,0.0986489518672314
1,All Population,5,Prevalence,193,Botswana,3,Both,27,Age-standardized,558,Mental disorders,3,Rate,2003,10707.24296879025,11599.94869109842,9729.723485375009
1,All Population,5,Prevalence,149,Palestine,3,Both,27,Age-standardized,558,Mental disorders,2,Percent,2003,0.1460188947986241,0.1568033349646002,0.135509679238205
1,All Population,5,Prevalence,149,Palestine,3,Both,27,Age-standardized,558,Mental disorders,3,Rate,2003,14243.796042440652,15316.44987479217,13216.80053660386
1,All Population,5,Prevalence,181,Madagascar,3,Both,27,Age-standardized,558,Mental disorders,2,Percent,2003,0.1052671492847867,0.1146905013325873,0.0961343832259244
1,All Population,5,Prevalence,181,Madagascar,3,Both,27,Age-standardized,558,Mental disorders,3,Rate,2003,10473.84774142555,11407.40987775529,9561.18513086485
1,All Population,5,Prevalence,162,Bhutan,3,Both,27,Age-standardized,558,Mental disorders,2,Percent,2003,0.1081080968640358,0.1191632018250374,0.0969307649090892
1,All Population,5,Prevalence,162,Bhutan,3,Both,27,Age-standardized,558,Mental disorders,3,Rate,2003,10464.78876128237,11531.0664135007,9372.2629487585
1,All Population,5,Prevalence,95,United Kingdom,3,Both,27,Age-standardized,558,Mental disorders,2,Percent,2004,0.1574685209975036,0.1692215314771553,0.1463332594011571
1,All Population,5,Prevalence,95,United Kingdom,3,Both,27,Age-standardized,558,Mental disorders,3,Rate,2004,14353.50641083683,15370.62159562265,13357.520190110688
1,All Population,5,Prevalence,81,Germany,3,Both,27,Age-standardized,558,Mental disorders,2,Percent,2004,0.1378476768673939,0.1488741741994235,0.1274628665646555
1,All Population,5,Prevalence,81,Germany,3,Both,27,Age-standardized,558,Mental disorders,3,Rate,2004,12575.922734002721,13602.924952221978,11699.24898184457
1,All Population,5,Prevalence,92,Spain,3,Both,27,Age-standardized,558,Mental disorders,2,Percent,2004,0.1474265176588433,0.1601155982288258,0.1356471658304615
1,All Population,5,Prevalence,92,Spain,3,Both,27,Age-standardized,558,Mental disorders,3,Rate,2004,13558.06794026859,14668.13182512638,12476.31675028618
1,All Population,5,Prevalence,17,Sri Lanka,3,Both,27,Age-standardized,558,Mental disorders,2,Percent,2004,0.085557428280578,0.0943603258563141,0.0770195673329326
1,All Population,5,Prevalence,17,Sri Lanka,3,Both,27,Age-standardized,558,Mental disorders,3,Rate,2004,8320.51210366619,9166.69882510471,7499.38453746261
1,All Population,5,Prevalence,22,Fiji,3,Both,27,Age-standardized,558,Mental disorders,2,Percent,2004,0.0956917301857204,0.1059003911506917,0.0846621499724894
1,All Population,5,Prevalence,22,Fiji,3,Both,27,Age-standardized,558,Mental disorders,3,Rate,2004,9406.23001449939,10406.13944456395,8321.30763604119
1,All Population,5,Prevalence,177,Djibouti,3,Both,27,Age-standardized,558,Mental disorders,2,Percent,2003,0.0996191630560782,0.1087096741947904,0.0908231423491621
1,All Population,5,Prevalence,177,Djibouti,3,Both,27,Age-standardized,558,Mental disorders,3,Rate,2003,9818.79638567826,10705.78771357515,8955.36796836405
1,All Population,5,Prevalence,369,Nauru,3,Both,27,Age-standardized,558,Mental disorders,2,Percent,2003,0.0964055473458212,0.1073786318562788,0.0851512144437516
1,All Population,5,Prevalence,369,Nauru,3,Both,27,Age-standardized,558,Mental disorders,3,Rate,2003,9459.54233820921,10532.53093265523,8360.58427349978
1,All Population,5,Prevalence,30,Vanuatu,3,Both,27,Age-standardized,558,Mental disorders,2,Percent,2004,0.0958120177481532,0.1061679970742172,0.0844141615911908
1,All Population,5,Prevalence,30,Vanuatu,3,Both,27,Age-standardized,558,Mental disorders,3,Rate,2004,9496.98273328717,10530.79862948183,8379.95020357841
1,All Population,5,Prevalence,122,Ecuador,3,Both,27,Age-standardized,558,Mental disorders,2,Percent,2004,0.1391722640103037,0.1518743889437712,0.1259611858201857
1,All Population,5,Prevalence,122,Ecuador,3,Both,27,Age-standardized,558,Mental disorders,3,Rate,2004,13581.70306051123,14782.85584110067,12310.87807029014
1,All Population,5,Prevalence,61,Republic of Moldova,3,Both,27,Age-standardized,558,Mental disorders,2,Percent,2004,0.1168207153920956,0.1286725884161241,0.1062803504210276
1,All Population,5,Prevalence,61,Republic of Moldova,3,Both,27,Age-standardized,558,Mental disorders,3,Rate,2004,11066.44662690177,12170.6783977381,10048.99999449777
1,All Population,5,Prevalence,16,Philippines,3,Both,27,Age-standardized,558,Mental disorders,2,Percent,2004,0.0860949759913037,0.0943290957424228,0.0788282243910189
1,All Population,5,Prevalence,16,Philippines,3,Both,27,Age-standardized,558,Mental disorders,3,Rate,2004,8398.5344158957,9198.64365199331,7679.827550277039
1,All Population,5,Prevalence,50,Montenegro,3,Both,27,Age-standardized,558,Mental disorders,2,Percent,2004,0.124267391003313,0.1384403043983487,0.1101375855482268
1,All Population,5,Prevalence,50,Montenegro,3,Both,27,Age-standardized,558,Mental disorders,3,Rate,2004,11776.44666950464,13112.64815687415,10408.21973043302
1,All Population,5,Prevalence,11,Indonesia,3,Both,27,Age-standardized,558,Mental disorders,2,Percent,2004,0.0801018506797987,0.0892106878892492,0.0724063374278608
1,All Population,5,Prevalence,11,Indonesia,3,Both,27,Age-standardized,558,Mental disorders,3,Rate,2004,7891.14622254472,8787.1476586546,7137.65100926978
1,All Population,5,Prevalence,208,Guinea,3,Both,27,Age-standardized,558,Mental disorders,2,Percent,2003,0.1245892241466892,0.1354404596653825,0.1134754805828843
1,All Population,5,Prevalence,208,Guinea,3,Both,27,Age-standardized,558,Mental disorders,3,Rate,2003,12414.03557055383,13511.1677331244,11311.85725418136
1,All Population,5,Prevalence,107,Barbados,3,Both,27,Age-standardized,558,Mental disorders,2,Percent,2004,0.1441000230628261,0.1572056712114146,0.1309250018619782
1,All Population,5,Prevalence,107,Barbados,3,Both,27,Age-standardized,558,Mental disorders,3,Rate,2004,13906.86766367922,15127.624834909759,12666.57219406013
1,All Population,5,Prevalence,152,Saudi Arabia,3,Both,27,Age-standardized,558,Mental disorders,2,Percent,2004,0.1392903491805111,0.1545386030330471,0.1234159817245426
1,All Population,5,Prevalence,152,Saudi Arabia,3,Both,27,Age-standardized,558,Mental disorders,3,Rate,2004,13550.188534268758,15049.11088096006,11982.984207690579
1,All Population,5,Prevalence,24,Marshall Islands,3,Both,27,Age-standardized,558,Mental disorders,2,Percent,2004,0.096767692316933,0.1072515216858117,0.0853974002252017
1,All Population,5,Prevalence,24,Marshall Islands,3,Both,27,Age-standardized,558,Mental disorders,3,Rate,2004,9523.59937003011,10591.11073119691,8405.264476202321
1,All Population,5,Prevalence,7,Democratic People's Republic of Korea,3,Both,27,Age-standardized,558,Mental disorders,2,Percent,2004,0.09976564644951,0.1090667580105416,0.0908774670735075
1,All Population,5,Prevalence,7,Democratic People's Republic of Korea,3,Both,27,Age-standardized,558,Mental disorders,3,Rate,2004,9680.44610689499,10565.336196582959,8813.80512099958
1,All Population,5,Prevalence,195,Namibia,3,Both,27,Age-standardized,558,Mental disorders,2,Percent,2003,0.1027544164384483,0.1118629707737195,0.0931918108928212
1,All Population,5,Prevalence,195,Namibia,3,Both,27,Age-standardized,558,Mental disorders,3,Rate,2003,10109.00236312965,10983.938259948949,9188.25672487115
1,All Population,5,Prevalence,37,Kyrgyzstan,3,Both,27,Age-standardized,558,Mental disorders,2,Percent,2004,0.1001835619682544,0.1113282948811633,0.0905279323041112
1,All Population,5,Prevalence,37,Kyrgyzstan,3,Both,27,Age-standardized,558,Mental disorders,3,Rate,2004,9727.123936186741,10810.984862692501,8741.7086140503
1,All Population,5,Prevalence,106,Bahamas,3,Both,27,Age-standardized,558,Mental disorders,2,Percent,2004,0.1445115125825737,0.1574324165846755,0.1315351355040463
1,All Population,5,Prevalence,106,Bahamas,3,Both,27,Age-standardized,558,Mental disorders,3,Rate,2004,13969.081212675112,15199.64953943043,12712.1375205917
1,All Population,5,Prevalence,76,Belgium,3,Both,27,Age-standardized,558,Mental disorders,2,Percent,2004,0.1417099491025439,0.1559525556826791,0.1293218658871381
1,All Population,5,Prevalence,76,Belgium,3,Both,27,Age-standardized,558,Mental disorders,3,Rate,2004,12927.043012378661,14248.605444882282,11827.57228340239
1,All Population,5,Prevalence,164,Nepal,3,Both,27,Age-standardized,558,Mental disorders,2,Percent,2003,0.1038543767558093,0.1140575587194709,0.094306004975291
1,All Population,5,Prevalence,164,Nepal,3,Both,27,Age-standardized,558,Mental disorders,3,Rate,2003,10250.4260098586,11250.62640555084,9310.329466792331
1,All Population,5,Prevalence,376,Northern Mariana Islands,3,Both,27,Age-standardized,558,Mental disorders,2,Percent,2003,0.099041725341995,0.109938925831171,0.0878124363988835
1,All Population,5,Prevalence,376,Northern Mariana Islands,3,Both,27,Age-standardized,558,Mental disorders,3,Rate,2003,9496.63654376408,10573.38207116593,8405.746753590081
1,All Population,5,Prevalence,58,Estonia,3,Both,27,Age-standardized,558,Mental disorders,2,Percent,2004,0.1136444914393327,0.1242116724781381,0.1034837751743818
1,All Population,5,Prevalence,58,Estonia,3,Both,27,Age-standardized,558,Mental disorders,3,Rate,2004,10612.82500508104,11594.335125506019,9664.057524070779
1,All Population,5,Prevalence,94,Switzerland,3,Both,27,Age-standardized,558,Mental disorders,2,Percent,2004,0.15994582065118,0.1765790060019841,0.1456376876829953
1,All Population,5,Prevalence,94,Switzerland,3,Both,27,Age-standardized,558,Mental disorders,3,Rate,2004,14654.87217366551,16176.252632591539,13354.031966303432
1,All Population,5,Prevalence,141,Egypt,3,Both,27,Age-standardized,558,Mental disorders,2,Percent,2004,0.1371673267586157,0.1485409424815802,0.1241285744944798
1,All Population,5,Prevalence,141,Egypt,3,Both,27,Age-standardized,558,Mental disorders,3,Rate,2004,13392.562640056909,14492.772713336099,12131.48198553753
1,All Population,5,Prevalence,171,Democratic Republic of the Congo,3,Both,27,Age-standardized,558,Mental disorders,2,Percent,2004,0.1282738282848609,0.1429750618267727,0.1135264979196893
1,All Population,5,Prevalence,171,Democratic Republic of the Congo,3,Both,27,Age-standardized,558,Mental disorders,3,Rate,2004,12820.754889781949,14286.912389978539,11347.92338942832
1,All Population,5,Prevalence,69,Singapore,3,Both,27,Age-standardized,558,Mental disorders,2,Percent,2004,0.1084522950011237,0.1200309153026999,0.0989620255565754
1,All Population,5,Prevalence,69,Singapore,3,Both,27,Age-standardized,558,Mental disorders,3,Rate,2004,9800.71340843466,10809.9365005236,8951.450091414561
1,All Population,5,Prevalence,184,Mozambique,3,Both,27,Age-standardized,558,Mental disorders,2,Percent,2004,0.1218877188402866,0.1330823697272276,0.1106107956397489
1,All Population,5,Prevalence,184,Mozambique,3,Both,27,Age-standardized,558,Mental disorders,3,Rate,2004,12152.50682835177,13270.05519741835,11029.991432076231
1,All Population,5,Prevalence,169,Central African Republic,3,Both,27,Age-standardized,558,Mental disorders,2,Percent,2004,0.136952916357021,0.1520648644989677,0.121270236150969
1,All Population,5,Prevalence,169,Central African Republic,3,Both,27,Age-standardized,558,Mental disorders,3,Rate,2004,13680.514407393448,15193.28776596221,12113.93955750473
1,All Population,5,Prevalence,210,Liberia,3,Both,27,Age-standardized,558,Mental disorders,2,Percent,2003,0.1275308018119457,0.1387054061545186,0.1159682124447269
1,All Population,5,Prevalence,210,Liberia,3,Both,27,Age-standardized,558,Mental disorders,3,Rate,2003,12720.53701976112,13844.54734922508,11573.606817211681
1,All Population,5,Prevalence,97,Argentina,3,Both,27,Age-standardized,558,Mental disorders,2,Percent,2004,0.1446961894493726,0.1623436143265568,0.1292585270687279
1,All Population,5,Prevalence,97,Argentina,3,Both,27,Age-standardized,558,Mental disorders,3,Rate,2004,13709.56061989699,15360.12852727843,12259.551894514148
1,All Population,5,Prevalence,52,Romania,3,Both,27,Age-standardized,558,Mental disorders,2,Percent,2004,0.1125174632557174,0.1253105813552768,0.1002955668831098
1,All Population,5,Prevalence,52,Romania,3,Both,27,Age-standardized,558,Mental disorders,3,Rate,2004,10803.27672660651,12033.97211359039,9642.18414144883
1,All Population,5,Prevalence,44,Bosnia and Herzegovina,3,Both,27,Age-standardized,558,Mental disorders,2,Percent,2004,0.1211678549783208,0.1350487195495783,0.1075767971116349
1,All Population,5,Prevalence,44,Bosnia and Herzegovina,3,Both,27,Age-standardized,558,Mental disorders,3,Rate,2004,11617.96848157803,12920.96713097983,10302.95779319134
1,All Population,5,Prevalence,33,Armenia,3,Both,27,Age-standardized,558,Mental disorders,2,Percent,2004,0.1290990736748083,0.1423283763002899,0.1163767410771527
1,All Population,5,Prevalence,33,Armenia,3,Both,27,Age-standardized,558,Mental disorders,3,Rate,2004,12327.76348348758,13587.77553242273,11077.37202315363
1,All Population,5,Prevalence,91,Portugal,3,Both,27,Age-standardized,558,Mental disorders,2,Percent,2004,0.1756049705482784,0.1955608203582568,0.1569206051107057
1,All Population,5,Prevalence,91,Portugal,3,Both,27,Age-standardized,558,Mental disorders,3,Rate,2004,16188.54100304101,18038.65083598872,14446.683619377049
1,All Population,5,Prevalence,121,Bolivia (Plurinational State of),3,Both,27,Age-standardized,558,Mental disorders,2,Percent,2004,0.1492706627283698,0.1634006992159651,0.134455044626275
1,All Population,5,Prevalence,121,Bolivia (Plurinational State of),3,Both,27,Age-standardized,558,Mental disorders,3,Rate,2004,14541.320848751799,15902.35251226089,13101.55060401245
1,All Population,5,Prevalence,82,Greece,3,Both,27,Age-standardized,558,Mental disorders,2,Percent,2004,0.1520831922555858,0.1670956999470016,0.138514957710712
1,All Population,5,Prevalence,82,Greece,3,Both,27,Age-standardized,558,Mental disorders,3,Rate,2004,14124.194529433958,15513.3245576781,12860.27740953459
1,All Population,5,Prevalence,39,Tajikistan,3,Both,27,Age-standardized,558,Mental disorders,2,Percent,2004,0.1020627971352063,0.1139936077588539,0.0918088690054261
1,All Population,5,Prevalence,39,Tajikistan,3,Both,27,Age-standardized,558,Mental disorders,3,Rate,2004,9949.34154769926,11137.3911433903,8907.86257166529
1,All Population,5,Prevalence,26,Papua New Guinea,3,Both,27,Age-standardized,558,Mental disorders,2,Percent,2004,0.0967158245730983,0.1073872515352385,0.0853507082388669
1,All Population,5,Prevalence,26,Papua New Guinea,3,Both,27,Age-standardized,558,Mental disorders,3,Rate,2004,9617.98031490032,10675.29179781143,8487.311337716299
1,All Population,5,Prevalence,71,Australia,3,Both,27,Age-standardized,558,Mental disorders,2,Percent,2004,0.1767911753137621,0.1897242857581032,0.1664410829840658
1,All Population,5,Prevalence,71,Australia,3,Both,27,Age-standardized,558,Mental disorders,3,Rate,2004,16196.514451801511,17374.011916038802,15245.629955322098
1,All Population,5,Prevalence,197,Eswatini,3,Both,27,Age-standardized,558,Mental disorders,2,Percent,2003,0.113069911298954,0.1228941625195876,0.1022828673415828
1,All Population,5,Prevalence,197,Eswatini,3,Both,27,Age-standardized,558,Mental disorders,3,Rate,2003,11094.95091514203,12017.978493996461,10043.088385207639
1,All Population,5,Prevalence,136,Paraguay,3,Both,27,Age-standardized,558,Mental disorders,2,Percent,2004,0.1527192318187323,0.1652015249127129,0.1405439993774864
1,All Population,5,Prevalence,136,Paraguay,3,Both,27,Age-standardized,558,Mental disorders,3,Rate,2004,14848.197894904768,16062.341139589189,13716.42228063965
1,All Population,5,Prevalence,142,Iran (Islamic Republic of),3,Both,27,Age-standardized,558,Mental disorders,2,Percent,2004,0.178144297324443,0.1916777466002061,0.1624113464342799
1,All Population,5,Prevalence,142,Iran (Islamic Republic of),3,Both,27,Age-standardized,558,Mental disorders,3,Rate,2004,17331.34266412065,18608.121162132447,15820.497977787678
1,All Population,5,Prevalence,116,Saint Lucia,3,Both,27,Age-standardized,558,Mental disorders,2,Percent,2004,0.142613722916743,0.1556666935222901,0.129505597795611
1,All Population,5,Prevalence,116,Saint Lucia,3,Both,27,Age-standardized,558,Mental disorders,3,Rate,2004,13824.61581785284,15036.88663656956,12585.21900014026
1,All Population,5,Prevalence,54,Slovakia,3,Both,27,Age-standardized,558,Mental disorders,2,Percent,2004,0.1133015362965555,0.1259230032170044,0.100669825531212
1,All Population,5,Prevalence,54,Slovakia,3,Both,27,Age-standardized,558,Mental disorders,3,Rate,2004,10764.98531446963,11958.62373969289,9564.47250696096
1,All Population,5,Prevalence,212,Mauritania,3,Both,27,Age-standardized,558,Mental disorders,2,Percent,2003,0.1059420595710495,0.1145874083253496,0.096496342904652
1,All Population,5,Prevalence,212,Mauritania,3,Both,27,Age-standardized,558,Mental disorders,3,Rate,2003,10473.11802062639,11353.10629678529,9559.08300341021
1,All Population,5,Prevalence,67,Japan,3,Both,27,Age-standardized,558,Mental disorders,2,Percent,2004,0.1203597372623262,0.1324339052487275,0.1086062634797258
1,All Population,5,Prevalence,67,Japan,3,Both,27,Age-standardized,558,Mental disorders,3,Rate,2004,10986.2268095365,12051.953542413881,9914.402699475559
1,All Population,5,Prevalence,99,Uruguay,3,Both,27,Age-standardized,558,Mental disorders,2,Percent,2004,0.1484816297393091,0.1634086906441037,0.1352726586268025
1,All Population,5,Prevalence,99,Uruguay,3,Both,27,Age-standardized,558,Mental disorders,3,Rate,2004,14015.09931503723,15466.45154792433,12744.15090149614
1,All Population,5,Prevalence,18,Thailand,3,Both,27,Age-standardized,558,Mental disorders,2,Percent,2004,0.0865097969200778,0.0943919193331695,0.0783044482997274
1,All Population,5,Prevalence,18,Thailand,3,Both,27,Age-standardized,558,Mental disorders,3,Rate,2004,8378.80973704102,9145.05138557638,7589.89828050196
1,All Population,5,Prevalence,393,Saint Kitts and Nevis,3,Both,27,Age-standardized,558,Mental disorders,2,Percent,2004,0.1440054801004275,0.1569274510829069,0.1304647404878933
1,All Population,5,Prevalence,393,Saint Kitts and Nevis,3,Both,27,Age-standardized,558,Mental disorders,3,Rate,2004,13839.536708871588,15044.7148619037,12604.674054804902
1,All Population,5,Prevalence,298,American Samoa,3,Both,27,Age-standardized,558,Mental disorders,2,Percent,2004,0.1000901728276802,0.1115771603929742,0.0884860406461189
1,All Population,5,Prevalence,298,American Samoa,3,Both,27,Age-standardized,558,Mental disorders,3,Rate,2004,9642.862020502289,10706.77501084371,8523.88890670444
1,All Population,5,Prevalence,109,Cuba,3,Both,27,Age-standardized,558,Mental disorders,2,Percent,2004,0.1572744247564388,0.1715787368000024,0.142599873723187
1,All Population,5,Prevalence,109,Cuba,3,Both,27,Age-standardized,558,Mental disorders,3,Rate,2004,15320.189403133918,16694.058048292558,13933.207529324778
1,All Population,5,Prevalence,215,Sao Tome and Principe,3,Both,27,Age-standardized,558,Mental disorders,2,Percent,2004,0.1156401303986309,0.1251864009238078,0.1058649589327696
1,All Population,5,Prevalence,215,Sao Tome and Principe,3,Both,27,Age-standardized,558,Mental disorders,3,Rate,2004,11532.95099918749,12495.359905630781,10565.74277221852
1,All Population,5,Prevalence,41,Uzbekistan,3,Both,27,Age-standardized,558,Mental disorders,2,Percent,2004,0.1039837609560347,0.1152138724303789,0.09412567909092
1,All Population,5,Prevalence,41,Uzbekistan,3,Both,27,Age-standardized,558,Mental disorders,3,Rate,2004,10048.71768803606,11129.72234369004,9050.544071660901
1,All Population,5,Prevalence,198,Zimbabwe,3,Both,27,Age-standardized,558,Mental disorders,2,Percent,2004,0.1155275752282354,0.126159372693908,0.1030509360214999
1,All Population,5,Prevalence,198,Zimbabwe,3,Both,27,Age-standardized,558,Mental disorders,3,Rate,2004,11299.29195742022,12374.48768536891,10076.24605555809
1,All Population,5,Prevalence,84,Ireland,3,Both,27,Age-standardized,558,Mental disorders,2,Percent,2004,0.1450453798995904,0.1588527817838723,0.1327377575040685
1,All Population,5,Prevalence,84,Ireland,3,Both,27,Age-standardized,558,Mental disorders,3,Rate,2004,13398.78307879884,14674.1901351265,12296.764106463701
1,All Population,5,Prevalence,153,Syrian Arab Republic,3,Both,27,Age-standardized,558,Mental disorders,2,Percent,2004,0.1575320073753513,0.1727237357259439,0.1409658330942367
1,All Population,5,Prevalence,153,Syrian Arab Republic,3,Both,27,Age-standardized,558,Mental disorders,3,Rate,2004,15303.235136525102,16800.71737856982,13646.07811127932
1,All Population,5,Prevalence,154,Tunisia,3,Both,27,Age-standardized,558,Mental disorders,2,Percent,2004,0.1430896417962716,0.1536792473158967,0.1314869000111482
1,All Population,5,Prevalence,154,Tunisia,3,Both,27,Age-standardized,558,Mental disorders,3,Rate,2004,13730.41967652442,14788.291485109788,12664.616197805632
1,All Population,5,Prevalence,118,Suriname,3,Both,27,Age-standardized,558,Mental disorders,2,Percent,2004,0.1393563179366551,0.1520912940030539,0.1268120703866838
1,All Population,5,Prevalence,118,Suriname,3,Both,27,Age-standardized,558,Mental disorders,3,Rate,2004,13637.12339247427,14820.98005191232,12404.64088953637
1,All Population,5,Prevalence,129,Honduras,3,Both,27,Age-standardized,558,Mental disorders,2,Percent,2004,0.1110979375072458,0.1197407042921207,0.1022582524706494
1,All Population,5,Prevalence,129,Honduras,3,Both,27,Age-standardized,558,Mental disorders,3,Rate,2004,10917.55924211758,11769.35150113361,10043.36410973493
1,All Population,5,Prevalence,143,Iraq,3,Both,27,Age-standardized,558,Mental disorders,2,Percent,2004,0.1334292915197388,0.1434249386555034,0.1215834681630131
1,All Population,5,Prevalence,143,Iraq,3,Both,27,Age-standardized,558,Mental disorders,3,Rate,2004,13009.359738692188,13964.499273755951,11893.94195199813
1,All Population,5,Prevalence,144,Jordan,3,Both,27,Age-standardized,558,Mental disorders,2,Percent,2004,0.132430031327613,0.1431795981372275,0.1213796951823487
1,All Population,5,Prevalence,144,Jordan,3,Both,27,Age-standardized,558,Mental disorders,3,Rate,2004,12747.656899729851,13810.172692120079,11705.650079540419
1,All Population,5,Prevalence,173,Gabon,3,Both,27,Age-standardized,558,Mental disorders,2,Percent,2004,0.1311362226813119,0.1443840426938434,0.1172126327378434
1,All Population,5,Prevalence,173,Gabon,3,Both,27,Age-standardized,558,Mental disorders,3,Rate,2004,13024.15769177862,14347.11903105342,11644.41358223146
1,All Population,5,Prevalence,43,Albania,3,Both,27,Age-standardized,558,Mental disorders,2,Percent,2004,0.1135130488809682,0.1258794167375604,0.1018728822927875
1,All Population,5,Prevalence,43,Albania,3,Both,27,Age-standardized,558,Mental disorders,3,Rate,2004,10929.631771473409,12131.6998856341,9811.85693772012
1,All Population,5,Prevalence,186,Seychelles,3,Both,27,Age-standardized,558,Mental disorders,2,Percent,2004,0.081216626333246,0.0883617963728022,0.0742476202942548
1,All Population,5,Prevalence,186,Seychelles,3,Both,27,Age-standardized,558,Mental disorders,3,Rate,2004,7822.89694598529,8512.47215609307,7174.92738747704
1,All Population,5,Prevalence,163,India,3,Both,27,Age-standardized,558,Mental disorders,2,Percent,2004,0.11076580095342,0.1246145317184564,0.0996931288165921
1,All Population,5,Prevalence,163,India,3,Both,27,Age-standardized,558,Mental disorders,3,Rate,2004,10957.26594624881,12342.6796133509,9862.91241495015
1,All Population,5,Prevalence,101,Canada,3,Both,27,Age-standardized,558,Mental disorders,2,Percent,2004,0.1453426590203839,0.159235562694869,0.1330509987260731
1,All Population,5,Prevalence,101,Canada,3,Both,27,Age-standardized,558,Mental disorders,3,Rate,2004,13447.147099059719,14682.47821490456,12299.80979214089
1,All Population,5,Prevalence,78,Denmark,3,Both,27,Age-standardized,558,Mental disorders,2,Percent,2004,0.1267118516174063,0.1343898883475301,0.1187121276676994
1,All Population,5,Prevalence,78,Denmark,3,Both,27,Age-standardized,558,Mental disorders,3,Rate,2004,11542.47529394569,12252.504333550269,10799.71360731737
1,All Population,5,Prevalence,168,Angola,3,Both,27,Age-standardized,558,Mental disorders,2,Percent,2004,0.1449767772652353,0.1604132005933192,0.1286301558874173
1,All Population,5,Prevalence,168,Angola,3,Both,27,Age-standardized,558,Mental disorders,3,Rate,2004,14435.86031088863,15984.513703687531,12803.950245064361
1,All Population,5,Prevalence,114,Haiti,3,Both,27,Age-standardized,558,Mental disorders,2,Percent,2004,0.1412391972342892,0.1539171107056761,0.1276118718058797
1,All Population,5,Prevalence,114,Haiti,3,Both,27,Age-standardized,558,Mental disorders,3,Rate,2004,13980.623487199258,15222.56090853461,12628.73126109786
1,All Population,5,Prevalence,86,Italy,3,Both,27,Age-standardized,558,Mental disorders,2,Percent,2004,0.1261204109360782,0.138190372584389,0.1154241312822259
1,All Population,5,Prevalence,86,Italy,3,Both,27,Age-standardized,558,Mental disorders,3,Rate,2004,11588.80199934904,12655.388781215472,10613.50943361905
1,All Population,5,Prevalence,176,Comoros,3,Both,27,Age-standardized,558,Mental disorders,2,Percent,2004,0.1089792493623094,0.1192805042193607,0.0987406540011024
1,All Population,5,Prevalence,176,Comoros,3,Both,27,Age-standardized,558,Mental disorders,3,Rate,2004,10721.13961363183,11738.53362657736,9708.32546073843
1,All Population,5,Prevalence,190,Uganda,3,Both,27,Age-standardized,558,Mental disorders,2,Percent,2004,0.110320859019539,0.119738637237096,0.1003129173469448
1,All Population,5,Prevalence,190,Uganda,3,Both,27,Age-standardized,558,Mental disorders,3,Rate,2004,10995.32222542597,11935.36154707371,9997.34432941376
1,All Population,5,Prevalence,63,Ukraine,3,Both,27,Age-standardized,558,Mental disorders,2,Percent,2004,0.1228155455813908,0.1359245694099417,0.1100492965136214
1,All Population,5,Prevalence,63,Ukraine,3,Both,27,Age-standardized,558,Mental disorders,3,Rate,2004,11583.86381384128,12794.503708156852,10419.91697256367
1,All Population,5,Prevalence,183,Mauritius,3,Both,27,Age-standardized,558,Mental disorders,2,Percent,2004,0.0923444984841641,0.1029643829723615,0.083236210464807
1,All Population,5,Prevalence,183,Mauritius,3,Both,27,Age-standardized,558,Mental disorders,3,Rate,2004,8981.33452605613,10017.71104748696,8078.32335816485
1,All Population,5,Prevalence,46,Croatia,3,Both,27,Age-standardized,558,Mental disorders,2,Percent,2004,0.1245226848126937,0.1387606754538826,0.1106686149193152
1,All Population,5,Prevalence,46,Croatia,3,Both,27,Age-standardized,558,Mental disorders,3,Rate,2004,11903.34773403813,13247.707758347902,10588.76850018527
1,All Population,5,Prevalence,131,Nicaragua,3,Both,27,Age-standardized,558,Mental disorders,2,Percent,2004,0.1190303461361851,0.1278883326521622,0.1104447540130461
1,All Population,5,Prevalence,131,Nicaragua,3,Both,27,Age-standardized,558,Mental disorders,3,Rate,2004,11609.45008618281,12462.864833069889,10769.953856393271
1,All Population,5,Prevalence,108,Belize,3,Both,27,Age-standardized,558,Mental disorders,2,Percent,2004,0.1346543186320261,0.1463739463178108,0.1225052940734753
1,All Population,5,Prevalence,108,Belize,3,Both,27,Age-standardized,558,Mental disorders,3,Rate,2004,13157.112559364989,14315.53002226156,11988.36223588873
1,All Population,5,Prevalence,146,Lebanon,3,Both,27,Age-standardized,558,Mental disorders,2,Percent,2004,0.148121736785314,0.1612037082880921,0.136238447963927
1,All Population,5,Prevalence,146,Lebanon,3,Both,27,Age-standardized,558,Mental disorders,3,Rate,2004,14237.84759131814,15467.393830118259,13072.67602327948
1,All Population,5,Prevalence,217,Sierra Leone,3,Both,27,Age-standardized,558,Mental disorders,2,Percent,2004,0.1256317280021476,0.1365010440547793,0.114209071890014
1,All Population,5,Prevalence,217,Sierra Leone,3,Both,27,Age-standardized,558,Mental disorders,3,Rate,2004,12534.883178935379,13625.12009771582,11399.08628884132
1,All Population,5,Prevalence,165,Pakistan,3,Both,27,Age-standardized,558,Mental disorders,2,Percent,2004,0.1155666609084975,0.1273062222264766,0.10531412725645
1,All Population,5,Prevalence,165,Pakistan,3,Both,27,Age-standardized,558,Mental disorders,3,Rate,2004,11273.38256718374,12396.45792367581,10283.16002045968
1,All Population,5,Prevalence,200,Benin,3,Both,27,Age-standardized,558,Mental disorders,2,Percent,2004,0.1284076102634483,0.1398457883807949,0.1171899660085509
1,All Population,5,Prevalence,200,Benin,3,Both,27,Age-standardized,558,Mental disorders,3,Rate,2004,12798.328605008519,13935.819180859698,11681.26099502997
1,All Population,5,Prevalence,111,Dominican Republic,3,Both,27,Age-standardized,558,Mental disorders,2,Percent,2004,0.1527913591794542,0.1665487144448481,0.13845728891862
1,All Population,5,Prevalence,111,Dominican Republic,3,Both,27,Age-standardized,558,Mental disorders,3,Rate,2004,14897.88402892115,16242.66452005686,13526.40895202237
1,All Population,5,Prevalence,88,Malta,3,Both,27,Age-standardized,558,Mental disorders,2,Percent,2004,0.141811595625683,0.1526968651257752,0.1332247218243719
1,All Population,5,Prevalence,88,Malta,3,Both,27,Age-standardized,558,Mental disorders,3,Rate,2004,13057.02407229996,13979.03195432475,12235.56728712679
1,All Population,5,Prevalence,156,United Arab Emirates,3,Both,27,Age-standardized,558,Mental disorders,2,Percent,2004,0.1163290995878202,0.1275247184669977,0.1048413829587147
1,All Population,5,Prevalence,156,United Arab Emirates,3,Both,27,Age-standardized,558,Mental disorders,3,Rate,2004,11190.1469625259,12287.616520126569,10089.440291598828
1,All Population,5,Prevalence,320,Cook Islands,3,Both,27,Age-standardized,558,Mental disorders,2,Percent,2004,0.0993835153918007,0.1100385643843824,0.0881783394779143
1,All Population,5,Prevalence,320,Cook Islands,3,Both,27,Age-standardized,558,Mental disorders,3,Rate,2004,9538.22505422827,10558.06289470837,8446.692458845551
1,All Population,5,Prevalence,211,Mali,3,Both,27,Age-standardized,558,Mental disorders,2,Percent,2004,0.1131531609975132,0.1222909266229195,0.1028718246789671
1,All Population,5,Prevalence,211,Mali,3,Both,27,Age-standardized,558,Mental disorders,3,Rate,2004,11281.73743289018,12192.57596903066,10262.11247489055
1,All Population,5,Prevalence,178,Eritrea,3,Both,27,Age-standardized,558,Mental disorders,2,Percent,2004,0.1101256763685667,0.1199890600917988,0.1004558604111637
1,All Population,5,Prevalence,178,Eritrea,3,Both,27,Age-standardized,558,Mental disorders,3,Rate,2004,10864.49915177685,11808.215261958541,9944.16245112052
1,All Population,5,Prevalence,189,United Republic of Tanzania,3,Both,27,Age-standardized,558,Mental disorders,2,Percent,2004,0.1030837744938132,0.1116903609834492,0.0941777898043327
1,All Population,5,Prevalence,189,United Republic of Tanzania,3,Both,27,Age-standardized,558,Mental disorders,3,Rate,2004,10253.28108818555,11113.025526296951,9367.8590060063
1,All Population,5,Prevalence,123,Peru,3,Both,27,Age-standardized,558,Mental disorders,2,Percent,2004,0.1537531518120693,0.167248210028453,0.1396656517990532
1,All Population,5,Prevalence,123,Peru,3,Both,27,Age-standardized,558,Mental disorders,3,Rate,2004,15092.68004036865,16402.30838116219,13705.80023801063
1,All Population,5,Prevalence,182,Malawi,3,Both,27,Age-standardized,558,Mental disorders,2,Percent,2004,0.1053916242194461,0.1149037373751725,0.0958627398399255
1,All Population,5,Prevalence,182,Malawi,3,Both,27,Age-standardized,558,Mental disorders,3,Rate,2004,10447.10733263353,11379.45350285674,9510.771789221451
1,All Population,5,Prevalence,194,Lesotho,3,Both,27,Age-standardized,558,Mental disorders,2,Percent,2004,0.1024312106164059,0.1108219393261476,0.0927986018377703
1,All Population,5,Prevalence,194,Lesotho,3,Both,27,Age-standardized,558,Mental disorders,3,Rate,2004,10199.52540710904,11033.4142632927,9244.75094139465
1,All Population,5,Prevalence,133,Venezuela (Bolivarian Republic of),3,Both,27,Age-standardized,558,Mental disorders,2,Percent,2004,0.1261158226935571,0.1383274791435034,0.113933882940981
1,All Population,5,Prevalence,133,Venezuela (Bolivarian Republic of),3,Both,27,Age-standardized,558,Mental disorders,3,Rate,2004,12332.60422541065,13507.034338195632,11149.96705302623
1,All Population,5,Prevalence,413,Tokelau,3,Both,27,Age-standardized,558,Mental disorders,2,Percent,2004,0.0976763225646808,0.1082360044864755,0.0862084423111079
1,All Population,5,Prevalence,413,Tokelau,3,Both,27,Age-standardized,558,Mental disorders,3,Rate,2004,9508.10938863275,10525.113179145059,8391.46514498417
1,All Population,5,Prevalence,13,Malaysia,3,Both,27,Age-standardized,558,Mental disorders,2,Percent,2005,0.0847977944454961,0.0919744155523326,0.0776747506386275
1,All Population,5,Prevalence,13,Malaysia,3,Both,27,Age-standardized,558,Mental disorders,3,Rate,2005,8187.92577713629,8874.84719171116,7477.47042845006
1,All Population,5,Prevalence,93,Sweden,3,Both,27,Age-standardized,558,Mental disorders,2,Percent,2004,0.1309184019906466,0.1406280411910896,0.1222807906952912
1,All Population,5,Prevalence,93,Sweden,3,Both,27,Age-standardized,558,Mental disorders,3,Rate,2004,12039.39232429954,12881.640292428809,11209.27255019883
1,All Population,5,Prevalence,201,Burkina Faso,3,Both,27,Age-standardized,558,Mental disorders,2,Percent,2004,0.1268480291813979,0.1383253754593268,0.1154327576178359
1,All Population,5,Prevalence,201,Burkina Faso,3,Both,27,Age-standardized,558,Mental disorders,3,Rate,2004,12665.796817690869,13815.52156974312,11528.15444988515
1,All Population,5,Prevalence,416,Tuvalu,3,Both,27,Age-standardized,558,Mental disorders,2,Percent,2004,0.0970384171636161,0.1076455838964619,0.0854068704146238
1,All Population,5,Prevalence,416,Tuvalu,3,Both,27,Age-standardized,558,Mental disorders,3,Rate,2004,9515.964218173769,10524.61188897779,8382.77824751948
1,All Population,5,Prevalence,214,Nigeria,3,Both,27,Age-standardized,558,Mental disorders,2,Percent,2004,0.1121759044986274,0.1220959441589082,0.1028568279288403
1,All Population,5,Prevalence,214,Nigeria,3,Both,27,Age-standardized,558,Mental disorders,3,Rate,2004,11174.92848285402,12153.09736534109,10249.92167542684
1,All Population,5,Prevalence,202,Cameroon,3,Both,27,Age-standardized,558,Mental disorders,2,Percent,2004,0.1226547922822647,0.1332819448927337,0.1120038250482273
1,All Population,5,Prevalence,202,Cameroon,3,Both,27,Age-standardized,558,Mental disorders,3,Rate,2004,12216.46115054993,13284.33457302676,11158.736497382532
1,All Population,5,Prevalence,140,Bahrain,3,Both,27,Age-standardized,558,Mental disorders,2,Percent,2004,0.1385821408196048,0.1479640934444092,0.1285007898708341
1,All Population,5,Prevalence,140,Bahrain,3,Both,27,Age-standardized,558,Mental disorders,3,Rate,2004,13557.84802024955,14510.523425200668,12594.23303779831
1,All Population,5,Prevalence,20,Viet Nam,3,Both,27,Age-standardized,558,Mental disorders,2,Percent,2004,0.0754846919883878,0.0823993840324284,0.0684929106810016
1,All Population,5,Prevalence,20,Viet Nam,3,Both,27,Age-standardized,558,Mental disorders,3,Rate,2004,7467.78616164994,8153.34623473859,6776.17787656059
1,All Population,5,Prevalence,151,Qatar,3,Both,27,Age-standardized,558,Mental disorders,2,Percent,2004,0.1157535400773451,0.1245225345545298,0.1048679863163461
1,All Population,5,Prevalence,151,Qatar,3,Both,27,Age-standardized,558,Mental disorders,3,Rate,2004,11102.878747504941,11930.59196304393,10089.80826589709
1,All Population,5,Prevalence,305,Bermuda,3,Both,27,Age-standardized,558,Mental disorders,2,Percent,2004,0.1474155291857056,0.1604005422276904,0.1342252834836228
1,All Population,5,Prevalence,305,Bermuda,3,Both,27,Age-standardized,558,Mental disorders,3,Rate,2004,14103.382264392081,15351.09282676978,12868.147576719099
1,All Population,5,Prevalence,161,Bangladesh,3,Both,27,Age-standardized,558,Mental disorders,2,Percent,2004,0.1147400769498659,0.1272351942108348,0.1018447091574045
1,All Population,5,Prevalence,161,Bangladesh,3,Both,27,Age-standardized,558,Mental disorders,3,Rate,2004,11293.43544955045,12538.814566210149,10030.5013329798
1,All Population,5,Prevalence,148,Morocco,3,Both,27,Age-standardized,558,Mental disorders,2,Percent,2004,0.1295640254434489,0.1387420592858708,0.1199439195307036
1,All Population,5,Prevalence,148,Morocco,3,Both,27,Age-standardized,558,Mental disorders,3,Rate,2004,12591.40042936002,13461.673618400979,11675.44461597049
1,All Population,5,Prevalence,28,Solomon Islands,3,Both,27,Age-standardized,558,Mental disorders,2,Percent,2005,0.0994329523938801,0.1104833004389648,0.0871629910087457
1,All Population,5,Prevalence,28,Solomon Islands,3,Both,27,Age-standardized,558,Mental disorders,3,Rate,2005,9810.099989299439,10914.39689539744,8613.95574792954
1,All Population,5,Prevalence,80,France,3,Both,27,Age-standardized,558,Mental disorders,2,Percent,2004,0.1594841370139187,0.1741107564736665,0.1460936850173501
1,All Population,5,Prevalence,80,France,3,Both,27,Age-standardized,558,Mental disorders,3,Rate,2004,14461.016134782989,15719.84273102703,13218.43373278227
1,All Population,5,Prevalence,385,Puerto Rico,3,Both,27,Age-standardized,558,Mental disorders,2,Percent,2004,0.1559000050050004,0.1685627337867303,0.144253690925116
1,All Population,5,Prevalence,385,Puerto Rico,3,Both,27,Age-standardized,558,Mental disorders,3,Rate,2004,14875.5860681454,16034.15019559215,13763.21438675607
1,All Population,5,Prevalence,207,Ghana,3,Both,27,Age-standardized,558,Mental disorders,2,Percent,2004,0.1188873064619801,0.1280976071366611,0.1079208600480347
1,All Population,5,Prevalence,207,Ghana,3,Both,27,Age-standardized,558,Mental disorders,3,Rate,2004,11826.32687606674,12743.8351544409,10744.23078312123
1,All Population,5,Prevalence,170,Congo,3,Both,27,Age-standardized,558,Mental disorders,2,Percent,2004,0.1353527032709446,0.1479656553568423,0.1212367382696298
1,All Population,5,Prevalence,170,Congo,3,Both,27,Age-standardized,558,Mental disorders,3,Rate,2004,13474.256810519031,14737.61530087909,12095.94802835942
1,All Population,5,Prevalence,155,Türkiye,3,Both,27,Age-standardized,558,Mental disorders,2,Percent,2004,0.1346960502422698,0.1460846569034965,0.1237208619323291
1,All Population,5,Prevalence,155,Türkiye,3,Both,27,Age-standardized,558,Mental disorders,3,Rate,2004,13055.309658831029,14180.682064592782,12012.99012467211
1,All Population,5,Prevalence,45,Bulgaria,3,Both,27,Age-standardized,558,Mental disorders,2,Percent,2005,0.1111101879337699,0.1231191088723709,0.1001391599804741
1,All Population,5,Prevalence,45,Bulgaria,3,Both,27,Age-standardized,558,Mental disorders,3,Rate,2005,10618.2651458925,11764.47310097882,9573.98939909474
1,All Population,5,Prevalence,351,Guam,3,Both,27,Age-standardized,558,Mental disorders,2,Percent,2004,0.101158049530271,0.1121672086896189,0.0896157055281803
1,All Population,5,Prevalence,351,Guam,3,Both,27,Age-standardized,558,Mental disorders,3,Rate,2004,9677.186762497091,10734.98829578914,8558.37355385432
1,All Population,5,Prevalence,60,Lithuania,3,Both,27,Age-standardized,558,Mental disorders,2,Percent,2005,0.119853456289334,0.1326249826696998,0.107916716342904
1,All Population,5,Prevalence,60,Lithuania,3,Both,27,Age-standardized,558,Mental disorders,3,Rate,2005,11419.670999183649,12658.72178478927,10243.56980343045
1,All Population,5,Prevalence,49,North Macedonia,3,Both,27,Age-standardized,558,Mental disorders,2,Percent,2005,0.1148725143598056,0.1277743416601103,0.1026884116741447
1,All Population,5,Prevalence,49,North Macedonia,3,Both,27,Age-standardized,558,Mental disorders,3,Rate,2005,10935.28907269678,12136.3948866508,9737.28458067495
1,All Population,5,Prevalence,185,Rwanda,3,Both,27,Age-standardized,558,Mental disorders,2,Percent,2004,0.1043231300921308,0.1133426925450059,0.0952227086155156
1,All Population,5,Prevalence,185,Rwanda,3,Both,27,Age-standardized,558,Mental disorders,3,Rate,2004,10320.0864667304,11208.815683495719,9420.34739441515
1,All Population,5,Prevalence,522,Sudan,3,Both,27,Age-standardized,558,Mental disorders,2,Percent,2004,0.1325105064379695,0.1433558427761605,0.1209586328047132
1,All Population,5,Prevalence,522,Sudan,3,Both,27,Age-standardized,558,Mental disorders,3,Rate,2004,13136.042997311559,14228.67568701013,12027.4571634866
1,All Population,5,Prevalence,367,Monaco,3,Both,27,Age-standardized,558,Mental disorders,2,Percent,2004,0.1382958501484236,0.1482400366584474,0.1295372429820472
1,All Population,5,Prevalence,367,Monaco,3,Both,27,Age-standardized,558,Mental disorders,3,Rate,2004,12642.54280242463,13559.9967648946,11872.47656314318
1,All Population,5,Prevalence,90,Norway,3,Both,27,Age-standardized,558,Mental disorders,2,Percent,2005,0.1383443023861887,0.1532060048314973,0.1241957766046931
1,All Population,5,Prevalence,90,Norway,3,Both,27,Age-standardized,558,Mental disorders,3,Rate,2005,12701.01194408905,14073.90176932752,11417.81522630512
1,All Population,5,Prevalence,107,Barbados,3,Both,27,Age-standardized,558,Mental disorders,2,Percent,2005,0.1445080495185076,0.1572369054586214,0.1311851367412938
1,All Population,5,Prevalence,107,Barbados,3,Both,27,Age-standardized,558,Mental disorders,3,Rate,2005,13942.84444348772,15163.85187420235,12685.705162331578
1,All Population,5,Prevalence,75,Austria,3,Both,27,Age-standardized,558,Mental disorders,2,Percent,2005,0.1297053996042005,0.1443648401828343,0.1161831058353174
1,All Population,5,Prevalence,75,Austria,3,Both,27,Age-standardized,558,Mental disorders,3,Rate,2005,11954.94864802968,13278.87342745821,10725.77183039665
1,All Population,5,Prevalence,204,Chad,3,Both,27,Age-standardized,558,Mental disorders,2,Percent,2004,0.127570525956131,0.1382579733436273,0.115216939271522
1,All Population,5,Prevalence,204,Chad,3,Both,27,Age-standardized,558,Mental disorders,3,Rate,2004,12715.81003936097,13791.984752647852,11488.752630302559
1,All Population,5,Prevalence,180,Kenya,3,Both,27,Age-standardized,558,Mental disorders,2,Percent,2004,0.1069151202746425,0.1164626199925522,0.0974852982516402
1,All Population,5,Prevalence,180,Kenya,3,Both,27,Age-standardized,558,Mental disorders,3,Rate,2004,10565.1347119331,11500.66211574238,9624.495513677999
1,All Population,5,Prevalence,135,Brazil,3,Both,27,Age-standardized,558,Mental disorders,2,Percent,2004,0.1616608414215763,0.1730170972312287,0.1497879607423004
1,All Population,5,Prevalence,135,Brazil,3,Both,27,Age-standardized,558,Mental disorders,3,Rate,2004,15711.37310856878,16818.62519974739,14575.08274661006
1,All Population,5,Prevalence,213,Niger,3,Both,27,Age-standardized,558,Mental disorders,2,Percent,2004,0.1087017809133077,0.1178024393456536,0.0993946159592288
1,All Population,5,Prevalence,213,Niger,3,Both,27,Age-standardized,558,Mental disorders,3,Rate,2004,10847.80991694088,11755.94797139739,9921.98156705506
1,All Population,5,Prevalence,435,South Sudan,3,Both,27,Age-standardized,558,Mental disorders,2,Percent,2004,0.1147589224868952,0.1245462368295161,0.1048553190969351
1,All Population,5,Prevalence,435,South Sudan,3,Both,27,Age-standardized,558,Mental disorders,3,Rate,2004,11395.12430383931,12374.83212739567,10412.60956390693
1,All Population,5,Prevalence,110,Dominica,3,Both,27,Age-standardized,558,Mental disorders,2,Percent,2004,0.1421312244076936,0.1550372920626686,0.1290237192171828
1,All Population,5,Prevalence,110,Dominica,3,Both,27,Age-standardized,558,Mental disorders,3,Rate,2004,13769.04106465498,14968.918191911509,12537.74577795812
1,All Population,5,Prevalence,203,Cabo Verde,3,Both,27,Age-standardized,558,Mental disorders,2,Percent,2004,0.118771988911962,0.1285977457548483,0.1084853613335117
1,All Population,5,Prevalence,203,Cabo Verde,3,Both,27,Age-standardized,558,Mental disorders,3,Rate,2004,11547.948704707229,12502.78807645942,10548.62442219029
1,All Population,5,Prevalence,349,Greenland,3,Both,27,Age-standardized,558,Mental disorders,2,Percent,2004,0.1624337868878181,0.1759535096768367,0.1508017611848721
1,All Population,5,Prevalence,349,Greenland,3,Both,27,Age-standardized,558,Mental disorders,3,Rate,2004,15119.19998081061,16353.29801097185,14065.52646526307
1,All Population,5,Prevalence,216,Senegal,3,Both,27,Age-standardized,558,Mental disorders,2,Percent,2004,0.1141891512635821,0.1235805519334121,0.1039419852598913
1,All Population,5,Prevalence,216,Senegal,3,Both,27,Age-standardized,558,Mental disorders,3,Rate,2004,11348.25795953203,12290.09969292875,10333.54437229808
1,All Population,5,Prevalence,125,Colombia,3,Both,27,Age-standardized,558,Mental disorders,2,Percent,2004,0.1160752172981745,0.1244482148195906,0.1082272684530691
1,All Population,5,Prevalence,125,Colombia,3,Both,27,Age-standardized,558,Mental disorders,3,Rate,2004,11189.27937996272,11996.7550827,10388.01820808883
1,All Population,5,Prevalence,15,Myanmar,3,Both,27,Age-standardized,558,Mental disorders,2,Percent,2005,0.0827811511015802,0.0920294546274927,0.0751692899184564
1,All Population,5,Prevalence,15,Myanmar,3,Both,27,Age-standardized,558,Mental disorders,3,Rate,2005,8191.50888690074,9099.08372611056,7431.601327050461
1,All Population,5,Prevalence,209,Guinea-Bissau,3,Both,27,Age-standardized,558,Mental disorders,2,Percent,2004,0.1169719495554548,0.1265280866578585,0.1066826997582827
1,All Population,5,Prevalence,209,Guinea-Bissau,3,Both,27,Age-standardized,558,Mental disorders,3,Rate,2004,11661.359375608,12630.78520067783,10643.58047880983
1,All Population,5,Prevalence,150,Oman,3,Both,27,Age-standardized,558,Mental disorders,2,Percent,2004,0.1269041858287656,0.1363773583274439,0.1163829779096202
1,All Population,5,Prevalence,150,Oman,3,Both,27,Age-standardized,558,Mental disorders,3,Rate,2004,12380.88299203943,13374.76523166476,11368.23309635728
1,All Population,5,Prevalence,196,South Africa,3,Both,27,Age-standardized,558,Mental disorders,2,Percent,2004,0.1118661788111251,0.1204243626479156,0.1029433142234229
1,All Population,5,Prevalence,196,South Africa,3,Both,27,Age-standardized,558,Mental disorders,3,Rate,2004,11082.0736053698,11933.52786213628,10179.66310797611
1,All Population,5,Prevalence,422,United States Virgin Islands,3,Both,27,Age-standardized,558,Mental disorders,2,Percent,2004,0.14239521124807,0.1552240242105277,0.1296755003897097
1,All Population,5,Prevalence,422,United States Virgin Islands,3,Both,27,Age-standardized,558,Mental disorders,3,Rate,2004,13621.13579300533,14849.818118207531,12433.3352763963
1,All Population,5,Prevalence,374,Niue,3,Both,27,Age-standardized,558,Mental disorders,2,Percent,2004,0.0988557242168985,0.1091357483601672,0.0873647229641776
1,All Population,5,Prevalence,374,Niue,3,Both,27,Age-standardized,558,Mental disorders,3,Rate,2004,9510.40966463067,10529.142737658,8405.10117246928
1,All Population,5,Prevalence,18,Thailand,3,Both,27,Age-standardized,558,Mental disorders,2,Percent,2005,0.0869024988867199,0.0949977480169615,0.078749761971726
1,All Population,5,Prevalence,18,Thailand,3,Both,27,Age-standardized,558,Mental disorders,3,Rate,2005,8407.97585463822,9182.59507019466,7635.178970440839
1,All Population,5,Prevalence,157,Yemen,3,Both,27,Age-standardized,558,Mental disorders,2,Percent,2004,0.1338598100767665,0.1440483491450594,0.1228527800774562
1,All Population,5,Prevalence,157,Yemen,3,Both,27,Age-standardized,558,Mental disorders,3,Rate,2004,13300.27873103496,14319.13061835326,12211.629317809671
1,All Population,5,Prevalence,122,Ecuador,3,Both,27,Age-standardized,558,Mental disorders,2,Percent,2005,0.1393960548279522,0.1516170611713835,0.1264432618816133
1,All Population,5,Prevalence,122,Ecuador,3,Both,27,Age-standardized,558,Mental disorders,3,Rate,2005,13588.258725156218,14778.74764369417,12348.61119996083
1,All Population,5,Prevalence,105,Antigua and Barbuda,3,Both,27,Age-standardized,558,Mental disorders,2,Percent,2005,0.144233418798241,0.1569204753867329,0.130840606486489
1,All Population,5,Prevalence,105,Antigua and Barbuda,3,Both,27,Age-standardized,558,Mental disorders,3,Rate,2005,13993.3465925454,15208.69396041946,12706.47190583126
1,All Population,5,Prevalence,143,Iraq,3,Both,27,Age-standardized,558,Mental disorders,2,Percent,2005,0.1336865845020183,0.1437955851232329,0.1220030421560182
1,All Population,5,Prevalence,143,Iraq,3,Both,27,Age-standardized,558,Mental disorders,3,Rate,2005,13025.796813627092,13976.58109458175,11902.83667981378
1,All Population,5,Prevalence,30,Vanuatu,3,Both,27,Age-standardized,558,Mental disorders,2,Percent,2005,0.096114670044682,0.1066067653482635,0.0846251995201835
1,All Population,5,Prevalence,30,Vanuatu,3,Both,27,Age-standardized,558,Mental disorders,3,Rate,2005,9524.0541803905,10556.104622856039,8397.87024973197
1,All Population,5,Prevalence,139,Algeria,3,Both,27,Age-standardized,558,Mental disorders,2,Percent,2005,0.136807951897028,0.1466460805774755,0.1261443854491425
1,All Population,5,Prevalence,139,Algeria,3,Both,27,Age-standardized,558,Mental disorders,3,Rate,2005,13206.014103367112,14187.99654101034,12202.11957515501
1,All Population,5,Prevalence,154,Tunisia,3,Both,27,Age-standardized,558,Mental disorders,2,Percent,2005,0.142236542865625,0.1533763678910482,0.130758889508042
1,All Population,5,Prevalence,154,Tunisia,3,Both,27,Age-standardized,558,Mental disorders,3,Rate,2005,13642.010313503699,14738.328194965312,12564.05584979525
1,All Population,5,Prevalence,47,Czechia,3,Both,27,Age-standardized,558,Mental disorders,2,Percent,2005,0.1218188177361401,0.134366537356243,0.1085923832428065
1,All Population,5,Prevalence,47,Czechia,3,Both,27,Age-standardized,558,Mental disorders,3,Rate,2005,11518.235368834059,12711.50518938949,10198.744179714718
1,All Population,5,Prevalence,396,San Marino,3,Both,27,Age-standardized,558,Mental disorders,2,Percent,2004,0.1384359500811204,0.1482232009843712,0.1298706370412079
1,All Population,5,Prevalence,396,San Marino,3,Both,27,Age-standardized,558,Mental disorders,3,Rate,2004,12669.55129503079,13547.39353881379,11913.05187650461
1,All Population,5,Prevalence,172,Equatorial Guinea,3,Both,27,Age-standardized,558,Mental disorders,2,Percent,2004,0.1325270931567984,0.1466644717652482,0.11821734407427
1,All Population,5,Prevalence,172,Equatorial Guinea,3,Both,27,Age-standardized,558,Mental disorders,3,Rate,2004,13088.71276300457,14487.000072460502,11686.73182125004
1,All Population,5,Prevalence,380,Palau,3,Both,27,Age-standardized,558,Mental disorders,2,Percent,2004,0.0988224215896235,0.1096972889790178,0.0876042551101905
1,All Population,5,Prevalence,380,Palau,3,Both,27,Age-standardized,558,Mental disorders,3,Rate,2004,9548.132582496351,10560.50691474427,8448.59685647897
1,All Population,5,Prevalence,29,Tonga,3,Both,27,Age-standardized,558,Mental disorders,2,Percent,2005,0.1104923260291171,0.1289383335372886,0.0930991292296449
1,All Population,5,Prevalence,29,Tonga,3,Both,27,Age-standardized,558,Mental disorders,3,Rate,2005,10727.50475011155,12528.82074337807,9047.53003861578
1,All Population,5,Prevalence,44,Bosnia and Herzegovina,3,Both,27,Age-standardized,558,Mental disorders,2,Percent,2005,0.121565428777538,0.1350884989872581,0.1078459146921307
1,All Population,5,Prevalence,44,Bosnia and Herzegovina,3,Both,27,Age-standardized,558,Mental disorders,3,Rate,2005,11638.2212175651,12932.85361356034,10327.32989436053
1,All Population,5,Prevalence,7,Democratic People's Republic of Korea,3,Both,27,Age-standardized,558,Mental disorders,2,Percent,2005,0.099678671285094,0.1091984284909348,0.090596009055593
1,All Population,5,Prevalence,7,Democratic People's Republic of Korea,3,Both,27,Age-standardized,558,Mental disorders,3,Rate,2005,9661.7254848678,10564.28577735205,8816.43097714014
1,All Population,5,Prevalence,22,Fiji,3,Both,27,Age-standardized,558,Mental disorders,2,Percent,2005,0.0959442840328545,0.1064335290509239,0.0846092668911195
1,All Population,5,Prevalence,22,Fiji,3,Both,27,Age-standardized,558,Mental disorders,3,Rate,2005,9430.11498083516,10448.363922365741,8315.54157486608
1,All Population,5,Prevalence,39,Tajikistan,3,Both,27,Age-standardized,558,Mental disorders,2,Percent,2005,0.1026822673932052,0.1152029160466749,0.0920649131939332
1,All Population,5,Prevalence,39,Tajikistan,3,Both,27,Age-standardized,558,Mental disorders,3,Rate,2005,9999.85826407855,11255.200052490021,8924.18705308484
1,All Population,5,Prevalence,91,Portugal,3,Both,27,Age-standardized,558,Mental disorders,2,Percent,2005,0.1754610440879138,0.1957339437843367,0.1567921911176277
1,All Population,5,Prevalence,91,Portugal,3,Both,27,Age-standardized,558,Mental disorders,3,Rate,2005,16157.59555720587,18028.788102270628,14393.81620738393
1,All Population,5,Prevalence,59,Latvia,3,Both,27,Age-standardized,558,Mental disorders,2,Percent,2005,0.1179407805810342,0.1285593664975715,0.1085972796666998
1,All Population,5,Prevalence,59,Latvia,3,Both,27,Age-standardized,558,Mental disorders,3,Rate,2005,11037.233035000681,11993.2418807509,10174.050858216011
1,All Population,5,Prevalence,11,Indonesia,3,Both,27,Age-standardized,558,Mental disorders,2,Percent,2005,0.0800422029030772,0.0890142481035957,0.0723417945377198
1,All Population,5,Prevalence,11,Indonesia,3,Both,27,Age-standardized,558,Mental disorders,3,Rate,2005,7878.53897268286,8756.91813817525,7121.115182262331
1,All Population,5,Prevalence,24,Marshall Islands,3,Both,27,Age-standardized,558,Mental disorders,2,Percent,2005,0.0970814508196616,0.107903707992064,0.0855351651731864
1,All Population,5,Prevalence,24,Marshall Islands,3,Both,27,Age-standardized,558,Mental disorders,3,Rate,2005,9550.06735115136,10620.530817547991,8416.42915932366
1,All Population,5,Prevalence,169,Central African Republic,3,Both,27,Age-standardized,558,Mental disorders,2,Percent,2005,0.1365811417359758,0.1515477030532986,0.1208673589599216
1,All Population,5,Prevalence,169,Central African Republic,3,Both,27,Age-standardized,558,Mental disorders,3,Rate,2005,13642.80946370898,15141.80944409838,12073.07321351406
1,All Population,5,Prevalence,215,Sao Tome and Principe,3,Both,27,Age-standardized,558,Mental disorders,2,Percent,2005,0.1158413965818587,0.1257131833866776,0.1056055214493447
1,All Population,5,Prevalence,215,Sao Tome and Principe,3,Both,27,Age-standardized,558,Mental disorders,3,Rate,2005,11548.660544842849,12534.460982808401,10534.27883840952
1,All Population,5,Prevalence,92,Spain,3,Both,27,Age-standardized,558,Mental disorders,2,Percent,2005,0.1480554937706642,0.1607547454049664,0.1360591298030912
1,All Population,5,Prevalence,92,Spain,3,Both,27,Age-standardized,558,Mental disorders,3,Rate,2005,13613.324089347181,14783.65759067227,12502.5267290759
1,All Population,5,Prevalence,52,Romania,3,Both,27,Age-standardized,558,Mental disorders,2,Percent,2005,0.1132422822106929,0.126596724601654,0.1010446907202005
1,All Population,5,Prevalence,52,Romania,3,Both,27,Age-standardized,558,Mental disorders,3,Rate,2005,10857.87025187331,12133.21988697156,9693.09400455997
1,All Population,5,Prevalence,14,Maldives,3,Both,27,Age-standardized,558,Mental disorders,2,Percent,2005,0.0816648985049041,0.0891515224268968,0.0747692056938399
1,All Population,5,Prevalence,14,Maldives,3,Both,27,Age-standardized,558,Mental disorders,3,Rate,2005,7931.14779010904,8668.78723302065,7254.4917892582
1,All Population,5,Prevalence,76,Belgium,3,Both,27,Age-standardized,558,Mental disorders,2,Percent,2005,0.1424276044201423,0.1565641921397033,0.1296531770823157
1,All Population,5,Prevalence,76,Belgium,3,Both,27,Age-standardized,558,Mental disorders,3,Rate,2005,12993.58233347655,14291.789642083031,11838.36053887104
1,All Population,5,Prevalence,187,Somalia,3,Both,27,Age-standardized,558,Mental disorders,2,Percent,2004,0.1081655807787157,0.1174628828926162,0.0987034006730119
1,All Population,5,Prevalence,187,Somalia,3,Both,27,Age-standardized,558,Mental disorders,3,Rate,2004,10805.62448312437,11739.99085716306,9860.63262778383
1,All Population,5,Prevalence,74,Andorra,3,Both,27,Age-standardized,558,Mental disorders,2,Percent,2005,0.1372892294207219,0.146969816550749,0.1283474665386463
1,All Population,5,Prevalence,74,Andorra,3,Both,27,Age-standardized,558,Mental disorders,3,Rate,2005,12566.704729953379,13438.99013341877,11783.088880981999
1,All Population,5,Prevalence,218,Togo,3,Both,27,Age-standardized,558,Mental disorders,2,Percent,2004,0.1342501241022214,0.1562574917124867,0.1158362704056451
1,All Population,5,Prevalence,218,Togo,3,Both,27,Age-standardized,558,Mental disorders,3,Rate,2004,13401.91735653354,15600.56240050046,11565.1505581079
1,All Population,5,Prevalence,41,Uzbekistan,3,Both,27,Age-standardized,558,Mental disorders,2,Percent,2005,0.1036028086073639,0.115198398847443,0.0935655872688222
1,All Population,5,Prevalence,41,Uzbekistan,3,Both,27,Age-standardized,558,Mental disorders,3,Rate,2005,10001.87028964651,11115.81937298919,9000.83364442089
1,All Population,5,Prevalence,86,Italy,3,Both,27,Age-standardized,558,Mental disorders,2,Percent,2005,0.127184999838238,0.139002425004478,0.1158424800003744
1,All Population,5,Prevalence,86,Italy,3,Both,27,Age-standardized,558,Mental disorders,3,Rate,2005,11674.86559436792,12718.19421324486,10641.60042183217
1,All Population,5,Prevalence,67,Japan,3,Both,27,Age-standardized,558,Mental disorders,2,Percent,2005,0.1209743741375341,0.1332979352147516,0.1091177020800904
1,All Population,5,Prevalence,67,Japan,3,Both,27,Age-standardized,558,Mental disorders,3,Rate,2005,11027.93340048747,12113.20339291546,9945.66611271393
1,All Population,5,Prevalence,127,El Salvador,3,Both,27,Age-standardized,558,Mental disorders,2,Percent,2004,0.1138368905272136,0.122286879312034,0.1052867836867729
1,All Population,5,Prevalence,127,El Salvador,3,Both,27,Age-standardized,558,Mental disorders,3,Rate,2004,11041.947860879949,11845.65462270278,10205.627839671839
1,All Population,5,Prevalence,8,Taiwan,3,Both,27,Age-standardized,558,Mental disorders,2,Percent,2004,0.0934512839364473,0.1011931108610124,0.0860097078085307
1,All Population,5,Prevalence,8,Taiwan,3,Both,27,Age-standardized,558,Mental disorders,3,Rate,2004,8834.34691448384,9540.833958394069,8092.22299032155
1,All Population,5,Prevalence,23,Kiribati,3,Both,27,Age-standardized,558,Mental disorders,2,Percent,2004,0.0986827515576199,0.1105790820270549,0.0866485751973241
1,All Population,5,Prevalence,23,Kiribati,3,Both,27,Age-standardized,558,Mental disorders,3,Rate,2004,9798.80626156251,10981.27038148794,8622.65801991601
1,All Population,5,Prevalence,26,Papua New Guinea,3,Both,27,Age-standardized,558,Mental disorders,2,Percent,2005,0.0965619423189718,0.1072845183637763,0.0851990635212749
1,All Population,5,Prevalence,26,Papua New Guinea,3,Both,27,Age-standardized,558,Mental disorders,3,Rate,2005,9601.480743281569,10657.68342106494,8468.85280209227
1,All Population,5,Prevalence,77,Cyprus,3,Both,27,Age-standardized,558,Mental disorders,2,Percent,2005,0.1377966673599621,0.1471018223130121,0.1288209012428456
1,All Population,5,Prevalence,77,Cyprus,3,Both,27,Age-standardized,558,Mental disorders,3,Rate,2005,12761.26875299144,13645.092511270928,11928.226588349811
1,All Population,5,Prevalence,298,American Samoa,3,Both,27,Age-standardized,558,Mental disorders,2,Percent,2005,0.1011345803565826,0.1123715700800879,0.0894683928088634
1,All Population,5,Prevalence,298,American Samoa,3,Both,27,Age-standardized,558,Mental disorders,3,Rate,2005,9741.933301520921,10807.86695646917,8620.39053051175
1,All Population,5,Prevalence,109,Cuba,3,Both,27,Age-standardized,558,Mental disorders,2,Percent,2005,0.1579114586181828,0.1721737431573377,0.1431231636819211
1,All Population,5,Prevalence,109,Cuba,3,Both,27,Age-standardized,558,Mental disorders,3,Rate,2005,15368.07539995908,16746.41164429835,13976.434036972221
1,All Population,5,Prevalence,62,Russian Federation,3,Both,27,Age-standardized,558,Mental disorders,2,Percent,2005,0.1154639223011819,0.1261139059591155,0.1054040120216312
1,All Population,5,Prevalence,62,Russian Federation,3,Both,27,Age-standardized,558,Mental disorders,3,Rate,2005,10901.78926564585,11924.122749900349,9935.87976071582
1,All Population,5,Prevalence,202,Cameroon,3,Both,27,Age-standardized,558,Mental disorders,2,Percent,2005,0.1232174016536266,0.1343199375924894,0.1119766673289292
1,All Population,5,Prevalence,202,Cameroon,3,Both,27,Age-standardized,558,Mental disorders,3,Rate,2005,12268.35578802483,13371.65448729222,11150.77539517307
1,All Population,5,Prevalence,198,Zimbabwe,3,Both,27,Age-standardized,558,Mental disorders,2,Percent,2005,0.1156140435279076,0.1267323958902999,0.1032217103203653
1,All Population,5,Prevalence,198,Zimbabwe,3,Both,27,Age-standardized,558,Mental disorders,3,Rate,2005,11308.89529151582,12393.70857420518,10104.82004786142
1,All Population,5,Prevalence,99,Uruguay,3,Both,27,Age-standardized,558,Mental disorders,2,Percent,2005,0.1490380138974641,0.1642979856879964,0.135718158138702
1,All Population,5,Prevalence,99,Uruguay,3,Both,27,Age-standardized,558,Mental disorders,3,Rate,2005,14062.59117831509,15507.85317457576,12774.15243742327
1,All Population,5,Prevalence,37,Kyrgyzstan,3,Both,27,Age-standardized,558,Mental disorders,2,Percent,2005,0.1002716106366177,0.1114894480628424,0.0904012123877847
1,All Population,5,Prevalence,37,Kyrgyzstan,3,Both,27,Age-standardized,558,Mental disorders,3,Rate,2005,9730.221275765829,10827.5650594336,8743.704154509851
1,All Population,5,Prevalence,17,Sri Lanka,3,Both,27,Age-standardized,558,Mental disorders,2,Percent,2005,0.0857601142206804,0.0948230588574385,0.07727643790615
1,All Population,5,Prevalence,17,Sri Lanka,3,Both,27,Age-standardized,558,Mental disorders,3,Rate,2005,8328.6048184922,9188.01134168943,7521.70278700926
1,All Population,5,Prevalence,182,Malawi,3,Both,27,Age-standardized,558,Mental disorders,2,Percent,2005,0.1049103104047608,0.1141532166178584,0.0949683217705665
1,All Population,5,Prevalence,182,Malawi,3,Both,27,Age-standardized,558,Mental disorders,3,Rate,2005,10392.00550637192,11307.585745882121,9419.826328696949
1,All Population,5,Prevalence,112,Grenada,3,Both,27,Age-standardized,558,Mental disorders,2,Percent,2004,0.1417356615928265,0.1544913506261913,0.1290827523840106
1,All Population,5,Prevalence,112,Grenada,3,Both,27,Age-standardized,558,Mental disorders,3,Rate,2004,13769.68384368251,14960.98045861649,12554.608483810458
1,All Population,5,Prevalence,82,Greece,3,Both,27,Age-standardized,558,Mental disorders,2,Percent,2005,0.1528240024626508,0.1676276750922344,0.1389779961673204
1,All Population,5,Prevalence,82,Greece,3,Both,27,Age-standardized,558,Mental disorders,3,Rate,2005,14187.69226264773,15554.243405547419,12892.427820694349
1,All Population,5,Prevalence,36,Kazakhstan,3,Both,27,Age-standardized,558,Mental disorders,2,Percent,2004,0.0987247815062562,0.1095789689630148,0.0896060276248721
1,All Population,5,Prevalence,36,Kazakhstan,3,Both,27,Age-standardized,558,Mental disorders,3,Rate,2004,9513.75018307124,10539.420461772741,8612.60914917428
1,All Population,5,Prevalence,55,Slovenia,3,Both,27,Age-standardized,558,Mental disorders,2,Percent,2004,0.1280868059025721,0.1425651152143797,0.1138199127857693
1,All Population,5,Prevalence,55,Slovenia,3,Both,27,Age-standardized,558,Mental disorders,3,Rate,2004,12094.66295259583,13451.55754664616,10743.34827209783
1,All Population,5,Prevalence,205,Côte d'Ivoire,3,Both,27,Age-standardized,558,Mental disorders,2,Percent,2004,0.1190605411352912,0.129010461007567,0.1079990828753127
1,All Population,5,Prevalence,205,Côte d'Ivoire,3,Both,27,Age-standardized,558,Mental disorders,3,Rate,2004,11853.307291087529,12850.98059622245,10753.401891119851
1,All Population,5,Prevalence,112,Grenada,3,Both,27,Age-standardized,558,Mental disorders,2,Percent,2005,0.1421933851286352,0.1546972277458047,0.1294778006742218
1,All Population,5,Prevalence,112,Grenada,3,Both,27,Age-standardized,558,Mental disorders,3,Rate,2005,13807.232722697521,14996.58461036733,12565.15546820133
1,All Population,5,Prevalence,136,Paraguay,3,Both,27,Age-standardized,558,Mental disorders,2,Percent,2005,0.1529697864283237,0.1656196117562072,0.1407666580165879
1,All Population,5,Prevalence,136,Paraguay,3,Both,27,Age-standardized,558,Mental disorders,3,Rate,2005,14863.567058948298,16103.55866590826,13692.76994572716
1,All Population,5,Prevalence,6,China,3,Both,27,Age-standardized,558,Mental disorders,2,Percent,2004,0.1171915739842783,0.1270156114545116,0.1079848017861683
1,All Population,5,Prevalence,6,China,3,Both,27,Age-standardized,558,Mental disorders,3,Rate,2004,11235.81800649354,12196.92799626871,10339.48942109262
1,All Population,5,Prevalence,106,Bahamas,3,Both,27,Age-standardized,558,Mental disorders,2,Percent,2005,0.1449256434865233,0.1575990673680282,0.1316544738324789
1,All Population,5,Prevalence,106,Bahamas,3,Both,27,Age-standardized,558,Mental disorders,3,Rate,2005,14004.75963869241,15213.19276350229,12725.61002972358
1,All Population,5,Prevalence,54,Slovakia,3,Both,27,Age-standardized,558,Mental disorders,2,Percent,2005,0.1136550417949953,0.1262987390091645,0.1009588359154385
1,All Population,5,Prevalence,54,Slovakia,3,Both,27,Age-standardized,558,Mental disorders,3,Rate,2005,10790.367236945329,11985.80686051536,9580.467039478901
1,All Population,5,Prevalence,43,Albania,3,Both,27,Age-standardized,558,Mental disorders,2,Percent,2005,0.1133798508106014,0.126801936049492,0.1015641852437404
1,All Population,5,Prevalence,43,Albania,3,Both,27,Age-standardized,558,Mental disorders,3,Rate,2005,10896.954816197429,12140.1310668213,9772.14243480963
1,All Population,5,Prevalence,88,Malta,3,Both,27,Age-standardized,558,Mental disorders,2,Percent,2005,0.143036047238798,0.1538346399395144,0.1338469722094228
1,All Population,5,Prevalence,88,Malta,3,Both,27,Age-standardized,558,Mental disorders,3,Rate,2005,13169.67702931685,14101.58437322059,12326.0867771632
1,All Population,5,Prevalence,68,Republic of Korea,3,Both,27,Age-standardized,558,Mental disorders,2,Percent,2004,0.1212814612713267,0.1317779388946212,0.1113894492831248
1,All Population,5,Prevalence,68,Republic of Korea,3,Both,27,Age-standardized,558,Mental disorders,3,Rate,2004,11283.89951291681,12318.46872313396,10334.91179393837
1,All Population,5,Prevalence,10,Cambodia,3,Both,27,Age-standardized,558,Mental disorders,2,Percent,2004,0.0890341097451888,0.09717545971672,0.0810937518475532
1,All Population,5,Prevalence,10,Cambodia,3,Both,27,Age-standardized,558,Mental disorders,3,Rate,2004,8814.20251373603,9618.26772947383,8011.379134979201
1,All Population,5,Prevalence,351,Guam,3,Both,27,Age-standardized,558,Mental disorders,2,Percent,2005,0.1014746107004111,0.1124939159680498,0.0899962357358318
1,All Population,5,Prevalence,351,Guam,3,Both,27,Age-standardized,558,Mental disorders,3,Rate,2005,9707.53764798675,10763.43019859213,8582.02492601971
1,All Population,5,Prevalence,123,Peru,3,Both,27,Age-standardized,558,Mental disorders,2,Percent,2005,0.153993058186613,0.1674502020258093,0.1398406829916186
1,All Population,5,Prevalence,123,Peru,3,Both,27,Age-standardized,558,Mental disorders,3,Rate,2005,15107.36705084375,16413.94607996738,13744.17026695395
1,All Population,5,Prevalence,114,Haiti,3,Both,27,Age-standardized,558,Mental disorders,2,Percent,2005,0.1421132945533145,0.1547187771470166,0.1282758148957189
1,All Population,5,Prevalence,114,Haiti,3,Both,27,Age-standardized,558,Mental disorders,3,Rate,2005,14061.248844953281,15294.53181497902,12719.382372311591
1,All Population,5,Prevalence,69,Singapore,3,Both,27,Age-standardized,558,Mental disorders,2,Percent,2005,0.1090726244482471,0.1206486115550065,0.0995420263541035
1,All Population,5,Prevalence,69,Singapore,3,Both,27,Age-standardized,558,Mental disorders,3,Rate,2005,9843.82122793746,10852.324134465061,9003.316514416181
1,All Population,5,Prevalence,133,Venezuela (Bolivarian Republic of),3,Both,27,Age-standardized,558,Mental disorders,2,Percent,2005,0.1263031165332903,0.1385888963099684,0.1142283473669997
1,All Population,5,Prevalence,133,Venezuela (Bolivarian Republic of),3,Both,27,Age-standardized,558,Mental disorders,3,Rate,2005,12349.3566787341,13536.1789679538,11170.64534593655
1,All Population,5,Prevalence,51,Poland,3,Both,27,Age-standardized,558,Mental disorders,2,Percent,2004,0.1136256499757931,0.1256939402121424,0.1025630871008625
1,All Population,5,Prevalence,51,Poland,3,Both,27,Age-standardized,558,Mental disorders,3,Rate,2004,10771.496515160501,11912.01429977014,9714.66648191161
1,All Population,5,Prevalence,20,Viet Nam,3,Both,27,Age-standardized,558,Mental disorders,2,Percent,2005,0.076292433792683,0.0831137943204347,0.0693849532121925
1,All Population,5,Prevalence,20,Viet Nam,3,Both,27,Age-standardized,558,Mental disorders,3,Rate,2005,7544.032855830141,8219.35387438371,6860.691509070541
1,All Population,5,Prevalence,89,Netherlands,3,Both,27,Age-standardized,558,Mental disorders,2,Percent,2004,0.1659590138697677,0.1774017143856886,0.155499871691884
1,All Population,5,Prevalence,89,Netherlands,3,Both,27,Age-standardized,558,Mental disorders,3,Rate,2004,15782.71957499562,16861.21318953624,14799.11620018916
1,All Population,5,Prevalence,25,Micronesia (Federated States of),3,Both,27,Age-standardized,558,Mental disorders,2,Percent,2004,0.0964834194457545,0.1068644627402598,0.0852815397017014
1,All Population,5,Prevalence,25,Micronesia (Federated States of),3,Both,27,Age-standardized,558,Mental disorders,3,Rate,2004,9500.29312372182,10528.28485639963,8382.96171877965
1,All Population,5,Prevalence,34,Azerbaijan,3,Both,27,Age-standardized,558,Mental disorders,2,Percent,2005,0.1146694101444257,0.1275237156674785,0.1032154246013121
1,All Population,5,Prevalence,34,Azerbaijan,3,Both,27,Age-standardized,558,Mental disorders,3,Rate,2005,11075.16552238564,12339.31105274693,9990.16009782635
1,All Population,5,Prevalence,156,United Arab Emirates,3,Both,27,Age-standardized,558,Mental disorders,2,Percent,2005,0.1163566745850724,0.1276603762989914,0.1048559647268694
1,All Population,5,Prevalence,156,United Arab Emirates,3,Both,27,Age-standardized,558,Mental disorders,3,Rate,2005,11190.91289993965,12285.31451152703,10084.41398128227
1,All Population,5,Prevalence,422,United States Virgin Islands,3,Both,27,Age-standardized,558,Mental disorders,2,Percent,2005,0.1429423640034157,0.1552677583474307,0.1300164094115513
1,All Population,5,Prevalence,422,United States Virgin Islands,3,Both,27,Age-standardized,558,Mental disorders,3,Rate,2005,13667.13197291127,14869.81377032293,12465.052036825811
1,All Population,5,Prevalence,57,Belarus,3,Both,27,Age-standardized,558,Mental disorders,2,Percent,2004,0.1150202140753488,0.1260795366447562,0.1045567781002547
1,All Population,5,Prevalence,57,Belarus,3,Both,27,Age-standardized,558,Mental disorders,3,Rate,2004,10810.41875199825,11923.69507256013,9783.323378932999
1,All Population,5,Prevalence,38,Mongolia,3,Both,27,Age-standardized,558,Mental disorders,2,Percent,2004,0.1075710323219497,0.119144710193802,0.0976215690690156
1,All Population,5,Prevalence,38,Mongolia,3,Both,27,Age-standardized,558,Mental disorders,3,Rate,2004,10417.27319781371,11552.02903871001,9442.81344671272
1,All Population,5,Prevalence,84,Ireland,3,Both,27,Age-standardized,558,Mental disorders,2,Percent,2005,0.1465652015939444,0.160265919004143,0.1338113097425545
1,All Population,5,Prevalence,84,Ireland,3,Both,27,Age-standardized,558,Mental disorders,3,Rate,2005,13537.733713939051,14696.78322498482,12379.42607740844
1,All Population,5,Prevalence,101,Canada,3,Both,27,Age-standardized,558,Mental disorders,2,Percent,2005,0.1452989080329935,0.1592211050580936,0.1331268669408948
1,All Population,5,Prevalence,101,Canada,3,Both,27,Age-standardized,558,Mental disorders,3,Rate,2005,13441.834767533539,14718.17778722968,12273.6933931939
1,All Population,5,Prevalence,83,Iceland,3,Both,27,Age-standardized,558,Mental disorders,2,Percent,2004,0.1388184318468089,0.148075089938334,0.130174193028088
1,All Population,5,Prevalence,83,Iceland,3,Both,27,Age-standardized,558,Mental disorders,3,Rate,2004,12851.92140379099,13723.337400746299,12028.01865515845
1,All Population,5,Prevalence,33,Armenia,3,Both,27,Age-standardized,558,Mental disorders,2,Percent,2005,0.1298862809351764,0.143541986926678,0.1167456624866761
1,All Population,5,Prevalence,33,Armenia,3,Both,27,Age-standardized,558,Mental disorders,3,Rate,2005,12394.98621637409,13693.411294454541,11116.92005137528
1,All Population,5,Prevalence,46,Croatia,3,Both,27,Age-standardized,558,Mental disorders,2,Percent,2005,0.1248398091125642,0.1386133034597935,0.1109685988724911
1,All Population,5,Prevalence,46,Croatia,3,Both,27,Age-standardized,558,Mental disorders,3,Rate,2005,11928.0792118099,13236.34039070877,10620.19754433414
1,All Population,5,Prevalence,12,Lao People's Democratic Republic,3,Both,27,Age-standardized,558,Mental disorders,2,Percent,2004,0.0795019677258182,0.0893322446831786,0.0708285404789976
1,All Population,5,Prevalence,12,Lao People's Democratic Republic,3,Both,27,Age-standardized,558,Mental disorders,3,Rate,2004,7840.89490358649,8804.96916196471,6984.01993433762
1,All Population,5,Prevalence,113,Guyana,3,Both,27,Age-standardized,558,Mental disorders,2,Percent,2004,0.1384624186106894,0.1510806540406903,0.1257340675343156
1,All Population,5,Prevalence,113,Guyana,3,Both,27,Age-standardized,558,Mental disorders,3,Rate,2004,13574.42844478535,14789.15262830295,12326.205128819449
1,All Population,5,Prevalence,168,Angola,3,Both,27,Age-standardized,558,Mental disorders,2,Percent,2005,0.1446441197931939,0.1595867915453677,0.1283299237031937
1,All Population,5,Prevalence,168,Angola,3,Both,27,Age-standardized,558,Mental disorders,3,Rate,2005,14396.262818138968,15894.172602556719,12774.360843448329
1,All Population,5,Prevalence,151,Qatar,3,Both,27,Age-standardized,558,Mental disorders,2,Percent,2005,0.1164845581419704,0.1251223566142283,0.1058833458655766
1,All Population,5,Prevalence,151,Qatar,3,Both,27,Age-standardized,558,Mental disorders,3,Rate,2005,11168.32147048742,11977.18107502815,10155.73980861286
1,All Population,5,Prevalence,152,Saudi Arabia,3,Both,27,Age-standardized,558,Mental disorders,2,Percent,2005,0.1394824396295755,0.1549482210715366,0.1239398428066012
1,All Population,5,Prevalence,152,Saudi Arabia,3,Both,27,Age-standardized,558,Mental disorders,3,Rate,2005,13561.846949204059,15083.372315954299,12006.66161632619
1,All Population,5,Prevalence,126,Costa Rica,3,Both,27,Age-standardized,558,Mental disorders,2,Percent,2005,0.1209098786120115,0.1300417502446535,0.11169679976659
1,All Population,5,Prevalence,126,Costa Rica,3,Both,27,Age-standardized,558,Mental disorders,3,Rate,2005,11587.92685345978,12425.99267470273,10688.31906830844
1,All Population,5,Prevalence,141,Egypt,3,Both,27,Age-standardized,558,Mental disorders,2,Percent,2005,0.1368982787221025,0.1483831724410174,0.1238899422071119
1,All Population,5,Prevalence,141,Egypt,3,Both,27,Age-standardized,558,Mental disorders,3,Rate,2005,13356.070151808819,14482.635393356979,12101.1312706524
1,All Population,5,Prevalence,102,United States of America,3,Both,27,Age-standardized,558,Mental disorders,2,Percent,2004,0.1701652462743981,0.1814206860801386,0.1602439463728473
1,All Population,5,Prevalence,102,United States of America,3,Both,27,Age-standardized,558,Mental disorders,3,Rate,2004,15510.534898284881,16502.8858762347,14630.06607819344
1,All Population,5,Prevalence,161,Bangladesh,3,Both,27,Age-standardized,558,Mental disorders,2,Percent,2005,0.1146601428614336,0.1275458277272776,0.1016548184737105
1,All Population,5,Prevalence,161,Bangladesh,3,Both,27,Age-standardized,558,Mental disorders,3,Rate,2005,11277.81490435855,12539.584552166061,10014.91728854515
1,All Population,5,Prevalence,144,Jordan,3,Both,27,Age-standardized,558,Mental disorders,2,Percent,2005,0.1323598815509889,0.1429267258749557,0.1212819007203905
1,All Population,5,Prevalence,144,Jordan,3,Both,27,Age-standardized,558,Mental disorders,3,Rate,2005,12732.53321200912,13813.70959114415,11709.49958823505
1,All Population,5,Prevalence,72,New Zealand,3,Both,27,Age-standardized,558,Mental disorders,2,Percent,2004,0.1928440090779297,0.2083691181303093,0.1781800609945336
1,All Population,5,Prevalence,72,New Zealand,3,Both,27,Age-standardized,558,Mental disorders,3,Rate,2004,17718.24230739876,19237.65473739549,16364.92331251557
1,All Population,5,Prevalence,27,Samoa,3,Both,27,Age-standardized,558,Mental disorders,2,Percent,2004,0.0969663732972784,0.1075260125110683,0.0858482895559859
1,All Population,5,Prevalence,27,Samoa,3,Both,27,Age-standardized,558,Mental disorders,3,Rate,2004,9458.21812834155,10478.87798753409,8343.8299296026
1,All Population,5,Prevalence,53,Serbia,3,Both,27,Age-standardized,558,Mental disorders,2,Percent,2004,0.1257046780175708,0.1396072424474418,0.1114779562668448
1,All Population,5,Prevalence,53,Serbia,3,Both,27,Age-standardized,558,Mental disorders,3,Rate,2004,12096.64618346075,13423.082305886399,10734.545771340689
1,All Population,5,Prevalence,58,Estonia,3,Both,27,Age-standardized,558,Mental disorders,2,Percent,2005,0.1133406144454533,0.1238768866008664,0.1031072518501481
1,All Population,5,Prevalence,58,Estonia,3,Both,27,Age-standardized,558,Mental disorders,3,Rate,2005,10572.55122395591,11532.80646242215,9619.40320222252
1,All Population,5,Prevalence,85,Israel,3,Both,27,Age-standardized,558,Mental disorders,2,Percent,2004,0.137154243532588,0.1484981314792622,0.124958155262191
1,All Population,5,Prevalence,85,Israel,3,Both,27,Age-standardized,558,Mental disorders,3,Rate,2004,12753.345355427658,13842.053734772211,11616.61858892699
1,All Population,5,Prevalence,116,Saint Lucia,3,Both,27,Age-standardized,558,Mental disorders,2,Percent,2005,0.1430579787140835,0.1556705037020374,0.1300031880702657
1,All Population,5,Prevalence,116,Saint Lucia,3,Both,27,Age-standardized,558,Mental disorders,3,Rate,2005,13859.52043758028,15072.95028514246,12615.232997778381
1,All Population,5,Prevalence,71,Australia,3,Both,27,Age-standardized,558,Mental disorders,2,Percent,2005,0.1779076028695361,0.1904703764969229,0.1679556389773183
1,All Population,5,Prevalence,71,Australia,3,Both,27,Age-standardized,558,Mental disorders,3,Rate,2005,16295.99871265725,17421.94602775419,15344.05491828818
1,All Population,5,Prevalence,180,Kenya,3,Both,27,Age-standardized,558,Mental disorders,2,Percent,2005,0.107043214937822,0.1163062906075238,0.0973745801488552
1,All Population,5,Prevalence,180,Kenya,3,Both,27,Age-standardized,558,Mental disorders,3,Rate,2005,10571.27521755916,11492.26665550603,9613.60653543666
1,All Population,5,Prevalence,93,Sweden,3,Both,27,Age-standardized,558,Mental disorders,2,Percent,2005,0.133168198721137,0.1429186049550005,0.1239873391968702
1,All Population,5,Prevalence,93,Sweden,3,Both,27,Age-standardized,558,Mental disorders,3,Rate,2005,12244.43603892826,13133.18960832399,11375.61870476604
1,All Population,5,Prevalence,183,Mauritius,3,Both,27,Age-standardized,558,Mental disorders,2,Percent,2005,0.0940395932654144,0.1048169317358716,0.0844749541491558
1,All Population,5,Prevalence,183,Mauritius,3,Both,27,Age-standardized,558,Mental disorders,3,Rate,2005,9143.61088252326,10211.744531895569,8204.37104141343
1,All Population,5,Prevalence,78,Denmark,3,Both,27,Age-standardized,558,Mental disorders,2,Percent,2005,0.1292824145655795,0.1373289560527285,0.1209009049906238
1,All Population,5,Prevalence,78,Denmark,3,Both,27,Age-standardized,558,Mental disorders,3,Rate,2005,11768.18473129668,12494.461297590009,10979.372155141331
1,All Population,5,Prevalence,170,Congo,3,Both,27,Age-standardized,558,Mental disorders,2,Percent,2005,0.1358447747894347,0.1487137687254195,0.1214454407116351
1,All Population,5,Prevalence,170,Congo,3,Both,27,Age-standardized,558,Mental disorders,3,Rate,2005,13518.49473815474,14801.588743396771,12094.74396117249
1,All Population,5,Prevalence,40,Turkmenistan,3,Both,27,Age-standardized,558,Mental disorders,2,Percent,2004,0.1022044223977929,0.1135465684553681,0.0923345371484501
1,All Population,5,Prevalence,40,Turkmenistan,3,Both,27,Age-standardized,558,Mental disorders,3,Rate,2004,9787.37562596874,10864.95527335843,8840.35141309492
1,All Population,5,Prevalence,115,Jamaica,3,Both,27,Age-standardized,558,Mental disorders,2,Percent,2004,0.1290095972197301,0.1407644418575121,0.1171941914361677
1,All Population,5,Prevalence,115,Jamaica,3,Both,27,Age-standardized,558,Mental disorders,3,Rate,2004,12583.5198768819,13699.370653522468,11431.30297983234
1,All Population,5,Prevalence,217,Sierra Leone,3,Both,27,Age-standardized,558,Mental disorders,2,Percent,2005,0.1246972075353452,0.1358969261715179,0.1132131334442863
1,All Population,5,Prevalence,217,Sierra Leone,3,Both,27,Age-standardized,558,Mental disorders,3,Rate,2005,12438.52161768231,13563.109676572798,11300.56147014917
1,All Population,5,Prevalence,171,Democratic Republic of the Congo,3,Both,27,Age-standardized,558,Mental disorders,2,Percent,2005,0.1282743418931954,0.143113552640588,0.113450112305108
1,All Population,5,Prevalence,171,Democratic Republic of the Congo,3,Both,27,Age-standardized,558,Mental disorders,3,Rate,2005,12820.86881750448,14302.82076711199,11340.942442518
1,All Population,5,Prevalence,128,Guatemala,3,Both,27,Age-standardized,558,Mental disorders,2,Percent,2004,0.1212184289151831,0.1302091511129457,0.1117162646414747
1,All Population,5,Prevalence,128,Guatemala,3,Both,27,Age-standardized,558,Mental disorders,3,Rate,2004,11885.55744882217,12762.13061667657,10943.83552721973
1,All Population,5,Prevalence,135,Brazil,3,Both,27,Age-standardized,558,Mental disorders,2,Percent,2005,0.1619042053872705,0.1731854765003506,0.1503541387435218
1,All Population,5,Prevalence,135,Brazil,3,Both,27,Age-standardized,558,Mental disorders,3,Rate,2005,15727.495581844949,16833.80742543922,14611.77027389472
1,All Population,5,Prevalence,194,Lesotho,3,Both,27,Age-standardized,558,Mental disorders,2,Percent,2005,0.1024996350904408,0.1108193084937406,0.0928105267692138
1,All Population,5,Prevalence,194,Lesotho,3,Both,27,Age-standardized,558,Mental disorders,3,Rate,2005,10204.425214214629,11029.65566210988,9242.85863925662
1,All Population,5,Prevalence,19,Timor-Leste,3,Both,27,Age-standardized,558,Mental disorders,2,Percent,2005,0.085472133933394,0.0951752583602951,0.0764323152974083
1,All Population,5,Prevalence,19,Timor-Leste,3,Both,27,Age-standardized,558,Mental disorders,3,Rate,2005,8472.56250535941,9431.51443521011,7586.6905738428595
1,All Population,5,Prevalence,79,Finland,3,Both,27,Age-standardized,558,Mental disorders,2,Percent,2005,0.1231431182428258,0.1350768007537616,0.1117285927765652
1,All Population,5,Prevalence,79,Finland,3,Both,27,Age-standardized,558,Mental disorders,3,Rate,2005,11334.52204769139,12342.659868098039,10289.34801575605
1,All Population,5,Prevalence,214,Nigeria,3,Both,27,Age-standardized,558,Mental disorders,2,Percent,2005,0.1124059686102607,0.1222924975588058,0.1030792217600003
1,All Population,5,Prevalence,214,Nigeria,3,Both,27,Age-standardized,558,Mental disorders,3,Rate,2005,11194.3937573387,12168.416742213529,10267.37667897038
1,All Population,5,Prevalence,16,Philippines,3,Both,27,Age-standardized,558,Mental disorders,2,Percent,2005,0.0862086557954505,0.0945561074695402,0.0789640900984483
1,All Population,5,Prevalence,16,Philippines,3,Both,27,Age-standardized,558,Mental disorders,3,Rate,2005,8404.955794790769,9214.04266807664,7693.36397627729
1,All Population,5,Prevalence,94,Switzerland,3,Both,27,Age-standardized,558,Mental disorders,2,Percent,2005,0.1605248038439352,0.1767419985382901,0.146616405111159
1,All Population,5,Prevalence,94,Switzerland,3,Both,27,Age-standardized,558,Mental disorders,3,Rate,2005,14704.17798138467,16161.547221648601,13373.06038658648
1,All Population,5,Prevalence,66,Brunei Darussalam,3,Both,27,Age-standardized,558,Mental disorders,2,Percent,2005,0.1161484746508043,0.1274224075095671,0.1057549897278133
1,All Population,5,Prevalence,66,Brunei Darussalam,3,Both,27,Age-standardized,558,Mental disorders,3,Rate,2005,10812.26093186264,11830.5439143258,9821.35266709951
1,All Population,5,Prevalence,184,Mozambique,3,Both,27,Age-standardized,558,Mental disorders,2,Percent,2005,0.1222207277844978,0.1334494265164501,0.1104818910521388
1,All Population,5,Prevalence,184,Mozambique,3,Both,27,Age-standardized,558,Mental disorders,3,Rate,2005,12179.94381001564,13301.16552054243,11011.92244133949
1,All Population,5,Prevalence,320,Cook Islands,3,Both,27,Age-standardized,558,Mental disorders,2,Percent,2005,0.0997407158319749,0.1103275712939016,0.0884821084631136
1,All Population,5,Prevalence,320,Cook Islands,3,Both,27,Age-standardized,558,Mental disorders,3,Rate,2005,9568.99592060617,10590.542632968889,8465.47078571855
1,All Population,5,Prevalence,111,Dominican Republic,3,Both,27,Age-standardized,558,Mental disorders,2,Percent,2005,0.1532936001701632,0.1671172186410702,0.1388137014031214
1,All Population,5,Prevalence,111,Dominican Republic,3,Both,27,Age-standardized,558,Mental disorders,3,Rate,2005,14938.57395050919,16266.136470802388,13547.535813899838
1,All Population,5,Prevalence,201,Burkina Faso,3,Both,27,Age-standardized,558,Mental disorders,2,Percent,2005,0.127205955163332,0.1382430434876247,0.1152411241734641
1,All Population,5,Prevalence,201,Burkina Faso,3,Both,27,Age-standardized,558,Mental disorders,3,Rate,2005,12698.246124407311,13799.5021212106,11506.35741314871
1,All Population,5,Prevalence,61,Republic of Moldova,3,Both,27,Age-standardized,558,Mental disorders,2,Percent,2005,0.1170622262206339,0.1285466147504504,0.1065000961439533
1,All Population,5,Prevalence,61,Republic of Moldova,3,Both,27,Age-standardized,558,Mental disorders,3,Rate,2005,11081.36531379178,12168.63892540248,10034.801000196581
1,All Population,5,Prevalence,87,Luxembourg,3,Both,27,Age-standardized,558,Mental disorders,2,Percent,2004,0.1375427200941265,0.146686712098478,0.1288685424981439
1,All Population,5,Prevalence,87,Luxembourg,3,Both,27,Age-standardized,558,Mental disorders,3,Rate,2004,12593.63639993232,13444.71177803293,11848.057926517009
1,All Population,5,Prevalence,98,Chile,3,Both,27,Age-standardized,558,Mental disorders,2,Percent,2004,0.1539303520739232,0.1711527019343955,0.13831394940545
1,All Population,5,Prevalence,98,Chile,3,Both,27,Age-standardized,558,Mental disorders,3,Rate,2004,14708.10833750594,16323.499965997109,13182.68073398835
1,All Population,5,Prevalence,129,Honduras,3,Both,27,Age-standardized,558,Mental disorders,2,Percent,2005,0.110459317495017,0.1191335599939717,0.1014628321166787
1,All Population,5,Prevalence,129,Honduras,3,Both,27,Age-standardized,558,Mental disorders,3,Rate,2005,10848.11058774952,11717.11052528816,9958.53796824568
1,All Population,5,Prevalence,204,Chad,3,Both,27,Age-standardized,558,Mental disorders,2,Percent,2005,0.1278430833042509,0.1386806631082641,0.1156856860720829
1,All Population,5,Prevalence,204,Chad,3,Both,27,Age-standardized,558,Mental disorders,3,Rate,2005,12739.246349237821,13822.741201340219,11531.87201059739
1,All Population,5,Prevalence,200,Benin,3,Both,27,Age-standardized,558,Mental disorders,2,Percent,2005,0.1286344123795424,0.1406736001336765,0.1168902417375865
1,All Population,5,Prevalence,200,Benin,3,Both,27,Age-standardized,558,Mental disorders,3,Rate,2005,12819.879458628719,14021.9635305993,11651.225946898661
1,All Population,5,Prevalence,149,Palestine,3,Both,27,Age-standardized,558,Mental disorders,2,Percent,2004,0.1462138614080099,0.1568052609178921,0.135451438124403
1,All Population,5,Prevalence,149,Palestine,3,Both,27,Age-standardized,558,Mental disorders,3,Rate,2004,14246.82386019599,15330.76272658798,13202.509494208201
1,All Population,5,Prevalence,176,Comoros,3,Both,27,Age-standardized,558,Mental disorders,2,Percent,2005,0.1090637061394766,0.1193337699858154,0.0985777236606349
1,All Population,5,Prevalence,176,Comoros,3,Both,27,Age-standardized,558,Mental disorders,3,Rate,2005,10720.16792741049,11699.37527468226,9708.20901236401
1,All Population,5,Prevalence,207,Ghana,3,Both,27,Age-standardized,558,Mental disorders,2,Percent,2005,0.1190367352479384,0.1281643844863775,0.1084743473608509
1,All Population,5,Prevalence,207,Ghana,3,Both,27,Age-standardized,558,Mental disorders,3,Rate,2005,11837.25619259757,12747.37033692262,10792.13294742263
1,All Population,5,Prevalence,393,Saint Kitts and Nevis,3,Both,27,Age-standardized,558,Mental disorders,2,Percent,2005,0.1444749149346601,0.1571940528668465,0.1307477710005347
1,All Population,5,Prevalence,393,Saint Kitts and Nevis,3,Both,27,Age-standardized,558,Mental disorders,3,Rate,2005,13877.494956701381,15079.23402775259,12610.413826821981
1,All Population,5,Prevalence,146,Lebanon,3,Both,27,Age-standardized,558,Mental disorders,2,Percent,2005,0.1490805998637785,0.1615081622198524,0.1369029944387989
1,All Population,5,Prevalence,146,Lebanon,3,Both,27,Age-standardized,558,Mental disorders,3,Rate,2005,14321.399347574981,15547.13195203522,13136.1102401419
1,All Population,5,Prevalence,160,Afghanistan,3,Both,27,Age-standardized,558,Mental disorders,2,Percent,2004,0.1288207155341786,0.1385724749794539,0.1193019129752633
1,All Population,5,Prevalence,160,Afghanistan,3,Both,27,Age-standardized,558,Mental disorders,3,Rate,2004,12846.39715645885,13810.878157738929,11882.532123940979
1,All Population,5,Prevalence,163,India,3,Both,27,Age-standardized,558,Mental disorders,2,Percent,2005,0.1109572002559152,0.1249664208827547,0.100018246187521
1,All Population,5,Prevalence,163,India,3,Both,27,Age-standardized,558,Mental disorders,3,Rate,2005,10972.34404995846,12353.300083127131,9881.14546605773
1,All Population,5,Prevalence,117,Saint Vincent and the Grenadines,3,Both,27,Age-standardized,558,Mental disorders,2,Percent,2004,0.1414290173887344,0.1543969625855234,0.1283713799899363
1,All Population,5,Prevalence,117,Saint Vincent and the Grenadines,3,Both,27,Age-standardized,558,Mental disorders,3,Rate,2004,13762.89178411693,14969.965286357608,12534.04638019853
1,All Population,5,Prevalence,130,Mexico,3,Both,27,Age-standardized,558,Mental disorders,2,Percent,2004,0.1149927212870534,0.1236522157965982,0.1067030743453142
1,All Population,5,Prevalence,130,Mexico,3,Both,27,Age-standardized,558,Mental disorders,3,Rate,2004,11055.7227493144,11858.881037652489,10272.94509069767
1,All Population,5,Prevalence,118,Suriname,3,Both,27,Age-standardized,558,Mental disorders,2,Percent,2005,0.1398030221703716,0.1522757386927347,0.1270880566631908
1,All Population,5,Prevalence,118,Suriname,3,Both,27,Age-standardized,558,Mental disorders,3,Rate,2005,13672.72838829197,14863.08123278468,12429.1377205832
1,All Population,5,Prevalence,30,Vanuatu,3,Both,27,Age-standardized,558,Mental disorders,2,Percent,2006,0.0964336030112219,0.106806365271818,0.0845601480466525
1,All Population,5,Prevalence,30,Vanuatu,3,Both,27,Age-standardized,558,Mental disorders,3,Rate,2006,9552.214226489621,10581.45755644152,8398.6549951251
1,All Population,5,Prevalence,196,South Africa,3,Both,27,Age-standardized,558,Mental disorders,2,Percent,2005,0.1116431032478369,0.1201618109592433,0.1028658995188355
1,All Population,5,Prevalence,196,South Africa,3,Both,27,Age-standardized,558,Mental disorders,3,Rate,2005,11058.021158812931,11909.3221233927,10183.57086470127
1,All Population,5,Prevalence,145,Kuwait,3,Both,27,Age-standardized,558,Mental disorders,2,Percent,2004,0.1276404024437367,0.1362487634831266,0.1186627796242228
1,All Population,5,Prevalence,145,Kuwait,3,Both,27,Age-standardized,558,Mental disorders,3,Rate,2004,12090.50363893861,12967.83502036119,11223.33391358772
1,All Population,5,Prevalence,140,Bahrain,3,Both,27,Age-standardized,558,Mental disorders,2,Percent,2005,0.1383071129737179,0.1476076911047702,0.1282109351541921
1,All Population,5,Prevalence,140,Bahrain,3,Both,27,Age-standardized,558,Mental disorders,3,Rate,2005,13525.604674173212,14481.91536130265,12565.763627880211
1,All Population,5,Prevalence,218,Togo,3,Both,27,Age-standardized,558,Mental disorders,2,Percent,2005,0.1366971034200193,0.1577404431735913,0.1180202809947565
1,All Population,5,Prevalence,218,Togo,3,Both,27,Age-standardized,558,Mental disorders,3,Rate,2005,13645.58211020204,15747.249894262311,11783.28142337271
1,All Population,5,Prevalence,305,Bermuda,3,Both,27,Age-standardized,558,Mental disorders,2,Percent,2005,0.1478911481630044,0.160736863677836,0.1344899195867078
1,All Population,5,Prevalence,305,Bermuda,3,Both,27,Age-standardized,558,Mental disorders,3,Rate,2005,14143.191782947079,15379.87960203493,12877.75664206155
1,All Population,5,Prevalence,108,Belize,3,Both,27,Age-standardized,558,Mental disorders,2,Percent,2005,0.1350407444193032,0.1465379261262104,0.1226933668245286
1,All Population,5,Prevalence,108,Belize,3,Both,27,Age-standardized,558,Mental disorders,3,Rate,2005,13186.94287052504,14330.293668898561,11992.40329184719
1,All Population,5,Prevalence,125,Colombia,3,Both,27,Age-standardized,558,Mental disorders,2,Percent,2005,0.1158450848207484,0.124289103138978,0.1078472395326855
1,All Population,5,Prevalence,125,Colombia,3,Both,27,Age-standardized,558,Mental disorders,3,Rate,2005,11165.446398719188,11975.90064282294,10366.650548271069
1,All Population,5,Prevalence,173,Gabon,3,Both,27,Age-standardized,558,Mental disorders,2,Percent,2005,0.1312462242263745,0.1443399515801081,0.116758145810606
1,All Population,5,Prevalence,173,Gabon,3,Both,27,Age-standardized,558,Mental disorders,3,Rate,2005,13029.0932799976,14320.94478389815,11599.94887726098
1,All Population,5,Prevalence,385,Puerto Rico,3,Both,27,Age-standardized,558,Mental disorders,2,Percent,2005,0.1572692723186891,0.1702671229737649,0.1448651107968718
1,All Population,5,Prevalence,385,Puerto Rico,3,Both,27,Age-standardized,558,Mental disorders,3,Rate,2005,15000.430278090249,16201.436061748089,13837.49511779044
1,All Population,5,Prevalence,175,Burundi,3,Both,27,Age-standardized,558,Mental disorders,2,Percent,2004,0.1127446528993354,0.1224652644178145,0.1028067632748529
1,All Population,5,Prevalence,175,Burundi,3,Both,27,Age-standardized,558,Mental disorders,3,Rate,2004,11200.2355238833,12148.1840588577,10230.31267708597
1,All Population,5,Prevalence,19,Timor-Leste,3,Both,27,Age-standardized,558,Mental disorders,2,Percent,2006,0.0855501833725775,0.0953476204114179,0.0764420282016984
1,All Population,5,Prevalence,19,Timor-Leste,3,Both,27,Age-standardized,558,Mental disorders,3,Rate,2006,8472.83094475322,9434.10719539845,7588.88891822824
1,All Population,5,Prevalence,367,Monaco,3,Both,27,Age-standardized,558,Mental disorders,2,Percent,2005,0.1391918317111833,0.1490992203208086,0.1303726723530399
1,All Population,5,Prevalence,367,Monaco,3,Both,27,Age-standardized,558,Mental disorders,3,Rate,2005,12723.5689067435,13637.71518121325,11950.89950570519
1,All Population,5,Prevalence,435,South Sudan,3,Both,27,Age-standardized,558,Mental disorders,2,Percent,2005,0.1146962949566794,0.1244628919027728,0.1044789655998901
1,All Population,5,Prevalence,435,South Sudan,3,Both,27,Age-standardized,558,Mental disorders,3,Rate,2005,11388.02947607885,12359.23681853312,10376.30893748074
1,All Population,5,Prevalence,119,Trinidad and Tobago,3,Both,27,Age-standardized,558,Mental disorders,2,Percent,2004,0.1345949258204311,0.1461249626881627,0.1224150158631869
1,All Population,5,Prevalence,119,Trinidad and Tobago,3,Both,27,Age-standardized,558,Mental disorders,3,Rate,2004,12977.557230365,14094.38437953641,11815.804586587
1,All Population,5,Prevalence,153,Syrian Arab Republic,3,Both,27,Age-standardized,558,Mental disorders,2,Percent,2005,0.1581054894629071,0.1740220777114824,0.1413759477777993
1,All Population,5,Prevalence,153,Syrian Arab Republic,3,Both,27,Age-standardized,558,Mental disorders,3,Rate,2005,15347.67765606645,16893.95259449614,13710.19161051735
1,All Population,5,Prevalence,35,Georgia,3,Both,27,Age-standardized,558,Mental disorders,2,Percent,2005,0.1164405714476775,0.1285412189414966,0.1057651230831797
1,All Population,5,Prevalence,35,Georgia,3,Both,27,Age-standardized,558,Mental disorders,3,Rate,2005,11145.91392729012,12351.25888704227,10150.84077166597
1,All Population,5,Prevalence,132,Panama,3,Both,27,Age-standardized,558,Mental disorders,2,Percent,2004,0.1079819010023645,0.1164809040858811,0.0994165301688071
1,All Population,5,Prevalence,132,Panama,3,Both,27,Age-standardized,558,Mental disorders,3,Rate,2004,10389.2291157407,11229.31224974324,9580.056195738081
1,All Population,5,Prevalence,81,Germany,3,Both,27,Age-standardized,558,Mental disorders,2,Percent,2005,0.1377988469228968,0.1487919394502085,0.1277622036933703
1,All Population,5,Prevalence,81,Germany,3,Both,27,Age-standardized,558,Mental disorders,3,Rate,2005,12554.292870260611,13545.553313625,11670.10245418051
1,All Population,5,Prevalence,121,Bolivia (Plurinational State of),3,Both,27,Age-standardized,558,Mental disorders,2,Percent,2005,0.1483513267662177,0.1622550679679013,0.1339169686333594
1,All Population,5,Prevalence,121,Bolivia (Plurinational State of),3,Both,27,Age-standardized,558,Mental disorders,3,Rate,2005,14442.64456707009,15796.6898859046,13046.546081058641
1,All Population,5,Prevalence,208,Guinea,3,Both,27,Age-standardized,558,Mental disorders,2,Percent,2004,0.1257539795656071,0.1363667975877074,0.1144444063387377
1,All Population,5,Prevalence,208,Guinea,3,Both,27,Age-standardized,558,Mental disorders,3,Rate,2004,12524.590450516529,13589.83073742848,11400.5430688492
1,All Population,5,Prevalence,48,Hungary,3,Both,27,Age-standardized,558,Mental disorders,2,Percent,2005,0.1176128377070973,0.1304193775103379,0.1055329426214758
1,All Population,5,Prevalence,48,Hungary,3,Both,27,Age-standardized,558,Mental disorders,3,Rate,2005,11184.53166939844,12426.242959654319,10026.014795854051
1,All Population,5,Prevalence,197,Eswatini,3,Both,27,Age-standardized,558,Mental disorders,2,Percent,2004,0.1131290232674634,0.1229788593172475,0.102194897949007
1,All Population,5,Prevalence,197,Eswatini,3,Both,27,Age-standardized,558,Mental disorders,3,Rate,2004,11097.97542027674,12028.184693396179,10061.17772310426
1,All Population,5,Prevalence,162,Bhutan,3,Both,27,Age-standardized,558,Mental disorders,2,Percent,2004,0.1083785433936948,0.1194375485427159,0.0973283582207494
1,All Population,5,Prevalence,162,Bhutan,3,Both,27,Age-standardized,558,Mental disorders,3,Rate,2004,10473.97340428523,11541.98033511675,9389.3954572202
1,All Population,5,Prevalence,147,Libya,3,Both,27,Age-standardized,558,Mental disorders,2,Percent,2004,0.1356307284701084,0.1448037409234315,0.1254805350488897
1,All Population,5,Prevalence,147,Libya,3,Both,27,Age-standardized,558,Mental disorders,3,Rate,2004,13140.84112721383,14094.96134983938,12183.657020039911
1,All Population,5,Prevalence,191,Zambia,3,Both,27,Age-standardized,558,Mental disorders,2,Percent,2004,0.1062772578077087,0.1158298267481223,0.0966808298463886
1,All Population,5,Prevalence,191,Zambia,3,Both,27,Age-standardized,558,Mental disorders,3,Rate,2004,10590.875697942149,11545.98756708023,9635.90053392472
1,All Population,5,Prevalence,95,United Kingdom,3,Both,27,Age-standardized,558,Mental disorders,2,Percent,2005,0.1594957682688915,0.1716650875044267,0.1481614196464707
1,All Population,5,Prevalence,95,United Kingdom,3,Both,27,Age-standardized,558,Mental disorders,3,Rate,2005,14531.48428390369,15565.40184434072,13509.67593343573
1,All Population,5,Prevalence,165,Pakistan,3,Both,27,Age-standardized,558,Mental disorders,2,Percent,2005,0.115838980784958,0.1274794046879616,0.1055790213094224
1,All Population,5,Prevalence,165,Pakistan,3,Both,27,Age-standardized,558,Mental disorders,3,Rate,2005,11290.01764328293,12394.57594557401,10293.604933931321
1,All Population,5,Prevalence,522,Sudan,3,Both,27,Age-standardized,558,Mental disorders,2,Percent,2005,0.1321582104966414,0.143732123602126,0.1207537825956041
1,All Population,5,Prevalence,522,Sudan,3,Both,27,Age-standardized,558,Mental disorders,3,Rate,2005,13091.308610941069,14224.110668571111,11960.64339727072
1,All Population,5,Prevalence,80,France,3,Both,27,Age-standardized,558,Mental disorders,2,Percent,2005,0.1597831384682362,0.1745429817979023,0.1465454607838881
1,All Population,5,Prevalence,80,France,3,Both,27,Age-standardized,558,Mental disorders,3,Rate,2005,14483.44556611174,15727.5397760696,13224.324512613312
1,All Population,5,Prevalence,148,Morocco,3,Both,27,Age-standardized,558,Mental disorders,2,Percent,2005,0.1303563052753003,0.1393121405612166,0.1206529564411501
1,All Population,5,Prevalence,148,Morocco,3,Both,27,Age-standardized,558,Mental disorders,3,Rate,2005,12656.44393551135,13556.95465234725,11708.3939236836
1,All Population,5,Prevalence,131,Nicaragua,3,Both,27,Age-standardized,558,Mental disorders,2,Percent,2005,0.1198237552344853,0.1287186064495007,0.1110244327110852
1,All Population,5,Prevalence,131,Nicaragua,3,Both,27,Age-standardized,558,Mental disorders,3,Rate,2005,11676.75381183517,12550.23087302928,10818.01071079819
1,All Population,5,Prevalence,172,Equatorial Guinea,3,Both,27,Age-standardized,558,Mental disorders,2,Percent,2005,0.1312228712003518,0.1450794627547446,0.1166616924380012
1,All Population,5,Prevalence,172,Equatorial Guinea,3,Both,27,Age-standardized,558,Mental disorders,3,Rate,2005,12943.885120685689,14319.63233072152,11505.47635368087
1,All Population,5,Prevalence,164,Nepal,3,Both,27,Age-standardized,558,Mental disorders,2,Percent,2004,0.1041654584467898,0.1142436720975988,0.094959035617776
1,All Population,5,Prevalence,164,Nepal,3,Both,27,Age-standardized,558,Mental disorders,3,Rate,2004,10262.48409311363,11242.98740772642,9359.72722856073
1,All Population,5,Prevalence,177,Djibouti,3,Both,27,Age-standardized,558,Mental disorders,2,Percent,2004,0.1004448067034388,0.1095448177841951,0.0918681207926885
1,All Population,5,Prevalence,177,Djibouti,3,Both,27,Age-standardized,558,Mental disorders,3,Rate,2004,9892.08097484678,10750.398210648531,9050.116434525129
1,All Population,5,Prevalence,210,Liberia,3,Both,27,Age-standardized,558,Mental disorders,2,Percent,2004,0.1273731449346203,0.1386044875976301,0.1159704492666286
1,All Population,5,Prevalence,210,Liberia,3,Both,27,Age-standardized,558,Mental disorders,3,Rate,2004,12699.434129070161,13829.66775928891,11569.713692415711
1,All Population,5,Prevalence,186,Seychelles,3,Both,27,Age-standardized,558,Mental disorders,2,Percent,2005,0.0815662106958892,0.0888974783775481,0.0746294835918261
1,All Population,5,Prevalence,186,Seychelles,3,Both,27,Age-standardized,558,Mental disorders,3,Rate,2005,7852.29833582637,8554.71015650699,7197.29063268548
1,All Population,5,Prevalence,13,Malaysia,3,Both,27,Age-standardized,558,Mental disorders,2,Percent,2006,0.085321506820896,0.0924908996258205,0.078144068295471
1,All Population,5,Prevalence,13,Malaysia,3,Both,27,Age-standardized,558,Mental disorders,3,Rate,2006,8232.28762317708,8921.94830275735,7515.33529815282
1,All Population,5,Prevalence,77,Cyprus,3,Both,27,Age-standardized,558,Mental disorders,2,Percent,2006,0.1389330394722456,0.1485794459088242,0.1296632257492092
1,All Population,5,Prevalence,77,Cyprus,3,Both,27,Age-standardized,558,Mental disorders,3,Rate,2006,12866.787304885991,13739.20985294058,12055.2644560882
1,All Population,5,Prevalence,60,Lithuania,3,Both,27,Age-standardized,558,Mental disorders,2,Percent,2006,0.1201161179438098,0.1326762329882599,0.1079401877693358
1,All Population,5,Prevalence,60,Lithuania,3,Both,27,Age-standardized,558,Mental disorders,3,Rate,2006,11435.93848533965,12653.193541649798,10242.48927313392
1,All Population,5,Prevalence,45,Bulgaria,3,Both,27,Age-standardized,558,Mental disorders,2,Percent,2006,0.1113616342604506,0.123628921865814,0.1004593356554538
1,All Population,5,Prevalence,45,Bulgaria,3,Both,27,Age-standardized,558,Mental disorders,3,Rate,2006,10634.75407343601,11834.92759188944,9581.55088555083
1,All Population,5,Prevalence,66,Brunei Darussalam,3,Both,27,Age-standardized,558,Mental disorders,2,Percent,2006,0.1167524829031565,0.1280292531758606,0.1060855411704172
1,All Population,5,Prevalence,66,Brunei Darussalam,3,Both,27,Age-standardized,558,Mental disorders,3,Rate,2006,10859.88204399484,11907.64912808493,9861.005130803891
1,All Population,5,Prevalence,178,Eritrea,3,Both,27,Age-standardized,558,Mental disorders,2,Percent,2005,0.1104936551277642,0.1202921600373755,0.1004129774202044
1,All Population,5,Prevalence,178,Eritrea,3,Both,27,Age-standardized,558,Mental disorders,3,Rate,2005,10894.82358922341,11819.809537288891,9944.1442957126
1,All Population,5,Prevalence,209,Guinea-Bissau,3,Both,27,Age-standardized,558,Mental disorders,2,Percent,2005,0.1169909774679383,0.1267468968007285,0.1063675477567228
1,All Population,5,Prevalence,209,Guinea-Bissau,3,Both,27,Age-standardized,558,Mental disorders,3,Rate,2005,11659.56943887418,12645.47637856189,10596.101433679329
1,All Population,5,Prevalence,63,Ukraine,3,Both,27,Age-standardized,558,Mental disorders,2,Percent,2005,0.124984618242785,0.137697877404066,0.1112222108267732
1,All Population,5,Prevalence,63,Ukraine,3,Both,27,Age-standardized,558,Mental disorders,3,Rate,2005,11779.60266870054,13004.763717289861,10510.41864864932
1,All Population,5,Prevalence,90,Norway,3,Both,27,Age-standardized,558,Mental disorders,2,Percent,2006,0.1385972940289864,0.1537170771714667,0.124189046912635
1,All Population,5,Prevalence,90,Norway,3,Both,27,Age-standardized,558,Mental disorders,3,Rate,2006,12726.03965193814,14085.91899039971,11409.20984306092
1,All Population,5,Prevalence,413,Tokelau,3,Both,27,Age-standardized,558,Mental disorders,2,Percent,2005,0.0980369899251932,0.1086151308209804,0.0863346886318224
1,All Population,5,Prevalence,413,Tokelau,3,Both,27,Age-standardized,558,Mental disorders,3,Rate,2005,9538.13505408939,10564.73104021393,8407.63587648442
1,All Population,5,Prevalence,185,Rwanda,3,Both,27,Age-standardized,558,Mental disorders,2,Percent,2005,0.1042086618546086,0.1132806326383098,0.0951498983153878
1,All Population,5,Prevalence,185,Rwanda,3,Both,27,Age-standardized,558,Mental disorders,3,Rate,2005,10300.42104687318,11198.9337262844,9416.50563525763
1,All Population,5,Prevalence,193,Botswana,3,Both,27,Age-standardized,558,Mental disorders,2,Percent,2004,0.1088633234403228,0.1177385986073026,0.0987362263398626
1,All Population,5,Prevalence,193,Botswana,3,Both,27,Age-standardized,558,Mental disorders,3,Rate,2004,10712.26732594452,11576.40385779271,9716.56799037367
1,All Population,5,Prevalence,105,Antigua and Barbuda,3,Both,27,Age-standardized,558,Mental disorders,2,Percent,2006,0.1446221471188993,0.1571379595493706,0.1312316190531017
1,All Population,5,Prevalence,105,Antigua and Barbuda,3,Both,27,Age-standardized,558,Mental disorders,3,Rate,2006,14021.75956100814,15242.19668580848,12730.1748827062
1,All Population,5,Prevalence,374,Niue,3,Both,27,Age-standardized,558,Mental disorders,2,Percent,2005,0.0991837410428099,0.1100300805434282,0.0875152933395698
1,All Population,5,Prevalence,374,Niue,3,Both,27,Age-standardized,558,Mental disorders,3,Rate,2005,9537.908457716481,10569.91842383692,8427.77221974358
1,All Population,5,Prevalence,150,Oman,3,Both,27,Age-standardized,558,Mental disorders,2,Percent,2005,0.1268357348909259,0.1364354628891718,0.1163314225414305
1,All Population,5,Prevalence,150,Oman,3,Both,27,Age-standardized,558,Mental disorders,3,Rate,2005,12365.373193799769,13360.82357323263,11342.71680690252
1,All Population,5,Prevalence,212,Mauritania,3,Both,27,Age-standardized,558,Mental disorders,2,Percent,2004,0.1047981601655032,0.1133511113642866,0.0954975970483386
1,All Population,5,Prevalence,212,Mauritania,3,Both,27,Age-standardized,558,Mental disorders,3,Rate,2004,10355.490340034949,11220.156989740219,9440.7229741722
1,All Population,5,Prevalence,195,Namibia,3,Both,27,Age-standardized,558,Mental disorders,2,Percent,2004,0.1014231745259485,0.1102761110946336,0.0921513822987998
1,All Population,5,Prevalence,195,Namibia,3,Both,27,Age-standardized,558,Mental disorders,3,Rate,2004,9975.01187540279,10821.88929932837,9053.5970994671
1,All Population,5,Prevalence,126,Costa Rica,3,Both,27,Age-standardized,558,Mental disorders,2,Percent,2006,0.1211155403302596,0.1301452272147338,0.1118193255965487
1,All Population,5,Prevalence,126,Costa Rica,3,Both,27,Age-standardized,558,Mental disorders,3,Rate,2006,11600.60560983878,12429.96246170959,10700.36384294212
1,All Population,5,Prevalence,122,Ecuador,3,Both,27,Age-standardized,558,Mental disorders,2,Percent,2006,0.1395795384647149,0.1519215507140369,0.1266861740167683
1,All Population,5,Prevalence,122,Ecuador,3,Both,27,Age-standardized,558,Mental disorders,3,Rate,2006,13595.069893885531,14785.72213398381,12351.67566924524
1,All Population,5,Prevalence,349,Greenland,3,Both,27,Age-standardized,558,Mental disorders,2,Percent,2005,0.162144908823986,0.175941369745032,0.1502444436482738
1,All Population,5,Prevalence,349,Greenland,3,Both,27,Age-standardized,558,Mental disorders,3,Rate,2005,15087.21672340078,16344.40097565004,14000.680455882062
1,All Population,5,Prevalence,34,Azerbaijan,3,Both,27,Age-standardized,558,Mental disorders,2,Percent,2006,0.1148440826767012,0.127845451513141,0.1031003277871888
1,All Population,5,Prevalence,34,Azerbaijan,3,Both,27,Age-standardized,558,Mental disorders,3,Rate,2006,11075.820375367839,12337.75311014432,9972.56850642371
1,All Population,5,Prevalence,139,Algeria,3,Both,27,Age-standardized,558,Mental disorders,2,Percent,2006,0.1367212367282693,0.146251262949612,0.1263696162780184
1,All Population,5,Prevalence,139,Algeria,3,Both,27,Age-standardized,558,Mental disorders,3,Rate,2006,13186.722341892459,14160.914223912168,12212.87371464824
1,All Population,5,Prevalence,155,Türkiye,3,Both,27,Age-standardized,558,Mental disorders,2,Percent,2005,0.1348968384595977,0.145655506395688,0.124033822728871
1,All Population,5,Prevalence,155,Türkiye,3,Both,27,Age-standardized,558,Mental disorders,3,Rate,2005,13060.91201689055,14138.90609724922,12009.28039266691
1,All Population,5,Prevalence,203,Cabo Verde,3,Both,27,Age-standardized,558,Mental disorders,2,Percent,2005,0.1191084658711487,0.1292904231872232,0.1083497775498681
1,All Population,5,Prevalence,203,Cabo Verde,3,Both,27,Age-standardized,558,Mental disorders,3,Rate,2005,11566.39660454494,12556.26120511065,10520.94658783012
1,All Population,5,Prevalence,216,Senegal,3,Both,27,Age-standardized,558,Mental disorders,2,Percent,2005,0.1146494032069296,0.123806796263686,0.1039916894143169
1,All Population,5,Prevalence,216,Senegal,3,Both,27,Age-standardized,558,Mental disorders,3,Rate,2005,11390.173858233831,12304.17433772673,10339.804307863009
1,All Population,5,Prevalence,179,Ethiopia,3,Both,27,Age-standardized,558,Mental disorders,2,Percent,2004,0.1154242155625619,0.1250365070437216,0.1054364764673826
1,All Population,5,Prevalence,179,Ethiopia,3,Both,27,Age-standardized,558,Mental disorders,3,Rate,2004,11490.54942490048,12445.92087079851,10494.37801860232
1,All Population,5,Prevalence,211,Mali,3,Both,27,Age-standardized,558,Mental disorders,2,Percent,2005,0.1135787521206939,0.1226586319215183,0.1029075531809137
1,All Population,5,Prevalence,211,Mali,3,Both,27,Age-standardized,558,Mental disorders,3,Rate,2005,11320.55001598037,12231.66607862701,10263.92353070584
1,All Population,5,Prevalence,110,Dominica,3,Both,27,Age-standardized,558,Mental disorders,2,Percent,2005,0.1425293045657139,0.155376568721877,0.1295155141885241
1,All Population,5,Prevalence,110,Dominica,3,Both,27,Age-standardized,558,Mental disorders,3,Rate,2005,13803.43511886889,14997.31511078817,12555.43538142395
1,All Population,5,Prevalence,369,Nauru,3,Both,27,Age-standardized,558,Mental disorders,2,Percent,2004,0.0966590178140347,0.1073975084772222,0.0853987652657854
1,All Population,5,Prevalence,369,Nauru,3,Both,27,Age-standardized,558,Mental disorders,3,Rate,2004,9485.55881481102,10541.99972665938,8381.86565201264
1,All Population,5,Prevalence,206,Gambia,3,Both,27,Age-standardized,558,Mental disorders,2,Percent,2004,0.1185621844894424,0.1280362484369771,0.1081747050329941
1,All Population,5,Prevalence,206,Gambia,3,Both,27,Age-standardized,558,Mental disorders,3,Rate,2004,11754.89006627544,12730.744054702738,10743.08879435061
1,All Population,5,Prevalence,127,El Salvador,3,Both,27,Age-standardized,558,Mental disorders,2,Percent,2005,0.114185047678389,0.1224701693427988,0.1057117502188494
1,All Population,5,Prevalence,127,El Salvador,3,Both,27,Age-standardized,558,Mental disorders,3,Rate,2005,11063.049887903551,11878.003334001069,10221.76241298099
1,All Population,5,Prevalence,396,San Marino,3,Both,27,Age-standardized,558,Mental disorders,2,Percent,2005,0.1387915631208211,0.1485052989377599,0.1301036131145358
1,All Population,5,Prevalence,396,San Marino,3,Both,27,Age-standardized,558,Mental disorders,3,Rate,2005,12700.741006668559,13572.60045698285,11940.86814676784
1,All Population,5,Prevalence,181,Madagascar,3,Both,27,Age-standardized,558,Mental disorders,2,Percent,2004,0.1064156030247976,0.1156961952996534,0.0971493229678893
1,All Population,5,Prevalence,181,Madagascar,3,Both,27,Age-standardized,558,Mental disorders,3,Rate,2004,10583.97976012727,11504.88947147138,9661.26734161829
1,All Population,5,Prevalence,380,Palau,3,Both,27,Age-standardized,558,Mental disorders,2,Percent,2005,0.0990974603900356,0.1100233920450146,0.087504004404167
1,All Population,5,Prevalence,380,Palau,3,Both,27,Age-standardized,558,Mental disorders,3,Rate,2005,9574.27020433794,10624.03191111002,8462.31193197589
1,All Population,5,Prevalence,171,Democratic Republic of the Congo,3,Both,27,Age-standardized,558,Mental disorders,2,Percent,2006,0.1281639623692264,0.1429483265405891,0.113125129241933
1,All Population,5,Prevalence,171,Democratic Republic of the Congo,3,Both,27,Age-standardized,558,Mental disorders,3,Rate,2006,12809.331072578409,14287.1654163929,11304.6154741096
1,All Population,5,Prevalence,142,Iran (Islamic Republic of),3,Both,27,Age-standardized,558,Mental disorders,2,Percent,2005,0.1781259698317787,0.1907393942385141,0.1623734538534359
1,All Population,5,Prevalence,142,Iran (Islamic Republic of),3,Both,27,Age-standardized,558,Mental disorders,3,Rate,2005,17326.436154893,18547.90096070599,15812.39970649568
1,All Population,5,Prevalence,213,Niger,3,Both,27,Age-standardized,558,Mental disorders,2,Percent,2005,0.1081487740205851,0.1171558138798991,0.0986655343751612
1,All Population,5,Prevalence,213,Niger,3,Both,27,Age-standardized,558,Mental disorders,3,Rate,2005,10790.008879686231,11700.06805582521,9849.16375984358
1,All Population,5,Prevalence,50,Montenegro,3,Both,27,Age-standardized,558,Mental disorders,2,Percent,2005,0.1242032195030102,0.1379654611890116,0.1097210291502829
1,All Population,5,Prevalence,50,Montenegro,3,Both,27,Age-standardized,558,Mental disorders,3,Rate,2005,11761.803055622411,13090.899284437279,10403.80833547138
1,All Population,5,Prevalence,376,Northern Mariana Islands,3,Both,27,Age-standardized,558,Mental disorders,2,Percent,2004,0.1007641694205034,0.1122353300383533,0.0891269847397361
1,All Population,5,Prevalence,376,Northern Mariana Islands,3,Both,27,Age-standardized,558,Mental disorders,3,Rate,2004,9662.24317281995,10745.23346273879,8536.20571574256
1,All Population,5,Prevalence,11,Indonesia,3,Both,27,Age-standardized,558,Mental disorders,2,Percent,2006,0.0803591044305388,0.0893138144691308,0.0727378290793271
1,All Population,5,Prevalence,11,Indonesia,3,Both,27,Age-standardized,558,Mental disorders,3,Rate,2006,7902.838972477561,8782.18521858482,7143.33649726987
1,All Population,5,Prevalence,22,Fiji,3,Both,27,Age-standardized,558,Mental disorders,2,Percent,2006,0.0961586295899241,0.1063971037767797,0.0847893209715933
1,All Population,5,Prevalence,22,Fiji,3,Both,27,Age-standardized,558,Mental disorders,3,Rate,2006,9449.447435602371,10456.5673689936,8319.05982045921
1,All Population,5,Prevalence,62,Russian Federation,3,Both,27,Age-standardized,558,Mental disorders,2,Percent,2006,0.1153401841170015,0.1260462057256824,0.1051558101804773
1,All Population,5,Prevalence,62,Russian Federation,3,Both,27,Age-standardized,558,Mental disorders,3,Rate,2006,10879.182849222,11904.716757642731,9887.29993685951
1,All Population,5,Prevalence,28,Solomon Islands,3,Both,27,Age-standardized,558,Mental disorders,2,Percent,2006,0.0991655881565028,0.1104553954062026,0.0869315147718473
1,All Population,5,Prevalence,28,Solomon Islands,3,Both,27,Age-standardized,558,Mental disorders,3,Rate,2006,9780.4761287196,10912.98383251371,8559.75867944176
1,All Population,5,Prevalence,35,Georgia,3,Both,27,Age-standardized,558,Mental disorders,2,Percent,2006,0.1164550591714059,0.1284968645955252,0.1055730433534532
1,All Population,5,Prevalence,35,Georgia,3,Both,27,Age-standardized,558,Mental disorders,3,Rate,2006,11142.00386719913,12340.848817308899,10096.018144161211
1,All Population,5,Prevalence,97,Argentina,3,Both,27,Age-standardized,558,Mental disorders,2,Percent,2005,0.1449315641912334,0.1627164614059611,0.1294150865169239
1,All Population,5,Prevalence,97,Argentina,3,Both,27,Age-standardized,558,Mental disorders,3,Rate,2005,13729.38774036577,15397.004924055978,12258.38730663784
1,All Population,5,Prevalence,14,Maldives,3,Both,27,Age-standardized,558,Mental disorders,2,Percent,2006,0.082000887336567,0.0892639405593597,0.0751715558671356
1,All Population,5,Prevalence,14,Maldives,3,Both,27,Age-standardized,558,Mental disorders,3,Rate,2006,7951.64057307209,8662.780869031469,7286.335100181241
1,All Population,5,Prevalence,157,Yemen,3,Both,27,Age-standardized,558,Mental disorders,2,Percent,2005,0.1338784075222039,0.1440512353433665,0.1230333576449859
1,All Population,5,Prevalence,157,Yemen,3,Both,27,Age-standardized,558,Mental disorders,3,Rate,2005,13294.91321611286,14315.451463491949,12228.230326255809
1,All Population,5,Prevalence,29,Tonga,3,Both,27,Age-standardized,558,Mental disorders,2,Percent,2006,0.1109720531961192,0.1293504736589701,0.093394726309839
1,All Population,5,Prevalence,29,Tonga,3,Both,27,Age-standardized,558,Mental disorders,3,Rate,2006,10770.97899864853,12557.063905480869,9071.70782355082
1,All Population,5,Prevalence,189,United Republic of Tanzania,3,Both,27,Age-standardized,558,Mental disorders,2,Percent,2005,0.1029449817053762,0.111794631123001,0.0940066873389535
1,All Population,5,Prevalence,189,United Republic of Tanzania,3,Both,27,Age-standardized,558,Mental disorders,3,Rate,2005,10234.944969314121,11114.475174261031,9354.61182698078
1,All Population,5,Prevalence,15,Myanmar,3,Both,27,Age-standardized,558,Mental disorders,2,Percent,2006,0.0830825427044737,0.0921084114165648,0.0755740596925463
1,All Population,5,Prevalence,15,Myanmar,3,Both,27,Age-standardized,558,Mental disorders,3,Rate,2006,8208.69625017706,9099.11890589593,7469.996445855189
1,All Population,5,Prevalence,7,Democratic People's Republic of Korea,3,Both,27,Age-standardized,558,Mental disorders,2,Percent,2006,0.0996470939467555,0.1090656623783333,0.0904500032089089
1,All Population,5,Prevalence,7,Democratic People's Republic of Korea,3,Both,27,Age-standardized,558,Mental disorders,3,Rate,2006,9649.25702475555,10550.13635982138,8825.055589032529
1,All Population,5,Prevalence,58,Estonia,3,Both,27,Age-standardized,558,Mental disorders,2,Percent,2006,0.1135912472581485,0.1240337781366871,0.1030358138248088
1,All Population,5,Prevalence,58,Estonia,3,Both,27,Age-standardized,558,Mental disorders,3,Rate,2006,10585.13818986945,11580.39405066336,9633.03094459615
1,All Population,5,Prevalence,152,Saudi Arabia,3,Both,27,Age-standardized,558,Mental disorders,2,Percent,2006,0.1400871534087595,0.1551073338923982,0.1247581877886679
1,All Population,5,Prevalence,152,Saudi Arabia,3,Both,27,Age-standardized,558,Mental disorders,3,Rate,2006,13614.92473120505,15092.21252486755,12087.14693173493
1,All Population,5,Prevalence,169,Central African Republic,3,Both,27,Age-standardized,558,Mental disorders,2,Percent,2006,0.1370474379429633,0.1522888977286969,0.1210248675016004
1,All Population,5,Prevalence,169,Central African Republic,3,Both,27,Age-standardized,558,Mental disorders,3,Rate,2006,13688.23811823272,15213.21318167605,12086.59879513272
1,All Population,5,Prevalence,79,Finland,3,Both,27,Age-standardized,558,Mental disorders,2,Percent,2006,0.1234912242685663,0.1353299763970747,0.1121906273284351
1,All Population,5,Prevalence,79,Finland,3,Both,27,Age-standardized,558,Mental disorders,3,Rate,2006,11364.031999932831,12379.5605216561,10336.11347738225
1,All Population,5,Prevalence,37,Kyrgyzstan,3,Both,27,Age-standardized,558,Mental disorders,2,Percent,2006,0.1011246036458425,0.1126386981990426,0.0909079079191608
1,All Population,5,Prevalence,37,Kyrgyzstan,3,Both,27,Age-standardized,558,Mental disorders,3,Rate,2006,9807.19026163357,10915.63222179119,8790.51853537784
1,All Population,5,Prevalence,182,Malawi,3,Both,27,Age-standardized,558,Mental disorders,2,Percent,2006,0.1044919572383759,0.1137528327008326,0.0943632829446182
1,All Population,5,Prevalence,182,Malawi,3,Both,27,Age-standardized,558,Mental disorders,3,Rate,2006,10343.76054403967,11259.70764794491,9343.30305526895
1,All Population,5,Prevalence,75,Austria,3,Both,27,Age-standardized,558,Mental disorders,2,Percent,2006,0.1311674440475441,0.145712509309937,0.11742468987329
1,All Population,5,Prevalence,75,Austria,3,Both,27,Age-standardized,558,Mental disorders,3,Rate,2006,12087.22408117934,13377.81499723024,10859.9372347999
1,All Population,5,Prevalence,47,Czechia,3,Both,27,Age-standardized,558,Mental disorders,2,Percent,2006,0.122518555597717,0.1355012983219777,0.1086106215249175
1,All Population,5,Prevalence,47,Czechia,3,Both,27,Age-standardized,558,Mental disorders,3,Rate,2006,11577.7556670998,12790.5760086266,10220.31197154487
1,All Population,5,Prevalence,92,Spain,3,Both,27,Age-standardized,558,Mental disorders,2,Percent,2006,0.149186511706243,0.1624418987676398,0.1368340631797267
1,All Population,5,Prevalence,92,Spain,3,Both,27,Age-standardized,558,Mental disorders,3,Rate,2006,13715.05108773277,14891.43831080579,12544.45812146834
1,All Population,5,Prevalence,107,Barbados,3,Both,27,Age-standardized,558,Mental disorders,2,Percent,2006,0.1448441690304257,0.1575509060389517,0.1316251596311501
1,All Population,5,Prevalence,107,Barbados,3,Both,27,Age-standardized,558,Mental disorders,3,Rate,2006,13970.07097317588,15190.70844643306,12712.353478217412
1,All Population,5,Prevalence,215,Sao Tome and Principe,3,Both,27,Age-standardized,558,Mental disorders,2,Percent,2006,0.1159961754343387,0.1257903496408327,0.1053933081173935
1,All Population,5,Prevalence,215,Sao Tome and Principe,3,Both,27,Age-standardized,558,Mental disorders,3,Rate,2006,11559.48121336844,12535.992014379748,10509.44363768879
1,All Population,5,Prevalence,187,Somalia,3,Both,27,Age-standardized,558,Mental disorders,2,Percent,2005,0.1074934121018677,0.1167097277363274,0.0978319527336589
1,All Population,5,Prevalence,187,Somalia,3,Both,27,Age-standardized,558,Mental disorders,3,Rate,2005,10737.478446081921,11652.50202351374,9772.97494393338
1,All Population,5,Prevalence,24,Marshall Islands,3,Both,27,Age-standardized,558,Mental disorders,2,Percent,2006,0.0974036294476533,0.1078964092527959,0.0855416157418935
1,All Population,5,Prevalence,24,Marshall Islands,3,Both,27,Age-standardized,558,Mental disorders,3,Rate,2006,9577.43239992837,10612.766462163501,8417.40364194796
1,All Population,5,Prevalence,59,Latvia,3,Both,27,Age-standardized,558,Mental disorders,2,Percent,2006,0.119946885353479,0.1308898208452504,0.1105154628936716
1,All Population,5,Prevalence,59,Latvia,3,Both,27,Age-standardized,558,Mental disorders,3,Rate,2006,11216.49390286387,12168.001258314249,10323.779315949309
1,All Population,5,Prevalence,416,Tuvalu,3,Both,27,Age-standardized,558,Mental disorders,2,Percent,2005,0.0973624132122849,0.1080529372252713,0.0857768248362988
1,All Population,5,Prevalence,416,Tuvalu,3,Both,27,Age-standardized,558,Mental disorders,3,Rate,2005,9543.2830070565,10563.4894777954,8410.73663747773
1,All Population,5,Prevalence,69,Singapore,3,Both,27,Age-standardized,558,Mental disorders,2,Percent,2006,0.1097562693819441,0.1209760866002361,0.1005925210468326
1,All Population,5,Prevalence,69,Singapore,3,Both,27,Age-standardized,558,Mental disorders,3,Rate,2006,9893.25235207517,10868.3295027926,9033.04710627758
1,All Population,5,Prevalence,82,Greece,3,Both,27,Age-standardized,558,Mental disorders,2,Percent,2006,0.1536033088446403,0.1683073111449253,0.1392346220327565
1,All Population,5,Prevalence,82,Greece,3,Both,27,Age-standardized,558,Mental disorders,3,Rate,2006,14261.285729870491,15620.94130131089,12943.24981027408
1,All Population,5,Prevalence,52,Romania,3,Both,27,Age-standardized,558,Mental disorders,2,Percent,2006,0.1129955239781004,0.1263166301185335,0.1005873957234621
1,All Population,5,Prevalence,52,Romania,3,Both,27,Age-standardized,558,Mental disorders,3,Rate,2006,10824.68308751728,12059.83415563671,9648.685706184559
1,All Population,5,Prevalence,205,Côte d'Ivoire,3,Both,27,Age-standardized,558,Mental disorders,2,Percent,2005,0.1191017663480926,0.1289715389830618,0.1080516165786937
1,All Population,5,Prevalence,205,Côte d'Ivoire,3,Both,27,Age-standardized,558,Mental disorders,3,Rate,2005,11854.98746060566,12836.54008485523,10757.35220763341
1,All Population,5,Prevalence,91,Portugal,3,Both,27,Age-standardized,558,Mental disorders,2,Percent,2006,0.1767401397298298,0.1971351345121774,0.1577043934796287
1,All Population,5,Prevalence,91,Portugal,3,Both,27,Age-standardized,558,Mental disorders,3,Rate,2006,16261.74470066715,18144.15153405212,14430.49569390414
1,All Population,5,Prevalence,74,Andorra,3,Both,27,Age-standardized,558,Mental disorders,2,Percent,2006,0.1382251712854612,0.148320363227018,0.1291645353436555
1,All Population,5,Prevalence,74,Andorra,3,Both,27,Age-standardized,558,Mental disorders,3,Rate,2006,12649.905926769501,13497.47985669614,11855.45398188332
1,All Population,5,Prevalence,48,Hungary,3,Both,27,Age-standardized,558,Mental disorders,2,Percent,2006,0.1173228383487395,0.1298599949857685,0.1049151693728838
1,All Population,5,Prevalence,48,Hungary,3,Both,27,Age-standardized,558,Mental disorders,3,Rate,2006,11150.343441346711,12361.287922225909,9971.86160398529
1,All Population,5,Prevalence,39,Tajikistan,3,Both,27,Age-standardized,558,Mental disorders,2,Percent,2006,0.1030997996349244,0.1154736689007589,0.0921908551364567
1,All Population,5,Prevalence,39,Tajikistan,3,Both,27,Age-standardized,558,Mental disorders,3,Rate,2006,10029.42328753181,11266.39255185917,8943.49199081121
1,All Population,5,Prevalence,198,Zimbabwe,3,Both,27,Age-standardized,558,Mental disorders,2,Percent,2006,0.1152557745772026,0.1266396600368217,0.102751545092148
1,All Population,5,Prevalence,198,Zimbabwe,3,Both,27,Age-standardized,558,Mental disorders,3,Rate,2006,11275.679068269941,12372.63597101607,10088.56654622301
1,All Population,5,Prevalence,298,American Samoa,3,Both,27,Age-standardized,558,Mental disorders,2,Percent,2006,0.1021788370480676,0.1140573606616476,0.0901218699140333
1,All Population,5,Prevalence,298,American Samoa,3,Both,27,Age-standardized,558,Mental disorders,3,Rate,2006,9841.59373232321,10993.96030672842,8672.26593797289
1,All Population,5,Prevalence,393,Saint Kitts and Nevis,3,Both,27,Age-standardized,558,Mental disorders,2,Percent,2006,0.1448504996569183,0.1575008843649969,0.1313957186766946
1,All Population,5,Prevalence,393,Saint Kitts and Nevis,3,Both,27,Age-standardized,558,Mental disorders,3,Rate,2006,13907.04255170161,15130.49933459201,12643.697893230621
1,All Population,5,Prevalence,26,Papua New Guinea,3,Both,27,Age-standardized,558,Mental disorders,2,Percent,2006,0.0968604517227003,0.1073797792344029,0.0851942471629291
1,All Population,5,Prevalence,26,Papua New Guinea,3,Both,27,Age-standardized,558,Mental disorders,3,Rate,2006,9630.1475216908,10675.02596178977,8466.991365422
1,All Population,5,Prevalence,116,Saint Lucia,3,Both,27,Age-standardized,558,Mental disorders,2,Percent,2006,0.1434164433770014,0.1559564295019195,0.130365838388332
1,All Population,5,Prevalence,116,Saint Lucia,3,Both,27,Age-standardized,558,Mental disorders,3,Rate,2006,13886.120655603629,15101.526570656959,12635.645092471521
1,All Population,5,Prevalence,141,Egypt,3,Both,27,Age-standardized,558,Mental disorders,2,Percent,2006,0.1367218334446752,0.1481006810401263,0.1238462874900484
1,All Population,5,Prevalence,141,Egypt,3,Both,27,Age-standardized,558,Mental disorders,3,Rate,2006,13327.69501489355,14443.93580095699,12073.77742702522
1,All Population,5,Prevalence,84,Ireland,3,Both,27,Age-standardized,558,Mental disorders,2,Percent,2006,0.1493603108375803,0.1631693368911998,0.1366594329903647
1,All Population,5,Prevalence,84,Ireland,3,Both,27,Age-standardized,558,Mental disorders,3,Rate,2006,13795.14753620445,14997.81813665974,12629.866338484311
1,All Population,5,Prevalence,71,Australia,3,Both,27,Age-standardized,558,Mental disorders,2,Percent,2006,0.1797242614768791,0.1922722236321407,0.1694539039176612
1,All Population,5,Prevalence,71,Australia,3,Both,27,Age-standardized,558,Mental disorders,3,Rate,2006,16461.5245502623,17601.53214759644,15519.1832072637
1,All Population,5,Prevalence,54,Slovakia,3,Both,27,Age-standardized,558,Mental disorders,2,Percent,2006,0.113994998596345,0.1263925516816816,0.1011141813922343
1,All Population,5,Prevalence,54,Slovakia,3,Both,27,Age-standardized,558,Mental disorders,3,Rate,2006,10814.248514940029,11975.09010938613,9636.095701360591
1,All Population,5,Prevalence,49,North Macedonia,3,Both,27,Age-standardized,558,Mental disorders,2,Percent,2006,0.1155794861045224,0.1288368951371816,0.1032554036662171
1,All Population,5,Prevalence,49,North Macedonia,3,Both,27,Age-standardized,558,Mental disorders,3,Rate,2006,10988.93927663797,12172.8507322797,9808.94543842848
1,All Population,5,Prevalence,173,Gabon,3,Both,27,Age-standardized,558,Mental disorders,2,Percent,2006,0.1313076982913113,0.1447595834844925,0.1169117675223287
1,All Population,5,Prevalence,173,Gabon,3,Both,27,Age-standardized,558,Mental disorders,3,Rate,2006,13031.606804893081,14366.751786453031,11599.40873009836
1,All Population,5,Prevalence,67,Japan,3,Both,27,Age-standardized,558,Mental disorders,2,Percent,2006,0.121650359851024,0.1340352305374529,0.1099915205397979
1,All Population,5,Prevalence,67,Japan,3,Both,27,Age-standardized,558,Mental disorders,3,Rate,2006,11080.807239616839,12157.26531127523,9970.07545900756
1,All Population,5,Prevalence,41,Uzbekistan,3,Both,27,Age-standardized,558,Mental disorders,2,Percent,2006,0.1036934375998371,0.1151939755738068,0.0933298082366551
1,All Population,5,Prevalence,41,Uzbekistan,3,Both,27,Age-standardized,558,Mental disorders,3,Rate,2006,10000.686033563159,11105.27782951563,8980.24869652511
1,All Population,5,Prevalence,118,Suriname,3,Both,27,Age-standardized,558,Mental disorders,2,Percent,2006,0.1401960616585495,0.1523733737265822,0.1273658283827432
1,All Population,5,Prevalence,118,Suriname,3,Both,27,Age-standardized,558,Mental disorders,3,Rate,2006,13701.26971616078,14916.01032218181,12447.352886246179
1,All Population,5,Prevalence,150,Oman,3,Both,27,Age-standardized,558,Mental disorders,2,Percent,2006,0.1267160969468672,0.1361745290427501,0.116628643631362
1,All Population,5,Prevalence,150,Oman,3,Both,27,Age-standardized,558,Mental disorders,3,Rate,2006,12349.63708649538,13327.62342183943,11365.52348933564
1,All Population,5,Prevalence,129,Honduras,3,Both,27,Age-standardized,558,Mental disorders,2,Percent,2006,0.1113575472679187,0.1200420708715327,0.1021098878495744
1,All Population,5,Prevalence,129,Honduras,3,Both,27,Age-standardized,558,Mental disorders,3,Rate,2006,10928.75616515396,11783.800209998919,10019.04471806809
1,All Population,5,Prevalence,86,Italy,3,Both,27,Age-standardized,558,Mental disorders,2,Percent,2006,0.1276459282841685,0.1397126133412337,0.1158301952874841
1,All Population,5,Prevalence,86,Italy,3,Both,27,Age-standardized,558,Mental disorders,3,Rate,2006,11713.99230974702,12833.217233448018,10632.616920391889
1,All Population,5,Prevalence,99,Uruguay,3,Both,27,Age-standardized,558,Mental disorders,2,Percent,2006,0.1496459926099859,0.1647593816114399,0.1359126973016454
1,All Population,5,Prevalence,99,Uruguay,3,Both,27,Age-standardized,558,Mental disorders,3,Rate,2006,14113.55451194694,15566.780847740929,12783.63389102789
1,All Population,5,Prevalence,153,Syrian Arab Republic,3,Both,27,Age-standardized,558,Mental disorders,2,Percent,2006,0.1587240668107369,0.1744011293132062,0.1413319297208246
1,All Population,5,Prevalence,153,Syrian Arab Republic,3,Both,27,Age-standardized,558,Mental disorders,3,Rate,2006,15394.04469369482,16920.53318777077,13725.283904149399
1,All Population,5,Prevalence,154,Tunisia,3,Both,27,Age-standardized,558,Mental disorders,2,Percent,2006,0.1430372227423025,0.1536246609522667,0.131267016422759
1,All Population,5,Prevalence,154,Tunisia,3,Both,27,Age-standardized,558,Mental disorders,3,Rate,2006,13710.645681119298,14794.341579871128,12609.355951567139
1,All Population,5,Prevalence,114,Haiti,3,Both,27,Age-standardized,558,Mental disorders,2,Percent,2006,0.1437081377537209,0.1563776222839885,0.1297173443206906
1,All Population,5,Prevalence,114,Haiti,3,Both,27,Age-standardized,558,Mental disorders,3,Rate,2006,14210.8867526432,15470.241223964751,12859.920766408532
1,All Population,5,Prevalence,81,Germany,3,Both,27,Age-standardized,558,Mental disorders,2,Percent,2006,0.1380935773291902,0.1489757713264206,0.1281758669169858
1,All Population,5,Prevalence,81,Germany,3,Both,27,Age-standardized,558,Mental disorders,3,Rate,2006,12572.19239805751,13529.997567462251,11690.519177236849
1,All Population,5,Prevalence,109,Cuba,3,Both,27,Age-standardized,558,Mental disorders,2,Percent,2006,0.1584650620750894,0.1727688331946346,0.1439877841050391
1,All Population,5,Prevalence,109,Cuba,3,Both,27,Age-standardized,558,Mental disorders,3,Rate,2006,15407.460148423848,16789.42867940072,14014.5971194657
1,All Population,5,Prevalence,12,Lao People's Democratic Republic,3,Both,27,Age-standardized,558,Mental disorders,2,Percent,2005,0.0795217484284392,0.0895757086632977,0.0708324101304783
1,All Population,5,Prevalence,12,Lao People's Democratic Republic,3,Both,27,Age-standardized,558,Mental disorders,3,Rate,2005,7837.00577273709,8822.60215118596,6980.94363288279
1,All Population,5,Prevalence,43,Albania,3,Both,27,Age-standardized,558,Mental disorders,2,Percent,2006,0.113781014580716,0.1268994721539607,0.1017920757883956
1,All Population,5,Prevalence,43,Albania,3,Both,27,Age-standardized,558,Mental disorders,3,Rate,2006,10915.318905879309,12132.11941217345,9793.62112525649
1,All Population,5,Prevalence,131,Nicaragua,3,Both,27,Age-standardized,558,Mental disorders,2,Percent,2006,0.1200974611910062,0.1291788651172292,0.1112347470234984
1,All Population,5,Prevalence,131,Nicaragua,3,Both,27,Age-standardized,558,Mental disorders,3,Rate,2006,11693.28988066949,12582.11326180482,10819.90198676908
1,All Population,5,Prevalence,144,Jordan,3,Both,27,Age-standardized,558,Mental disorders,2,Percent,2006,0.1318419218214376,0.1419696420834627,0.120918913402876
1,All Population,5,Prevalence,144,Jordan,3,Both,27,Age-standardized,558,Mental disorders,3,Rate,2006,12673.422712322299,13715.521513392432,11652.53021588166
1,All Population,5,Prevalence,94,Switzerland,3,Both,27,Age-standardized,558,Mental disorders,2,Percent,2006,0.1613916203119404,0.1780502525716298,0.1468314935101654
1,All Population,5,Prevalence,94,Switzerland,3,Both,27,Age-standardized,558,Mental disorders,3,Rate,2006,14781.4750128002,16241.3410992979,13417.13270193066
1,All Population,5,Prevalence,17,Sri Lanka,3,Both,27,Age-standardized,558,Mental disorders,2,Percent,2006,0.086484578293795,0.0954733454417485,0.077990367934495
1,All Population,5,Prevalence,17,Sri Lanka,3,Both,27,Age-standardized,558,Mental disorders,3,Rate,2006,8388.707306130611,9250.03889635727,7579.89555126741
1,All Population,5,Prevalence,217,Sierra Leone,3,Both,27,Age-standardized,558,Mental disorders,2,Percent,2006,0.1248816533898282,0.1361012671451325,0.1130335963031607
1,All Population,5,Prevalence,217,Sierra Leone,3,Both,27,Age-standardized,558,Mental disorders,3,Rate,2006,12453.89354077711,13578.03220523425,11277.31925637446
1,All Population,5,Prevalence,95,United Kingdom,3,Both,27,Age-standardized,558,Mental disorders,2,Percent,2006,0.1611177807231961,0.1733357524717943,0.1497521670135234
1,All Population,5,Prevalence,95,United Kingdom,3,Both,27,Age-standardized,558,Mental disorders,3,Rate,2006,14676.191408526021,15733.21225513693,13661.395533084718
1,All Population,5,Prevalence,106,Bahamas,3,Both,27,Age-standardized,558,Mental disorders,2,Percent,2006,0.1452544252835375,0.1576987906323025,0.1321714285272744
1,All Population,5,Prevalence,106,Bahamas,3,Both,27,Age-standardized,558,Mental disorders,3,Rate,2006,14028.83452711616,15252.93893647357,12761.743032000588
1,All Population,5,Prevalence,136,Paraguay,3,Both,27,Age-standardized,558,Mental disorders,2,Percent,2006,0.1532178698446416,0.1658016571734994,0.141213408868233
1,All Population,5,Prevalence,136,Paraguay,3,Both,27,Age-standardized,558,Mental disorders,3,Rate,2006,14877.85917669017,16117.61157028172,13754.55074912635
1,All Population,5,Prevalence,121,Bolivia (Plurinational State of),3,Both,27,Age-standardized,558,Mental disorders,2,Percent,2006,0.1489161686410327,0.1624682128824869,0.1347957229607032
1,All Population,5,Prevalence,121,Bolivia (Plurinational State of),3,Both,27,Age-standardized,558,Mental disorders,3,Rate,2006,14489.30177389832,15834.18517774739,13133.763868154061
1,All Population,5,Prevalence,142,Iran (Islamic Republic of),3,Both,27,Age-standardized,558,Mental disorders,2,Percent,2006,0.1773979609902738,0.1893677440716364,0.1619356185302545
1,All Population,5,Prevalence,142,Iran (Islamic Republic of),3,Both,27,Age-standardized,558,Mental disorders,3,Rate,2006,17247.30206568372,18407.14896178519,15709.83468779633
1,All Population,5,Prevalence,176,Comoros,3,Both,27,Age-standardized,558,Mental disorders,2,Percent,2006,0.1091072831413325,0.1193126189550672,0.0985452628199478
1,All Population,5,Prevalence,176,Comoros,3,Both,27,Age-standardized,558,Mental disorders,3,Rate,2006,10717.76079202856,11698.31093780935,9685.24572133081
1,All Population,5,Prevalence,44,Bosnia and Herzegovina,3,Both,27,Age-standardized,558,Mental disorders,2,Percent,2006,0.1219498060365509,0.1355263708555802,0.1080467746047514
1,All Population,5,Prevalence,44,Bosnia and Herzegovina,3,Both,27,Age-standardized,558,Mental disorders,3,Rate,2006,11657.92303272019,12965.71814177399,10333.16825792205
1,All Population,5,Prevalence,143,Iraq,3,Both,27,Age-standardized,558,Mental disorders,2,Percent,2006,0.1340520121254179,0.1441446126344551,0.1223669443229908
1,All Population,5,Prevalence,143,Iraq,3,Both,27,Age-standardized,558,Mental disorders,3,Rate,2006,13055.786969350338,14049.64149289534,11903.430292557669
1,All Population,5,Prevalence,184,Mozambique,3,Both,27,Age-standardized,558,Mental disorders,2,Percent,2006,0.1219853982455165,0.1330224808126854,0.1098815295629677
1,All Population,5,Prevalence,184,Mozambique,3,Both,27,Age-standardized,558,Mental disorders,3,Rate,2006,12151.1373252671,13251.40045747527,10946.27168969551
1,All Population,5,Prevalence,36,Kazakhstan,3,Both,27,Age-standardized,558,Mental disorders,2,Percent,2005,0.0985487312501909,0.1094362702491547,0.0893114134303892
1,All Population,5,Prevalence,36,Kazakhstan,3,Both,27,Age-standardized,558,Mental disorders,3,Rate,2005,9486.08520955675,10525.75884775327,8587.29059236364
1,All Population,5,Prevalence,200,Benin,3,Both,27,Age-standardized,558,Mental disorders,2,Percent,2006,0.1293226125756604,0.1413945610171456,0.1171896404429296
1,All Population,5,Prevalence,200,Benin,3,Both,27,Age-standardized,558,Mental disorders,3,Rate,2006,12884.8445977119,14087.19633466369,11678.755871700521
1,All Population,5,Prevalence,320,Cook Islands,3,Both,27,Age-standardized,558,Mental disorders,2,Percent,2006,0.1000878105454063,0.1105803239232399,0.088439369679336
1,All Population,5,Prevalence,320,Cook Islands,3,Both,27,Age-standardized,558,Mental disorders,3,Rate,2006,9599.13250000888,10630.553064801481,8462.84464403039
1,All Population,5,Prevalence,25,Micronesia (Federated States of),3,Both,27,Age-standardized,558,Mental disorders,2,Percent,2005,0.0967935894865603,0.1072852062090698,0.08550928748614
1,All Population,5,Prevalence,25,Micronesia (Federated States of),3,Both,27,Age-standardized,558,Mental disorders,3,Rate,2005,9527.818866672851,10574.935190646389,8401.2959105794
1,All Population,5,Prevalence,163,India,3,Both,27,Age-standardized,558,Mental disorders,2,Percent,2006,0.1110826984784391,0.1251442868561906,0.100017186530435
1,All Population,5,Prevalence,163,India,3,Both,27,Age-standardized,558,Mental disorders,3,Rate,2006,10979.468989399831,12356.51083776221,9885.292831279301
1,All Population,5,Prevalence,413,Tokelau,3,Both,27,Age-standardized,558,Mental disorders,2,Percent,2006,0.0983914162951433,0.1090065954480583,0.0864426735798704
1,All Population,5,Prevalence,413,Tokelau,3,Both,27,Age-standardized,558,Mental disorders,3,Rate,2006,9567.465342907499,10600.41377737561,8429.46064928766
1,All Population,5,Prevalence,6,China,3,Both,27,Age-standardized,558,Mental disorders,2,Percent,2005,0.1170811478798039,0.1270535599530413,0.1077971553249623
1,All Population,5,Prevalence,6,China,3,Both,27,Age-standardized,558,Mental disorders,3,Rate,2005,11213.01274091987,12186.72206229848,10342.59590201804
1,All Population,5,Prevalence,168,Angola,3,Both,27,Age-standardized,558,Mental disorders,2,Percent,2006,0.1442585775076892,0.1597786401851422,0.1279088694235144
1,All Population,5,Prevalence,168,Angola,3,Both,27,Age-standardized,558,Mental disorders,3,Rate,2006,14348.9629142417,15906.21775837506,12720.5308563621
1,All Population,5,Prevalence,183,Mauritius,3,Both,27,Age-standardized,558,Mental disorders,2,Percent,2006,0.0943458926589674,0.104901566258055,0.0846605949129711
1,All Population,5,Prevalence,183,Mauritius,3,Both,27,Age-standardized,558,Mental disorders,3,Rate,2006,9169.64956066187,10223.3627455991,8215.60626056155
1,All Population,5,Prevalence,33,Armenia,3,Both,27,Age-standardized,558,Mental disorders,2,Percent,2006,0.1303931388081192,0.1439888911776922,0.1168613438055035
1,All Population,5,Prevalence,33,Armenia,3,Both,27,Age-standardized,558,Mental disorders,3,Rate,2006,12434.26499824422,13756.45152542521,11122.22488181075
1,All Population,5,Prevalence,16,Philippines,3,Both,27,Age-standardized,558,Mental disorders,2,Percent,2006,0.0865128829614607,0.0952283231623883,0.0790840386069905
1,All Population,5,Prevalence,16,Philippines,3,Both,27,Age-standardized,558,Mental disorders,3,Rate,2006,8428.527883849669,9278.93931691,7703.44061348346
1,All Population,5,Prevalence,111,Dominican Republic,3,Both,27,Age-standardized,558,Mental disorders,2,Percent,2006,0.1551201976885668,0.1689357506600985,0.1402752055663777
1,All Population,5,Prevalence,111,Dominican Republic,3,Both,27,Age-standardized,558,Mental disorders,3,Rate,2006,15105.23914201741,16441.765315369692,13683.147104835169
1,All Population,5,Prevalence,156,United Arab Emirates,3,Both,27,Age-standardized,558,Mental disorders,2,Percent,2006,0.116411129432072,0.1274639131435769,0.104736989840799
1,All Population,5,Prevalence,156,United Arab Emirates,3,Both,27,Age-standardized,558,Mental disorders,3,Rate,2006,11196.14398794498,12266.77626414752,10079.92254265789
1,All Population,5,Prevalence,190,Uganda,3,Both,27,Age-standardized,558,Mental disorders,2,Percent,2006,0.1102384052212933,0.1196265781511088,0.1002142759390225
1,All Population,5,Prevalence,190,Uganda,3,Both,27,Age-standardized,558,Mental disorders,3,Rate,2006,10980.54692054654,11914.194444958399,9978.50140325358
1,All Population,5,Prevalence,101,Canada,3,Both,27,Age-standardized,558,Mental disorders,2,Percent,2006,0.1460121291034772,0.1598649306691425,0.1336314267623146
1,All Population,5,Prevalence,101,Canada,3,Both,27,Age-standardized,558,Mental disorders,3,Rate,2006,13507.12817923833,14788.87587322488,12309.57915565654
1,All Population,5,Prevalence,88,Malta,3,Both,27,Age-standardized,558,Mental disorders,2,Percent,2006,0.1446357609357097,0.1552466351004015,0.1353524947029028
1,All Population,5,Prevalence,88,Malta,3,Both,27,Age-standardized,558,Mental disorders,3,Rate,2006,13315.53069099668,14226.81365552041,12472.83695253971
1,All Population,5,Prevalence,209,Guinea-Bissau,3,Both,27,Age-standardized,558,Mental disorders,2,Percent,2006,0.1182322656443658,0.1278258922085439,0.1076321291652184
1,All Population,5,Prevalence,209,Guinea-Bissau,3,Both,27,Age-standardized,558,Mental disorders,3,Rate,2006,11779.94419404525,12747.167045850649,10734.72999871512
1,All Population,5,Prevalence,38,Mongolia,3,Both,27,Age-standardized,558,Mental disorders,2,Percent,2005,0.1078132310571597,0.1198972894433677,0.0976055635667771
1,All Population,5,Prevalence,38,Mongolia,3,Both,27,Age-standardized,558,Mental disorders,3,Rate,2005,10424.99708624187,11599.72438873126,9438.75784682538
1,All Population,5,Prevalence,51,Poland,3,Both,27,Age-standardized,558,Mental disorders,2,Percent,2005,0.1129543414764089,0.1250985219205238,0.101809192255909
1,All Population,5,Prevalence,51,Poland,3,Both,27,Age-standardized,558,Mental disorders,3,Rate,2005,10700.58327708321,11885.42909779139,9653.18804963277
1,All Population,5,Prevalence,72,New Zealand,3,Both,27,Age-standardized,558,Mental disorders,2,Percent,2005,0.1939737728609987,0.2103055213137139,0.1788890284540203
1,All Population,5,Prevalence,72,New Zealand,3,Both,27,Age-standardized,558,Mental disorders,3,Rate,2005,17801.43243098188,19327.5382861643,16422.79623953002
1,All Population,5,Prevalence,190,Uganda,3,Both,27,Age-standardized,558,Mental disorders,2,Percent,2005,0.1103548806903344,0.1197920212906918,0.1004472079688837
1,All Population,5,Prevalence,190,Uganda,3,Both,27,Age-standardized,558,Mental disorders,3,Rate,2005,10995.396674316631,11936.404894184641,10005.003205498619
1,All Population,5,Prevalence,201,Burkina Faso,3,Both,27,Age-standardized,558,Mental disorders,2,Percent,2006,0.1280506511107465,0.1391102563442592,0.1164823802275442
1,All Population,5,Prevalence,201,Burkina Faso,3,Both,27,Age-standardized,558,Mental disorders,3,Rate,2006,12779.84664594621,13886.75179652703,11631.85792055048
1,All Population,5,Prevalence,186,Seychelles,3,Both,27,Age-standardized,558,Mental disorders,2,Percent,2006,0.0818655364127455,0.0894033414113139,0.0750480199616009
1,All Population,5,Prevalence,186,Seychelles,3,Both,27,Age-standardized,558,Mental disorders,3,Rate,2006,7876.0208330639,8587.45476542687,7231.00784647908
1,All Population,5,Prevalence,202,Cameroon,3,Both,27,Age-standardized,558,Mental disorders,2,Percent,2006,0.1237955816414718,0.134739193642918,0.1125539671832421
1,All Population,5,Prevalence,202,Cameroon,3,Both,27,Age-standardized,558,Mental disorders,3,Rate,2006,12319.825211453881,13409.77103187655,11196.598787893181
1,All Population,5,Prevalence,93,Sweden,3,Both,27,Age-standardized,558,Mental disorders,2,Percent,2006,0.1337452820781574,0.1435128279765833,0.1244352567261025
1,All Population,5,Prevalence,93,Sweden,3,Both,27,Age-standardized,558,Mental disorders,3,Rate,2006,12295.454159653269,13156.283467116638,11418.611475415299
1,All Population,5,Prevalence,50,Montenegro,3,Both,27,Age-standardized,558,Mental disorders,2,Percent,2006,0.1246570234809998,0.1384718350129931,0.1101784526943857
1,All Population,5,Prevalence,50,Montenegro,3,Both,27,Age-standardized,558,Mental disorders,3,Rate,2006,11795.91568975455,13152.48009368017,10472.13477098298
1,All Population,5,Prevalence,76,Belgium,3,Both,27,Age-standardized,558,Mental disorders,2,Percent,2006,0.1419586381649578,0.1560279260458076,0.128915309003582
1,All Population,5,Prevalence,76,Belgium,3,Both,27,Age-standardized,558,Mental disorders,3,Rate,2006,12949.97403244954,14230.15665825956,11761.92068913493
1,All Population,5,Prevalence,416,Tuvalu,3,Both,27,Age-standardized,558,Mental disorders,2,Percent,2006,0.0977080891718861,0.1081328330118369,0.0860214587765775
1,All Population,5,Prevalence,416,Tuvalu,3,Both,27,Age-standardized,558,Mental disorders,3,Rate,2006,9572.32604986838,10600.24104657168,8424.11302854392
1,All Population,5,Prevalence,27,Samoa,3,Both,27,Age-standardized,558,Mental disorders,2,Percent,2005,0.0973155174584372,0.1080362231532596,0.0859348652652918
1,All Population,5,Prevalence,27,Samoa,3,Both,27,Age-standardized,558,Mental disorders,3,Rate,2005,9486.29352146774,10517.4124936259,8354.02842794189
1,All Population,5,Prevalence,133,Venezuela (Bolivarian Republic of),3,Both,27,Age-standardized,558,Mental disorders,2,Percent,2006,0.1263955954572626,0.1389529380171748,0.1142746217718901
1,All Population,5,Prevalence,133,Venezuela (Bolivarian Republic of),3,Both,27,Age-standardized,558,Mental disorders,3,Rate,2006,12348.50587792441,13558.23916770082,11163.957845745159
1,All Population,5,Prevalence,178,Eritrea,3,Both,27,Age-standardized,558,Mental disorders,2,Percent,2006,0.1106003725103935,0.1203138781605017,0.1003403850404703
1,All Population,5,Prevalence,178,Eritrea,3,Both,27,Age-standardized,558,Mental disorders,3,Rate,2006,10899.994086900471,11820.30452160457,9907.341235144799
1,All Population,5,Prevalence,351,Guam,3,Both,27,Age-standardized,558,Mental disorders,2,Percent,2006,0.1010734214083588,0.1119788972892082,0.0894523012262401
1,All Population,5,Prevalence,351,Guam,3,Both,27,Age-standardized,558,Mental disorders,3,Rate,2006,9669.04672227909,10722.08266242302,8528.56826721477
1,All Population,5,Prevalence,83,Iceland,3,Both,27,Age-standardized,558,Mental disorders,2,Percent,2005,0.1395787476335655,0.1493169060349135,0.1306404883740628
1,All Population,5,Prevalence,83,Iceland,3,Both,27,Age-standardized,558,Mental disorders,3,Rate,2005,12917.703820779088,13834.314268570819,12074.409718784069
1,All Population,5,Prevalence,68,Republic of Korea,3,Both,27,Age-standardized,558,Mental disorders,2,Percent,2005,0.1215861104067293,0.1321638079753695,0.1110817245241967
1,All Population,5,Prevalence,68,Republic of Korea,3,Both,27,Age-standardized,558,Mental disorders,3,Rate,2005,11294.850419592629,12338.13001819177,10280.0042515938
1,All Population,5,Prevalence,422,United States Virgin Islands,3,Both,27,Age-standardized,558,Mental disorders,2,Percent,2006,0.1434471230004544,0.1556637741150456,0.1308653789122844
1,All Population,5,Prevalence,422,United States Virgin Islands,3,Both,27,Age-standardized,558,Mental disorders,3,Rate,2006,13708.8282817532,14891.45583611684,12522.449476003589
1,All Population,5,Prevalence,349,Greenland,3,Both,27,Age-standardized,558,Mental disorders,2,Percent,2006,0.16213485632323,0.1761378440197547,0.1502720044911898
1,All Population,5,Prevalence,349,Greenland,3,Both,27,Age-standardized,558,Mental disorders,3,Rate,2006,15081.87351996228,16352.8791737379,13999.89586359318
1,All Population,5,Prevalence,214,Nigeria,3,Both,27,Age-standardized,558,Mental disorders,2,Percent,2006,0.1125217548444463,0.1222026185601388,0.1026984761534324
1,All Population,5,Prevalence,214,Nigeria,3,Both,27,Age-standardized,558,Mental disorders,3,Rate,2006,11202.092631282121,12162.71762178737,10229.72372502916
1,All Population,5,Prevalence,61,Republic of Moldova,3,Both,27,Age-standardized,558,Mental disorders,2,Percent,2006,0.1183777232673314,0.1300583748306749,0.1071802306962269
1,All Population,5,Prevalence,61,Republic of Moldova,3,Both,27,Age-standardized,558,Mental disorders,3,Rate,2006,11196.79384041586,12300.98872074083,10115.57461232478
1,All Population,5,Prevalence,207,Ghana,3,Both,27,Age-standardized,558,Mental disorders,2,Percent,2006,0.1190387884733233,0.1279064800855407,0.1082612841386953
1,All Population,5,Prevalence,207,Ghana,3,Both,27,Age-standardized,558,Mental disorders,3,Rate,2006,11834.29636210198,12717.576478258361,10774.251379376621
1,All Population,5,Prevalence,23,Kiribati,3,Both,27,Age-standardized,558,Mental disorders,2,Percent,2005,0.0990104869355632,0.110506146692698,0.0869134496041756
1,All Population,5,Prevalence,23,Kiribati,3,Both,27,Age-standardized,558,Mental disorders,3,Rate,2005,9828.87718433029,10987.394120901201,8643.85298987407
1,All Population,5,Prevalence,8,Taiwan,3,Both,27,Age-standardized,558,Mental disorders,2,Percent,2005,0.0937697673750972,0.1017114431263136,0.0862048612996254
1,All Population,5,Prevalence,8,Taiwan,3,Both,27,Age-standardized,558,Mental disorders,3,Rate,2005,8858.22850411119,9568.74005109621,8122.5969832458995
1,All Population,5,Prevalence,53,Serbia,3,Both,27,Age-standardized,558,Mental disorders,2,Percent,2005,0.1260662865377649,0.1399219249230341,0.1115874449592351
1,All Population,5,Prevalence,53,Serbia,3,Both,27,Age-standardized,558,Mental disorders,3,Rate,2005,12115.45778116649,13475.118429247928,10750.9601511367
1,All Population,5,Prevalence,146,Lebanon,3,Both,27,Age-standardized,558,Mental disorders,2,Percent,2006,0.149998680561466,0.1624585049527556,0.1375679018379771
1,All Population,5,Prevalence,146,Lebanon,3,Both,27,Age-standardized,558,Mental disorders,3,Rate,2006,14404.952481690489,15606.63010392834,13179.085239128119
1,All Population,5,Prevalence,161,Bangladesh,3,Both,27,Age-standardized,558,Mental disorders,2,Percent,2006,0.1148655127778743,0.1274009680043982,0.1021330397706866
1,All Population,5,Prevalence,161,Bangladesh,3,Both,27,Age-standardized,558,Mental disorders,3,Rate,2006,11286.92941023826,12526.33107327696,10033.87159409895
1,All Population,5,Prevalence,194,Lesotho,3,Both,27,Age-standardized,558,Mental disorders,2,Percent,2006,0.1031697549147696,0.1118401330028528,0.0935658239719887
1,All Population,5,Prevalence,194,Lesotho,3,Both,27,Age-standardized,558,Mental disorders,3,Rate,2006,10268.67608392496,11125.0409877708,9319.86604306874
1,All Population,5,Prevalence,305,Bermuda,3,Both,27,Age-standardized,558,Mental disorders,2,Percent,2006,0.1483219019634538,0.1610754809500821,0.1351153577009462
1,All Population,5,Prevalence,305,Bermuda,3,Both,27,Age-standardized,558,Mental disorders,3,Rate,2006,14177.199754585528,15396.294348917661,12924.83511283257
1,All Population,5,Prevalence,40,Turkmenistan,3,Both,27,Age-standardized,558,Mental disorders,2,Percent,2005,0.1024349218859793,0.1137648102410939,0.092414692570602
1,All Population,5,Prevalence,40,Turkmenistan,3,Both,27,Age-standardized,558,Mental disorders,3,Rate,2005,9798.97156772851,10886.014665315739,8833.1793985199
1,All Population,5,Prevalence,189,United Republic of Tanzania,3,Both,27,Age-standardized,558,Mental disorders,2,Percent,2006,0.1026180656353136,0.1114308920262957,0.0934094847549589
1,All Population,5,Prevalence,189,United Republic of Tanzania,3,Both,27,Age-standardized,558,Mental disorders,3,Rate,2006,10197.01119991755,11077.44815397612,9284.5415713575
1,All Population,5,Prevalence,204,Chad,3,Both,27,Age-standardized,558,Mental disorders,2,Percent,2006,0.1282502816144072,0.1388407795812042,0.1156673412104206
1,All Population,5,Prevalence,204,Chad,3,Both,27,Age-standardized,558,Mental disorders,3,Rate,2006,12776.34827287055,13846.49167948519,11540.47105892243
1,All Population,5,Prevalence,165,Pakistan,3,Both,27,Age-standardized,558,Mental disorders,2,Percent,2006,0.1167422953039268,0.1285794042381739,0.1065194819000045
1,All Population,5,Prevalence,165,Pakistan,3,Both,27,Age-standardized,558,Mental disorders,3,Rate,2006,11369.62087789405,12491.79697552645,10355.68216006529
1,All Population,5,Prevalence,155,Türkiye,3,Both,27,Age-standardized,558,Mental disorders,2,Percent,2006,0.1351831772724036,0.1457814275597444,0.124433358565085
1,All Population,5,Prevalence,155,Türkiye,3,Both,27,Age-standardized,558,Mental disorders,3,Rate,2006,13074.47611563589,14129.092792975129,12043.168488515681
1,All Population,5,Prevalence,98,Chile,3,Both,27,Age-standardized,558,Mental disorders,2,Percent,2005,0.1544992178319476,0.1724838378245358,0.1389233888919742
1,All Population,5,Prevalence,98,Chile,3,Both,27,Age-standardized,558,Mental disorders,3,Rate,2005,14751.83211048933,16401.48546776064,13238.4681962909
1,All Population,5,Prevalence,85,Israel,3,Both,27,Age-standardized,558,Mental disorders,2,Percent,2005,0.1378206709491616,0.1491205395907138,0.1256846447905492
1,All Population,5,Prevalence,85,Israel,3,Both,27,Age-standardized,558,Mental disorders,3,Rate,2005,12818.41200273325,13903.65111763679,11670.057771197171
1,All Population,5,Prevalence,113,Guyana,3,Both,27,Age-standardized,558,Mental disorders,2,Percent,2005,0.1388846584228587,0.1515394133356569,0.1260362556465908
1,All Population,5,Prevalence,113,Guyana,3,Both,27,Age-standardized,558,Mental disorders,3,Rate,2005,13609.69806290888,14823.739444512348,12345.93211103998
1,All Population,5,Prevalence,151,Qatar,3,Both,27,Age-standardized,558,Mental disorders,2,Percent,2006,0.1149392727482951,0.1237377241683069,0.1047320660713498
1,All Population,5,Prevalence,151,Qatar,3,Both,27,Age-standardized,558,Mental disorders,3,Rate,2006,11013.20705103758,11838.272934054581,10014.83649220344
1,All Population,5,Prevalence,46,Croatia,3,Both,27,Age-standardized,558,Mental disorders,2,Percent,2006,0.1251984978310012,0.1389453530614921,0.1111932884688748
1,All Population,5,Prevalence,46,Croatia,3,Both,27,Age-standardized,558,Mental disorders,3,Rate,2006,11955.4058796946,13278.242432388879,10651.65546610002
1,All Population,5,Prevalence,367,Monaco,3,Both,27,Age-standardized,558,Mental disorders,2,Percent,2006,0.1401536730472055,0.1504959280021456,0.1310421064760109
1,All Population,5,Prevalence,367,Monaco,3,Both,27,Age-standardized,558,Mental disorders,3,Rate,2006,12811.997921778271,13711.299241015759,12015.708240293
1,All Population,5,Prevalence,435,South Sudan,3,Both,27,Age-standardized,558,Mental disorders,2,Percent,2006,0.1148640018013055,0.1246163242158837,0.1042183463222364
1,All Population,5,Prevalence,435,South Sudan,3,Both,27,Age-standardized,558,Mental disorders,3,Rate,2006,11403.51879258899,12379.14568571811,10352.86172690286
1,All Population,5,Prevalence,211,Mali,3,Both,27,Age-standardized,558,Mental disorders,2,Percent,2006,0.1136661881605731,0.1225482125266411,0.1029276853913437
1,All Population,5,Prevalence,211,Mali,3,Both,27,Age-standardized,558,Mental disorders,3,Rate,2006,11324.81200411931,12217.8404268713,10266.43075784044
1,All Population,5,Prevalence,135,Brazil,3,Both,27,Age-standardized,558,Mental disorders,2,Percent,2006,0.1621120308950829,0.1734884957181128,0.1508506579183928
1,All Population,5,Prevalence,135,Brazil,3,Both,27,Age-standardized,558,Mental disorders,3,Rate,2006,15736.52948068717,16849.81119068,14629.70875392702
1,All Population,5,Prevalence,123,Peru,3,Both,27,Age-standardized,558,Mental disorders,2,Percent,2006,0.1539140346731484,0.1670428124086211,0.140091029506519
1,All Population,5,Prevalence,123,Peru,3,Both,27,Age-standardized,558,Mental disorders,3,Rate,2006,15096.4526913836,16388.33406210623,13745.828208552111
1,All Population,5,Prevalence,97,Argentina,3,Both,27,Age-standardized,558,Mental disorders,2,Percent,2006,0.1452064539123267,0.1629428696041885,0.1295657102402022
1,All Population,5,Prevalence,97,Argentina,3,Both,27,Age-standardized,558,Mental disorders,3,Rate,2006,13752.931829749352,15390.21287884525,12261.09434853295
1,All Population,5,Prevalence,55,Slovenia,3,Both,27,Age-standardized,558,Mental disorders,2,Percent,2005,0.1284190866084024,0.143400889277026,0.114116684483084
1,All Population,5,Prevalence,55,Slovenia,3,Both,27,Age-standardized,558,Mental disorders,3,Rate,2005,12120.54542259126,13510.302893217391,10787.03821538756
1,All Population,5,Prevalence,10,Cambodia,3,Both,27,Age-standardized,558,Mental disorders,2,Percent,2005,0.0898514605868887,0.0979789236748992,0.0815721197278616
1,All Population,5,Prevalence,10,Cambodia,3,Both,27,Age-standardized,558,Mental disorders,3,Rate,2005,8886.64447052608,9688.68670389603,8057.0181745808195
1,All Population,5,Prevalence,13,Malaysia,3,Both,27,Age-standardized,558,Mental disorders,2,Percent,2007,0.0856611695569116,0.0928111882622922,0.0783097221210538
1,All Population,5,Prevalence,13,Malaysia,3,Both,27,Age-standardized,558,Mental disorders,3,Rate,2007,8259.70153255357,8954.41939106513,7545.192560570629
1,All Population,5,Prevalence,28,Solomon Islands,3,Both,27,Age-standardized,558,Mental disorders,2,Percent,2007,0.0989654722807964,0.109843626772945,0.0865615814896601
1,All Population,5,Prevalence,28,Solomon Islands,3,Both,27,Age-standardized,558,Mental disorders,3,Rate,2007,9756.91463217928,10822.812959995339,8540.82989599367
1,All Population,5,Prevalence,108,Belize,3,Both,27,Age-standardized,558,Mental disorders,2,Percent,2006,0.1353731716394743,0.1469218478140251,0.1229915869471319
1,All Population,5,Prevalence,108,Belize,3,Both,27,Age-standardized,558,Mental disorders,3,Rate,2006,13210.156837357881,14372.02193468547,12008.59421146339
1,All Population,5,Prevalence,140,Bahrain,3,Both,27,Age-standardized,558,Mental disorders,2,Percent,2006,0.1383187081613797,0.1477202564530812,0.1280034284955753
1,All Population,5,Prevalence,140,Bahrain,3,Both,27,Age-standardized,558,Mental disorders,3,Rate,2006,13511.35982060353,14473.94937797388,12537.282169471051
1,All Population,5,Prevalence,47,Czechia,3,Both,27,Age-standardized,558,Mental disorders,2,Percent,2007,0.1227288519961489,0.1355710169655962,0.1086376501826922
1,All Population,5,Prevalence,47,Czechia,3,Both,27,Age-standardized,558,Mental disorders,3,Rate,2007,11589.87229934216,12800.24942741633,10205.02037103456
1,All Population,5,Prevalence,60,Lithuania,3,Both,27,Age-standardized,558,Mental disorders,2,Percent,2007,0.1205050254071555,0.1331736458144775,0.1081619141463198
1,All Population,5,Prevalence,60,Lithuania,3,Both,27,Age-standardized,558,Mental disorders,3,Rate,2007,11462.26432715899,12641.760046142981,10267.93632344804
1,All Population,5,Prevalence,196,South Africa,3,Both,27,Age-standardized,558,Mental disorders,2,Percent,2006,0.1118589907073024,0.120697797875386,0.1026833702706089
1,All Population,5,Prevalence,196,South Africa,3,Both,27,Age-standardized,558,Mental disorders,3,Rate,2006,11075.20931176193,11946.78905866593,10165.26974317222
1,All Population,5,Prevalence,119,Trinidad and Tobago,3,Both,27,Age-standardized,558,Mental disorders,2,Percent,2005,0.1351285235226782,0.1467960008276092,0.1226820387804617
1,All Population,5,Prevalence,119,Trinidad and Tobago,3,Both,27,Age-standardized,558,Mental disorders,3,Rate,2005,13015.27002149295,14157.812342263709,11838.75153632626
1,All Population,5,Prevalence,148,Morocco,3,Both,27,Age-standardized,558,Mental disorders,2,Percent,2006,0.1309173103023578,0.1402200509078134,0.1213376845808624
1,All Population,5,Prevalence,148,Morocco,3,Both,27,Age-standardized,558,Mental disorders,3,Rate,2006,12697.422158093821,13605.98980724714,11779.52542266196
1,All Population,5,Prevalence,180,Kenya,3,Both,27,Age-standardized,558,Mental disorders,2,Percent,2006,0.1070032744391154,0.1165722530965365,0.0975021903635976
1,All Population,5,Prevalence,180,Kenya,3,Both,27,Age-standardized,558,Mental disorders,3,Rate,2006,10561.66332985549,11497.0890209891,9616.832220016799
1,All Population,5,Prevalence,94,Switzerland,3,Both,27,Age-standardized,558,Mental disorders,2,Percent,2007,0.1613977694662646,0.1781398356943332,0.1465080911442188
1,All Population,5,Prevalence,94,Switzerland,3,Both,27,Age-standardized,558,Mental disorders,3,Rate,2007,14780.646390552449,16208.94423988481,13416.76529660208
1,All Population,5,Prevalence,75,Austria,3,Both,27,Age-standardized,558,Mental disorders,2,Percent,2007,0.1318950752933967,0.1463703981868676,0.1181433499851893
1,All Population,5,Prevalence,75,Austria,3,Both,27,Age-standardized,558,Mental disorders,3,Rate,2007,12150.592780022409,13420.1586061024,10939.364933147779
1,All Population,5,Prevalence,18,Thailand,3,Both,27,Age-standardized,558,Mental disorders,2,Percent,2006,0.0870183618530495,0.0953420400057609,0.0788133485630449
1,All Population,5,Prevalence,18,Thailand,3,Both,27,Age-standardized,558,Mental disorders,3,Rate,2006,8409.810943651359,9200.769309858151,7626.297210121349
1,All Population,5,Prevalence,185,Rwanda,3,Both,27,Age-standardized,558,Mental disorders,2,Percent,2006,0.104607440065737,0.1135248574042172,0.095315813969594
1,All Population,5,Prevalence,185,Rwanda,3,Both,27,Age-standardized,558,Mental disorders,3,Rate,2006,10332.89248465248,11210.29951023623,9425.85588913286
1,All Population,5,Prevalence,15,Myanmar,3,Both,27,Age-standardized,558,Mental disorders,2,Percent,2007,0.0834309798763741,0.0921672477313063,0.0757974168078514
1,All Population,5,Prevalence,15,Myanmar,3,Both,27,Age-standardized,558,Mental disorders,3,Rate,2007,8227.27667704072,9093.08643168902,7481.30539462337
1,All Population,5,Prevalence,105,Antigua and Barbuda,3,Both,27,Age-standardized,558,Mental disorders,2,Percent,2007,0.1449842809159209,0.1576294957203824,0.1312307419344905
1,All Population,5,Prevalence,105,Antigua and Barbuda,3,Both,27,Age-standardized,558,Mental disorders,3,Rate,2007,14044.83800963627,15260.614157708149,12719.630539619131
1,All Population,5,Prevalence,30,Vanuatu,3,Both,27,Age-standardized,558,Mental disorders,2,Percent,2007,0.0968037276346321,0.1073360223964739,0.0847023338746415
1,All Population,5,Prevalence,30,Vanuatu,3,Both,27,Age-standardized,558,Mental disorders,3,Rate,2007,9583.36836865018,10630.18530500163,8396.4009711463
1,All Population,5,Prevalence,130,Mexico,3,Both,27,Age-standardized,558,Mental disorders,2,Percent,2005,0.1157614492883846,0.1244197783708096,0.1072729139812805
1,All Population,5,Prevalence,130,Mexico,3,Both,27,Age-standardized,558,Mental disorders,3,Rate,2005,11124.494878164649,11941.50861353728,10329.007085946281
1,All Population,5,Prevalence,374,Niue,3,Both,27,Age-standardized,558,Mental disorders,2,Percent,2006,0.0995120242285112,0.1101554339275788,0.08765377990609
1,All Population,5,Prevalence,374,Niue,3,Both,27,Age-standardized,558,Mental disorders,3,Rate,2006,9565.727425186129,10581.09370020911,8428.72315037254
1,All Population,5,Prevalence,213,Niger,3,Both,27,Age-standardized,558,Mental disorders,2,Percent,2006,0.1084128865408064,0.117424004880181,0.098644425818123
1,All Population,5,Prevalence,213,Niger,3,Both,27,Age-standardized,558,Mental disorders,3,Rate,2006,10813.47810870926,11716.85151330601,9844.45700033129
1,All Population,5,Prevalence,49,North Macedonia,3,Both,27,Age-standardized,558,Mental disorders,2,Percent,2007,0.1154961403385678,0.1286431225214346,0.1028768784122333
1,All Population,5,Prevalence,49,North Macedonia,3,Both,27,Age-standardized,558,Mental disorders,3,Rate,2007,10966.41772964612,12194.69287837234,9771.11733405639
1,All Population,5,Prevalence,90,Norway,3,Both,27,Age-standardized,558,Mental disorders,2,Percent,2007,0.1386936860470811,0.1540610801050722,0.1243400503527106
1,All Population,5,Prevalence,90,Norway,3,Both,27,Age-standardized,558,Mental disorders,3,Rate,2007,12736.72773687237,14112.269215460119,11429.19356956748
1,All Population,5,Prevalence,45,Bulgaria,3,Both,27,Age-standardized,558,Mental disorders,2,Percent,2007,0.1114925044900523,0.124171025061864,0.1005648842100708
1,All Population,5,Prevalence,45,Bulgaria,3,Both,27,Age-standardized,558,Mental disorders,3,Rate,2007,10638.77602196401,11853.99657459994,9571.13044231453
1,All Population,5,Prevalence,203,Cabo Verde,3,Both,27,Age-standardized,558,Mental disorders,2,Percent,2006,0.1193602341603455,0.1293835455053054,0.1084607267821132
1,All Population,5,Prevalence,203,Cabo Verde,3,Both,27,Age-standardized,558,Mental disorders,3,Rate,2006,11577.338081272199,12549.447715569539,10509.14235946966
1,All Population,5,Prevalence,170,Congo,3,Both,27,Age-standardized,558,Mental disorders,2,Percent,2006,0.1350474741841061,0.1474963998763259,0.1205668455332134
1,All Population,5,Prevalence,170,Congo,3,Both,27,Age-standardized,558,Mental disorders,3,Rate,2006,13433.764820602331,14682.73862961319,11996.830733018609
1,All Population,5,Prevalence,522,Sudan,3,Both,27,Age-standardized,558,Mental disorders,2,Percent,2006,0.1322484983568388,0.1435405193809251,0.1210372792350746
1,All Population,5,Prevalence,522,Sudan,3,Both,27,Age-standardized,558,Mental disorders,3,Rate,2006,13090.72581244963,14197.20757818701,11984.53306720656
1,All Population,5,Prevalence,78,Denmark,3,Both,27,Age-standardized,558,Mental disorders,2,Percent,2006,0.1293296915231555,0.1373645768651527,0.1207321380700152
1,All Population,5,Prevalence,78,Denmark,3,Both,27,Age-standardized,558,Mental disorders,3,Rate,2006,11770.96626276153,12536.087774237869,10966.99558931973
1,All Population,5,Prevalence,216,Senegal,3,Both,27,Age-standardized,558,Mental disorders,2,Percent,2006,0.1143485999518211,0.1231748971412684,0.1036359093161192
1,All Population,5,Prevalence,216,Senegal,3,Both,27,Age-standardized,558,Mental disorders,3,Rate,2006,11356.32084074437,12227.838071053811,10298.55864265301
1,All Population,5,Prevalence,102,United States of America,3,Both,27,Age-standardized,558,Mental disorders,2,Percent,2005,0.1695444824582881,0.1808771600141408,0.1593541886932544
1,All Population,5,Prevalence,102,United States of America,3,Both,27,Age-standardized,558,Mental disorders,3,Rate,2005,15448.298668170071,16461.17380569717,14523.950831662341
1,All Population,5,Prevalence,115,Jamaica,3,Both,27,Age-standardized,558,Mental disorders,2,Percent,2005,0.1293451296734788,0.1412777632845178,0.1174143394013686
1,All Population,5,Prevalence,115,Jamaica,3,Both,27,Age-standardized,558,Mental disorders,3,Rate,2005,12610.86042962104,13758.18366928353,11443.54315603248
1,All Population,5,Prevalence,87,Luxembourg,3,Both,27,Age-standardized,558,Mental disorders,2,Percent,2005,0.1383429912941118,0.1477182152121788,0.1293267955145203
1,All Population,5,Prevalence,87,Luxembourg,3,Both,27,Age-standardized,558,Mental disorders,3,Rate,2005,12662.04153614387,13522.27164112784,11864.78667789473
1,All Population,5,Prevalence,63,Ukraine,3,Both,27,Age-standardized,558,Mental disorders,2,Percent,2006,0.1245741543855782,0.1368939837931617,0.1109210919363046
1,All Population,5,Prevalence,63,Ukraine,3,Both,27,Age-standardized,558,Mental disorders,3,Rate,2006,11731.847373653729,12915.893302598392,10480.53303502858
1,All Population,5,Prevalence,145,Kuwait,3,Both,27,Age-standardized,558,Mental disorders,2,Percent,2005,0.1277217823416849,0.1367781465119966,0.1183910125317442
1,All Population,5,Prevalence,145,Kuwait,3,Both,27,Age-standardized,558,Mental disorders,3,Rate,2005,12095.03366827163,13011.243717423222,11198.988314409109
1,All Population,5,Prevalence,385,Puerto Rico,3,Both,27,Age-standardized,558,Mental disorders,2,Percent,2006,0.1585741969044372,0.1714481534549755,0.1457355440548536
1,All Population,5,Prevalence,385,Puerto Rico,3,Both,27,Age-standardized,558,Mental disorders,3,Rate,2006,15119.829046932751,16304.56756404432,13912.07491728404
1,All Population,5,Prevalence,132,Panama,3,Both,27,Age-standardized,558,Mental disorders,2,Percent,2005,0.1081825321426178,0.1167027769677471,0.0999002263732606
1,All Population,5,Prevalence,132,Panama,3,Both,27,Age-standardized,558,Mental disorders,3,Rate,2005,10403.32293303715,11240.43971112663,9597.45060948901
1,All Population,5,Prevalence,57,Belarus,3,Both,27,Age-standardized,558,Mental disorders,2,Percent,2005,0.1158872366568377,0.1265308943335886,0.1051657467070822
1,All Population,5,Prevalence,57,Belarus,3,Both,27,Age-standardized,558,Mental disorders,3,Rate,2005,10883.90385629783,11973.08705850504,9847.62010174017
1,All Population,5,Prevalence,160,Afghanistan,3,Both,27,Age-standardized,558,Mental disorders,2,Percent,2005,0.1287271569529128,0.138706735158916,0.1184885082352268
1,All Population,5,Prevalence,160,Afghanistan,3,Both,27,Age-standardized,558,Mental disorders,3,Rate,2005,12832.87173548856,13826.556555689589,11805.53968073808
1,All Population,5,Prevalence,128,Guatemala,3,Both,27,Age-standardized,558,Mental disorders,2,Percent,2005,0.1212404069258204,0.1303034523436215,0.1115346581679996
1,All Population,5,Prevalence,128,Guatemala,3,Both,27,Age-standardized,558,Mental disorders,3,Rate,2005,11873.40591503734,12746.55447252929,10905.177072991019
1,All Population,5,Prevalence,62,Russian Federation,3,Both,27,Age-standardized,558,Mental disorders,2,Percent,2007,0.1150369182435837,0.1257791247716579,0.1045562905877481
1,All Population,5,Prevalence,62,Russian Federation,3,Both,27,Age-standardized,558,Mental disorders,3,Rate,2007,10837.63624469881,11856.77428678317,9841.593274479279
1,All Population,5,Prevalence,122,Ecuador,3,Both,27,Age-standardized,558,Mental disorders,2,Percent,2007,0.1394905834928812,0.1521449912622026,0.1266656379712996
1,All Population,5,Prevalence,122,Ecuador,3,Both,27,Age-standardized,558,Mental disorders,3,Rate,2007,13574.964328447359,14796.65330303746,12351.44289260632
1,All Population,5,Prevalence,157,Yemen,3,Both,27,Age-standardized,558,Mental disorders,2,Percent,2006,0.1340044924908477,0.144377999868581,0.123521317700288
1,All Population,5,Prevalence,157,Yemen,3,Both,27,Age-standardized,558,Mental disorders,3,Rate,2006,13300.156098202271,14328.39017686122,12261.4624268562
1,All Population,5,Prevalence,177,Djibouti,3,Both,27,Age-standardized,558,Mental disorders,2,Percent,2005,0.1005601808143622,0.1093804261131412,0.0919254748760941
1,All Population,5,Prevalence,177,Djibouti,3,Both,27,Age-standardized,558,Mental disorders,3,Rate,2005,9896.80831899291,10768.91087606174,9059.37834354787
1,All Population,5,Prevalence,380,Palau,3,Both,27,Age-standardized,558,Mental disorders,2,Percent,2006,0.0993788570263495,0.1101880314421363,0.0876473871709054
1,All Population,5,Prevalence,380,Palau,3,Both,27,Age-standardized,558,Mental disorders,3,Rate,2006,9601.25742106918,10625.75825173539,8465.53084073297
1,All Population,5,Prevalence,125,Colombia,3,Both,27,Age-standardized,558,Mental disorders,2,Percent,2006,0.1155808228493614,0.1240795561558715,0.1077595852537766
1,All Population,5,Prevalence,125,Colombia,3,Both,27,Age-standardized,558,Mental disorders,3,Rate,2006,11132.53992839296,11927.660399873479,10349.49668415949
1,All Population,5,Prevalence,110,Dominica,3,Both,27,Age-standardized,558,Mental disorders,2,Percent,2006,0.1428845727644913,0.1555277167948316,0.1298475394408967
1,All Population,5,Prevalence,110,Dominica,3,Both,27,Age-standardized,558,Mental disorders,3,Rate,2006,13832.206015262062,15056.98051230764,12576.8298676308
1,All Population,5,Prevalence,107,Barbados,3,Both,27,Age-standardized,558,Mental disorders,2,Percent,2007,0.1451453248618842,0.1579173788043338,0.1314039044977075
1,All Population,5,Prevalence,107,Barbados,3,Both,27,Age-standardized,558,Mental disorders,3,Rate,2007,13991.81732806794,15205.692864229639,12685.84230756557
1,All Population,5,Prevalence,20,Viet Nam,3,Both,27,Age-standardized,558,Mental disorders,2,Percent,2006,0.0764439446138957,0.0831786744262623,0.0693851084458457
1,All Population,5,Prevalence,20,Viet Nam,3,Both,27,Age-standardized,558,Mental disorders,3,Rate,2006,7555.108929183731,8220.68534844051,6855.17156993543
1,All Population,5,Prevalence,191,Zambia,3,Both,27,Age-standardized,558,Mental disorders,2,Percent,2005,0.1063709465956026,0.1158082993615416,0.0963636602459378
1,All Population,5,Prevalence,191,Zambia,3,Both,27,Age-standardized,558,Mental disorders,3,Rate,2005,10596.15372053319,11535.98748402825,9601.03380115131
1,All Population,5,Prevalence,89,Netherlands,3,Both,27,Age-standardized,558,Mental disorders,2,Percent,2005,0.1643710296882143,0.1755726621414487,0.1537981227414311
1,All Population,5,Prevalence,89,Netherlands,3,Both,27,Age-standardized,558,Mental disorders,3,Rate,2005,15634.98143891422,16704.60459314207,14606.346713271481
1,All Population,5,Prevalence,17,Sri Lanka,3,Both,27,Age-standardized,558,Mental disorders,2,Percent,2007,0.087187265216822,0.0960989942872799,0.0786064676341377
1,All Population,5,Prevalence,17,Sri Lanka,3,Both,27,Age-standardized,558,Mental disorders,3,Rate,2007,8445.90119100204,9295.37846654179,7634.358140186499
1,All Population,5,Prevalence,77,Cyprus,3,Both,27,Age-standardized,558,Mental disorders,2,Percent,2007,0.1401665649162702,0.1499545230004425,0.1310111991061378
1,All Population,5,Prevalence,77,Cyprus,3,Both,27,Age-standardized,558,Mental disorders,3,Rate,2007,12989.84101772681,13905.88732821197,12189.279239979569
1,All Population,5,Prevalence,117,Saint Vincent and the Grenadines,3,Both,27,Age-standardized,558,Mental disorders,2,Percent,2005,0.1419053357686299,0.1547722806650412,0.1286571693017957
1,All Population,5,Prevalence,117,Saint Vincent and the Grenadines,3,Both,27,Age-standardized,558,Mental disorders,3,Rate,2005,13797.66311016151,14993.56572156572,12539.11239899904
1,All Population,5,Prevalence,147,Libya,3,Both,27,Age-standardized,558,Mental disorders,2,Percent,2005,0.1362269340064922,0.1456179881212859,0.125911660464396
1,All Population,5,Prevalence,147,Libya,3,Both,27,Age-standardized,558,Mental disorders,3,Rate,2005,13193.108504723188,14129.080502126759,12203.24113390978
1,All Population,5,Prevalence,175,Burundi,3,Both,27,Age-standardized,558,Mental disorders,2,Percent,2005,0.112778794773863,0.1225088970792351,0.1024926721935766
1,All Population,5,Prevalence,175,Burundi,3,Both,27,Age-standardized,558,Mental disorders,3,Rate,2005,11198.88582319246,12145.4888489362,10196.11237711059
1,All Population,5,Prevalence,141,Egypt,3,Both,27,Age-standardized,558,Mental disorders,2,Percent,2007,0.1361824015796255,0.148012526805058,0.1231003876230142
1,All Population,5,Prevalence,141,Egypt,3,Both,27,Age-standardized,558,Mental disorders,3,Rate,2007,13261.582571640429,14391.373586381651,11983.89111969812
1,All Population,5,Prevalence,187,Somalia,3,Both,27,Age-standardized,558,Mental disorders,2,Percent,2006,0.1079691701538947,0.1171464306874285,0.0978444664025481
1,All Population,5,Prevalence,187,Somalia,3,Both,27,Age-standardized,558,Mental disorders,3,Rate,2006,10782.16374606033,11700.38429672761,9773.80846675594
1,All Population,5,Prevalence,206,Gambia,3,Both,27,Age-standardized,558,Mental disorders,2,Percent,2005,0.1184254300891867,0.1280928527688991,0.1074969854171796
1,All Population,5,Prevalence,206,Gambia,3,Both,27,Age-standardized,558,Mental disorders,3,Rate,2005,11733.41208176828,12718.9396299416,10673.35041203067
1,All Population,5,Prevalence,162,Bhutan,3,Both,27,Age-standardized,558,Mental disorders,2,Percent,2005,0.1086236374515869,0.1197021345862205,0.0972827845031659
1,All Population,5,Prevalence,162,Bhutan,3,Both,27,Age-standardized,558,Mental disorders,3,Rate,2005,10481.2641213637,11537.43956210483,9399.48148360114
1,All Population,5,Prevalence,179,Ethiopia,3,Both,27,Age-standardized,558,Mental disorders,2,Percent,2005,0.1155063077943272,0.1252762815888374,0.1052206882137247
1,All Population,5,Prevalence,179,Ethiopia,3,Both,27,Age-standardized,558,Mental disorders,3,Rate,2005,11495.130283504499,12453.46591427271,10475.18377130173
1,All Population,5,Prevalence,396,San Marino,3,Both,27,Age-standardized,558,Mental disorders,2,Percent,2006,0.1396958156808755,0.149532605659624,0.1307258679957895
1,All Population,5,Prevalence,396,San Marino,3,Both,27,Age-standardized,558,Mental disorders,3,Rate,2006,12783.10951256292,13631.32173262051,12000.747938579942
1,All Population,5,Prevalence,92,Spain,3,Both,27,Age-standardized,558,Mental disorders,2,Percent,2007,0.1496382857473684,0.162985967203223,0.1370398087432221
1,All Population,5,Prevalence,92,Spain,3,Both,27,Age-standardized,558,Mental disorders,3,Rate,2007,13755.412293862099,14938.417427191942,12555.08877246809
1,All Population,5,Prevalence,218,Togo,3,Both,27,Age-standardized,558,Mental disorders,2,Percent,2006,0.1347927130474871,0.1549508675619669,0.1161615029670552
1,All Population,5,Prevalence,218,Togo,3,Both,27,Age-standardized,558,Mental disorders,3,Rate,2006,13452.953925710228,15461.990082379529,11600.14500205826
1,All Population,5,Prevalence,172,Equatorial Guinea,3,Both,27,Age-standardized,558,Mental disorders,2,Percent,2006,0.1327928297834513,0.1473352624254022,0.1179422976067109
1,All Population,5,Prevalence,172,Equatorial Guinea,3,Both,27,Age-standardized,558,Mental disorders,3,Rate,2006,13083.400067545408,14512.14701648231,11608.1204633153
1,All Population,5,Prevalence,205,Côte d'Ivoire,3,Both,27,Age-standardized,558,Mental disorders,2,Percent,2006,0.1191384855081964,0.1288266022770506,0.1079746612939068
1,All Population,5,Prevalence,205,Côte d'Ivoire,3,Both,27,Age-standardized,558,Mental disorders,3,Rate,2006,11856.029702783311,12812.64890346229,10748.158712959099
1,All Population,5,Prevalence,80,France,3,Both,27,Age-standardized,558,Mental disorders,2,Percent,2006,0.1600366847951799,0.1746591659332493,0.1462820096080081
1,All Population,5,Prevalence,80,France,3,Both,27,Age-standardized,558,Mental disorders,3,Rate,2006,14504.27283413546,15763.75602397882,13204.05189369426
1,All Population,5,Prevalence,193,Botswana,3,Both,27,Age-standardized,558,Mental disorders,2,Percent,2005,0.1089748483028421,0.1177353088206453,0.0986805985348617
1,All Population,5,Prevalence,193,Botswana,3,Both,27,Age-standardized,558,Mental disorders,3,Rate,2005,10718.11933702693,11585.65654360711,9705.625491611001
1,All Population,5,Prevalence,149,Palestine,3,Both,27,Age-standardized,558,Mental disorders,2,Percent,2005,0.146070507070874,0.156961606285855,0.1349852615103853
1,All Population,5,Prevalence,149,Palestine,3,Both,27,Age-standardized,558,Mental disorders,3,Rate,2005,14218.89844335969,15263.85568863271,13175.9798316349
1,All Population,5,Prevalence,208,Guinea,3,Both,27,Age-standardized,558,Mental disorders,2,Percent,2005,0.1252305679121007,0.1361732468827921,0.1133285879352089
1,All Population,5,Prevalence,208,Guinea,3,Both,27,Age-standardized,558,Mental disorders,3,Rate,2005,12468.09294731955,13567.924687778099,11286.32421336084
1,All Population,5,Prevalence,112,Grenada,3,Both,27,Age-standardized,558,Mental disorders,2,Percent,2006,0.1425727851520419,0.1549042167505316,0.1298649931355651
1,All Population,5,Prevalence,112,Grenada,3,Both,27,Age-standardized,558,Mental disorders,3,Rate,2006,13836.42904390116,15058.791901021252,12595.99260708397
1,All Population,5,Prevalence,139,Algeria,3,Both,27,Age-standardized,558,Mental disorders,2,Percent,2007,0.1366839834824283,0.1463425866059416,0.1263272825583327
1,All Population,5,Prevalence,139,Algeria,3,Both,27,Age-standardized,558,Mental disorders,3,Rate,2007,13171.546426949371,14153.340158087822,12197.284098970109
1,All Population,5,Prevalence,152,Saudi Arabia,3,Both,27,Age-standardized,558,Mental disorders,2,Percent,2007,0.1402669854061248,0.1545942659587092,0.1253626342769938
1,All Population,5,Prevalence,152,Saudi Arabia,3,Both,27,Age-standardized,558,Mental disorders,3,Rate,2007,13626.18343390976,15000.959289789109,12144.166014197059
1,All Population,5,Prevalence,169,Central African Republic,3,Both,27,Age-standardized,558,Mental disorders,2,Percent,2007,0.1369782511676583,0.1521835176607821,0.1205766031958693
1,All Population,5,Prevalence,169,Central African Republic,3,Both,27,Age-standardized,558,Mental disorders,3,Rate,2007,13679.42546617761,15199.433726460302,12039.7544433355
1,All Population,5,Prevalence,127,El Salvador,3,Both,27,Age-standardized,558,Mental disorders,2,Percent,2006,0.114494443048078,0.1232101633946221,0.1058822079238668
1,All Population,5,Prevalence,127,El Salvador,3,Both,27,Age-standardized,558,Mental disorders,3,Rate,2006,11081.89619420623,11933.67448230274,10223.73003192468
1,All Population,5,Prevalence,34,Azerbaijan,3,Both,27,Age-standardized,558,Mental disorders,2,Percent,2007,0.1154545231122165,0.1286169901737024,0.1033907522719933
1,All Population,5,Prevalence,34,Azerbaijan,3,Both,27,Age-standardized,558,Mental disorders,3,Rate,2007,11113.18245161198,12367.133844254979,9960.91068630922
1,All Population,5,Prevalence,109,Cuba,3,Both,27,Age-standardized,558,Mental disorders,2,Percent,2007,0.1600168387069256,0.1739749493449838,0.1450999717845011
1,All Population,5,Prevalence,109,Cuba,3,Both,27,Age-standardized,558,Mental disorders,3,Rate,2007,15538.69958024294,16891.21453422501,14096.484316222011
1,All Population,5,Prevalence,164,Nepal,3,Both,27,Age-standardized,558,Mental disorders,2,Percent,2005,0.1042762112026164,0.1142798038732586,0.0952075834942898
1,All Population,5,Prevalence,164,Nepal,3,Both,27,Age-standardized,558,Mental disorders,3,Rate,2005,10255.84136351595,11209.68504087488,9362.51851140696
1,All Population,5,Prevalence,181,Madagascar,3,Both,27,Age-standardized,558,Mental disorders,2,Percent,2005,0.1065012761333058,0.115671410175128,0.0970109771196023
1,All Population,5,Prevalence,181,Madagascar,3,Both,27,Age-standardized,558,Mental disorders,3,Rate,2005,10589.723298892479,11502.02560783302,9645.342097584251
1,All Population,5,Prevalence,195,Namibia,3,Both,27,Age-standardized,558,Mental disorders,2,Percent,2005,0.1015820474900664,0.110475381484264,0.0923519824711553
1,All Population,5,Prevalence,195,Namibia,3,Both,27,Age-standardized,558,Mental disorders,3,Rate,2005,9986.9802028153,10827.07404172963,9064.515420104979
1,All Population,5,Prevalence,126,Costa Rica,3,Both,27,Age-standardized,558,Mental disorders,2,Percent,2007,0.1213118615362295,0.1303553292786075,0.1118567940502457
1,All Population,5,Prevalence,126,Costa Rica,3,Both,27,Age-standardized,558,Mental disorders,3,Rate,2007,11613.58502661331,12461.32596508091,10698.16029400759
1,All Population,5,Prevalence,189,United Republic of Tanzania,3,Both,27,Age-standardized,558,Mental disorders,2,Percent,2007,0.1027211188043357,0.111357882845849,0.093178715102307
1,All Population,5,Prevalence,189,United Republic of Tanzania,3,Both,27,Age-standardized,558,Mental disorders,3,Rate,2007,10199.99331575107,11061.23361392173,9255.1391346053
1,All Population,5,Prevalence,369,Nauru,3,Both,27,Age-standardized,558,Mental disorders,2,Percent,2005,0.0969286577330212,0.1077499545019318,0.0855374572053125
1,All Population,5,Prevalence,369,Nauru,3,Both,27,Age-standardized,558,Mental disorders,3,Rate,2005,9512.20827632033,10551.77217111828,8393.3616789525
1,All Population,5,Prevalence,210,Liberia,3,Both,27,Age-standardized,558,Mental disorders,2,Percent,2005,0.1275294199735518,0.1387828180401948,0.1159684924643058
1,All Population,5,Prevalence,210,Liberia,3,Both,27,Age-standardized,558,Mental disorders,3,Rate,2005,12710.499349334701,13836.51095627544,11558.55266006115
1,All Population,5,Prevalence,29,Tonga,3,Both,27,Age-standardized,558,Mental disorders,2,Percent,2007,0.1114871559311352,0.1299858533368489,0.093551432546154
1,All Population,5,Prevalence,29,Tonga,3,Both,27,Age-standardized,558,Mental disorders,3,Rate,2007,10817.84498300718,12609.6340828701,9069.34297182608
1,All Population,5,Prevalence,18,Thailand,3,Both,27,Age-standardized,558,Mental disorders,2,Percent,2007,0.0868338284446738,0.0952912949025307,0.0787300260045265
1,All Population,5,Prevalence,18,Thailand,3,Both,27,Age-standardized,558,Mental disorders,3,Rate,2007,8381.223344737029,9196.16332264807,7588.72101296986
1,All Population,5,Prevalence,182,Malawi,3,Both,27,Age-standardized,558,Mental disorders,2,Percent,2007,0.1043933786551856,0.1132727284680669,0.094132839259977
1,All Population,5,Prevalence,182,Malawi,3,Both,27,Age-standardized,558,Mental disorders,3,Rate,2007,10326.297278934391,11200.5982112972,9318.18073807538
1,All Population,5,Prevalence,200,Benin,3,Both,27,Age-standardized,558,Mental disorders,2,Percent,2007,0.1287994275823722,0.1408004113022094,0.1165137123399422
1,All Population,5,Prevalence,200,Benin,3,Both,27,Age-standardized,558,Mental disorders,3,Rate,2007,12826.79214917152,14009.96771171505,11607.56941822851
1,All Population,5,Prevalence,215,Sao Tome and Principe,3,Both,27,Age-standardized,558,Mental disorders,2,Percent,2007,0.116049960847904,0.1258690428509751,0.1052303945262889
1,All Population,5,Prevalence,215,Sao Tome and Principe,3,Both,27,Age-standardized,558,Mental disorders,3,Rate,2007,11559.60172485328,12560.197607582772,10488.70356938878
1,All Population,5,Prevalence,14,Maldives,3,Both,27,Age-standardized,558,Mental disorders,2,Percent,2007,0.0822721908936772,0.0898345102497655,0.0752032235873876
1,All Population,5,Prevalence,14,Maldives,3,Both,27,Age-standardized,558,Mental disorders,3,Rate,2007,7964.85256576839,8695.5131733606,7277.06553407277
1,All Population,5,Prevalence,76,Belgium,3,Both,27,Age-standardized,558,Mental disorders,2,Percent,2007,0.1431050656868596,0.1569850259386755,0.129385064557886
1,All Population,5,Prevalence,76,Belgium,3,Both,27,Age-standardized,558,Mental disorders,3,Rate,2007,13054.1052619487,14337.3975082387,11807.50169021389
1,All Population,5,Prevalence,59,Latvia,3,Both,27,Age-standardized,558,Mental disorders,2,Percent,2007,0.1191536213890374,0.1299817585089078,0.1093918784723378
1,All Population,5,Prevalence,59,Latvia,3,Both,27,Age-standardized,558,Mental disorders,3,Rate,2007,11131.29025499115,12109.409066091011,10220.958002599089
1,All Population,5,Prevalence,44,Bosnia and Herzegovina,3,Both,27,Age-standardized,558,Mental disorders,2,Percent,2007,0.1232794224106518,0.1368501415606739,0.1091664259704003
1,All Population,5,Prevalence,44,Bosnia and Herzegovina,3,Both,27,Age-standardized,558,Mental disorders,3,Rate,2007,11767.12775564528,13043.42295148812,10428.526867864
1,All Population,5,Prevalence,197,Eswatini,3,Both,27,Age-standardized,558,Mental disorders,2,Percent,2005,0.1132034135762277,0.123158292772966,0.1022885332172778
1,All Population,5,Prevalence,197,Eswatini,3,Both,27,Age-standardized,558,Mental disorders,3,Rate,2005,11102.559314166161,12025.76970393446,10080.4235447414
1,All Population,5,Prevalence,376,Northern Mariana Islands,3,Both,27,Age-standardized,558,Mental disorders,2,Percent,2005,0.1011149863980113,0.1123788928076884,0.0894918822675889
1,All Population,5,Prevalence,376,Northern Mariana Islands,3,Both,27,Age-standardized,558,Mental disorders,3,Rate,2005,9696.53420733783,10764.832489006949,8570.40321872222
1,All Population,5,Prevalence,212,Mauritania,3,Both,27,Age-standardized,558,Mental disorders,2,Percent,2005,0.1068187909743159,0.1151882218876256,0.0972377366921874
1,All Population,5,Prevalence,212,Mauritania,3,Both,27,Age-standardized,558,Mental disorders,3,Rate,2005,10550.92003703265,11392.16473067723,9640.20644337032
1,All Population,5,Prevalence,20,Viet Nam,3,Both,27,Age-standardized,558,Mental disorders,2,Percent,2007,0.0765866193398714,0.0834575327877669,0.0697145787311844
1,All Population,5,Prevalence,20,Viet Nam,3,Both,27,Age-standardized,558,Mental disorders,3,Rate,2007,7564.3972463789705,8241.915639051229,6890.5477535188
1,All Population,5,Prevalence,33,Armenia,3,Both,27,Age-standardized,558,Mental disorders,2,Percent,2007,0.1309559216668756,0.1449679623926182,0.1167542805670981
1,All Population,5,Prevalence,33,Armenia,3,Both,27,Age-standardized,558,Mental disorders,3,Rate,2007,12476.19937310431,13831.768113255672,11116.250729644129
1,All Population,5,Prevalence,16,Philippines,3,Both,27,Age-standardized,558,Mental disorders,2,Percent,2007,0.0867188876464848,0.0953008841854926,0.0794130237758499
1,All Population,5,Prevalence,16,Philippines,3,Both,27,Age-standardized,558,Mental disorders,3,Rate,2007,8439.01575039998,9267.50125353523,7734.3116432262495
1,All Population,5,Prevalence,79,Finland,3,Both,27,Age-standardized,558,Mental disorders,2,Percent,2007,0.1243050031974533,0.1360162313323851,0.1129992192136803
1,All Population,5,Prevalence,79,Finland,3,Both,27,Age-standardized,558,Mental disorders,3,Rate,2007,11436.66103731662,12447.651052492,10441.43957548674
1,All Population,5,Prevalence,66,Brunei Darussalam,3,Both,27,Age-standardized,558,Mental disorders,2,Percent,2007,0.1173985524314219,0.1291463107688978,0.1064568636212063
1,All Population,5,Prevalence,66,Brunei Darussalam,3,Both,27,Age-standardized,558,Mental disorders,3,Rate,2007,10910.364458193771,11974.601970676411,9901.0519049293
1,All Population,5,Prevalence,19,Timor-Leste,3,Both,27,Age-standardized,558,Mental disorders,2,Percent,2007,0.0854158580881308,0.0953078341993428,0.0763048641401954
1,All Population,5,Prevalence,19,Timor-Leste,3,Both,27,Age-standardized,558,Mental disorders,3,Rate,2007,8448.322942984709,9419.07993462725,7564.105927605411
1,All Population,5,Prevalence,143,Iraq,3,Both,27,Age-standardized,558,Mental disorders,2,Percent,2007,0.134128391200438,0.1445048138830924,0.1223283327347369
1,All Population,5,Prevalence,143,Iraq,3,Both,27,Age-standardized,558,Mental disorders,3,Rate,2007,13054.67285141936,14074.054381855749,11911.09026348429
1,All Population,5,Prevalence,413,Tokelau,3,Both,27,Age-standardized,558,Mental disorders,2,Percent,2007,0.0987559552193949,0.1093845459891194,0.0867017201169627
1,All Population,5,Prevalence,413,Tokelau,3,Both,27,Age-standardized,558,Mental disorders,3,Rate,2007,9597.28369701026,10636.31839932034,8417.576900378781
1,All Population,5,Prevalence,298,American Samoa,3,Both,27,Age-standardized,558,Mental disorders,2,Percent,2007,0.1025701603702116,0.1138891955344958,0.0899981871037425
1,All Population,5,Prevalence,298,American Samoa,3,Both,27,Age-standardized,558,Mental disorders,3,Rate,2007,9878.38242657099,10990.28791453651,8684.61998239152
1,All Population,5,Prevalence,7,Democratic People's Republic of Korea,3,Both,27,Age-standardized,558,Mental disorders,2,Percent,2007,0.0998856576087221,0.1091018453750914,0.0910216306154308
1,All Population,5,Prevalence,7,Democratic People's Republic of Korea,3,Both,27,Age-standardized,558,Mental disorders,3,Rate,2007,9660.84350615572,10563.578075187479,8852.07426175431
1,All Population,5,Prevalence,26,Papua New Guinea,3,Both,27,Age-standardized,558,Mental disorders,2,Percent,2007,0.0971932420348414,0.1076140159758703,0.0851638073747426
1,All Population,5,Prevalence,26,Papua New Guinea,3,Both,27,Age-standardized,558,Mental disorders,3,Rate,2007,9661.74979816908,10708.97598433567,8468.49316746979
1,All Population,5,Prevalence,351,Guam,3,Both,27,Age-standardized,558,Mental disorders,2,Percent,2007,0.1035652715306935,0.114758598456908,0.0909874408865222
1,All Population,5,Prevalence,351,Guam,3,Both,27,Age-standardized,558,Mental disorders,3,Rate,2007,9907.88441655058,11016.51957776453,8697.227885488359
1,All Population,5,Prevalence,111,Dominican Republic,3,Both,27,Age-standardized,558,Mental disorders,2,Percent,2007,0.1544668599278515,0.1682923719122739,0.1394703698685104
1,All Population,5,Prevalence,111,Dominican Republic,3,Both,27,Age-standardized,558,Mental disorders,3,Rate,2007,15026.35015089766,16341.829834734039,13561.18695420332
1,All Population,5,Prevalence,154,Tunisia,3,Both,27,Age-standardized,558,Mental disorders,2,Percent,2007,0.1434993000274948,0.1541644161636935,0.1317429040817637
1,All Population,5,Prevalence,154,Tunisia,3,Both,27,Age-standardized,558,Mental disorders,3,Rate,2007,13746.163903728331,14831.10175141063,12598.5560156058
1,All Population,5,Prevalence,91,Portugal,3,Both,27,Age-standardized,558,Mental disorders,2,Percent,2007,0.1774033107774138,0.197378765873436,0.1576142537865439
1,All Population,5,Prevalence,91,Portugal,3,Both,27,Age-standardized,558,Mental disorders,3,Rate,2007,16307.34776519478,18277.80144851826,14424.94328238687
1,All Population,5,Prevalence,74,Andorra,3,Both,27,Age-standardized,558,Mental disorders,2,Percent,2007,0.1390471509667743,0.1488536841213207,0.1299738099554666
1,All Population,5,Prevalence,74,Andorra,3,Both,27,Age-standardized,558,Mental disorders,3,Rate,2007,12724.568567175029,13568.08682842938,11923.68579124688
1,All Population,5,Prevalence,112,Grenada,3,Both,27,Age-standardized,558,Mental disorders,2,Percent,2007,0.1429136996816424,0.155365247700908,0.1295982378681792
1,All Population,5,Prevalence,112,Grenada,3,Both,27,Age-standardized,558,Mental disorders,3,Rate,2007,13859.76739352228,15072.25664310055,12565.29535854802
1,All Population,5,Prevalence,123,Peru,3,Both,27,Age-standardized,558,Mental disorders,2,Percent,2007,0.1537181216196808,0.1667485181731836,0.1398831773192334
1,All Population,5,Prevalence,123,Peru,3,Both,27,Age-standardized,558,Mental disorders,3,Rate,2007,15080.63463994514,16360.93498602664,13712.66903610397
1,All Population,5,Prevalence,171,Democratic Republic of the Congo,3,Both,27,Age-standardized,558,Mental disorders,2,Percent,2007,0.1281284302888409,0.1431097541795837,0.1128282742475159
1,All Population,5,Prevalence,171,Democratic Republic of the Congo,3,Both,27,Age-standardized,558,Mental disorders,3,Rate,2007,12804.525988874198,14301.75176384188,11276.899313870701
1,All Population,5,Prevalence,52,Romania,3,Both,27,Age-standardized,558,Mental disorders,2,Percent,2007,0.1124671608985764,0.1257193216870178,0.1000206822907284
1,All Population,5,Prevalence,52,Romania,3,Both,27,Age-standardized,558,Mental disorders,3,Rate,2007,10763.46506551136,12005.63164702652,9593.81932110755
1,All Population,5,Prevalence,39,Tajikistan,3,Both,27,Age-standardized,558,Mental disorders,2,Percent,2007,0.1035187384443976,0.115781987006994,0.0924594870299998
1,All Population,5,Prevalence,39,Tajikistan,3,Both,27,Age-standardized,558,Mental disorders,3,Rate,2007,10056.29897875871,11266.55321209178,8993.27452466437
1,All Population,5,Prevalence,22,Fiji,3,Both,27,Age-standardized,558,Mental disorders,2,Percent,2007,0.0963780884940071,0.106701726873569,0.0848200979169033
1,All Population,5,Prevalence,22,Fiji,3,Both,27,Age-standardized,558,Mental disorders,3,Rate,2007,9468.25888877392,10458.448463748111,8327.00987127848
1,All Population,5,Prevalence,202,Cameroon,3,Both,27,Age-standardized,558,Mental disorders,2,Percent,2007,0.1247780058624811,0.1356385780467139,0.113243855800038
1,All Population,5,Prevalence,202,Cameroon,3,Both,27,Age-standardized,558,Mental disorders,3,Rate,2007,12407.384667290009,13498.441828646759,11258.116759832521
1,All Population,5,Prevalence,217,Sierra Leone,3,Both,27,Age-standardized,558,Mental disorders,2,Percent,2007,0.1253764632585795,0.1366188952475445,0.1132918276849072
1,All Population,5,Prevalence,217,Sierra Leone,3,Both,27,Age-standardized,558,Mental disorders,3,Rate,2007,12499.77247299243,13625.86006356043,11299.28176652021
1,All Population,5,Prevalence,11,Indonesia,3,Both,27,Age-standardized,558,Mental disorders,2,Percent,2007,0.0804403507686475,0.089294182760592,0.0726478603863022
1,All Population,5,Prevalence,11,Indonesia,3,Both,27,Age-standardized,558,Mental disorders,3,Rate,2007,7902.84556149268,8766.02381665288,7125.44867130509
1,All Population,5,Prevalence,86,Italy,3,Both,27,Age-standardized,558,Mental disorders,2,Percent,2007,0.1278918955354034,0.1400035509634311,0.115657383058912
1,All Population,5,Prevalence,86,Italy,3,Both,27,Age-standardized,558,Mental disorders,3,Rate,2007,11736.05696150113,12916.1934818388,10589.49110034417
1,All Population,5,Prevalence,67,Japan,3,Both,27,Age-standardized,558,Mental disorders,2,Percent,2007,0.1222647549186299,0.1345581074588022,0.1101699869031763
1,All Population,5,Prevalence,67,Japan,3,Both,27,Age-standardized,558,Mental disorders,3,Rate,2007,11129.74658852794,12236.1200382038,9981.97182032417
1,All Population,5,Prevalence,78,Denmark,3,Both,27,Age-standardized,558,Mental disorders,2,Percent,2007,0.1317611660797422,0.1400529120341329,0.1228083757494383
1,All Population,5,Prevalence,78,Denmark,3,Both,27,Age-standardized,558,Mental disorders,3,Rate,2007,11994.5085917523,12808.041606364759,11206.10694676417
1,All Population,5,Prevalence,61,Republic of Moldova,3,Both,27,Age-standardized,558,Mental disorders,2,Percent,2007,0.1176035282786007,0.1289706922229221,0.105842405904614
1,All Population,5,Prevalence,61,Republic of Moldova,3,Both,27,Age-standardized,558,Mental disorders,3,Rate,2007,11111.62888149501,12199.7732443396,10009.412282061241
1,All Population,5,Prevalence,106,Bahamas,3,Both,27,Age-standardized,558,Mental disorders,2,Percent,2007,0.1455640350520377,0.1580361860403956,0.1321318862128834
1,All Population,5,Prevalence,106,Bahamas,3,Both,27,Age-standardized,558,Mental disorders,3,Rate,2007,14046.794202031091,15245.60021614419,12757.352834046429
1,All Population,5,Prevalence,46,Croatia,3,Both,27,Age-standardized,558,Mental disorders,2,Percent,2007,0.125630320160984,0.139620656186079,0.1112925767755749
1,All Population,5,Prevalence,46,Croatia,3,Both,27,Age-standardized,558,Mental disorders,3,Rate,2007,11990.41100965986,13366.38667847577,10686.17909132879
1,All Population,5,Prevalence,99,Uruguay,3,Both,27,Age-standardized,558,Mental disorders,2,Percent,2007,0.1501153151313682,0.1652736430017437,0.1356158307282182
1,All Population,5,Prevalence,99,Uruguay,3,Both,27,Age-standardized,558,Mental disorders,3,Rate,2007,14149.360113005041,15592.374746574,12742.29071623241
1,All Population,5,Prevalence,136,Paraguay,3,Both,27,Age-standardized,558,Mental disorders,2,Percent,2007,0.1529643490429298,0.1654550212685859,0.1408653219875673
1,All Population,5,Prevalence,136,Paraguay,3,Both,27,Age-standardized,558,Mental disorders,3,Rate,2007,14843.468330594389,16084.966416771149,13729.02600510639
1,All Population,5,Prevalence,24,Marshall Islands,3,Both,27,Age-standardized,558,Mental disorders,2,Percent,2007,0.0977545112182667,0.1079578400738434,0.0855836648091764
1,All Population,5,Prevalence,24,Marshall Islands,3,Both,27,Age-standardized,558,Mental disorders,3,Rate,2007,9607.01622076163,10607.43033775923,8422.0482045923
1,All Population,5,Prevalence,184,Mozambique,3,Both,27,Age-standardized,558,Mental disorders,2,Percent,2007,0.1224467968999477,0.1336383277341816,0.1100152051237198
1,All Population,5,Prevalence,184,Mozambique,3,Both,27,Age-standardized,558,Mental disorders,3,Rate,2007,12191.21605458196,13311.27093347984,10962.92962169619
1,All Population,5,Prevalence,54,Slovakia,3,Both,27,Age-standardized,558,Mental disorders,2,Percent,2007,0.1143784724754634,0.1267557591072711,0.101367742230843
1,All Population,5,Prevalence,54,Slovakia,3,Both,27,Age-standardized,558,Mental disorders,3,Rate,2007,10840.968716698519,11997.49026462698,9661.0539750912
1,All Population,5,Prevalence,198,Zimbabwe,3,Both,27,Age-standardized,558,Mental disorders,2,Percent,2007,0.1153347763554724,0.1263394319218012,0.1027607830914983
1,All Population,5,Prevalence,198,Zimbabwe,3,Both,27,Age-standardized,558,Mental disorders,3,Rate,2007,11287.52694415839,12387.1207695344,10074.12061810238
1,All Population,5,Prevalence,41,Uzbekistan,3,Both,27,Age-standardized,558,Mental disorders,2,Percent,2007,0.1046010959197124,0.1160687744857181,0.0940631357219408
1,All Population,5,Prevalence,41,Uzbekistan,3,Both,27,Age-standardized,558,Mental disorders,3,Rate,2007,10076.815314432019,11175.32406918479,9043.8022879991
1,All Population,5,Prevalence,320,Cook Islands,3,Both,27,Age-standardized,558,Mental disorders,2,Percent,2007,0.1004496741282558,0.1109653005264222,0.0882979747237633
1,All Population,5,Prevalence,320,Cook Islands,3,Both,27,Age-standardized,558,Mental disorders,3,Rate,2007,9630.37323787224,10662.19642401146,8474.90266301871
1,All Population,5,Prevalence,82,Greece,3,Both,27,Age-standardized,558,Mental disorders,2,Percent,2007,0.1543646541130585,0.1690223056552946,0.1394849095712888
1,All Population,5,Prevalence,82,Greece,3,Both,27,Age-standardized,558,Mental disorders,3,Rate,2007,14336.88601815937,15709.4413135924,12995.83467113045
1,All Population,5,Prevalence,35,Georgia,3,Both,27,Age-standardized,558,Mental disorders,2,Percent,2007,0.1165340818160368,0.1284929925008253,0.1054356220025477
1,All Population,5,Prevalence,35,Georgia,3,Both,27,Age-standardized,558,Mental disorders,3,Rate,2007,11142.811120837081,12325.30879135831,10056.95418341642
1,All Population,5,Prevalence,151,Qatar,3,Both,27,Age-standardized,558,Mental disorders,2,Percent,2007,0.115508974606977,0.1242898654773426,0.105347870111293
1,All Population,5,Prevalence,151,Qatar,3,Both,27,Age-standardized,558,Mental disorders,3,Rate,2007,11060.726056146781,11888.84390197381,10086.82579386346
1,All Population,5,Prevalence,422,United States Virgin Islands,3,Both,27,Age-standardized,558,Mental disorders,2,Percent,2007,0.1439011455354756,0.156330850941316,0.1312134666316289
1,All Population,5,Prevalence,422,United States Virgin Islands,3,Both,27,Age-standardized,558,Mental disorders,3,Rate,2007,13744.26131052715,14947.625093200051,12515.251037532878
1,All Population,5,Prevalence,37,Kyrgyzstan,3,Both,27,Age-standardized,558,Mental disorders,2,Percent,2007,0.0995030387093023,0.1110622399476527,0.0893152428902993
1,All Population,5,Prevalence,37,Kyrgyzstan,3,Both,27,Age-standardized,558,Mental disorders,3,Rate,2007,9642.08687542679,10763.47254033822,8629.63959207138
1,All Population,5,Prevalence,88,Malta,3,Both,27,Age-standardized,558,Mental disorders,2,Percent,2007,0.1462578629551023,0.1570906923622323,0.1368191076933176
1,All Population,5,Prevalence,88,Malta,3,Both,27,Age-standardized,558,Mental disorders,3,Rate,2007,13462.087520618721,14421.8853091842,12627.319568071141
1,All Population,5,Prevalence,144,Jordan,3,Both,27,Age-standardized,558,Mental disorders,2,Percent,2007,0.1315288625784322,0.1417511506306212,0.1206263499353555
1,All Population,5,Prevalence,144,Jordan,3,Both,27,Age-standardized,558,Mental disorders,3,Rate,2007,12631.6822560848,13678.074684738938,11583.34188876809
1,All Population,5,Prevalence,69,Singapore,3,Both,27,Age-standardized,558,Mental disorders,2,Percent,2007,0.1102750350567544,0.1218232899396163,0.1007802882960931
1,All Population,5,Prevalence,69,Singapore,3,Both,27,Age-standardized,558,Mental disorders,3,Rate,2007,9928.13192265332,10932.527752733751,9058.619717385589
1,All Population,5,Prevalence,114,Haiti,3,Both,27,Age-standardized,558,Mental disorders,2,Percent,2007,0.1433891159769696,0.1562168511324387,0.1287108436363178
1,All Population,5,Prevalence,114,Haiti,3,Both,27,Age-standardized,558,Mental disorders,3,Rate,2007,14168.93537368322,15432.50795893576,12749.61565604647
1,All Population,5,Prevalence,81,Germany,3,Both,27,Age-standardized,558,Mental disorders,2,Percent,2007,0.1383441521950981,0.1492679642631109,0.1284708300390811
1,All Population,5,Prevalence,81,Germany,3,Both,27,Age-standardized,558,Mental disorders,3,Rate,2007,12584.042522377651,13565.9714870162,11714.46499203898
1,All Population,5,Prevalence,133,Venezuela (Bolivarian Republic of),3,Both,27,Age-standardized,558,Mental disorders,2,Percent,2007,0.1267564672548913,0.1393017473771971,0.114378014182716
1,All Population,5,Prevalence,133,Venezuela (Bolivarian Republic of),3,Both,27,Age-standardized,558,Mental disorders,3,Rate,2007,12363.00556822671,13560.69353686268,11150.15426115358
1,All Population,5,Prevalence,393,Saint Kitts and Nevis,3,Both,27,Age-standardized,558,Mental disorders,2,Percent,2007,0.1451738653795562,0.1576867858437774,0.1316662040017063
1,All Population,5,Prevalence,393,Saint Kitts and Nevis,3,Both,27,Age-standardized,558,Mental disorders,3,Rate,2007,13931.34751629399,15144.941676872351,12634.46722734253
1,All Population,5,Prevalence,101,Canada,3,Both,27,Age-standardized,558,Mental disorders,2,Percent,2007,0.1468817182015556,0.1605755065115848,0.1338884386945568
1,All Population,5,Prevalence,101,Canada,3,Both,27,Age-standardized,558,Mental disorders,3,Rate,2007,13586.550881367451,14905.86564550179,12330.91731961504
1,All Population,5,Prevalence,93,Sweden,3,Both,27,Age-standardized,558,Mental disorders,2,Percent,2007,0.1353428863941881,0.1451986016293862,0.1257793890502189
1,All Population,5,Prevalence,93,Sweden,3,Both,27,Age-standardized,558,Mental disorders,3,Rate,2007,12440.50348295114,13320.614263846232,11564.01690940008
1,All Population,5,Prevalence,84,Ireland,3,Both,27,Age-standardized,558,Mental disorders,2,Percent,2007,0.1494623011777658,0.1630538448568876,0.1365606535501101
1,All Population,5,Prevalence,84,Ireland,3,Both,27,Age-standardized,558,Mental disorders,3,Rate,2007,13802.29066940479,15002.343114173189,12663.6968933909
1,All Population,5,Prevalence,43,Albania,3,Both,27,Age-standardized,558,Mental disorders,2,Percent,2007,0.1145017769168946,0.1277554891351934,0.1023340401436072
1,All Population,5,Prevalence,43,Albania,3,Both,27,Age-standardized,558,Mental disorders,3,Rate,2007,10962.64049394225,12208.87518259081,9836.57135153781
1,All Population,5,Prevalence,58,Estonia,3,Both,27,Age-standardized,558,Mental disorders,2,Percent,2007,0.1150882582106324,0.1259110324700276,0.104071017704647
1,All Population,5,Prevalence,58,Estonia,3,Both,27,Age-standardized,558,Mental disorders,3,Rate,2007,10713.3283753115,11735.278266141371,9741.98262539664
1,All Population,5,Prevalence,6,China,3,Both,27,Age-standardized,558,Mental disorders,2,Percent,2006,0.117245651312541,0.1274764279193945,0.1081233625638553
1,All Population,5,Prevalence,6,China,3,Both,27,Age-standardized,558,Mental disorders,3,Rate,2006,11220.83394732195,12206.05066283729,10355.6724364745
1,All Population,5,Prevalence,156,United Arab Emirates,3,Both,27,Age-standardized,558,Mental disorders,2,Percent,2007,0.1161943720830904,0.1268198328545772,0.1049488401312204
1,All Population,5,Prevalence,156,United Arab Emirates,3,Both,27,Age-standardized,558,Mental disorders,3,Rate,2007,11172.29628772493,12185.53424952455,10100.47137327975
1,All Population,5,Prevalence,125,Colombia,3,Both,27,Age-standardized,558,Mental disorders,2,Percent,2007,0.115206730733351,0.1236099000266189,0.1074219046959705
1,All Population,5,Prevalence,125,Colombia,3,Both,27,Age-standardized,558,Mental disorders,3,Rate,2007,11085.562091413589,11874.551592865,10324.74523458488
1,All Population,5,Prevalence,28,Solomon Islands,3,Both,27,Age-standardized,558,Mental disorders,2,Percent,2008,0.0993895021978874,0.1108512098801933,0.0869517740311464
1,All Population,5,Prevalence,28,Solomon Islands,3,Both,27,Age-standardized,558,Mental disorders,3,Rate,2008,9792.14342830127,10923.95791696555,8565.00630703585
1,All Population,5,Prevalence,201,Burkina Faso,3,Both,27,Age-standardized,558,Mental disorders,2,Percent,2007,0.1268412962128597,0.1381103960941966,0.1151224780001562
1,All Population,5,Prevalence,201,Burkina Faso,3,Both,27,Age-standardized,558,Mental disorders,3,Rate,2007,12656.06366294451,13790.305875938138,11489.28722142217
1,All Population,5,Prevalence,173,Gabon,3,Both,27,Age-standardized,558,Mental disorders,2,Percent,2007,0.1313838740028357,0.1449776795463481,0.116780940573106
1,All Population,5,Prevalence,173,Gabon,3,Both,27,Age-standardized,558,Mental disorders,3,Rate,2007,13035.188310812271,14369.9024854022,11585.5884082672
1,All Population,5,Prevalence,71,Australia,3,Both,27,Age-standardized,558,Mental disorders,2,Percent,2007,0.1816283633453828,0.1945821211550233,0.1708250738360529
1,All Population,5,Prevalence,71,Australia,3,Both,27,Age-standardized,558,Mental disorders,3,Rate,2007,16634.277817370043,17777.61192561336,15654.60027629483
1,All Population,5,Prevalence,8,Taiwan,3,Both,27,Age-standardized,558,Mental disorders,2,Percent,2006,0.094350760609453,0.1025349193610968,0.0865845918382047
1,All Population,5,Prevalence,8,Taiwan,3,Both,27,Age-standardized,558,Mental disorders,3,Rate,2006,8909.15204804923,9631.625713564681,8167.90890269109
1,All Population,5,Prevalence,66,Brunei Darussalam,3,Both,27,Age-standardized,558,Mental disorders,2,Percent,2008,0.1182986857568837,0.1305255107560252,0.1073264265773059
1,All Population,5,Prevalence,66,Brunei Darussalam,3,Both,27,Age-standardized,558,Mental disorders,3,Rate,2008,10984.61931865708,12077.105054864911,9944.63262992315
1,All Population,5,Prevalence,17,Sri Lanka,3,Both,27,Age-standardized,558,Mental disorders,2,Percent,2008,0.0879975252253989,0.0968632301285309,0.0795927185298775
1,All Population,5,Prevalence,17,Sri Lanka,3,Both,27,Age-standardized,558,Mental disorders,3,Rate,2008,8515.85218485849,9360.95852471157,7704.7999821068
1,All Population,5,Prevalence,13,Malaysia,3,Both,27,Age-standardized,558,Mental disorders,2,Percent,2008,0.0857580332594625,0.0929368049657893,0.0782195452016986
1,All Population,5,Prevalence,13,Malaysia,3,Both,27,Age-standardized,558,Mental disorders,3,Rate,2008,8264.019924374801,8961.81283258059,7543.052705135379
1,All Population,5,Prevalence,45,Bulgaria,3,Both,27,Age-standardized,558,Mental disorders,2,Percent,2008,0.1112898717124582,0.1242999471461605,0.1002394161084749
1,All Population,5,Prevalence,45,Bulgaria,3,Both,27,Age-standardized,558,Mental disorders,3,Rate,2008,10610.71372113474,11846.67796658427,9547.96020677151
1,All Population,5,Prevalence,146,Lebanon,3,Both,27,Age-standardized,558,Mental disorders,2,Percent,2007,0.1492171971810705,0.1614066740609759,0.1363783483193672
1,All Population,5,Prevalence,146,Lebanon,3,Both,27,Age-standardized,558,Mental disorders,3,Rate,2007,14318.05854686982,15525.15497568143,13026.82796436172
1,All Population,5,Prevalence,23,Kiribati,3,Both,27,Age-standardized,558,Mental disorders,2,Percent,2006,0.0993702064407061,0.111093348534427,0.0869937254737025
1,All Population,5,Prevalence,23,Kiribati,3,Both,27,Age-standardized,558,Mental disorders,3,Rate,2006,9862.58775481112,11040.45416364924,8650.19785689877
1,All Population,5,Prevalence,53,Serbia,3,Both,27,Age-standardized,558,Mental disorders,2,Percent,2006,0.1264613439700403,0.1406007304138144,0.1122076166890776
1,All Population,5,Prevalence,53,Serbia,3,Both,27,Age-standardized,558,Mental disorders,3,Rate,2006,12135.470436008081,13475.47753040529,10799.89748177546
1,All Population,5,Prevalence,116,Saint Lucia,3,Both,27,Age-standardized,558,Mental disorders,2,Percent,2007,0.1437488391086398,0.156197280214523,0.130412943525088
1,All Population,5,Prevalence,116,Saint Lucia,3,Both,27,Age-standardized,558,Mental disorders,3,Rate,2007,13909.50553438244,15122.7193418617,12606.80288881921
1,All Population,5,Prevalence,63,Ukraine,3,Both,27,Age-standardized,558,Mental disorders,2,Percent,2007,0.1255155254245214,0.1381055002057081,0.1119659598751528
1,All Population,5,Prevalence,63,Ukraine,3,Both,27,Age-standardized,558,Mental disorders,3,Rate,2007,11809.75340144043,13003.17520188749,10549.49669463204
1,All Population,5,Prevalence,183,Mauritius,3,Both,27,Age-standardized,558,Mental disorders,2,Percent,2007,0.0945748454913931,0.1051591811101538,0.0846755141892175
1,All Population,5,Prevalence,183,Mauritius,3,Both,27,Age-standardized,558,Mental disorders,3,Rate,2007,9186.25117914765,10240.2104657543,8231.62267352878
1,All Population,5,Prevalence,218,Togo,3,Both,27,Age-standardized,558,Mental disorders,2,Percent,2007,0.1361911490747155,0.1562659578051844,0.1169005605133715
1,All Population,5,Prevalence,218,Togo,3,Both,27,Age-standardized,558,Mental disorders,3,Rate,2007,13587.93833251839,15590.74690992796,11663.31041404054
1,All Population,5,Prevalence,214,Nigeria,3,Both,27,Age-standardized,558,Mental disorders,2,Percent,2007,0.1131954681820302,0.122846468738,0.1029658195368949
1,All Population,5,Prevalence,214,Nigeria,3,Both,27,Age-standardized,558,Mental disorders,3,Rate,2007,11263.9764824724,12213.6877718373,10256.11906254748
1,All Population,5,Prevalence,121,Bolivia (Plurinational State of),3,Both,27,Age-standardized,558,Mental disorders,2,Percent,2007,0.1488174664676047,0.1628153425013066,0.1350613511350703
1,All Population,5,Prevalence,121,Bolivia (Plurinational State of),3,Both,27,Age-standardized,558,Mental disorders,3,Rate,2007,14471.21990483973,15807.743209983691,13152.99452654233
1,All Population,5,Prevalence,170,Congo,3,Both,27,Age-standardized,558,Mental disorders,2,Percent,2007,0.1352395079770612,0.1484610187396062,0.1202124746538002
1,All Population,5,Prevalence,170,Congo,3,Both,27,Age-standardized,558,Mental disorders,3,Rate,2007,13446.4573411203,14750.98935103376,11966.1086405329
1,All Population,5,Prevalence,204,Chad,3,Both,27,Age-standardized,558,Mental disorders,2,Percent,2007,0.1282990953523358,0.1391812087332188,0.1153945123157106
1,All Population,5,Prevalence,204,Chad,3,Both,27,Age-standardized,558,Mental disorders,3,Rate,2007,12776.557804480251,13864.76587924641,11509.03651092469
1,All Population,5,Prevalence,186,Seychelles,3,Both,27,Age-standardized,558,Mental disorders,2,Percent,2007,0.0822273015960139,0.0898440131503048,0.0754675644602839
1,All Population,5,Prevalence,186,Seychelles,3,Both,27,Age-standardized,558,Mental disorders,3,Rate,2007,7904.04162534483,8618.432885025019,7278.3419213386605
1,All Population,5,Prevalence,60,Lithuania,3,Both,27,Age-standardized,558,Mental disorders,2,Percent,2008,0.1222461643761097,0.1348409149198028,0.1094906851567395
1,All Population,5,Prevalence,60,Lithuania,3,Both,27,Age-standardized,558,Mental disorders,3,Rate,2008,11616.609461368991,12814.244640531999,10365.98311429308
1,All Population,5,Prevalence,135,Brazil,3,Both,27,Age-standardized,558,Mental disorders,2,Percent,2007,0.1623741295431998,0.1736578377972795,0.1508921514087889
1,All Population,5,Prevalence,135,Brazil,3,Both,27,Age-standardized,558,Mental disorders,3,Rate,2007,15747.451110344751,16877.28155082712,14666.19435785086
1,All Population,5,Prevalence,36,Kazakhstan,3,Both,27,Age-standardized,558,Mental disorders,2,Percent,2006,0.0993056312738106,0.1101481585887846,0.089844533315227
1,All Population,5,Prevalence,36,Kazakhstan,3,Both,27,Age-standardized,558,Mental disorders,3,Rate,2006,9548.47421689498,10575.04472012171,8623.48825489541
1,All Population,5,Prevalence,161,Bangladesh,3,Both,27,Age-standardized,558,Mental disorders,2,Percent,2007,0.1146918853538727,0.1277323770411799,0.1017795654115134
1,All Population,5,Prevalence,161,Bangladesh,3,Both,27,Age-standardized,558,Mental disorders,3,Rate,2007,11254.53750028182,12543.14356307296,9972.6874235542
1,All Population,5,Prevalence,180,Kenya,3,Both,27,Age-standardized,558,Mental disorders,2,Percent,2007,0.1069909994233173,0.1163859875739599,0.0973857447261848
1,All Population,5,Prevalence,180,Kenya,3,Both,27,Age-standardized,558,Mental disorders,3,Rate,2007,10554.05856367199,11477.57708152092,9615.33407833244
1,All Population,5,Prevalence,55,Slovenia,3,Both,27,Age-standardized,558,Mental disorders,2,Percent,2006,0.1288028283399961,0.1432672801498261,0.1142795305282465
1,All Population,5,Prevalence,55,Slovenia,3,Both,27,Age-standardized,558,Mental disorders,3,Rate,2006,12149.237100698609,13553.45211388572,10826.7851717638
1,All Population,5,Prevalence,108,Belize,3,Both,27,Age-standardized,558,Mental disorders,2,Percent,2007,0.1356683740806508,0.1475497369059769,0.1228142548105295
1,All Population,5,Prevalence,108,Belize,3,Both,27,Age-standardized,558,Mental disorders,3,Rate,2007,13227.997784398149,14403.814091088649,11974.38892466837
1,All Population,5,Prevalence,51,Poland,3,Both,27,Age-standardized,558,Mental disorders,2,Percent,2006,0.1134764104363903,0.1255357204841113,0.1020449559313285
1,All Population,5,Prevalence,51,Poland,3,Both,27,Age-standardized,558,Mental disorders,3,Rate,2006,10741.8519604501,11913.67716812812,9692.76745079872
1,All Population,5,Prevalence,168,Angola,3,Both,27,Age-standardized,558,Mental disorders,2,Percent,2007,0.1447080952833928,0.1604193049436413,0.1278516877746165
1,All Population,5,Prevalence,168,Angola,3,Both,27,Age-standardized,558,Mental disorders,3,Rate,2007,14381.131309386188,15950.580026989,12697.061253735988
1,All Population,5,Prevalence,80,France,3,Both,27,Age-standardized,558,Mental disorders,2,Percent,2007,0.1602442695675326,0.1751793635247738,0.1458996787202635
1,All Population,5,Prevalence,80,France,3,Both,27,Age-standardized,558,Mental disorders,3,Rate,2007,14522.87706645809,15780.26029432969,13183.37790712282
1,All Population,5,Prevalence,25,Micronesia (Federated States of),3,Both,27,Age-standardized,558,Mental disorders,2,Percent,2006,0.0971127333028797,0.1074575066934737,0.0855194537321082
1,All Population,5,Prevalence,25,Micronesia (Federated States of),3,Both,27,Age-standardized,558,Mental disorders,3,Rate,2006,9556.30193250098,10578.97540205461,8412.81858716782
1,All Population,5,Prevalence,10,Cambodia,3,Both,27,Age-standardized,558,Mental disorders,2,Percent,2006,0.0897685661371592,0.0978814274071318,0.0815637269943332
1,All Population,5,Prevalence,10,Cambodia,3,Both,27,Age-standardized,558,Mental disorders,3,Rate,2006,8870.8428626368,9681.82834875098,8058.58043326369
1,All Population,5,Prevalence,105,Antigua and Barbuda,3,Both,27,Age-standardized,558,Mental disorders,2,Percent,2008,0.1452864835316323,0.1581672582306371,0.1310736631072998
1,All Population,5,Prevalence,105,Antigua and Barbuda,3,Both,27,Age-standardized,558,Mental disorders,3,Rate,2008,14061.74159436633,15303.152342193629,12696.987141904981
1,All Population,5,Prevalence,129,Honduras,3,Both,27,Age-standardized,558,Mental disorders,2,Percent,2007,0.1110911102523471,0.1198489111612251,0.1018366677635527
1,All Population,5,Prevalence,129,Honduras,3,Both,27,Age-standardized,558,Mental disorders,3,Rate,2007,10894.96181292456,11725.406784232171,9985.19430604249
1,All Population,5,Prevalence,194,Lesotho,3,Both,27,Age-standardized,558,Mental disorders,2,Percent,2007,0.1018890693387227,0.1106477500438059,0.0923519641145957
1,All Population,5,Prevalence,194,Lesotho,3,Both,27,Age-standardized,558,Mental disorders,3,Rate,2007,10137.709076231049,11004.58691405502,9190.58971879907
1,All Population,5,Prevalence,139,Algeria,3,Both,27,Age-standardized,558,Mental disorders,2,Percent,2008,0.1364259645411937,0.1458334286076145,0.1264184983794183
1,All Population,5,Prevalence,139,Algeria,3,Both,27,Age-standardized,558,Mental disorders,3,Rate,2008,13135.188578700161,14094.22001346631,12158.00983232517
1,All Population,5,Prevalence,111,Dominican Republic,3,Both,27,Age-standardized,558,Mental disorders,2,Percent,2008,0.1558167473842935,0.1695783357400844,0.1400589273105109
1,All Population,5,Prevalence,111,Dominican Republic,3,Both,27,Age-standardized,558,Mental disorders,3,Rate,2008,15140.58975348728,16465.94589144052,13606.599474333942
1,All Population,5,Prevalence,122,Ecuador,3,Both,27,Age-standardized,558,Mental disorders,2,Percent,2008,0.140928908911202,0.1534215756010958,0.1278806859294044
1,All Population,5,Prevalence,122,Ecuador,3,Both,27,Age-standardized,558,Mental disorders,3,Rate,2008,13703.579354005498,14913.80799423542,12416.9970945955
1,All Population,5,Prevalence,75,Austria,3,Both,27,Age-standardized,558,Mental disorders,2,Percent,2008,0.1329089202801455,0.1478353439909705,0.1189460284210011
1,All Population,5,Prevalence,75,Austria,3,Both,27,Age-standardized,558,Mental disorders,3,Rate,2008,12240.04221466044,13518.78075889829,11013.26608860592
1,All Population,5,Prevalence,153,Syrian Arab Republic,3,Both,27,Age-standardized,558,Mental disorders,2,Percent,2007,0.1585210890824286,0.1741408437009099,0.1412796012961886
1,All Population,5,Prevalence,153,Syrian Arab Republic,3,Both,27,Age-standardized,558,Mental disorders,3,Rate,2007,15356.9240675968,16883.38294267103,13695.943058948202
1,All Population,5,Prevalence,176,Comoros,3,Both,27,Age-standardized,558,Mental disorders,2,Percent,2007,0.1091707259293166,0.1193078564295851,0.0985462361593521
1,All Population,5,Prevalence,176,Comoros,3,Both,27,Age-standardized,558,Mental disorders,3,Rate,2007,10715.11073087938,11679.1853854729,9649.2706142763
1,All Population,5,Prevalence,522,Sudan,3,Both,27,Age-standardized,558,Mental disorders,2,Percent,2007,0.1318239649700973,0.1428868321641772,0.1210569037248408
1,All Population,5,Prevalence,522,Sudan,3,Both,27,Age-standardized,558,Mental disorders,3,Rate,2007,13038.15366940741,14136.77216976526,11955.60974750487
1,All Population,5,Prevalence,118,Suriname,3,Both,27,Age-standardized,558,Mental disorders,2,Percent,2007,0.1405085338993519,0.1524470685607293,0.1273634634375564
1,All Population,5,Prevalence,118,Suriname,3,Both,27,Age-standardized,558,Mental disorders,3,Rate,2007,13720.6754186135,14916.24862158828,12426.95907722206
1,All Population,5,Prevalence,140,Bahrain,3,Both,27,Age-standardized,558,Mental disorders,2,Percent,2007,0.1385465213639829,0.1479254883737515,0.1287770876096893
1,All Population,5,Prevalence,140,Bahrain,3,Both,27,Age-standardized,558,Mental disorders,3,Rate,2007,13502.634017965609,14413.328722528551,12524.00470910934
1,All Population,5,Prevalence,57,Belarus,3,Both,27,Age-standardized,558,Mental disorders,2,Percent,2006,0.115463216233062,0.1267151197290378,0.1046093885948006
1,All Population,5,Prevalence,57,Belarus,3,Both,27,Age-standardized,558,Mental disorders,3,Rate,2006,10835.45673580803,11942.8483721479,9781.17183950941
1,All Population,5,Prevalence,48,Hungary,3,Both,27,Age-standardized,558,Mental disorders,2,Percent,2007,0.1174898848935918,0.1299713794601089,0.105097113887499
1,All Population,5,Prevalence,48,Hungary,3,Both,27,Age-standardized,558,Mental disorders,3,Rate,2007,11160.16844230683,12377.162314757321,9990.94697770767
1,All Population,5,Prevalence,305,Bermuda,3,Both,27,Age-standardized,558,Mental disorders,2,Percent,2007,0.1487243607698622,0.1616314549410341,0.1354435133561484
1,All Population,5,Prevalence,305,Bermuda,3,Both,27,Age-standardized,558,Mental disorders,3,Rate,2007,14205.510348914499,15408.64457046195,12933.53784713972
1,All Population,5,Prevalence,385,Puerto Rico,3,Both,27,Age-standardized,558,Mental disorders,2,Percent,2007,0.1593606337784871,0.1723215512315837,0.1462423107943596
1,All Population,5,Prevalence,385,Puerto Rico,3,Both,27,Age-standardized,558,Mental disorders,3,Rate,2007,15190.31248473409,16362.43039000666,13952.039965675469
1,All Population,5,Prevalence,68,Republic of Korea,3,Both,27,Age-standardized,558,Mental disorders,2,Percent,2006,0.1222280770616026,0.1328839110191252,0.1111004220997517
1,All Population,5,Prevalence,68,Republic of Korea,3,Both,27,Age-standardized,558,Mental disorders,3,Rate,2006,11343.09291249305,12359.1284874412,10281.29127328102
1,All Population,5,Prevalence,148,Morocco,3,Both,27,Age-standardized,558,Mental disorders,2,Percent,2007,0.1300990700491995,0.1390320438749652,0.1204599086287526
1,All Population,5,Prevalence,148,Morocco,3,Both,27,Age-standardized,558,Mental disorders,3,Rate,2007,12601.60053234993,13486.623328914979,11681.494753556979
1,All Population,5,Prevalence,90,Norway,3,Both,27,Age-standardized,558,Mental disorders,2,Percent,2008,0.1387972377287455,0.1541051892669245,0.1239516387111452
1,All Population,5,Prevalence,90,Norway,3,Both,27,Age-standardized,558,Mental disorders,3,Rate,2008,12748.637077420668,14091.376536165171,11426.95194654112
1,All Population,5,Prevalence,152,Saudi Arabia,3,Both,27,Age-standardized,558,Mental disorders,2,Percent,2008,0.1406928886505741,0.1559104027700525,0.125946255437138
1,All Population,5,Prevalence,152,Saudi Arabia,3,Both,27,Age-standardized,558,Mental disorders,3,Rate,2008,13660.919714668878,15140.61584247435,12196.35754183032
1,All Population,5,Prevalence,435,South Sudan,3,Both,27,Age-standardized,558,Mental disorders,2,Percent,2007,0.1147484569540769,0.1246893062550012,0.1037819650890156
1,All Population,5,Prevalence,435,South Sudan,3,Both,27,Age-standardized,558,Mental disorders,3,Rate,2007,11390.00051399611,12366.70935816961,10311.31061386512
1,All Population,5,Prevalence,27,Samoa,3,Both,27,Age-standardized,558,Mental disorders,2,Percent,2006,0.0976721084173473,0.1081312357012229,0.0860237185198039
1,All Population,5,Prevalence,27,Samoa,3,Both,27,Age-standardized,558,Mental disorders,3,Rate,2006,9515.51537988293,10530.48363037145,8370.36042046255
1,All Population,5,Prevalence,207,Ghana,3,Both,27,Age-standardized,558,Mental disorders,2,Percent,2007,0.119038703025181,0.1282658380072,0.1084034060789873
1,All Population,5,Prevalence,207,Ghana,3,Both,27,Age-standardized,558,Mental disorders,3,Rate,2007,11831.43416078011,12758.81627650915,10779.21456112317
1,All Population,5,Prevalence,163,India,3,Both,27,Age-standardized,558,Mental disorders,2,Percent,2007,0.1115149240450393,0.1256493028071137,0.1005962989676321
1,All Population,5,Prevalence,163,India,3,Both,27,Age-standardized,558,Mental disorders,3,Rate,2007,11014.47720140035,12406.44787870001,9929.20514650358
1,All Population,5,Prevalence,367,Monaco,3,Both,27,Age-standardized,558,Mental disorders,2,Percent,2007,0.1410670248980394,0.1513398671188774,0.1320333873599965
1,All Population,5,Prevalence,367,Monaco,3,Both,27,Age-standardized,558,Mental disorders,3,Rate,2007,12895.55329293949,13803.70549256954,12124.053817127251
1,All Population,5,Prevalence,95,United Kingdom,3,Both,27,Age-standardized,558,Mental disorders,2,Percent,2007,0.1623323548375422,0.1747518599463834,0.1509554602881514
1,All Population,5,Prevalence,95,United Kingdom,3,Both,27,Age-standardized,558,Mental disorders,3,Rate,2007,14783.930458726629,15874.057029939939,13750.104893338119
1,All Population,5,Prevalence,203,Cabo Verde,3,Both,27,Age-standardized,558,Mental disorders,2,Percent,2007,0.1195100456597501,0.1292621184358825,0.1083133662388336
1,All Population,5,Prevalence,203,Cabo Verde,3,Both,27,Age-standardized,558,Mental disorders,3,Rate,2007,11577.04111948491,12548.481710733919,10480.92040887217
1,All Population,5,Prevalence,89,Netherlands,3,Both,27,Age-standardized,558,Mental disorders,2,Percent,2006,0.1669327546904178,0.1775962495962854,0.1564193128908645
1,All Population,5,Prevalence,89,Netherlands,3,Both,27,Age-standardized,558,Mental disorders,3,Rate,2006,15885.538546513988,16928.3632089011,14901.687899351378
1,All Population,5,Prevalence,102,United States of America,3,Both,27,Age-standardized,558,Mental disorders,2,Percent,2006,0.1690019596680051,0.1801539876600672,0.1589776482483609
1,All Population,5,Prevalence,102,United States of America,3,Both,27,Age-standardized,558,Mental disorders,3,Rate,2006,15391.644041812719,16429.38331009944,14484.234095237742
1,All Population,5,Prevalence,83,Iceland,3,Both,27,Age-standardized,558,Mental disorders,2,Percent,2006,0.140260798666115,0.1503474627548938,0.1311081394286317
1,All Population,5,Prevalence,83,Iceland,3,Both,27,Age-standardized,558,Mental disorders,3,Rate,2006,12977.608219397749,13912.496238721918,12122.38098341401
1,All Population,5,Prevalence,12,Lao People's Democratic Republic,3,Both,27,Age-standardized,558,Mental disorders,2,Percent,2006,0.0800401553038457,0.0898854413596962,0.0716504364861002
1,All Population,5,Prevalence,12,Lao People's Democratic Republic,3,Both,27,Age-standardized,558,Mental disorders,3,Rate,2006,7880.06334979057,8843.18225300466,7074.819778453099
1,All Population,5,Prevalence,38,Mongolia,3,Both,27,Age-standardized,558,Mental disorders,2,Percent,2006,0.1080552189929968,0.1201707151062589,0.0973868667134813
1,All Population,5,Prevalence,38,Mongolia,3,Both,27,Age-standardized,558,Mental disorders,3,Rate,2006,10433.84388037257,11604.5183337411,9417.40604570739
1,All Population,5,Prevalence,172,Equatorial Guinea,3,Both,27,Age-standardized,558,Mental disorders,2,Percent,2007,0.1319677649598582,0.1463693971821188,0.1173166676396357
1,All Population,5,Prevalence,172,Equatorial Guinea,3,Both,27,Age-standardized,558,Mental disorders,3,Rate,2007,12983.721165311852,14375.336917450952,11529.17160202706
1,All Population,5,Prevalence,19,Timor-Leste,3,Both,27,Age-standardized,558,Mental disorders,2,Percent,2008,0.0859106081578354,0.0959933784901686,0.0768107596134302
1,All Population,5,Prevalence,19,Timor-Leste,3,Both,27,Age-standardized,558,Mental disorders,3,Rate,2008,8483.84724356339,9473.50875961638,7588.887514073151
1,All Population,5,Prevalence,196,South Africa,3,Both,27,Age-standardized,558,Mental disorders,2,Percent,2007,0.1119494610206918,0.1208655786943258,0.102496614543907
1,All Population,5,Prevalence,196,South Africa,3,Both,27,Age-standardized,558,Mental disorders,3,Rate,2007,11077.5159311751,11968.327674561451,10145.90389105545
1,All Population,5,Prevalence,30,Vanuatu,3,Both,27,Age-standardized,558,Mental disorders,2,Percent,2008,0.0971838461526833,0.1079263402473269,0.0846315032316735
1,All Population,5,Prevalence,30,Vanuatu,3,Both,27,Age-standardized,558,Mental disorders,3,Rate,2008,9614.95396820301,10681.64644317523,8374.23910273595
1,All Population,5,Prevalence,178,Eritrea,3,Both,27,Age-standardized,558,Mental disorders,2,Percent,2007,0.1103185414408606,0.1201458153730225,0.1002134147086606
1,All Population,5,Prevalence,178,Eritrea,3,Both,27,Age-standardized,558,Mental disorders,3,Rate,2007,10865.86443254997,11802.224594823669,9869.84216445476
1,All Population,5,Prevalence,131,Nicaragua,3,Both,27,Age-standardized,558,Mental disorders,2,Percent,2007,0.1199010692988737,0.1291363118803167,0.1108192019729508
1,All Population,5,Prevalence,131,Nicaragua,3,Both,27,Age-standardized,558,Mental disorders,3,Rate,2007,11663.40748184827,12558.852380079092,10763.99680568461
1,All Population,5,Prevalence,127,El Salvador,3,Both,27,Age-standardized,558,Mental disorders,2,Percent,2007,0.1148179188295628,0.1234843432100129,0.1059904651953994
1,All Population,5,Prevalence,127,El Salvador,3,Both,27,Age-standardized,558,Mental disorders,3,Rate,2007,11103.38682269621,11955.193707494751,10230.27509274354
1,All Population,5,Prevalence,185,Rwanda,3,Both,27,Age-standardized,558,Mental disorders,2,Percent,2007,0.1045798661521567,0.1134237555762497,0.095008764024135
1,All Population,5,Prevalence,185,Rwanda,3,Both,27,Age-standardized,558,Mental disorders,3,Rate,2007,10321.693906891629,11193.276177195461,9385.01431265122
1,All Population,5,Prevalence,216,Senegal,3,Both,27,Age-standardized,558,Mental disorders,2,Percent,2007,0.1146959118473865,0.1237204484215195,0.1036516912905841
1,All Population,5,Prevalence,216,Senegal,3,Both,27,Age-standardized,558,Mental disorders,3,Rate,2007,11385.613691623881,12287.5624437015,10286.29549703288
1,All Population,5,Prevalence,110,Dominica,3,Both,27,Age-standardized,558,Mental disorders,2,Percent,2007,0.1432208379833029,0.155695503319937,0.129876150646858
1,All Population,5,Prevalence,110,Dominica,3,Both,27,Age-standardized,558,Mental disorders,3,Rate,2007,13857.82102770014,15084.5391193034,12558.75450680285
1,All Population,5,Prevalence,85,Israel,3,Both,27,Age-standardized,558,Mental disorders,2,Percent,2006,0.1386875573230976,0.1500563588511913,0.1264262929878708
1,All Population,5,Prevalence,85,Israel,3,Both,27,Age-standardized,558,Mental disorders,3,Rate,2006,12895.6022379593,13959.066536983339,11747.51414149579
1,All Population,5,Prevalence,113,Guyana,3,Both,27,Age-standardized,558,Mental disorders,2,Percent,2006,0.1401900968177275,0.1526854766264641,0.1269831447012644
1,All Population,5,Prevalence,113,Guyana,3,Both,27,Age-standardized,558,Mental disorders,3,Rate,2006,13728.90758450715,14943.43656256985,12458.44276699753
1,All Population,5,Prevalence,165,Pakistan,3,Both,27,Age-standardized,558,Mental disorders,2,Percent,2007,0.1169546998569207,0.1289116113001316,0.1066191549548282
1,All Population,5,Prevalence,165,Pakistan,3,Both,27,Age-standardized,558,Mental disorders,3,Rate,2007,11379.32636673382,12508.274301563119,10326.630873845801
1,All Population,5,Prevalence,209,Guinea-Bissau,3,Both,27,Age-standardized,558,Mental disorders,2,Percent,2007,0.1166003929595524,0.1265530986022056,0.1059443695160671
1,All Population,5,Prevalence,209,Guinea-Bissau,3,Both,27,Age-standardized,558,Mental disorders,3,Rate,2007,11613.13652423099,12618.92718359523,10553.64011485581
1,All Population,5,Prevalence,147,Libya,3,Both,27,Age-standardized,558,Mental disorders,2,Percent,2006,0.1355376342142951,0.1448397589088488,0.1253911608879254
1,All Population,5,Prevalence,147,Libya,3,Both,27,Age-standardized,558,Mental disorders,3,Rate,2006,13119.89703677956,14043.91088889154,12150.70592565656
1,All Population,5,Prevalence,150,Oman,3,Both,27,Age-standardized,558,Mental disorders,2,Percent,2007,0.1266171261814767,0.1361840152246604,0.116140402725878
1,All Population,5,Prevalence,150,Oman,3,Both,27,Age-standardized,558,Mental disorders,3,Rate,2007,12336.777701640141,13310.556268597302,11348.340753096869
1,All Population,5,Prevalence,374,Niue,3,Both,27,Age-standardized,558,Mental disorders,2,Percent,2007,0.0998599739681036,0.1102587721460481,0.087714353403182
1,All Population,5,Prevalence,374,Niue,3,Both,27,Age-standardized,558,Mental disorders,3,Rate,2007,9596.070875083169,10618.47578466486,8424.04155678832
1,All Population,5,Prevalence,15,Myanmar,3,Both,27,Age-standardized,558,Mental disorders,2,Percent,2008,0.0836713047715816,0.0921053939880371,0.0759506576878276
1,All Population,5,Prevalence,15,Myanmar,3,Both,27,Age-standardized,558,Mental disorders,3,Rate,2008,8236.8886513787,9060.1155458821,7489.30782163297
1,All Population,5,Prevalence,47,Czechia,3,Both,27,Age-standardized,558,Mental disorders,2,Percent,2008,0.1225713029766526,0.1355135881976399,0.1080522258174792
1,All Population,5,Prevalence,47,Czechia,3,Both,27,Age-standardized,558,Mental disorders,3,Rate,2008,11567.12614354921,12764.97753932892,10186.14008296997
1,All Population,5,Prevalence,169,Central African Republic,3,Both,27,Age-standardized,558,Mental disorders,2,Percent,2008,0.1365705754086774,0.1517372981004665,0.1199833856993628
1,All Population,5,Prevalence,169,Central African Republic,3,Both,27,Age-standardized,558,Mental disorders,3,Rate,2008,13636.36303366656,15144.81459346327,11981.18853747633
1,All Population,5,Prevalence,182,Malawi,3,Both,27,Age-standardized,558,Mental disorders,2,Percent,2008,0.1057185140401889,0.1150421990961417,0.0952075405811354
1,All Population,5,Prevalence,182,Malawi,3,Both,27,Age-standardized,558,Mental disorders,3,Rate,2008,10449.62038047182,11365.02163514632,9417.75383999962
1,All Population,5,Prevalence,40,Turkmenistan,3,Both,27,Age-standardized,558,Mental disorders,2,Percent,2006,0.1024115109004825,0.1136946205916779,0.0923733291121413
1,All Population,5,Prevalence,40,Turkmenistan,3,Both,27,Age-standardized,558,Mental disorders,3,Rate,2006,9785.9962845454,10860.67166237759,8810.13362806593
1,All Population,5,Prevalence,215,Sao Tome and Principe,3,Both,27,Age-standardized,558,Mental disorders,2,Percent,2008,0.1160911615077691,0.1256590178849128,0.1047717824842293
1,All Population,5,Prevalence,215,Sao Tome and Principe,3,Both,27,Age-standardized,558,Mental disorders,3,Rate,2008,11557.69554710503,12532.4606141561,10445.426718443101
1,All Population,5,Prevalence,50,Montenegro,3,Both,27,Age-standardized,558,Mental disorders,2,Percent,2007,0.1250216789378487,0.1393710156103524,0.1108330653834613
1,All Population,5,Prevalence,50,Montenegro,3,Both,27,Age-standardized,558,Mental disorders,3,Rate,2007,11819.78481138779,13211.75627630263,10475.18033121625
1,All Population,5,Prevalence,87,Luxembourg,3,Both,27,Age-standardized,558,Mental disorders,2,Percent,2006,0.1391075741057471,0.1484063164858541,0.129823304035667
1,All Population,5,Prevalence,87,Luxembourg,3,Both,27,Age-standardized,558,Mental disorders,3,Rate,2006,12728.94544422785,13553.23928932254,11908.06038717175
1,All Population,5,Prevalence,72,New Zealand,3,Both,27,Age-standardized,558,Mental disorders,2,Percent,2006,0.1949877042376925,0.2118368310167209,0.1792006303902853
1,All Population,5,Prevalence,72,New Zealand,3,Both,27,Age-standardized,558,Mental disorders,3,Rate,2006,17885.52611645621,19401.753137060197,16445.17856190725
1,All Population,5,Prevalence,128,Guatemala,3,Both,27,Age-standardized,558,Mental disorders,2,Percent,2006,0.1217121111207791,0.1308183948482101,0.1117302784206621
1,All Population,5,Prevalence,128,Guatemala,3,Both,27,Age-standardized,558,Mental disorders,3,Rate,2006,11905.122065543459,12802.34649559192,10916.10032980503
1,All Population,5,Prevalence,160,Afghanistan,3,Both,27,Age-standardized,558,Mental disorders,2,Percent,2006,0.1287536666714479,0.1386431592791131,0.1183366903601726
1,All Population,5,Prevalence,160,Afghanistan,3,Both,27,Age-standardized,558,Mental disorders,3,Rate,2006,12831.084761571352,13819.000103499602,11790.2449044472
1,All Population,5,Prevalence,198,Zimbabwe,3,Both,27,Age-standardized,558,Mental disorders,2,Percent,2008,0.1155713658100844,0.1264583767478917,0.1026384618482655
1,All Population,5,Prevalence,198,Zimbabwe,3,Both,27,Age-standardized,558,Mental disorders,3,Rate,2008,11311.56379920674,12368.54751971849,10059.05308674516
1,All Population,5,Prevalence,62,Russian Federation,3,Both,27,Age-standardized,558,Mental disorders,2,Percent,2008,0.1154366448572007,0.1265401420986264,0.1047083987945605
1,All Population,5,Prevalence,62,Russian Federation,3,Both,27,Age-standardized,558,Mental disorders,3,Rate,2008,10861.80330840498,11910.245273619039,9840.972900737099
1,All Population,5,Prevalence,115,Jamaica,3,Both,27,Age-standardized,558,Mental disorders,2,Percent,2006,0.1295971746385214,0.1413055973360896,0.1176160907586525
1,All Population,5,Prevalence,115,Jamaica,3,Both,27,Age-standardized,558,Mental disorders,3,Rate,2006,12629.48743610469,13772.32069311653,11451.52637758027
1,All Population,5,Prevalence,298,American Samoa,3,Both,27,Age-standardized,558,Mental disorders,2,Percent,2008,0.1028930724655709,0.1146945854716345,0.090131688141007
1,All Population,5,Prevalence,298,American Samoa,3,Both,27,Age-standardized,558,Mental disorders,3,Rate,2008,9908.47822488732,11035.215839088069,8673.55479464044
1,All Population,5,Prevalence,396,San Marino,3,Both,27,Age-standardized,558,Mental disorders,2,Percent,2007,0.1405163503142583,0.1505003533195629,0.1314730218357232
1,All Population,5,Prevalence,396,San Marino,3,Both,27,Age-standardized,558,Mental disorders,3,Rate,2007,12858.761503965448,13726.486899731091,12064.660426529259
1,All Population,5,Prevalence,98,Chile,3,Both,27,Age-standardized,558,Mental disorders,2,Percent,2006,0.1551742211000117,0.1726153956668815,0.1395966187931891
1,All Population,5,Prevalence,98,Chile,3,Both,27,Age-standardized,558,Mental disorders,3,Rate,2006,14802.769277322512,16392.84780421136,13276.615088893059
1,All Population,5,Prevalence,211,Mali,3,Both,27,Age-standardized,558,Mental disorders,2,Percent,2007,0.1133586762667661,0.1225019796328951,0.1024061060033609
1,All Population,5,Prevalence,211,Mali,3,Both,27,Age-standardized,558,Mental disorders,3,Rate,2007,11287.903077884801,12206.90721948041,10208.23813680706
1,All Population,5,Prevalence,380,Palau,3,Both,27,Age-standardized,558,Mental disorders,2,Percent,2007,0.0996849824163153,0.1104139235656815,0.0877265174798193
1,All Population,5,Prevalence,380,Palau,3,Both,27,Age-standardized,558,Mental disorders,3,Rate,2007,9630.86883079139,10649.834831759359,8466.26730046978
1,All Population,5,Prevalence,142,Iran (Islamic Republic of),3,Both,27,Age-standardized,558,Mental disorders,2,Percent,2007,0.1767561517679033,0.1880202308326584,0.1615757858544749
1,All Population,5,Prevalence,142,Iran (Islamic Republic of),3,Both,27,Age-standardized,558,Mental disorders,3,Rate,2007,17175.141331862433,18300.74408964964,15670.80063827014
1,All Population,5,Prevalence,349,Greenland,3,Both,27,Age-standardized,558,Mental disorders,2,Percent,2007,0.1620329501494755,0.1763537252982582,0.1500139013851104
1,All Population,5,Prevalence,349,Greenland,3,Both,27,Age-standardized,558,Mental disorders,3,Rate,2007,15066.965544419869,16378.385883284418,13999.29244206686
1,All Population,5,Prevalence,155,Türkiye,3,Both,27,Age-standardized,558,Mental disorders,2,Percent,2007,0.1355937812699855,0.1461581731936251,0.1248175301081503
1,All Population,5,Prevalence,155,Türkiye,3,Both,27,Age-standardized,558,Mental disorders,3,Rate,2007,13098.54093368965,14161.4762917989,12065.85902392154
1,All Population,5,Prevalence,97,Argentina,3,Both,27,Age-standardized,558,Mental disorders,2,Percent,2007,0.1452669047400696,0.1627197150268432,0.1292741370959916
1,All Population,5,Prevalence,97,Argentina,3,Both,27,Age-standardized,558,Mental disorders,3,Rate,2007,13756.255317318692,15345.46923585913,12231.16605413724
1,All Population,5,Prevalence,149,Palestine,3,Both,27,Age-standardized,558,Mental disorders,2,Percent,2006,0.1462413686552442,0.1570490738007552,0.1348286048009886
1,All Population,5,Prevalence,149,Palestine,3,Both,27,Age-standardized,558,Mental disorders,3,Rate,2006,14225.73294734836,15279.76390491053,13159.6054844686
1,All Population,5,Prevalence,175,Burundi,3,Both,27,Age-standardized,558,Mental disorders,2,Percent,2006,0.1123023288726857,0.1217408394068426,0.1016322668069944
1,All Population,5,Prevalence,175,Burundi,3,Both,27,Age-standardized,558,Mental disorders,3,Rate,2006,11142.91238458187,12084.80860038456,10102.82361528524
1,All Population,5,Prevalence,195,Namibia,3,Both,27,Age-standardized,558,Mental disorders,2,Percent,2006,0.1012275505324144,0.1101341794563858,0.0920912208656197
1,All Population,5,Prevalence,195,Namibia,3,Both,27,Age-standardized,558,Mental disorders,3,Rate,2006,9948.38028795871,10782.20265354891,9053.54534786629
1,All Population,5,Prevalence,130,Mexico,3,Both,27,Age-standardized,558,Mental disorders,2,Percent,2006,0.1165336478935733,0.1251196380017118,0.1077724424377683
1,All Population,5,Prevalence,130,Mexico,3,Both,27,Age-standardized,558,Mental disorders,3,Rate,2006,11193.86440611223,12008.75175554005,10374.78008671927
1,All Population,5,Prevalence,217,Sierra Leone,3,Both,27,Age-standardized,558,Mental disorders,2,Percent,2008,0.1250840551364837,0.1361504634233801,0.1124669723352754
1,All Population,5,Prevalence,217,Sierra Leone,3,Both,27,Age-standardized,558,Mental disorders,3,Rate,2008,12466.92377975887,13575.025379461991,11220.98149580256
1,All Population,5,Prevalence,162,Bhutan,3,Both,27,Age-standardized,558,Mental disorders,2,Percent,2006,0.1105076155327275,0.1215339681727408,0.0993501923087004
1,All Population,5,Prevalence,162,Bhutan,3,Both,27,Age-standardized,558,Mental disorders,3,Rate,2006,10649.79240076689,11712.01421074612,9577.0826158489
1,All Population,5,Prevalence,145,Kuwait,3,Both,27,Age-standardized,558,Mental disorders,2,Percent,2006,0.1278785163709201,0.1367595273018766,0.1188856548514552
1,All Population,5,Prevalence,145,Kuwait,3,Both,27,Age-standardized,558,Mental disorders,3,Rate,2006,12107.95986135067,13001.21681832797,11221.78042067787
1,All Population,5,Prevalence,126,Costa Rica,3,Both,27,Age-standardized,558,Mental disorders,2,Percent,2008,0.1214142348932594,0.1307601443771566,0.1118849518452593
1,All Population,5,Prevalence,126,Costa Rica,3,Both,27,Age-standardized,558,Mental disorders,3,Rate,2008,11617.94804125547,12478.56066769769,10677.35069953508
1,All Population,5,Prevalence,213,Niger,3,Both,27,Age-standardized,558,Mental disorders,2,Percent,2007,0.1092383642922959,0.118215853469194,0.0990549647012884
1,All Population,5,Prevalence,213,Niger,3,Both,27,Age-standardized,558,Mental disorders,3,Rate,2007,10892.294146024049,11801.22346508743,9878.19765237853
1,All Population,5,Prevalence,107,Barbados,3,Both,27,Age-standardized,558,Mental disorders,2,Percent,2008,0.1454017636834466,0.158092077648468,0.1314550623795125
1,All Population,5,Prevalence,107,Barbados,3,Both,27,Age-standardized,558,Mental disorders,3,Rate,2008,14007.44280607614,15232.35261575629,12667.362640124711
1,All Population,5,Prevalence,77,Cyprus,3,Both,27,Age-standardized,558,Mental disorders,2,Percent,2008,0.1418117324309594,0.1522192659232377,0.1327623381817112
1,All Population,5,Prevalence,77,Cyprus,3,Both,27,Age-standardized,558,Mental disorders,3,Rate,2008,13154.84852972319,14094.92156892575,12330.74573319756
1,All Population,5,Prevalence,117,Saint Vincent and the Grenadines,3,Both,27,Age-standardized,558,Mental disorders,2,Percent,2006,0.1422711252275749,0.1548868161135252,0.1291864826605626
1,All Population,5,Prevalence,117,Saint Vincent and the Grenadines,3,Both,27,Age-standardized,558,Mental disorders,3,Rate,2006,13824.79546044939,15051.54620209477,12566.178225050051
1,All Population,5,Prevalence,191,Zambia,3,Both,27,Age-standardized,558,Mental disorders,2,Percent,2006,0.1077825327523664,0.1171065095494452,0.0974406170096831
1,All Population,5,Prevalence,191,Zambia,3,Both,27,Age-standardized,558,Mental disorders,3,Rate,2006,10732.51991424611,11664.85670639484,9698.90423861688
1,All Population,5,Prevalence,154,Tunisia,3,Both,27,Age-standardized,558,Mental disorders,2,Percent,2008,0.1422707737877891,0.1529386170472613,0.1308533110841307
1,All Population,5,Prevalence,154,Tunisia,3,Both,27,Age-standardized,558,Mental disorders,3,Rate,2008,13619.81536956396,14687.15143088661,12469.652785573759
1,All Population,5,Prevalence,141,Egypt,3,Both,27,Age-standardized,558,Mental disorders,2,Percent,2008,0.1375145926716104,0.1491877458922282,0.1242567863603743
1,All Population,5,Prevalence,141,Egypt,3,Both,27,Age-standardized,558,Mental disorders,3,Rate,2008,13376.78423627198,14492.66130332072,12086.40124535936
1,All Population,5,Prevalence,46,Croatia,3,Both,27,Age-standardized,558,Mental disorders,2,Percent,2008,0.125812541452792,0.1401115982733358,0.1109624759168938
1,All Population,5,Prevalence,46,Croatia,3,Both,27,Age-standardized,558,Mental disorders,3,Rate,2008,12001.93443360409,13424.99332598372,10639.188995146651
1,All Population,5,Prevalence,393,Saint Kitts and Nevis,3,Both,27,Age-standardized,558,Mental disorders,2,Percent,2008,0.1454418119640779,0.1580021465232242,0.131730500126621
1,All Population,5,Prevalence,393,Saint Kitts and Nevis,3,Both,27,Age-standardized,558,Mental disorders,3,Rate,2008,13950.66280092209,15172.6143664201,12635.19656083921
1,All Population,5,Prevalence,92,Spain,3,Both,27,Age-standardized,558,Mental disorders,2,Percent,2008,0.1515478346970676,0.1652774786330265,0.1387488170625533
1,All Population,5,Prevalence,92,Spain,3,Both,27,Age-standardized,558,Mental disorders,3,Rate,2008,13931.282431377671,15134.77747162506,12696.58623406334
1,All Population,5,Prevalence,11,Indonesia,3,Both,27,Age-standardized,558,Mental disorders,2,Percent,2008,0.0800930306812509,0.0890023742637776,0.07230768253092
1,All Population,5,Prevalence,11,Indonesia,3,Both,27,Age-standardized,558,Mental disorders,3,Rate,2008,7860.0725518584895,8727.34004890032,7081.82946086357
1,All Population,5,Prevalence,164,Nepal,3,Both,27,Age-standardized,558,Mental disorders,2,Percent,2006,0.104176368486895,0.114322134987304,0.0951261050650909
1,All Population,5,Prevalence,164,Nepal,3,Both,27,Age-standardized,558,Mental disorders,3,Rate,2006,10230.1570278114,11215.973701532781,9328.704771782239
1,All Population,5,Prevalence,22,Fiji,3,Both,27,Age-standardized,558,Mental disorders,2,Percent,2008,0.0965606253580335,0.1070621650293873,0.0844854952935129
1,All Population,5,Prevalence,22,Fiji,3,Both,27,Age-standardized,558,Mental disorders,3,Rate,2008,9483.279154696871,10485.520691787,8297.69938452372
1,All Population,5,Prevalence,177,Djibouti,3,Both,27,Age-standardized,558,Mental disorders,2,Percent,2006,0.0999226071980526,0.1085150327287809,0.0912343949057545
1,All Population,5,Prevalence,177,Djibouti,3,Both,27,Age-standardized,558,Mental disorders,3,Rate,2006,9827.51597318765,10677.33705072502,8977.537349718361
1,All Population,5,Prevalence,197,Eswatini,3,Both,27,Age-standardized,558,Mental disorders,2,Percent,2006,0.1132742338555526,0.1234008662928284,0.1022485040830984
1,All Population,5,Prevalence,197,Eswatini,3,Both,27,Age-standardized,558,Mental disorders,3,Rate,2006,11105.74291546665,12098.73226916499,10055.85690930965
1,All Population,5,Prevalence,206,Gambia,3,Both,27,Age-standardized,558,Mental disorders,2,Percent,2006,0.1172835331688765,0.1270277654802106,0.1065304654889914
1,All Population,5,Prevalence,206,Gambia,3,Both,27,Age-standardized,558,Mental disorders,3,Rate,2006,11613.33029295363,12595.50985971186,10536.76130828473
1,All Population,5,Prevalence,132,Panama,3,Both,27,Age-standardized,558,Mental disorders,2,Percent,2006,0.1083546095057684,0.116962673025556,0.1000443412181518
1,All Population,5,Prevalence,132,Panama,3,Both,27,Age-standardized,558,Mental disorders,3,Rate,2006,10413.864965608062,11250.94312571138,9601.01595878172
1,All Population,5,Prevalence,34,Azerbaijan,3,Both,27,Age-standardized,558,Mental disorders,2,Percent,2008,0.1157657091182886,0.1291922540289276,0.1033115602498555
1,All Population,5,Prevalence,34,Azerbaijan,3,Both,27,Age-standardized,558,Mental disorders,3,Rate,2008,11119.05675851245,12385.480607762831,9934.71899225371
1,All Population,5,Prevalence,35,Georgia,3,Both,27,Age-standardized,558,Mental disorders,2,Percent,2008,0.1173756614112557,0.1296399473038924,0.1057345699141845
1,All Population,5,Prevalence,35,Georgia,3,Both,27,Age-standardized,558,Mental disorders,3,Rate,2008,11219.275349458729,12415.97463188018,10107.40572026872
1,All Population,5,Prevalence,14,Maldives,3,Both,27,Age-standardized,558,Mental disorders,2,Percent,2008,0.0823138914058485,0.0901443804262294,0.0752072840616076
1,All Population,5,Prevalence,14,Maldives,3,Both,27,Age-standardized,558,Mental disorders,3,Rate,2008,7956.544447641179,8710.25636043267,7262.846671380439
1,All Population,5,Prevalence,187,Somalia,3,Both,27,Age-standardized,558,Mental disorders,2,Percent,2007,0.1080687702022897,0.1172269719323634,0.0978163025028105
1,All Population,5,Prevalence,187,Somalia,3,Both,27,Age-standardized,558,Mental disorders,3,Rate,2007,10786.17593519961,11700.814575349199,9772.2324214607
1,All Population,5,Prevalence,205,Côte d'Ivoire,3,Both,27,Age-standardized,558,Mental disorders,2,Percent,2007,0.1189884926160827,0.1287108726935855,0.1077011236364069
1,All Population,5,Prevalence,205,Côte d'Ivoire,3,Both,27,Age-standardized,558,Mental disorders,3,Rate,2007,11838.70392857645,12806.48766846772,10712.45913091289
1,All Population,5,Prevalence,119,Trinidad and Tobago,3,Both,27,Age-standardized,558,Mental disorders,2,Percent,2006,0.1355394578336131,0.1474243061120575,0.1231360952863644
1,All Population,5,Prevalence,119,Trinidad and Tobago,3,Both,27,Age-standardized,558,Mental disorders,3,Rate,2006,13043.395935826498,14212.5375705349,11862.33699956611
1,All Population,5,Prevalence,59,Latvia,3,Both,27,Age-standardized,558,Mental disorders,2,Percent,2008,0.1206620944521595,0.131585915218632,0.1104658555446625
1,All Population,5,Prevalence,59,Latvia,3,Both,27,Age-standardized,558,Mental disorders,3,Rate,2008,11260.97072449533,12230.98203057563,10303.393961935151
1,All Population,5,Prevalence,29,Tonga,3,Both,27,Age-standardized,558,Mental disorders,2,Percent,2008,0.1119551324071907,0.1307048981825821,0.093904060088139
1,All Population,5,Prevalence,29,Tonga,3,Both,27,Age-standardized,558,Mental disorders,3,Rate,2008,10860.34234871613,12656.889914109279,9092.185415970649
1,All Population,5,Prevalence,376,Northern Mariana Islands,3,Both,27,Age-standardized,558,Mental disorders,2,Percent,2006,0.1005453137438748,0.1115246532285232,0.0888638008985891
1,All Population,5,Prevalence,376,Northern Mariana Islands,3,Both,27,Age-standardized,558,Mental disorders,3,Rate,2006,9642.56149954841,10703.724723099429,8506.6860347031
1,All Population,5,Prevalence,67,Japan,3,Both,27,Age-standardized,558,Mental disorders,2,Percent,2008,0.122972319781426,0.1352536751296379,0.1105381482651006
1,All Population,5,Prevalence,67,Japan,3,Both,27,Age-standardized,558,Mental disorders,3,Rate,2008,11188.42103888672,12292.82683947384,10009.32572861862
1,All Population,5,Prevalence,7,Democratic People's Republic of Korea,3,Both,27,Age-standardized,558,Mental disorders,2,Percent,2008,0.1000695956031113,0.1092828965846802,0.091104408112478
1,All Population,5,Prevalence,7,Democratic People's Republic of Korea,3,Both,27,Age-standardized,558,Mental disorders,3,Rate,2008,9666.03004957144,10587.10713550905,8870.19919549778
1,All Population,5,Prevalence,193,Botswana,3,Both,27,Age-standardized,558,Mental disorders,2,Percent,2006,0.1090592205778976,0.1180174430029105,0.0989070461671286
1,All Population,5,Prevalence,193,Botswana,3,Both,27,Age-standardized,558,Mental disorders,3,Rate,2006,10722.4367176483,11597.36101266738,9719.754634593459
1,All Population,5,Prevalence,24,Marshall Islands,3,Both,27,Age-standardized,558,Mental disorders,2,Percent,2008,0.0981101243590897,0.1087104347407246,0.0855961279278161
1,All Population,5,Prevalence,24,Marshall Islands,3,Both,27,Age-standardized,558,Mental disorders,3,Rate,2008,9636.864859251911,10662.90944889573,8402.5550625722
1,All Population,5,Prevalence,37,Kyrgyzstan,3,Both,27,Age-standardized,558,Mental disorders,2,Percent,2008,0.1002359070237165,0.111539704131762,0.0898795984524466
1,All Population,5,Prevalence,37,Kyrgyzstan,3,Both,27,Age-standardized,558,Mental disorders,3,Rate,2008,9704.943315309381,10825.45045966016,8675.23308008759
1,All Population,5,Prevalence,58,Estonia,3,Both,27,Age-standardized,558,Mental disorders,2,Percent,2008,0.115453970974507,0.1266760874311278,0.1042687309259318
1,All Population,5,Prevalence,58,Estonia,3,Both,27,Age-standardized,558,Mental disorders,3,Rate,2008,10735.92759370386,11782.43118970612,9750.697815070409
1,All Population,5,Prevalence,74,Andorra,3,Both,27,Age-standardized,558,Mental disorders,2,Percent,2008,0.1402365234512832,0.150080886762029,0.1312756820611638
1,All Population,5,Prevalence,74,Andorra,3,Both,27,Age-standardized,558,Mental disorders,3,Rate,2008,12833.493595799211,13714.664130126212,12042.55597108638
1,All Population,5,Prevalence,200,Benin,3,Both,27,Age-standardized,558,Mental disorders,2,Percent,2008,0.1289745064232418,0.1408277175543407,0.1158159637201022
1,All Population,5,Prevalence,200,Benin,3,Both,27,Age-standardized,558,Mental disorders,3,Rate,2008,12837.07818016175,14014.747268951369,11530.920823585191
1,All Population,5,Prevalence,320,Cook Islands,3,Both,27,Age-standardized,558,Mental disorders,2,Percent,2008,0.1008017988063321,0.111563240495192,0.0882794769434875
1,All Population,5,Prevalence,320,Cook Islands,3,Both,27,Age-standardized,558,Mental disorders,3,Rate,2008,9661.29783343485,10707.39160740057,8447.9945908317
1,All Population,5,Prevalence,171,Democratic Republic of the Congo,3,Both,27,Age-standardized,558,Mental disorders,2,Percent,2008,0.1281558016412454,0.1432519888378213,0.1125354105865235
1,All Population,5,Prevalence,171,Democratic Republic of the Congo,3,Both,27,Age-standardized,558,Mental disorders,3,Rate,2008,12805.38278608705,14313.668271109409,11246.91349952292
1,All Population,5,Prevalence,49,North Macedonia,3,Both,27,Age-standardized,558,Mental disorders,2,Percent,2008,0.1164489514105946,0.1295424294276783,0.1037213888776105
1,All Population,5,Prevalence,49,North Macedonia,3,Both,27,Age-standardized,558,Mental disorders,3,Rate,2008,11042.58763877151,12309.72233813037,9838.610153037169
1,All Population,5,Prevalence,179,Ethiopia,3,Both,27,Age-standardized,558,Mental disorders,2,Percent,2006,0.1156502329332489,0.1254108714741339,0.1055730995597756
1,All Population,5,Prevalence,179,Ethiopia,3,Both,27,Age-standardized,558,Mental disorders,3,Rate,2006,11505.13319617175,12471.07525654168,10515.6457842068
1,All Population,5,Prevalence,184,Mozambique,3,Both,27,Age-standardized,558,Mental disorders,2,Percent,2008,0.1213239362749762,0.1333178815425363,0.1088507849014639
1,All Population,5,Prevalence,184,Mozambique,3,Both,27,Age-standardized,558,Mental disorders,3,Rate,2008,12073.2830525563,13267.751619674258,10828.32641760064
1,All Population,5,Prevalence,208,Guinea,3,Both,27,Age-standardized,558,Mental disorders,2,Percent,2006,0.1255044913522561,0.1365903784179056,0.1139507154471425
1,All Population,5,Prevalence,208,Guinea,3,Both,27,Age-standardized,558,Mental disorders,3,Rate,2006,12492.46608733765,13608.3065199674,11336.61977772829
1,All Population,5,Prevalence,52,Romania,3,Both,27,Age-standardized,558,Mental disorders,2,Percent,2008,0.1128498815877993,0.1259571742540378,0.1000343843758214
1,All Population,5,Prevalence,52,Romania,3,Both,27,Age-standardized,558,Mental disorders,3,Rate,2008,10789.47800975213,12029.23659165344,9576.240670213621
1,All Population,5,Prevalence,69,Singapore,3,Both,27,Age-standardized,558,Mental disorders,2,Percent,2008,0.1113792697704789,0.1228590479306598,0.1015074467108643
1,All Population,5,Prevalence,69,Singapore,3,Both,27,Age-standardized,558,Mental disorders,3,Rate,2008,10014.96238126142,11022.405327859271,9136.31525168818
1,All Population,5,Prevalence,369,Nauru,3,Both,27,Age-standardized,558,Mental disorders,2,Percent,2006,0.0972302471074379,0.1076711753521551,0.0855243491831423
1,All Population,5,Prevalence,369,Nauru,3,Both,27,Age-standardized,558,Mental disorders,3,Rate,2006,9540.284241995909,10560.655281611569,8394.86596915556
1,All Population,5,Prevalence,82,Greece,3,Both,27,Age-standardized,558,Mental disorders,2,Percent,2008,0.1555884096552835,0.1699449461094325,0.1406307966859594
1,All Population,5,Prevalence,82,Greece,3,Both,27,Age-standardized,558,Mental disorders,3,Rate,2008,14457.2208751575,15832.75571638833,13024.55833064779
1,All Population,5,Prevalence,109,Cuba,3,Both,27,Age-standardized,558,Mental disorders,2,Percent,2008,0.1591979129742075,0.1734651671377049,0.144060115100521
1,All Population,5,Prevalence,109,Cuba,3,Both,27,Age-standardized,558,Mental disorders,3,Rate,2008,15437.21529456458,16816.97851848264,13940.52550313149
1,All Population,5,Prevalence,26,Papua New Guinea,3,Both,27,Age-standardized,558,Mental disorders,2,Percent,2008,0.0975632169593746,0.1082702725572101,0.0850906279992946
1,All Population,5,Prevalence,26,Papua New Guinea,3,Both,27,Age-standardized,558,Mental disorders,3,Rate,2008,9697.033182210609,10758.4885568691,8454.69307298381
1,All Population,5,Prevalence,39,Tajikistan,3,Both,27,Age-standardized,558,Mental disorders,2,Percent,2008,0.1035589301542706,0.1158590586413566,0.0923422528174031
1,All Population,5,Prevalence,39,Tajikistan,3,Both,27,Age-standardized,558,Mental disorders,3,Rate,2008,10045.3545742076,11254.34972945071,8948.383443195109
1,All Population,5,Prevalence,106,Bahamas,3,Both,27,Age-standardized,558,Mental disorders,2,Percent,2008,0.1458458859891048,0.1583649755123878,0.1320023810512992
1,All Population,5,Prevalence,106,Bahamas,3,Both,27,Age-standardized,558,Mental disorders,3,Rate,2008,14060.38418915638,15267.218877810621,12738.21286085142
1,All Population,5,Prevalence,79,Finland,3,Both,27,Age-standardized,558,Mental disorders,2,Percent,2008,0.1250260822837341,0.1366653392774973,0.1130272098632852
1,All Population,5,Prevalence,79,Finland,3,Both,27,Age-standardized,558,Mental disorders,3,Rate,2008,11500.55764241681,12520.0432387293,10435.16035722974
1,All Population,5,Prevalence,93,Sweden,3,Both,27,Age-standardized,558,Mental disorders,2,Percent,2008,0.1352953140382689,0.1453911369827548,0.1256635346184943
1,All Population,5,Prevalence,93,Sweden,3,Both,27,Age-standardized,558,Mental disorders,3,Rate,2008,12433.440616683041,13306.048752730121,11552.20993870869
1,All Population,5,Prevalence,121,Bolivia (Plurinational State of),3,Both,27,Age-standardized,558,Mental disorders,2,Percent,2008,0.1482772642984009,0.1623620953714035,0.1342885874657985
1,All Population,5,Prevalence,121,Bolivia (Plurinational State of),3,Both,27,Age-standardized,558,Mental disorders,3,Rate,2008,14409.997964732449,15738.590654694659,13052.81399993688
1,All Population,5,Prevalence,91,Portugal,3,Both,27,Age-standardized,558,Mental disorders,2,Percent,2008,0.1792453079148097,0.2003897660287444,0.159071650350867
1,All Population,5,Prevalence,91,Portugal,3,Both,27,Age-standardized,558,Mental disorders,3,Rate,2008,16462.43618987582,18418.682352904132,14528.90492395775
1,All Population,5,Prevalence,153,Syrian Arab Republic,3,Both,27,Age-standardized,558,Mental disorders,2,Percent,2008,0.157524711453152,0.1723615893767731,0.140652699933891
1,All Population,5,Prevalence,153,Syrian Arab Republic,3,Both,27,Age-standardized,558,Mental disorders,3,Rate,2008,15242.893852408351,16683.81308753095,13615.45217214643
1,All Population,5,Prevalence,143,Iraq,3,Both,27,Age-standardized,558,Mental disorders,2,Percent,2008,0.1343296858218032,0.1449141026317035,0.1225659511360173
1,All Population,5,Prevalence,143,Iraq,3,Both,27,Age-standardized,558,Mental disorders,3,Rate,2008,13060.04420403232,14080.36234428991,11921.54381658394
1,All Population,5,Prevalence,181,Madagascar,3,Both,27,Age-standardized,558,Mental disorders,2,Percent,2006,0.1052685251822565,0.1143557592658933,0.0955116228601948
1,All Population,5,Prevalence,181,Madagascar,3,Both,27,Age-standardized,558,Mental disorders,3,Rate,2006,10464.93653922679,11361.78297113853,9494.24197399978
1,All Population,5,Prevalence,168,Angola,3,Both,27,Age-standardized,558,Mental disorders,2,Percent,2008,0.1443027434532591,0.1601535980071412,0.1271839944433533
1,All Population,5,Prevalence,168,Angola,3,Both,27,Age-standardized,558,Mental disorders,3,Rate,2008,14325.909724896279,15909.92336624218,12628.474049998182
1,All Population,5,Prevalence,416,Tuvalu,3,Both,27,Age-standardized,558,Mental disorders,2,Percent,2007,0.0980814379578896,0.1084552172890465,0.0860564782585407
1,All Population,5,Prevalence,416,Tuvalu,3,Both,27,Age-standardized,558,Mental disorders,3,Rate,2007,9603.93282315715,10611.72611519856,8452.70737480135
1,All Population,5,Prevalence,136,Paraguay,3,Both,27,Age-standardized,558,Mental disorders,2,Percent,2008,0.1527689284598536,0.1648261267349229,0.140494891837061
1,All Population,5,Prevalence,136,Paraguay,3,Both,27,Age-standardized,558,Mental disorders,3,Rate,2008,14812.719798130538,16010.21549710229,13611.1292466856
1,All Population,5,Prevalence,140,Bahrain,3,Both,27,Age-standardized,558,Mental disorders,2,Percent,2008,0.1403826000212985,0.1496443026831286,0.1302379738724663
1,All Population,5,Prevalence,140,Bahrain,3,Both,27,Age-standardized,558,Mental disorders,3,Rate,2008,13643.91032509861,14551.81890849378,12620.617590209778
1,All Population,5,Prevalence,157,Yemen,3,Both,27,Age-standardized,558,Mental disorders,2,Percent,2007,0.1339669435871919,0.1444122275761012,0.1234984692537975
1,All Population,5,Prevalence,157,Yemen,3,Both,27,Age-standardized,558,Mental disorders,3,Rate,2007,13288.53680353083,14327.03860828162,12247.48222563771
1,All Population,5,Prevalence,210,Liberia,3,Both,27,Age-standardized,558,Mental disorders,2,Percent,2006,0.1262105430048329,0.1375394879256211,0.114207004122031
1,All Population,5,Prevalence,210,Liberia,3,Both,27,Age-standardized,558,Mental disorders,3,Rate,2006,12574.583807408171,13705.45509882726,11381.79878457413
1,All Population,5,Prevalence,71,Australia,3,Both,27,Age-standardized,558,Mental disorders,2,Percent,2008,0.1837135323965739,0.1964651349713489,0.1723340270511074
1,All Population,5,Prevalence,71,Australia,3,Both,27,Age-standardized,558,Mental disorders,3,Rate,2008,16823.60541311658,18055.72554014976,15812.74662611003
1,All Population,5,Prevalence,54,Slovakia,3,Both,27,Age-standardized,558,Mental disorders,2,Percent,2008,0.1148045131313476,0.1268989233328683,0.1019748590403313
1,All Population,5,Prevalence,54,Slovakia,3,Both,27,Age-standardized,558,Mental disorders,3,Rate,2008,10871.23232462524,12088.000662238881,9650.118662069559
1,All Population,5,Prevalence,114,Haiti,3,Both,27,Age-standardized,558,Mental disorders,2,Percent,2008,0.1436882474598126,0.1566342575209225,0.1286806770976803
1,All Population,5,Prevalence,114,Haiti,3,Both,27,Age-standardized,558,Mental disorders,3,Rate,2008,14187.150146456252,15483.870148498949,12697.48278534578
1,All Population,5,Prevalence,84,Ireland,3,Both,27,Age-standardized,558,Mental disorders,2,Percent,2008,0.1516908945778255,0.1658264030207177,0.1377433825646094
1,All Population,5,Prevalence,84,Ireland,3,Both,27,Age-standardized,558,Mental disorders,3,Rate,2008,14007.29789221267,15247.085643259881,12780.416646631202
1,All Population,5,Prevalence,13,Malaysia,3,Both,27,Age-standardized,558,Mental disorders,2,Percent,2009,0.0872047332610813,0.0947117770891425,0.0797045167575495
1,All Population,5,Prevalence,13,Malaysia,3,Both,27,Age-standardized,558,Mental disorders,3,Rate,2009,8398.63729558209,9102.184704099229,7677.340330943939
1,All Population,5,Prevalence,41,Uzbekistan,3,Both,27,Age-standardized,558,Mental disorders,2,Percent,2008,0.1042254228353567,0.1158383435732615,0.0934465815956896
1,All Population,5,Prevalence,41,Uzbekistan,3,Both,27,Age-standardized,558,Mental disorders,3,Rate,2008,10028.699437475309,11142.45853942006,8986.10663481573
1,All Population,5,Prevalence,99,Uruguay,3,Both,27,Age-standardized,558,Mental disorders,2,Percent,2008,0.1506002141601964,0.1658830725559842,0.1351581908618946
1,All Population,5,Prevalence,99,Uruguay,3,Both,27,Age-standardized,558,Mental disorders,3,Rate,2008,14185.815779164459,15611.581855999959,12735.44670137159
1,All Population,5,Prevalence,212,Mauritania,3,Both,27,Age-standardized,558,Mental disorders,2,Percent,2006,0.1056523759645983,0.1139620520612549,0.0960523699538924
1,All Population,5,Prevalence,212,Mauritania,3,Both,27,Age-standardized,558,Mental disorders,3,Rate,2006,10430.32958271162,11260.22810702311,9510.60485377895
1,All Population,5,Prevalence,144,Jordan,3,Both,27,Age-standardized,558,Mental disorders,2,Percent,2008,0.1319337010253216,0.1419007363661893,0.121050254651303
1,All Population,5,Prevalence,144,Jordan,3,Both,27,Age-standardized,558,Mental disorders,3,Rate,2008,12658.7680939333,13666.43166151524,11584.75151131806
1,All Population,5,Prevalence,48,Hungary,3,Both,27,Age-standardized,558,Mental disorders,2,Percent,2008,0.1177343351209977,0.1301501015356303,0.1055649455112018
1,All Population,5,Prevalence,48,Hungary,3,Both,27,Age-standardized,558,Mental disorders,3,Rate,2008,11177.72199776275,12470.42834646755,10013.777001396711
1,All Population,5,Prevalence,28,Solomon Islands,3,Both,27,Age-standardized,558,Mental disorders,2,Percent,2009,0.0999498666669613,0.1113046972970726,0.087421811900737
1,All Population,5,Prevalence,28,Solomon Islands,3,Both,27,Age-standardized,558,Mental disorders,3,Rate,2009,9842.22256735091,10952.34480349968,8592.442617325489
1,All Population,5,Prevalence,413,Tokelau,3,Both,27,Age-standardized,558,Mental disorders,2,Percent,2008,0.0991166535161664,0.1099206635936462,0.086721135245581
1,All Population,5,Prevalence,413,Tokelau,3,Both,27,Age-standardized,558,Mental disorders,3,Rate,2008,9626.34853188973,10677.27081101259,8389.255180131
1,All Population,5,Prevalence,94,Switzerland,3,Both,27,Age-standardized,558,Mental disorders,2,Percent,2008,0.1622993198832568,0.1786687674562137,0.1467050010937435
1,All Population,5,Prevalence,94,Switzerland,3,Both,27,Age-standardized,558,Mental disorders,3,Rate,2008,14862.720754813161,16280.87218682078,13414.698474580438
1,All Population,5,Prevalence,45,Bulgaria,3,Both,27,Age-standardized,558,Mental disorders,2,Percent,2009,0.1115631803452559,0.1246457507657286,0.100263973955191
1,All Population,5,Prevalence,45,Bulgaria,3,Both,27,Age-standardized,558,Mental disorders,3,Rate,2009,10628.435863469329,11884.04377456037,9574.85878379708
1,All Population,5,Prevalence,156,United Arab Emirates,3,Both,27,Age-standardized,558,Mental disorders,2,Percent,2008,0.115918815544329,0.1258141132608132,0.1047645906813177
1,All Population,5,Prevalence,156,United Arab Emirates,3,Both,27,Age-standardized,558,Mental disorders,3,Rate,2008,11143.65302484909,12108.01437183806,10043.42386891173
1,All Population,5,Prevalence,150,Oman,3,Both,27,Age-standardized,558,Mental disorders,2,Percent,2008,0.1263914863904533,0.1357366691367419,0.1162361730461132
1,All Population,5,Prevalence,150,Oman,3,Both,27,Age-standardized,558,Mental disorders,3,Rate,2008,12311.78303412399,13258.1170124934,11314.43161760125
1,All Population,5,Prevalence,161,Bangladesh,3,Both,27,Age-standardized,558,Mental disorders,2,Percent,2008,0.1145115008740829,0.1277200589963948,0.1013514970794581
1,All Population,5,Prevalence,161,Bangladesh,3,Both,27,Age-standardized,558,Mental disorders,3,Rate,2008,11219.04344240513,12531.16756425188,9912.73517228952
1,All Population,5,Prevalence,187,Somalia,3,Both,27,Age-standardized,558,Mental disorders,2,Percent,2008,0.1079788462850201,0.1173812136456691,0.0974094891042021
1,All Population,5,Prevalence,187,Somalia,3,Both,27,Age-standardized,558,Mental disorders,3,Rate,2008,10768.73877024921,11706.20310999641,9726.58851455555
1,All Population,5,Prevalence,190,Uganda,3,Both,27,Age-standardized,558,Mental disorders,2,Percent,2007,0.1100391919448177,0.1192062187275555,0.1000005591274663
1,All Population,5,Prevalence,190,Uganda,3,Both,27,Age-standardized,558,Mental disorders,3,Rate,2007,10956.53906711345,11872.018478149279,9956.36284550509
1,All Population,5,Prevalence,34,Azerbaijan,3,Both,27,Age-standardized,558,Mental disorders,2,Percent,2009,0.1161138213991862,0.1299520776295441,0.1036322168958062
1,All Population,5,Prevalence,34,Azerbaijan,3,Both,27,Age-standardized,558,Mental disorders,3,Rate,2009,11129.50438294578,12441.21880510233,9918.60056381307
1,All Population,5,Prevalence,305,Bermuda,3,Both,27,Age-standardized,558,Mental disorders,2,Percent,2008,0.1490657463918464,0.1622677960836441,0.1353438991939115
1,All Population,5,Prevalence,305,Bermuda,3,Both,27,Age-standardized,558,Mental disorders,3,Rate,2008,14226.961674147129,15461.403533178389,12903.030315447362
1,All Population,5,Prevalence,183,Mauritius,3,Both,27,Age-standardized,558,Mental disorders,2,Percent,2008,0.0943082382687571,0.1051338925291942,0.0846227144794089
1,All Population,5,Prevalence,183,Mauritius,3,Both,27,Age-standardized,558,Mental disorders,3,Rate,2008,9153.99601244457,10204.880414380139,8200.51004786203
1,All Population,5,Prevalence,76,Belgium,3,Both,27,Age-standardized,558,Mental disorders,2,Percent,2008,0.1429659856004593,0.1575573679432707,0.1288040374303655
1,All Population,5,Prevalence,76,Belgium,3,Both,27,Age-standardized,558,Mental disorders,3,Rate,2008,13039.92468392445,14321.267881196869,11726.43347788494
1,All Population,5,Prevalence,201,Burkina Faso,3,Both,27,Age-standardized,558,Mental disorders,2,Percent,2008,0.1282296197935132,0.1395469649398717,0.115214258624257
1,All Population,5,Prevalence,201,Burkina Faso,3,Both,27,Age-standardized,558,Mental disorders,3,Rate,2008,12791.348782983081,13924.939203910388,11496.78370379035
1,All Population,5,Prevalence,44,Bosnia and Herzegovina,3,Both,27,Age-standardized,558,Mental disorders,2,Percent,2008,0.1240878416623968,0.1375519539351931,0.1096616695278455
1,All Population,5,Prevalence,44,Bosnia and Herzegovina,3,Both,27,Age-standardized,558,Mental disorders,3,Rate,2008,11827.04354000743,13116.974717958921,10431.03633224358
1,All Population,5,Prevalence,214,Nigeria,3,Both,27,Age-standardized,558,Mental disorders,2,Percent,2008,0.1139777158375441,0.1238006239305522,0.1033137396252368
1,All Population,5,Prevalence,214,Nigeria,3,Both,27,Age-standardized,558,Mental disorders,3,Rate,2008,11335.97592920358,12305.37550753983,10283.54872957835
1,All Population,5,Prevalence,60,Lithuania,3,Both,27,Age-standardized,558,Mental disorders,2,Percent,2009,0.1213729964701241,0.1339892640563433,0.1077112635962511
1,All Population,5,Prevalence,60,Lithuania,3,Both,27,Age-standardized,558,Mental disorders,3,Rate,2009,11522.4978624907,12737.35628185436,10191.84924660684
1,All Population,5,Prevalence,351,Guam,3,Both,27,Age-standardized,558,Mental disorders,2,Percent,2008,0.1032797460026896,0.1148279720917917,0.0904108712315593
1,All Population,5,Prevalence,351,Guam,3,Both,27,Age-standardized,558,Mental disorders,3,Rate,2008,9880.527796466291,10989.36511680231,8632.94883106082
1,All Population,5,Prevalence,202,Cameroon,3,Both,27,Age-standardized,558,Mental disorders,2,Percent,2008,0.1249344106477062,0.1358502210940659,0.11249641660248
1,All Population,5,Prevalence,202,Cameroon,3,Both,27,Age-standardized,558,Mental disorders,3,Rate,2008,12410.07906946727,13512.279092731138,11182.4165464294
1,All Population,5,Prevalence,129,Honduras,3,Both,27,Age-standardized,558,Mental disorders,2,Percent,2008,0.110861769707685,0.1197474057655903,0.1019794399944504
1,All Population,5,Prevalence,129,Honduras,3,Both,27,Age-standardized,558,Mental disorders,3,Rate,2008,10863.793531584299,11716.53370455639,9985.7143516737
1,All Population,5,Prevalence,186,Seychelles,3,Both,27,Age-standardized,558,Mental disorders,2,Percent,2008,0.0824794949694723,0.0899314941905761,0.0756933289490694
1,All Population,5,Prevalence,186,Seychelles,3,Both,27,Age-standardized,558,Mental disorders,3,Rate,2008,7921.069575329109,8631.6548889318,7277.3060228952
1,All Population,5,Prevalence,173,Gabon,3,Both,27,Age-standardized,558,Mental disorders,2,Percent,2008,0.1313442840412153,0.1449343969166334,0.1164634192055409
1,All Population,5,Prevalence,173,Gabon,3,Both,27,Age-standardized,558,Mental disorders,3,Rate,2008,13027.22253889722,14372.80706600019,11562.91153317289
1,All Population,5,Prevalence,92,Spain,3,Both,27,Age-standardized,558,Mental disorders,2,Percent,2009,0.1533624044218654,0.1678499485976243,0.1398878040757377
1,All Population,5,Prevalence,92,Spain,3,Both,27,Age-standardized,558,Mental disorders,3,Rate,2009,14098.65594199239,15390.02007107406,12827.53997942701
1,All Population,5,Prevalence,116,Saint Lucia,3,Both,27,Age-standardized,558,Mental disorders,2,Percent,2008,0.1440028022280619,0.1564702080428276,0.1303816296332365
1,All Population,5,Prevalence,116,Saint Lucia,3,Both,27,Age-standardized,558,Mental disorders,3,Rate,2008,13925.290850410978,15145.54762114406,12567.74288295642
1,All Population,5,Prevalence,86,Italy,3,Both,27,Age-standardized,558,Mental disorders,2,Percent,2008,0.1289666692870542,0.1413706607160309,0.1161741403259188
1,All Population,5,Prevalence,86,Italy,3,Both,27,Age-standardized,558,Mental disorders,3,Rate,2008,11835.7315905238,13013.21313397448,10655.432691228001
1,All Population,5,Prevalence,209,Guinea-Bissau,3,Both,27,Age-standardized,558,Mental disorders,2,Percent,2008,0.1181018107551767,0.1281471576488376,0.1060933431870082
1,All Population,5,Prevalence,209,Guinea-Bissau,3,Both,27,Age-standardized,558,Mental disorders,3,Rate,2008,11758.05450188071,12770.34952312183,10575.057576954141
1,All Population,5,Prevalence,105,Antigua and Barbuda,3,Both,27,Age-standardized,558,Mental disorders,2,Percent,2009,0.1455498761050007,0.1590855878122587,0.1311280075289077
1,All Population,5,Prevalence,105,Antigua and Barbuda,3,Both,27,Age-standardized,558,Mental disorders,3,Rate,2009,14075.95422627139,15375.30731759951,12694.80861839379
1,All Population,5,Prevalence,61,Republic of Moldova,3,Both,27,Age-standardized,558,Mental disorders,2,Percent,2008,0.1183321094321428,0.1298288904765593,0.1059438260983024
1,All Population,5,Prevalence,61,Republic of Moldova,3,Both,27,Age-standardized,558,Mental disorders,3,Rate,2008,11167.66154180458,12254.11742306428,10027.76730003798
1,All Population,5,Prevalence,16,Philippines,3,Both,27,Age-standardized,558,Mental disorders,2,Percent,2008,0.0869820823128514,0.0955280309008527,0.0795642343757974
1,All Population,5,Prevalence,16,Philippines,3,Both,27,Age-standardized,558,Mental disorders,3,Rate,2008,8453.55186723696,9285.7167038791,7741.0790401459
1,All Population,5,Prevalence,33,Armenia,3,Both,27,Age-standardized,558,Mental disorders,2,Percent,2008,0.1313883892437548,0.1455094759619082,0.1166852595496439
1,All Population,5,Prevalence,33,Armenia,3,Both,27,Age-standardized,558,Mental disorders,3,Rate,2008,12504.414802798869,13869.52313727777,11083.510493461921
1,All Population,5,Prevalence,81,Germany,3,Both,27,Age-standardized,558,Mental disorders,2,Percent,2008,0.1389677527971002,0.1500342338448472,0.1293570456970103
1,All Population,5,Prevalence,81,Germany,3,Both,27,Age-standardized,558,Mental disorders,3,Rate,2008,12629.85784405502,13585.85807967688,11804.72752011444
1,All Population,5,Prevalence,81,Germany,3,Both,27,Age-standardized,558,Mental disorders,2,Percent,2009,0.1391770927040996,0.1498871389693454,0.1293615292947978
1,All Population,5,Prevalence,81,Germany,3,Both,27,Age-standardized,558,Mental disorders,3,Rate,2009,12639.541662371901,13605.91778956042,11759.07055547046
1,All Population,5,Prevalence,176,Comoros,3,Both,27,Age-standardized,558,Mental disorders,2,Percent,2008,0.1092529458135641,0.1194142423946174,0.0984316723205616
1,All Population,5,Prevalence,176,Comoros,3,Both,27,Age-standardized,558,Mental disorders,3,Rate,2008,10715.27677649203,11690.79419537204,9661.50357116288
1,All Population,5,Prevalence,194,Lesotho,3,Both,27,Age-standardized,558,Mental disorders,2,Percent,2008,0.1031678864659155,0.111866193853621,0.0932954175371528
1,All Population,5,Prevalence,194,Lesotho,3,Both,27,Age-standardized,558,Mental disorders,3,Rate,2008,10260.86059800656,11125.105977440331,9281.49080990418
1,All Population,5,Prevalence,75,Austria,3,Both,27,Age-standardized,558,Mental disorders,2,Percent,2009,0.1341280699625619,0.1484558829449397,0.1205297615939036
1,All Population,5,Prevalence,75,Austria,3,Both,27,Age-standardized,558,Mental disorders,3,Rate,2009,12348.67448484109,13666.732083776738,11077.34521444184
1,All Population,5,Prevalence,101,Canada,3,Both,27,Age-standardized,558,Mental disorders,2,Percent,2008,0.1474059036059631,0.1609622939479624,0.1336629296886134
1,All Population,5,Prevalence,101,Canada,3,Both,27,Age-standardized,558,Mental disorders,3,Rate,2008,13633.93645770078,14936.87096642453,12319.47615598485
1,All Population,5,Prevalence,146,Lebanon,3,Both,27,Age-standardized,558,Mental disorders,2,Percent,2008,0.1502137341305212,0.1627643816962974,0.1367433501040413
1,All Population,5,Prevalence,146,Lebanon,3,Both,27,Age-standardized,558,Mental disorders,3,Rate,2008,14403.10782473704,15582.0475315381,13076.77744744599
1,All Population,5,Prevalence,43,Albania,3,Both,27,Age-standardized,558,Mental disorders,2,Percent,2008,0.1149897967268874,0.128548463740332,0.1029163449596568
1,All Population,5,Prevalence,43,Albania,3,Both,27,Age-standardized,558,Mental disorders,3,Rate,2008,10987.47662575347,12257.80980093681,9828.86405952654
1,All Population,5,Prevalence,108,Belize,3,Both,27,Age-standardized,558,Mental disorders,2,Percent,2008,0.1360420688421191,0.1480814550892832,0.1228889437596011
1,All Population,5,Prevalence,108,Belize,3,Both,27,Age-standardized,558,Mental disorders,3,Rate,2008,13252.96950964012,14398.66777344517,11947.8768545183
1,All Population,5,Prevalence,349,Greenland,3,Both,27,Age-standardized,558,Mental disorders,2,Percent,2008,0.1616945797320645,0.1766094987423807,0.1496493943360309
1,All Population,5,Prevalence,349,Greenland,3,Both,27,Age-standardized,558,Mental disorders,3,Rate,2008,15029.323109338598,16415.63127882257,13937.190831274851
1,All Population,5,Prevalence,142,Iran (Islamic Republic of),3,Both,27,Age-standardized,558,Mental disorders,2,Percent,2008,0.1752978137719091,0.1870482583048576,0.1606404284921279
1,All Population,5,Prevalence,142,Iran (Islamic Republic of),3,Both,27,Age-standardized,558,Mental disorders,3,Rate,2008,17022.68144163309,18146.016146068418,15591.220360682059
1,All Population,5,Prevalence,155,Türkiye,3,Both,27,Age-standardized,558,Mental disorders,2,Percent,2008,0.1357175107669021,0.1464340053142543,0.124580296541547
1,All Population,5,Prevalence,155,Türkiye,3,Both,27,Age-standardized,558,Mental disorders,3,Rate,2008,13094.6229734048,14165.131122125029,12044.305139839511
1,All Population,5,Prevalence,15,Myanmar,3,Both,27,Age-standardized,558,Mental disorders,2,Percent,2009,0.0842310024896791,0.0924512058305923,0.0764593407625751
1,All Population,5,Prevalence,15,Myanmar,3,Both,27,Age-standardized,558,Mental disorders,3,Rate,2009,8274.6604612533,9072.43711371315,7526.79610231173
1,All Population,5,Prevalence,122,Ecuador,3,Both,27,Age-standardized,558,Mental disorders,2,Percent,2009,0.1392718652944393,0.1517540714815794,0.1263938093814417
1,All Population,5,Prevalence,122,Ecuador,3,Both,27,Age-standardized,558,Mental disorders,3,Rate,2009,13530.949109957492,14731.75023116774,12246.638913309569
1,All Population,5,Prevalence,95,United Kingdom,3,Both,27,Age-standardized,558,Mental disorders,2,Percent,2008,0.1635231463061705,0.1762624079189209,0.1519999089194353
1,All Population,5,Prevalence,95,United Kingdom,3,Both,27,Age-standardized,558,Mental disorders,3,Rate,2008,14889.57706465475,16023.41862470326,13808.0678515492
1,All Population,5,Prevalence,123,Peru,3,Both,27,Age-standardized,558,Mental disorders,2,Percent,2008,0.153483794362906,0.1669481082790705,0.139640599018438
1,All Population,5,Prevalence,123,Peru,3,Both,27,Age-standardized,558,Mental disorders,3,Rate,2008,15064.357104295708,16377.358884338,13693.443830077658
1,All Population,5,Prevalence,416,Tuvalu,3,Both,27,Age-standardized,558,Mental disorders,2,Percent,2008,0.0984580622096777,0.109067223492026,0.0864365432551168
1,All Population,5,Prevalence,416,Tuvalu,3,Both,27,Age-standardized,558,Mental disorders,3,Rate,2008,9635.88474541713,10666.83961268795,8447.009268530099
1,All Population,5,Prevalence,207,Ghana,3,Both,27,Age-standardized,558,Mental disorders,2,Percent,2008,0.1193390559648795,0.1282445849677564,0.1086104215265243
1,All Population,5,Prevalence,207,Ghana,3,Both,27,Age-standardized,558,Mental disorders,3,Rate,2008,11858.71923084827,12751.35480909762,10792.48569348666
1,All Population,5,Prevalence,131,Nicaragua,3,Both,27,Age-standardized,558,Mental disorders,2,Percent,2008,0.1201583300647442,0.1296690396121768,0.1111852127311595
1,All Population,5,Prevalence,131,Nicaragua,3,Both,27,Age-standardized,558,Mental disorders,3,Rate,2008,11677.180405934461,12606.28084652039,10797.89610923316
1,All Population,5,Prevalence,163,India,3,Both,27,Age-standardized,558,Mental disorders,2,Percent,2008,0.1122110483628149,0.1261922562369069,0.1011112772750488
1,All Population,5,Prevalence,163,India,3,Both,27,Age-standardized,558,Mental disorders,3,Rate,2008,11074.17447670783,12435.26437186763,9973.49760363441
1,All Population,5,Prevalence,88,Malta,3,Both,27,Age-standardized,558,Mental disorders,2,Percent,2008,0.1486191120661638,0.1600238792781459,0.1393620975074008
1,All Population,5,Prevalence,88,Malta,3,Both,27,Age-standardized,558,Mental disorders,3,Rate,2008,13676.37756398501,14708.507685503511,12849.995416355288
1,All Population,5,Prevalence,170,Congo,3,Both,27,Age-standardized,558,Mental disorders,2,Percent,2008,0.1349228901123062,0.1482007974700822,0.1199137064271458
1,All Population,5,Prevalence,170,Congo,3,Both,27,Age-standardized,558,Mental disorders,3,Rate,2008,13408.12475939396,14698.40206327451,11933.50181374724
1,All Population,5,Prevalence,50,Montenegro,3,Both,27,Age-standardized,558,Mental disorders,2,Percent,2008,0.1255412456198587,0.1401859581457148,0.1108892510254952
1,All Population,5,Prevalence,50,Montenegro,3,Both,27,Age-standardized,558,Mental disorders,3,Rate,2008,11857.73854515831,13280.809119444659,10481.01315405273
1,All Population,5,Prevalence,203,Cabo Verde,3,Both,27,Age-standardized,558,Mental disorders,2,Percent,2008,0.1196388778244652,0.1293031734164606,0.1081092949120176
1,All Population,5,Prevalence,203,Cabo Verde,3,Both,27,Age-standardized,558,Mental disorders,3,Rate,2008,11574.365455467429,12544.08586992537,10468.67484669278
1,All Population,5,Prevalence,139,Algeria,3,Both,27,Age-standardized,558,Mental disorders,2,Percent,2009,0.1363157808482468,0.1455391545772787,0.125908702617863
1,All Population,5,Prevalence,139,Algeria,3,Both,27,Age-standardized,558,Mental disorders,3,Rate,2009,13114.4034581093,14013.3888225881,12094.54677492231
1,All Population,5,Prevalence,204,Chad,3,Both,27,Age-standardized,558,Mental disorders,2,Percent,2008,0.1288872324155626,0.1395065917025933,0.1156245225277035
1,All Population,5,Prevalence,204,Chad,3,Both,27,Age-standardized,558,Mental disorders,3,Rate,2008,12830.32348966178,13905.219877623309,11526.63736559285
1,All Population,5,Prevalence,185,Rwanda,3,Both,27,Age-standardized,558,Mental disorders,2,Percent,2008,0.1046559084440593,0.1136853286195724,0.094756721246953
1,All Population,5,Prevalence,185,Rwanda,3,Both,27,Age-standardized,558,Mental disorders,3,Rate,2008,10319.99224674166,11199.14036983378,9347.13510040422
1,All Population,5,Prevalence,182,Malawi,3,Both,27,Age-standardized,558,Mental disorders,2,Percent,2009,0.1045101574147189,0.1139267439519222,0.0940986461019449
1,All Population,5,Prevalence,182,Malawi,3,Both,27,Age-standardized,558,Mental disorders,3,Rate,2009,10322.932460565191,11252.46682214268,9289.057888906229
1,All Population,5,Prevalence,367,Monaco,3,Both,27,Age-standardized,558,Mental disorders,2,Percent,2008,0.1423470635731654,0.1523616344304912,0.1331820621052988
1,All Population,5,Prevalence,367,Monaco,3,Both,27,Age-standardized,558,Mental disorders,3,Rate,2008,13013.0614303067,13907.325620419888,12214.12275982856
1,All Population,5,Prevalence,211,Mali,3,Both,27,Age-standardized,558,Mental disorders,2,Percent,2008,0.1137360317798652,0.123116350290764,0.1022633993605443
1,All Population,5,Prevalence,211,Mali,3,Both,27,Age-standardized,558,Mental disorders,3,Rate,2008,11318.044992228619,12267.50560748743,10171.677250989409
1,All Population,5,Prevalence,118,Suriname,3,Both,27,Age-standardized,558,Mental disorders,2,Percent,2008,0.1407491101675386,0.1527914578663224,0.1271655486134893
1,All Population,5,Prevalence,118,Suriname,3,Both,27,Age-standardized,558,Mental disorders,3,Rate,2008,13732.536702778361,14925.56239345715,12383.62961476446
1,All Population,5,Prevalence,435,South Sudan,3,Both,27,Age-standardized,558,Mental disorders,2,Percent,2008,0.114894538312432,0.1251261861033661,0.1037804043610771
1,All Population,5,Prevalence,435,South Sudan,3,Both,27,Age-standardized,558,Mental disorders,3,Rate,2008,11402.16209343704,12395.28746388964,10300.35611112379
1,All Population,5,Prevalence,148,Morocco,3,Both,27,Age-standardized,558,Mental disorders,2,Percent,2008,0.1292397226450075,0.1378327978985398,0.1200155360746058
1,All Population,5,Prevalence,148,Morocco,3,Both,27,Age-standardized,558,Mental disorders,3,Rate,2008,12500.869687736951,13368.81521678378,11586.85889503471
1,All Population,5,Prevalence,196,South Africa,3,Both,27,Age-standardized,558,Mental disorders,2,Percent,2008,0.1119934405760997,0.1207050208110473,0.1021520768174721
1,All Population,5,Prevalence,196,South Africa,3,Both,27,Age-standardized,558,Mental disorders,3,Rate,2008,11073.971173825039,11942.735820609949,10103.618966269829
1,All Population,5,Prevalence,189,United Republic of Tanzania,3,Both,27,Age-standardized,558,Mental disorders,2,Percent,2008,0.1027137470154605,0.1116203988170677,0.0928578135213023
1,All Population,5,Prevalence,189,United Republic of Tanzania,3,Both,27,Age-standardized,558,Mental disorders,3,Rate,2008,10190.75665732503,11070.90727887214,9219.8851728142
1,All Population,5,Prevalence,422,United States Virgin Islands,3,Both,27,Age-standardized,558,Mental disorders,2,Percent,2008,0.144307258887807,0.1573487563779222,0.1311338754045399
1,All Population,5,Prevalence,422,United States Virgin Islands,3,Both,27,Age-standardized,558,Mental disorders,3,Rate,2008,13775.06854374564,14980.14500879952,12495.355207615461
1,All Population,5,Prevalence,178,Eritrea,3,Both,27,Age-standardized,558,Mental disorders,2,Percent,2008,0.1107058480353849,0.1206053222144593,0.1003036149711664
1,All Population,5,Prevalence,178,Eritrea,3,Both,27,Age-standardized,558,Mental disorders,3,Rate,2008,10897.286581454679,11875.40229919007,9862.131539842909
1,All Population,5,Prevalence,63,Ukraine,3,Both,27,Age-standardized,558,Mental disorders,2,Percent,2008,0.12659673666368,0.1393905053291488,0.1129147335882812
1,All Population,5,Prevalence,63,Ukraine,3,Both,27,Age-standardized,558,Mental disorders,3,Rate,2008,11900.80482868218,13118.86802939248,10579.51283042982
1,All Population,5,Prevalence,30,Vanuatu,3,Both,27,Age-standardized,558,Mental disorders,2,Percent,2009,0.0976729491603365,0.1080253641374261,0.0847424854390436
1,All Population,5,Prevalence,30,Vanuatu,3,Both,27,Age-standardized,558,Mental disorders,3,Rate,2009,9657.360151778039,10678.40053867161,8379.475124249331
1,All Population,5,Prevalence,169,Central African Republic,3,Both,27,Age-standardized,558,Mental disorders,2,Percent,2009,0.1373479829777671,0.153180734077919,0.1203315331828641
1,All Population,5,Prevalence,169,Central African Republic,3,Both,27,Age-standardized,558,Mental disorders,3,Rate,2009,13711.64321761408,15286.84886769992,12017.35707818591
1,All Population,5,Prevalence,94,Switzerland,3,Both,27,Age-standardized,558,Mental disorders,2,Percent,2009,0.1632747043431081,0.1792720182124136,0.1467292685042878
1,All Population,5,Prevalence,94,Switzerland,3,Both,27,Age-standardized,558,Mental disorders,3,Rate,2009,14951.16914877961,16330.1879079713,13453.362985827811
1,All Population,5,Prevalence,47,Czechia,3,Both,27,Age-standardized,558,Mental disorders,2,Percent,2009,0.1228731832037533,0.1358810434944706,0.108516224268003
1,All Population,5,Prevalence,47,Czechia,3,Both,27,Age-standardized,558,Mental disorders,3,Rate,2009,11588.54734557254,12777.73948855345,10208.08911372744
1,All Population,5,Prevalence,152,Saudi Arabia,3,Both,27,Age-standardized,558,Mental disorders,2,Percent,2009,0.1416031414936876,0.1562284608942413,0.1264146515116658
1,All Population,5,Prevalence,152,Saudi Arabia,3,Both,27,Age-standardized,558,Mental disorders,3,Rate,2009,13743.034890951849,15166.69373502155,12270.999320381561
1,All Population,5,Prevalence,165,Pakistan,3,Both,27,Age-standardized,558,Mental disorders,2,Percent,2008,0.1177493864278271,0.129706334899858,0.1072783818815551
1,All Population,5,Prevalence,165,Pakistan,3,Both,27,Age-standardized,558,Mental disorders,3,Rate,2008,11444.48817256207,12605.29028028275,10399.46508805337
1,All Population,5,Prevalence,62,Russian Federation,3,Both,27,Age-standardized,558,Mental disorders,2,Percent,2009,0.115122006701437,0.1264427137254779,0.1042757306358776
1,All Population,5,Prevalence,62,Russian Federation,3,Both,27,Age-standardized,558,Mental disorders,3,Rate,2009,10819.208257306349,11853.69848776252,9778.862309802671
1,All Population,5,Prevalence,200,Benin,3,Both,27,Age-standardized,558,Mental disorders,2,Percent,2009,0.1292178920963771,0.14071253296706,0.1160637439939432
1,All Population,5,Prevalence,200,Benin,3,Both,27,Age-standardized,558,Mental disorders,3,Rate,2009,12854.16044893562,13990.55567719014,11547.01875487658
1,All Population,5,Prevalence,107,Barbados,3,Both,27,Age-standardized,558,Mental disorders,2,Percent,2009,0.1456437319594859,0.1590159352225703,0.1314778149675876
1,All Population,5,Prevalence,107,Barbados,3,Both,27,Age-standardized,558,Mental disorders,3,Rate,2009,14022.48368126057,15293.31066063396,12661.85790729716
1,All Population,5,Prevalence,186,Seychelles,3,Both,27,Age-standardized,558,Mental disorders,2,Percent,2009,0.0830850354294862,0.0908126866141083,0.0761628611960404
1,All Population,5,Prevalence,186,Seychelles,3,Both,27,Age-standardized,558,Mental disorders,3,Rate,2009,7972.83747677074,8671.86839611117,7309.05018725234
1,All Population,5,Prevalence,133,Venezuela (Bolivarian Republic of),3,Both,27,Age-standardized,558,Mental disorders,2,Percent,2008,0.1270098924055592,0.1395926140520836,0.1143616243807452
1,All Population,5,Prevalence,133,Venezuela (Bolivarian Republic of),3,Both,27,Age-standardized,558,Mental disorders,3,Rate,2008,12360.12250756766,13550.59339799023,11118.3952928997
1,All Population,5,Prevalence,374,Niue,3,Both,27,Age-standardized,558,Mental disorders,2,Percent,2008,0.100215554129622,0.111018526343254,0.0878593122517978
1,All Population,5,Prevalence,374,Niue,3,Both,27,Age-standardized,558,Mental disorders,3,Rate,2008,9627.018182914331,10670.22785473791,8412.30100024099
1,All Population,5,Prevalence,18,Thailand,3,Both,27,Age-standardized,558,Mental disorders,2,Percent,2008,0.0864120859251097,0.0952010540519004,0.078061649430396
1,All Population,5,Prevalence,18,Thailand,3,Both,27,Age-standardized,558,Mental disorders,3,Rate,2008,8329.390906065739,9169.83393424038,7543.473577295071
1,All Population,5,Prevalence,78,Denmark,3,Both,27,Age-standardized,558,Mental disorders,2,Percent,2008,0.1336102210592405,0.1422727253671996,0.1244059140052328
1,All Population,5,Prevalence,78,Denmark,3,Both,27,Age-standardized,558,Mental disorders,3,Rate,2008,12165.96477253883,12986.549801734109,11337.93320000238
1,All Population,5,Prevalence,110,Dominica,3,Both,27,Age-standardized,558,Mental disorders,2,Percent,2008,0.1435038225648041,0.15605482898721,0.1298781345083282
1,All Population,5,Prevalence,110,Dominica,3,Both,27,Age-standardized,558,Mental disorders,3,Rate,2008,13876.87574949673,15082.77499054484,12519.89126661256
1,All Population,5,Prevalence,216,Senegal,3,Both,27,Age-standardized,558,Mental disorders,2,Percent,2008,0.1150304487038836,0.1244116966536507,0.1033243233754211
1,All Population,5,Prevalence,216,Senegal,3,Both,27,Age-standardized,558,Mental disorders,3,Rate,2008,11412.82753747371,12369.06901264088,10256.65915775513
1,All Population,5,Prevalence,190,Uganda,3,Both,27,Age-standardized,558,Mental disorders,2,Percent,2008,0.1094405743631083,0.1186164141234591,0.0989880511368567
1,All Population,5,Prevalence,190,Uganda,3,Both,27,Age-standardized,558,Mental disorders,3,Rate,2008,10892.27856130599,11804.68528538998,9855.25596038028
1,All Population,5,Prevalence,522,Sudan,3,Both,27,Age-standardized,558,Mental disorders,2,Percent,2008,0.1316087542814968,0.1425082748396019,0.1203624721989371
1,All Population,5,Prevalence,522,Sudan,3,Both,27,Age-standardized,558,Mental disorders,3,Rate,2008,13005.35393383325,14083.00706028139,11900.09792838256
1,All Population,5,Prevalence,213,Niger,3,Both,27,Age-standardized,558,Mental disorders,2,Percent,2008,0.1092022904847657,0.1183565317106149,0.0986881854393168
1,All Population,5,Prevalence,213,Niger,3,Both,27,Age-standardized,558,Mental disorders,3,Rate,2008,10884.77428128576,11803.039391399769,9842.59572124989
1,All Population,5,Prevalence,180,Kenya,3,Both,27,Age-standardized,558,Mental disorders,2,Percent,2008,0.1069684435016208,0.116369967239334,0.0974323338997119
1,All Population,5,Prevalence,180,Kenya,3,Both,27,Age-standardized,558,Mental disorders,3,Rate,2008,10545.34482688923,11477.18486757668,9592.098246319
1,All Population,5,Prevalence,125,Colombia,3,Both,27,Age-standardized,558,Mental disorders,2,Percent,2008,0.1148201231257727,0.1229160833490908,0.1069488055814231
1,All Population,5,Prevalence,125,Colombia,3,Both,27,Age-standardized,558,Mental disorders,3,Rate,2008,11035.69602172233,11796.82671132639,10287.77381807888
1,All Population,5,Prevalence,320,Cook Islands,3,Both,27,Age-standardized,558,Mental disorders,2,Percent,2009,0.1012653468720944,0.1121523734970291,0.0884752922333599
1,All Population,5,Prevalence,320,Cook Islands,3,Both,27,Age-standardized,558,Mental disorders,3,Rate,2009,9703.41587755563,10762.67269590429,8454.04529599168
1,All Population,5,Prevalence,413,Tokelau,3,Both,27,Age-standardized,558,Mental disorders,2,Percent,2009,0.0995817892670362,0.1106412030626379,0.0868164692958322
1,All Population,5,Prevalence,413,Tokelau,3,Both,27,Age-standardized,558,Mental disorders,3,Rate,2009,9666.17394488472,10743.06327734725,8403.20246517178
1,All Population,5,Prevalence,135,Brazil,3,Both,27,Age-standardized,558,Mental disorders,2,Percent,2008,0.1622701301428479,0.1740507751657076,0.1506142301960388
1,All Population,5,Prevalence,135,Brazil,3,Both,27,Age-standardized,558,Mental disorders,3,Rate,2008,15721.57982141822,16842.46947288923,14591.3777228097
1,All Population,5,Prevalence,97,Argentina,3,Both,27,Age-standardized,558,Mental disorders,2,Percent,2008,0.1454225641129904,0.1618191716086272,0.12865335244439
1,All Population,5,Prevalence,97,Argentina,3,Both,27,Age-standardized,558,Mental disorders,3,Rate,2008,13768.319788297009,15294.930024251878,12183.28709705799
1,All Population,5,Prevalence,157,Yemen,3,Both,27,Age-standardized,558,Mental disorders,2,Percent,2008,0.1334328241668422,0.1438274960112388,0.1227390148119095
1,All Population,5,Prevalence,157,Yemen,3,Both,27,Age-standardized,558,Mental disorders,3,Rate,2008,13227.609546515321,14263.07551592281,12182.2005373936
1,All Population,5,Prevalence,385,Puerto Rico,3,Both,27,Age-standardized,558,Mental disorders,2,Percent,2008,0.159586071782683,0.1726783219318243,0.1459659276009696
1,All Population,5,Prevalence,385,Puerto Rico,3,Both,27,Age-standardized,558,Mental disorders,3,Rate,2008,15207.630040341972,16358.25166028097,13951.3953358368
1,All Population,5,Prevalence,172,Equatorial Guinea,3,Both,27,Age-standardized,558,Mental disorders,2,Percent,2008,0.1308637319826519,0.144620395520636,0.1161159380548134
1,All Population,5,Prevalence,172,Equatorial Guinea,3,Both,27,Age-standardized,558,Mental disorders,3,Rate,2008,12854.95608564769,14203.2059383919,11420.98601293031
1,All Population,5,Prevalence,151,Qatar,3,Both,27,Age-standardized,558,Mental disorders,2,Percent,2008,0.1154041054668312,0.1240308602471288,0.1054683877924805
1,All Population,5,Prevalence,151,Qatar,3,Both,27,Age-standardized,558,Mental disorders,3,Rate,2008,11043.12317152811,11850.68341428881,10074.10264710215
1,All Population,5,Prevalence,205,Côte d'Ivoire,3,Both,27,Age-standardized,558,Mental disorders,2,Percent,2008,0.1189529674615745,0.128985344019431,0.1066486544152943
1,All Population,5,Prevalence,205,Côte d'Ivoire,3,Both,27,Age-standardized,558,Mental disorders,3,Rate,2008,11833.41011291187,12825.0452714778,10611.4613520967
1,All Population,5,Prevalence,184,Mozambique,3,Both,27,Age-standardized,558,Mental disorders,2,Percent,2009,0.1209511697240396,0.1325833118743613,0.1081503737445303
1,All Population,5,Prevalence,184,Mozambique,3,Both,27,Age-standardized,558,Mental disorders,3,Rate,2009,12030.19250473406,13190.47982761563,10753.50510062266
1,All Population,5,Prevalence,380,Palau,3,Both,27,Age-standardized,558,Mental disorders,2,Percent,2008,0.0999961772338883,0.1107215498628808,0.0878200824115078
1,All Population,5,Prevalence,380,Palau,3,Both,27,Age-standardized,558,Mental disorders,3,Rate,2008,9660.96479913166,10700.84412928303,8455.175305243
1,All Population,5,Prevalence,215,Sao Tome and Principe,3,Both,27,Age-standardized,558,Mental disorders,2,Percent,2009,0.115716082961221,0.1254068700649743,0.1042323026527595
1,All Population,5,Prevalence,215,Sao Tome and Principe,3,Both,27,Age-standardized,558,Mental disorders,3,Rate,2009,11513.79907449763,12473.94972573709,10386.76017625115
1,All Population,5,Prevalence,298,American Samoa,3,Both,27,Age-standardized,558,Mental disorders,2,Percent,2009,0.1018306005662915,0.113507231550313,0.0889540593260723
1,All Population,5,Prevalence,298,American Samoa,3,Both,27,Age-standardized,558,Mental disorders,3,Rate,2009,9810.516390374149,10908.97374597719,8554.12066015812
1,All Population,5,Prevalence,90,Norway,3,Both,27,Age-standardized,558,Mental disorders,2,Percent,2009,0.1396767492977845,0.1548552818472266,0.1246812364090701
1,All Population,5,Prevalence,90,Norway,3,Both,27,Age-standardized,558,Mental disorders,3,Rate,2009,12832.00659423994,14150.827956052159,11497.7290952943
1,All Population,5,Prevalence,77,Cyprus,3,Both,27,Age-standardized,558,Mental disorders,2,Percent,2009,0.1452310857497136,0.1559023072591686,0.1358658975399162
1,All Population,5,Prevalence,77,Cyprus,3,Both,27,Age-standardized,558,Mental disorders,3,Rate,2009,13484.156664310682,14449.71392479264,12633.330307620748
1,All Population,5,Prevalence,126,Costa Rica,3,Both,27,Age-standardized,558,Mental disorders,2,Percent,2009,0.1214281412737444,0.1312704988610727,0.1120377166138734
1,All Population,5,Prevalence,126,Costa Rica,3,Both,27,Age-standardized,558,Mental disorders,3,Rate,2009,11614.54265201439,12511.413823648629,10695.02075969985
1,All Population,5,Prevalence,17,Sri Lanka,3,Both,27,Age-standardized,558,Mental disorders,2,Percent,2009,0.0887659827403964,0.0975196661591291,0.0804693974671899
1,All Population,5,Prevalence,17,Sri Lanka,3,Both,27,Age-standardized,558,Mental disorders,3,Rate,2009,8582.02906264724,9422.64893702066,7784.05795612305
1,All Population,5,Prevalence,7,Democratic People's Republic of Korea,3,Both,27,Age-standardized,558,Mental disorders,2,Percent,2009,0.1005384564945136,0.1099646465986253,0.0913088499036331
1,All Population,5,Prevalence,7,Democratic People's Republic of Korea,3,Both,27,Age-standardized,558,Mental disorders,3,Rate,2009,9699.26299007391,10640.17397951665,8888.3784033829
1,All Population,5,Prevalence,37,Kyrgyzstan,3,Both,27,Age-standardized,558,Mental disorders,2,Percent,2009,0.1003204630452838,0.1118950135371158,0.0897516883667439
1,All Population,5,Prevalence,37,Kyrgyzstan,3,Both,27,Age-standardized,558,Mental disorders,3,Rate,2009,9705.23365400007,10838.90472329823,8666.362094834549
1,All Population,5,Prevalence,218,Togo,3,Both,27,Age-standardized,558,Mental disorders,2,Percent,2008,0.1380318323550781,0.1577380741738404,0.1183368954921641
1,All Population,5,Prevalence,218,Togo,3,Both,27,Age-standardized,558,Mental disorders,3,Rate,2008,13765.464924000078,15725.99005556456,11801.80485231425
1,All Population,5,Prevalence,141,Egypt,3,Both,27,Age-standardized,558,Mental disorders,2,Percent,2009,0.1366929974828564,0.1483208257366433,0.1238394812268925
1,All Population,5,Prevalence,141,Egypt,3,Both,27,Age-standardized,558,Mental disorders,3,Rate,2009,13282.475514867969,14392.50605145472,11977.886775351219
1,All Population,5,Prevalence,49,North Macedonia,3,Both,27,Age-standardized,558,Mental disorders,2,Percent,2009,0.1168009338680829,0.1302580174617817,0.1035555033588905
1,All Population,5,Prevalence,49,North Macedonia,3,Both,27,Age-standardized,558,Mental disorders,3,Rate,2009,11062.87215752782,12421.503993338729,9816.94789389467
1,All Population,5,Prevalence,22,Fiji,3,Both,27,Age-standardized,558,Mental disorders,2,Percent,2009,0.0968462473451914,0.1076177969491226,0.0845344780526372
1,All Population,5,Prevalence,22,Fiji,3,Both,27,Age-standardized,558,Mental disorders,3,Rate,2009,9508.470493113951,10544.08147880774,8292.14424153427
1,All Population,5,Prevalence,26,Papua New Guinea,3,Both,27,Age-standardized,558,Mental disorders,2,Percent,2009,0.0980170081219535,0.1090453124375462,0.085200984522418
1,All Population,5,Prevalence,26,Papua New Guinea,3,Both,27,Age-standardized,558,Mental disorders,3,Rate,2009,9740.96467535029,10829.60696864979,8463.78055673873
1,All Population,5,Prevalence,154,Tunisia,3,Both,27,Age-standardized,558,Mental disorders,2,Percent,2009,0.1432731643166419,0.1544013044447638,0.1313990701695715
1,All Population,5,Prevalence,154,Tunisia,3,Both,27,Age-standardized,558,Mental disorders,3,Rate,2009,13708.243694407902,14818.42977292328,12552.93214546485
1,All Population,5,Prevalence,67,Japan,3,Both,27,Age-standardized,558,Mental disorders,2,Percent,2009,0.1237655746457659,0.1366264159298251,0.110950129738733
1,All Population,5,Prevalence,67,Japan,3,Both,27,Age-standardized,558,Mental disorders,3,Rate,2009,11254.58111937018,12404.50146016171,10022.75421701055
1,All Population,5,Prevalence,52,Romania,3,Both,27,Age-standardized,558,Mental disorders,2,Percent,2009,0.1125522864616337,0.1257454010855552,0.099884817683412
1,All Population,5,Prevalence,52,Romania,3,Both,27,Age-standardized,558,Mental disorders,3,Rate,2009,10751.07057868792,12026.66235946077,9572.03396280782
1,All Population,5,Prevalence,84,Ireland,3,Both,27,Age-standardized,558,Mental disorders,2,Percent,2009,0.1540645780073398,0.1684978654611964,0.1393467422956146
1,All Population,5,Prevalence,84,Ireland,3,Both,27,Age-standardized,558,Mental disorders,3,Rate,2009,14226.583285943181,15497.423766221671,12896.681598286492
1,All Population,5,Prevalence,20,Viet Nam,3,Both,27,Age-standardized,558,Mental disorders,2,Percent,2008,0.0764898729116822,0.083519668026192,0.069420079325237
1,All Population,5,Prevalence,20,Viet Nam,3,Both,27,Age-standardized,558,Mental disorders,3,Rate,2008,7549.52931474316,8241.24661696663,6857.02106766885
1,All Population,5,Prevalence,171,Democratic Republic of the Congo,3,Both,27,Age-standardized,558,Mental disorders,2,Percent,2009,0.128386296256025,0.1437396725726992,0.1124338331980872
1,All Population,5,Prevalence,171,Democratic Republic of the Congo,3,Both,27,Age-standardized,558,Mental disorders,3,Rate,2009,12826.09147008208,14359.541257560679,11237.56755572113
1,All Population,5,Prevalence,12,Lao People's Democratic Republic,3,Both,27,Age-standardized,558,Mental disorders,2,Percent,2007,0.0797382503599851,0.089417488338503,0.0713789725338115
1,All Population,5,Prevalence,12,Lao People's Democratic Republic,3,Both,27,Age-standardized,558,Mental disorders,3,Rate,2007,7838.86752906114,8782.97710647922,7023.017457785189
1,All Population,5,Prevalence,109,Cuba,3,Both,27,Age-standardized,558,Mental disorders,2,Percent,2009,0.1596935436580845,0.1741605781639614,0.1439208689125353
1,All Population,5,Prevalence,109,Cuba,3,Both,27,Age-standardized,558,Mental disorders,3,Rate,2009,15465.371664498382,16866.83368564638,13922.363397683199
1,All Population,5,Prevalence,80,France,3,Both,27,Age-standardized,558,Mental disorders,2,Percent,2008,0.1605126167997444,0.1756852473334189,0.1453373817987029
1,All Population,5,Prevalence,80,France,3,Both,27,Age-standardized,558,Mental disorders,3,Rate,2008,14547.7871304106,15863.624125816881,13155.97802038968
1,All Population,5,Prevalence,18,Thailand,3,Both,27,Age-standardized,558,Mental disorders,2,Percent,2009,0.086109279076839,0.0953856262262112,0.0778449234308255
1,All Population,5,Prevalence,18,Thailand,3,Both,27,Age-standardized,558,Mental disorders,3,Rate,2009,8289.67811132877,9182.08740579572,7495.657062036309
1,All Population,5,Prevalence,112,Grenada,3,Both,27,Age-standardized,558,Mental disorders,2,Percent,2008,0.1432076957582594,0.1558889036217347,0.1292807195292731
1,All Population,5,Prevalence,112,Grenada,3,Both,27,Age-standardized,558,Mental disorders,3,Rate,2008,13877.5161298646,15089.22261294294,12519.91556069163
1,All Population,5,Prevalence,23,Kiribati,3,Both,27,Age-standardized,558,Mental disorders,2,Percent,2007,0.0997614752684008,0.1112280252480912,0.087000973233933
1,All Population,5,Prevalence,23,Kiribati,3,Both,27,Age-standardized,558,Mental disorders,3,Rate,2007,9899.54488286364,11024.55131542504,8667.4334119861
1,All Population,5,Prevalence,14,Maldives,3,Both,27,Age-standardized,558,Mental disorders,2,Percent,2009,0.0833198433845342,0.0913018789179263,0.0758250886931125
1,All Population,5,Prevalence,14,Maldives,3,Both,27,Age-standardized,558,Mental disorders,3,Rate,2009,8042.53821683609,8805.518452033879,7346.05947583975
1,All Population,5,Prevalence,66,Brunei Darussalam,3,Both,27,Age-standardized,558,Mental disorders,2,Percent,2009,0.1188778147622455,0.1311595771712735,0.1080638038615529
1,All Population,5,Prevalence,66,Brunei Darussalam,3,Both,27,Age-standardized,558,Mental disorders,3,Rate,2009,11029.604195434351,12154.39554483963,9969.14900430063
1,All Population,5,Prevalence,6,China,3,Both,27,Age-standardized,558,Mental disorders,2,Percent,2007,0.1182029087864271,0.1285659298290145,0.1087969677628347
1,All Population,5,Prevalence,6,China,3,Both,27,Age-standardized,558,Mental disorders,3,Rate,2007,11307.345149401319,12319.66982329292,10414.14351952266
1,All Population,5,Prevalence,29,Tonga,3,Both,27,Age-standardized,558,Mental disorders,2,Percent,2009,0.1125105014099611,0.1315676205260407,0.0940669408029125
1,All Population,5,Prevalence,29,Tonga,3,Both,27,Age-standardized,558,Mental disorders,3,Rate,2009,10912.50953224026,12752.108344434952,9112.64713787383
1,All Population,5,Prevalence,59,Latvia,3,Both,27,Age-standardized,558,Mental disorders,2,Percent,2009,0.1211454676509799,0.1322463651297273,0.1102919586030218
1,All Population,5,Prevalence,59,Latvia,3,Both,27,Age-standardized,558,Mental disorders,3,Rate,2009,11295.21695226429,12262.66981287705,10295.4395722485
1,All Population,5,Prevalence,76,Belgium,3,Both,27,Age-standardized,558,Mental disorders,2,Percent,2009,0.1427310769567444,0.1570774707081223,0.1280366109937329
1,All Population,5,Prevalence,76,Belgium,3,Both,27,Age-standardized,558,Mental disorders,3,Rate,2009,13016.321584347981,14291.00199623368,11638.84938250646
1,All Population,5,Prevalence,44,Bosnia and Herzegovina,3,Both,27,Age-standardized,558,Mental disorders,2,Percent,2009,0.12416881724934,0.1382464947663698,0.1092758032315564
1,All Population,5,Prevalence,44,Bosnia and Herzegovina,3,Both,27,Age-standardized,558,Mental disorders,3,Rate,2009,11819.0393722979,13158.629452791609,10377.75889337276
1,All Population,5,Prevalence,91,Portugal,3,Both,27,Age-standardized,558,Mental disorders,2,Percent,2009,0.1790352265703572,0.2004514869909305,0.1579840447831784
1,All Population,5,Prevalence,91,Portugal,3,Both,27,Age-standardized,558,Mental disorders,3,Rate,2009,16429.86516545952,18327.62892766878,14410.271960160171
1,All Population,5,Prevalence,189,United Republic of Tanzania,3,Both,27,Age-standardized,558,Mental disorders,2,Percent,2009,0.1024745930128591,0.1116995960005656,0.0927665653285503
1,All Population,5,Prevalence,189,United Republic of Tanzania,3,Both,27,Age-standardized,558,Mental disorders,3,Rate,2009,10158.19822200198,11071.02939480408,9201.726652096411
1,All Population,5,Prevalence,351,Guam,3,Both,27,Age-standardized,558,Mental disorders,2,Percent,2009,0.1036541432249344,0.1152331428493166,0.0904489571111714
1,All Population,5,Prevalence,351,Guam,3,Both,27,Age-standardized,558,Mental disorders,3,Rate,2009,9916.45212766075,11032.416553057079,8624.49559216644
1,All Population,5,Prevalence,422,United States Virgin Islands,3,Both,27,Age-standardized,558,Mental disorders,2,Percent,2009,0.1446981977155832,0.1584517731851077,0.1313779849239484
1,All Population,5,Prevalence,422,United States Virgin Islands,3,Both,27,Age-standardized,558,Mental disorders,3,Rate,2009,13805.64520818913,15047.269551230711,12498.74297259071
1,All Population,5,Prevalence,202,Cameroon,3,Both,27,Age-standardized,558,Mental disorders,2,Percent,2009,0.1245171608938715,0.1352732360354809,0.1119637734733674
1,All Population,5,Prevalence,202,Cameroon,3,Both,27,Age-standardized,558,Mental disorders,3,Rate,2009,12354.993227510799,13418.022989876219,11107.114146467
1,All Population,5,Prevalence,11,Indonesia,3,Both,27,Age-standardized,558,Mental disorders,2,Percent,2009,0.0807574138069595,0.0897495897077049,0.0728609333085355
1,All Population,5,Prevalence,11,Indonesia,3,Both,27,Age-standardized,558,Mental disorders,3,Rate,2009,7916.59037543512,8791.5571942608,7134.8239400250895
1,All Population,5,Prevalence,127,El Salvador,3,Both,27,Age-standardized,558,Mental disorders,2,Percent,2008,0.1152261882323453,0.1241683482908255,0.1066445232426003
1,All Population,5,Prevalence,127,El Salvador,3,Both,27,Age-standardized,558,Mental disorders,3,Rate,2008,11133.102348324881,12002.84752574745,10282.02313108284
1,All Population,5,Prevalence,396,San Marino,3,Both,27,Age-standardized,558,Mental disorders,2,Percent,2008,0.1416662273661601,0.1519377599162867,0.1326384436784185
1,All Population,5,Prevalence,396,San Marino,3,Both,27,Age-standardized,558,Mental disorders,3,Rate,2008,12964.727081108298,13850.07450832392,12165.02609434288
1,All Population,5,Prevalence,217,Sierra Leone,3,Both,27,Age-standardized,558,Mental disorders,2,Percent,2009,0.1239276989190932,0.1347178337412293,0.1111984269745394
1,All Population,5,Prevalence,217,Sierra Leone,3,Both,27,Age-standardized,558,Mental disorders,3,Rate,2009,12347.728263886711,13423.307422669432,11088.73424645192
1,All Population,5,Prevalence,39,Tajikistan,3,Both,27,Age-standardized,558,Mental disorders,2,Percent,2009,0.1051279583362341,0.1176224460603868,0.0934320878070449
1,All Population,5,Prevalence,39,Tajikistan,3,Both,27,Age-standardized,558,Mental disorders,3,Rate,2009,10183.13713574785,11419.134216572751,9042.1116386344
1,All Population,5,Prevalence,36,Kazakhstan,3,Both,27,Age-standardized,558,Mental disorders,2,Percent,2007,0.1001237524194692,0.1108961715513322,0.0904361928472453
1,All Population,5,Prevalence,36,Kazakhstan,3,Both,27,Age-standardized,558,Mental disorders,3,Rate,2007,9615.82583471159,10622.75343243603,8655.72943818561
1,All Population,5,Prevalence,114,Haiti,3,Both,27,Age-standardized,558,Mental disorders,2,Percent,2009,0.1433056587780496,0.1564486676294221,0.1280865944503344
1,All Population,5,Prevalence,114,Haiti,3,Both,27,Age-standardized,558,Mental disorders,3,Rate,2009,14138.20026880763,15458.99277504608,12636.24894750065
1,All Population,5,Prevalence,74,Andorra,3,Both,27,Age-standardized,558,Mental disorders,2,Percent,2009,0.1419818726148725,0.1525227577146551,0.133133289819709
1,All Population,5,Prevalence,74,Andorra,3,Both,27,Age-standardized,558,Mental disorders,3,Rate,2009,12995.555946771989,13909.54510990417,12165.57948509852
1,All Population,5,Prevalence,82,Greece,3,Both,27,Age-standardized,558,Mental disorders,2,Percent,2009,0.1586066257501464,0.1739265997744093,0.1425011806182961
1,All Population,5,Prevalence,82,Greece,3,Both,27,Age-standardized,558,Mental disorders,3,Rate,2009,14744.426408719999,16106.505912802671,13187.532470875522
1,All Population,5,Prevalence,25,Micronesia (Federated States of),3,Both,27,Age-standardized,558,Mental disorders,2,Percent,2007,0.097462679559691,0.1077459938356354,0.0854454598320122
1,All Population,5,Prevalence,25,Micronesia (Federated States of),3,Both,27,Age-standardized,558,Mental disorders,3,Rate,2007,9587.188131426989,10603.32976589276,8427.04458631061
1,All Population,5,Prevalence,8,Taiwan,3,Both,27,Age-standardized,558,Mental disorders,2,Percent,2007,0.0959449299756177,0.1046020945038881,0.0878043885553083
1,All Population,5,Prevalence,8,Taiwan,3,Both,27,Age-standardized,558,Mental disorders,3,Rate,2007,9056.31714195568,9848.3953286802,8287.932320970629
1,All Population,5,Prevalence,51,Poland,3,Both,27,Age-standardized,558,Mental disorders,2,Percent,2007,0.113574051499263,0.1258607415593601,0.102032529108991
1,All Population,5,Prevalence,51,Poland,3,Both,27,Age-standardized,558,Mental disorders,3,Rate,2007,10741.9377617183,11929.79456857014,9687.11841440046
1,All Population,5,Prevalence,69,Singapore,3,Both,27,Age-standardized,558,Mental disorders,2,Percent,2009,0.1117437016553002,0.1231502706756809,0.1019146711149058
1,All Population,5,Prevalence,69,Singapore,3,Both,27,Age-standardized,558,Mental disorders,3,Rate,2009,10036.017291566219,11047.67310400563,9143.60832210132
1,All Population,5,Prevalence,86,Italy,3,Both,27,Age-standardized,558,Mental disorders,2,Percent,2009,0.1293780686899848,0.1426574689064199,0.115450544487773
1,All Population,5,Prevalence,86,Italy,3,Both,27,Age-standardized,558,Mental disorders,3,Rate,2009,11873.7127199492,13094.62363685534,10617.066186498101
1,All Population,5,Prevalence,112,Grenada,3,Both,27,Age-standardized,558,Mental disorders,2,Percent,2009,0.1434862778677945,0.1569499633075769,0.1292912052042347
1,All Population,5,Prevalence,112,Grenada,3,Both,27,Age-standardized,558,Mental disorders,3,Rate,2009,13894.13190642996,15157.70033594,12516.36239196757
1,All Population,5,Prevalence,99,Uruguay,3,Both,27,Age-standardized,558,Mental disorders,2,Percent,2009,0.1509248704767225,0.1664128220168609,0.1346356998676104
1,All Population,5,Prevalence,99,Uruguay,3,Both,27,Age-standardized,558,Mental disorders,3,Rate,2009,14207.417437176451,15612.69821669749,12698.74598497212
1,All Population,5,Prevalence,131,Nicaragua,3,Both,27,Age-standardized,558,Mental disorders,2,Percent,2009,0.1202850101453253,0.1300515743122187,0.1112288340803679
1,All Population,5,Prevalence,131,Nicaragua,3,Both,27,Age-standardized,558,Mental disorders,3,Rate,2009,11679.6618141059,12613.536986869358,10801.30751683265
1,All Population,5,Prevalence,106,Bahamas,3,Both,27,Age-standardized,558,Mental disorders,2,Percent,2009,0.1461064071648734,0.1594246020453695,0.1320231353635027
1,All Population,5,Prevalence,106,Bahamas,3,Both,27,Age-standardized,558,Mental disorders,3,Rate,2009,14073.17322471598,15341.91529326804,12730.464423727739
1,All Population,5,Prevalence,24,Marshall Islands,3,Both,27,Age-standardized,558,Mental disorders,2,Percent,2009,0.098578198443434,0.1093161353286812,0.0855981697546067
1,All Population,5,Prevalence,24,Marshall Islands,3,Both,27,Age-standardized,558,Mental disorders,3,Rate,2009,9677.93519377317,10717.31048185725,8402.319605797611
1,All Population,5,Prevalence,38,Mongolia,3,Both,27,Age-standardized,558,Mental disorders,2,Percent,2007,0.1082871455967057,0.1205762280286985,0.0972811318662671
1,All Population,5,Prevalence,38,Mongolia,3,Both,27,Age-standardized,558,Mental disorders,3,Rate,2007,10440.855344308291,11618.42258221969,9383.831762707548
1,All Population,5,Prevalence,156,United Arab Emirates,3,Both,27,Age-standardized,558,Mental disorders,2,Percent,2009,0.1157792644543755,0.1250342048342206,0.1046986489470317
1,All Population,5,Prevalence,156,United Arab Emirates,3,Both,27,Age-standardized,558,Mental disorders,3,Rate,2009,11127.78081193131,12029.63010978722,10067.92651286845
1,All Population,5,Prevalence,19,Timor-Leste,3,Both,27,Age-standardized,558,Mental disorders,2,Percent,2009,0.086111039496334,0.0962816033238376,0.0770231625661549
1,All Population,5,Prevalence,19,Timor-Leste,3,Both,27,Age-standardized,558,Mental disorders,3,Rate,2009,8489.42367208706,9492.47604517724,7596.92679767289
1,All Population,5,Prevalence,143,Iraq,3,Both,27,Age-standardized,558,Mental disorders,2,Percent,2009,0.1344290678593822,0.1457298438507162,0.1221426665555403
1,All Population,5,Prevalence,143,Iraq,3,Both,27,Age-standardized,558,Mental disorders,3,Rate,2009,13053.967898403029,14109.51244500808,11889.40444621681
1,All Population,5,Prevalence,72,New Zealand,3,Both,27,Age-standardized,558,Mental disorders,2,Percent,2007,0.1958707514084783,0.2131040199662593,0.1796288411325321
1,All Population,5,Prevalence,72,New Zealand,3,Both,27,Age-standardized,558,Mental disorders,3,Rate,2007,17957.553664307598,19526.51776723997,16482.226809692093
1,All Population,5,Prevalence,27,Samoa,3,Both,27,Age-standardized,558,Mental disorders,2,Percent,2007,0.0980660060351078,0.1083237818278117,0.0860004801848283
1,All Population,5,Prevalence,27,Samoa,3,Both,27,Age-standardized,558,Mental disorders,3,Rate,2007,9548.00423364342,10554.768165226,8375.81003587764
1,All Population,5,Prevalence,10,Cambodia,3,Both,27,Age-standardized,558,Mental disorders,2,Percent,2007,0.090021373226659,0.0984476390735171,0.0817255453334189
1,All Population,5,Prevalence,10,Cambodia,3,Both,27,Age-standardized,558,Mental disorders,3,Rate,2007,8887.46387489737,9730.72114755023,8095.432374907529
1,All Population,5,Prevalence,79,Finland,3,Both,27,Age-standardized,558,Mental disorders,2,Percent,2009,0.1259521769642728,0.1377680671939395,0.1132258554303588
1,All Population,5,Prevalence,79,Finland,3,Both,27,Age-standardized,558,Mental disorders,3,Rate,2009,11583.20147119998,12677.24507888082,10417.70726576414
1,All Population,5,Prevalence,178,Eritrea,3,Both,27,Age-standardized,558,Mental disorders,2,Percent,2009,0.1102566926314021,0.1202885648154654,0.0997205922853548
1,All Population,5,Prevalence,178,Eritrea,3,Both,27,Age-standardized,558,Mental disorders,3,Rate,2009,10846.541528413629,11802.6113941557,9803.505757174109
1,All Population,5,Prevalence,53,Serbia,3,Both,27,Age-standardized,558,Mental disorders,2,Percent,2007,0.1271380302821616,0.1413867674865642,0.1126082252802861
1,All Population,5,Prevalence,53,Serbia,3,Both,27,Age-standardized,558,Mental disorders,3,Rate,2007,12180.30163665997,13541.80592442535,10844.01138163176
1,All Population,5,Prevalence,68,Republic of Korea,3,Both,27,Age-standardized,558,Mental disorders,2,Percent,2007,0.1228731038862092,0.13407607609056,0.1110356721913103
1,All Population,5,Prevalence,68,Republic of Korea,3,Both,27,Age-standardized,558,Mental disorders,3,Rate,2007,11390.048809230198,12419.879630239531,10302.469188953959
1,All Population,5,Prevalence,83,Iceland,3,Both,27,Age-standardized,558,Mental disorders,2,Percent,2007,0.1408608458361367,0.1510271255047879,0.1316160669301573
1,All Population,5,Prevalence,83,Iceland,3,Both,27,Age-standardized,558,Mental disorders,3,Rate,2007,13029.597328337712,13961.383957354179,12177.07838417141
1,All Population,5,Prevalence,28,Solomon Islands,3,Both,27,Age-standardized,558,Mental disorders,2,Percent,2010,0.1004988552078252,0.1119496991359425,0.0878244098717517
1,All Population,5,Prevalence,28,Solomon Islands,3,Both,27,Age-standardized,558,Mental disorders,3,Rate,2010,9892.78214339154,11024.54136025497,8624.27134731416
1,All Population,5,Prevalence,13,Malaysia,3,Both,27,Age-standardized,558,Mental disorders,2,Percent,2010,0.0873482024936172,0.0953258273210265,0.0797047655033733
1,All Population,5,Prevalence,13,Malaysia,3,Both,27,Age-standardized,558,Mental disorders,3,Rate,2010,8407.335954566,9166.53166089763,7687.4883967836895
1,All Population,5,Prevalence,173,Gabon,3,Both,27,Age-standardized,558,Mental disorders,2,Percent,2009,0.131272904740956,0.145649208471776,0.1163180301010528
1,All Population,5,Prevalence,173,Gabon,3,Both,27,Age-standardized,558,Mental disorders,3,Rate,2009,13016.40259096247,14428.353804577659,11541.29215222985
1,All Population,5,Prevalence,111,Dominican Republic,3,Both,27,Age-standardized,558,Mental disorders,2,Percent,2009,0.1562270219566325,0.1705266045187253,0.1402361493420643
1,All Population,5,Prevalence,111,Dominican Republic,3,Both,27,Age-standardized,558,Mental disorders,3,Rate,2009,15164.60296494177,16525.87678504112,13589.09249261821
1,All Population,5,Prevalence,136,Paraguay,3,Both,27,Age-standardized,558,Mental disorders,2,Percent,2009,0.1514890257297167,0.1633120188570197,0.1389712545092749
1,All Population,5,Prevalence,136,Paraguay,3,Both,27,Age-standardized,558,Mental disorders,3,Rate,2009,14677.856807774539,15811.06173357928,13468.52843227656
1,All Population,5,Prevalence,123,Peru,3,Both,27,Age-standardized,558,Mental disorders,2,Percent,2009,0.1528964882464339,0.1665824385885313,0.1384679732627686
1,All Population,5,Prevalence,123,Peru,3,Both,27,Age-standardized,558,Mental disorders,3,Rate,2009,15013.079154192741,16346.935476401259,13599.77303818725
1,All Population,5,Prevalence,17,Sri Lanka,3,Both,27,Age-standardized,558,Mental disorders,2,Percent,2010,0.0891579816332511,0.0985859505600459,0.0807860152733009
1,All Population,5,Prevalence,17,Sri Lanka,3,Both,27,Age-standardized,558,Mental disorders,3,Rate,2010,8613.1099491717,9516.37239272405,7809.819614605421
1,All Population,5,Prevalence,45,Bulgaria,3,Both,27,Age-standardized,558,Mental disorders,2,Percent,2010,0.1119300456293913,0.1252875021615804,0.1005495229077446
1,All Population,5,Prevalence,45,Bulgaria,3,Both,27,Age-standardized,558,Mental disorders,3,Rate,2010,10656.375906117239,11947.81127244324,9570.33497423717
1,All Population,5,Prevalence,40,Turkmenistan,3,Both,27,Age-standardized,558,Mental disorders,2,Percent,2007,0.1025612624349,0.1137658388201877,0.0919959941382467
1,All Population,5,Prevalence,40,Turkmenistan,3,Both,27,Age-standardized,558,Mental disorders,3,Rate,2007,9787.433973936098,10857.50367669292,8801.76070180024
1,All Population,5,Prevalence,98,Chile,3,Both,27,Age-standardized,558,Mental disorders,2,Percent,2007,0.1558384526067333,0.1737057035956401,0.1399564870065953
1,All Population,5,Prevalence,98,Chile,3,Both,27,Age-standardized,558,Mental disorders,3,Rate,2007,14848.22369833303,16452.00875353726,13322.58687472149
1,All Population,5,Prevalence,54,Slovakia,3,Both,27,Age-standardized,558,Mental disorders,2,Percent,2009,0.1152646539496326,0.1280222147171183,0.1026134354756916
1,All Population,5,Prevalence,54,Slovakia,3,Both,27,Age-standardized,558,Mental disorders,3,Rate,2009,10905.09926118912,12184.92282842301,9675.79799696981
1,All Population,5,Prevalence,176,Comoros,3,Both,27,Age-standardized,558,Mental disorders,2,Percent,2009,0.1093050179480631,0.1195617175912047,0.0986165784303174
1,All Population,5,Prevalence,176,Comoros,3,Both,27,Age-standardized,558,Mental disorders,3,Rate,2009,10714.49912733555,11723.73962303836,9660.5417326439
1,All Population,5,Prevalence,144,Jordan,3,Both,27,Age-standardized,558,Mental disorders,2,Percent,2009,0.1312653415255191,0.1407033636508613,0.1203768416975457
1,All Population,5,Prevalence,144,Jordan,3,Both,27,Age-standardized,558,Mental disorders,3,Rate,2009,12584.09992347754,13544.80584521482,11516.904420708559
1,All Population,5,Prevalence,55,Slovenia,3,Both,27,Age-standardized,558,Mental disorders,2,Percent,2007,0.1288964703049183,0.1430685820771601,0.1141533964564452
1,All Population,5,Prevalence,55,Slovenia,3,Both,27,Age-standardized,558,Mental disorders,3,Rate,2007,12149.870022372821,13560.07660753811,10790.5781366425
1,All Population,5,Prevalence,71,Australia,3,Both,27,Age-standardized,558,Mental disorders,2,Percent,2009,0.1873006523160271,0.2004941510040465,0.1760112705678654
1,All Population,5,Prevalence,71,Australia,3,Both,27,Age-standardized,558,Mental disorders,3,Rate,2009,17152.27841727649,18383.33015177471,16107.379975178172
1,All Population,5,Prevalence,151,Qatar,3,Both,27,Age-standardized,558,Mental disorders,2,Percent,2009,0.1146438186799176,0.1233310248638938,0.1050063422205423
1,All Population,5,Prevalence,151,Qatar,3,Both,27,Age-standardized,558,Mental disorders,3,Rate,2009,10962.7103041058,11789.827659510289,10016.75132601588
1,All Population,5,Prevalence,168,Angola,3,Both,27,Age-standardized,558,Mental disorders,2,Percent,2009,0.1447803692713595,0.161378606097067,0.1274373688928851
1,All Population,5,Prevalence,168,Angola,3,Both,27,Age-standardized,558,Mental disorders,3,Rate,2009,14358.09320169634,16012.05368247322,12653.17142513807
1,All Population,5,Prevalence,20,Viet Nam,3,Both,27,Age-standardized,558,Mental disorders,2,Percent,2009,0.0773217383699559,0.0844189090332055,0.0701007110736369
1,All Population,5,Prevalence,20,Viet Nam,3,Both,27,Age-standardized,558,Mental disorders,3,Rate,2009,7626.26016943945,8322.798944911481,6916.050596260449
1,All Population,5,Prevalence,16,Philippines,3,Both,27,Age-standardized,558,Mental disorders,2,Percent,2009,0.087335634654033,0.0960708640350966,0.0798697212252823
1,All Population,5,Prevalence,16,Philippines,3,Both,27,Age-standardized,558,Mental disorders,3,Rate,2009,8477.71879297046,9315.187762154561,7748.46145488398
1,All Population,5,Prevalence,117,Saint Vincent and the Grenadines,3,Both,27,Age-standardized,558,Mental disorders,2,Percent,2007,0.1426103223752962,0.1549864477750455,0.1293274717791347
1,All Population,5,Prevalence,117,Saint Vincent and the Grenadines,3,Both,27,Age-standardized,558,Mental disorders,3,Rate,2007,13846.97175307096,15078.02434705233,12543.13516341856
1,All Population,5,Prevalence,204,Chad,3,Both,27,Age-standardized,558,Mental disorders,2,Percent,2009,0.1287366035453897,0.138960557699595,0.1152607719643623
1,All Population,5,Prevalence,204,Chad,3,Both,27,Age-standardized,558,Mental disorders,3,Rate,2009,12810.1029648861,13848.864763093361,11485.53720443977
1,All Population,5,Prevalence,198,Zimbabwe,3,Both,27,Age-standardized,558,Mental disorders,2,Percent,2009,0.114844027789817,0.1257483517500166,0.1015392040741034
1,All Population,5,Prevalence,198,Zimbabwe,3,Both,27,Age-standardized,558,Mental disorders,3,Rate,2009,11241.23130474216,12290.87066809347,9931.71754195288
1,All Population,5,Prevalence,41,Uzbekistan,3,Both,27,Age-standardized,558,Mental disorders,2,Percent,2009,0.1040155206918458,0.1158625627602171,0.0928577674308944
1,All Population,5,Prevalence,41,Uzbekistan,3,Both,27,Age-standardized,558,Mental disorders,3,Rate,2009,9997.3096624642,11153.05208820661,8937.5405935821
1,All Population,5,Prevalence,60,Lithuania,3,Both,27,Age-standardized,558,Mental disorders,2,Percent,2010,0.1225822272813358,0.1354928479106086,0.1083148096389525
1,All Population,5,Prevalence,60,Lithuania,3,Both,27,Age-standardized,558,Mental disorders,3,Rate,2010,11628.53487027971,12851.44099191845,10230.50998495178
1,All Population,5,Prevalence,85,Israel,3,Both,27,Age-standardized,558,Mental disorders,2,Percent,2007,0.139088641208582,0.1504318725566866,0.1270507777634958
1,All Population,5,Prevalence,85,Israel,3,Both,27,Age-standardized,558,Mental disorders,3,Rate,2007,12927.254815826082,13964.858116208601,11746.34683062373
1,All Population,5,Prevalence,194,Lesotho,3,Both,27,Age-standardized,558,Mental disorders,2,Percent,2009,0.1033795060597303,0.1121973869053197,0.0931438738760286
1,All Population,5,Prevalence,194,Lesotho,3,Both,27,Age-standardized,558,Mental disorders,3,Rate,2009,10277.566115965179,11156.10029749584,9260.19637529531
1,All Population,5,Prevalence,207,Ghana,3,Both,27,Age-standardized,558,Mental disorders,2,Percent,2009,0.1191548417039435,0.1281870548909936,0.1076336756963047
1,All Population,5,Prevalence,207,Ghana,3,Both,27,Age-standardized,558,Mental disorders,3,Rate,2009,11837.833728979811,12740.53011360004,10689.32914614336
1,All Population,5,Prevalence,161,Bangladesh,3,Both,27,Age-standardized,558,Mental disorders,2,Percent,2009,0.1138715624481171,0.1266925524399687,0.1006026122747758
1,All Population,5,Prevalence,161,Bangladesh,3,Both,27,Age-standardized,558,Mental disorders,3,Rate,2009,11138.28686029527,12395.64546374723,9854.07059843294
1,All Population,5,Prevalence,170,Congo,3,Both,27,Age-standardized,558,Mental disorders,2,Percent,2009,0.1358335940491955,0.1495801842854777,0.1204815965794058
1,All Population,5,Prevalence,170,Congo,3,Both,27,Age-standardized,558,Mental disorders,3,Rate,2009,13491.967262016999,14827.98364299599,11984.02124035594
1,All Population,5,Prevalence,201,Burkina Faso,3,Both,27,Age-standardized,558,Mental disorders,2,Percent,2009,0.1259671425277271,0.1370171039958851,0.1132256157022904
1,All Population,5,Prevalence,201,Burkina Faso,3,Both,27,Age-standardized,558,Mental disorders,3,Rate,2009,12562.48243775147,13667.873053875071,11292.38833022062
1,All Population,5,Prevalence,33,Armenia,3,Both,27,Age-standardized,558,Mental disorders,2,Percent,2009,0.1317207040727884,0.1457945085869603,0.116611086592017
1,All Population,5,Prevalence,33,Armenia,3,Both,27,Age-standardized,558,Mental disorders,3,Rate,2009,12524.12958630025,13885.871263195078,11094.30364078917
1,All Population,5,Prevalence,93,Sweden,3,Both,27,Age-standardized,558,Mental disorders,2,Percent,2009,0.1366426161497839,0.1467830352248026,0.1269697938960977
1,All Population,5,Prevalence,93,Sweden,3,Both,27,Age-standardized,558,Mental disorders,3,Rate,2009,12555.788827446291,13434.767110437559,11687.31319461095
1,All Population,5,Prevalence,214,Nigeria,3,Both,27,Age-standardized,558,Mental disorders,2,Percent,2009,0.1136029995028607,0.1233678241444786,0.1031989122866884
1,All Population,5,Prevalence,214,Nigeria,3,Both,27,Age-standardized,558,Mental disorders,3,Rate,2009,11292.89131289655,12262.70301471674,10267.3595611649
1,All Population,5,Prevalence,183,Mauritius,3,Both,27,Age-standardized,558,Mental disorders,2,Percent,2009,0.0959225502300628,0.1071561384136969,0.0857612424823581
1,All Population,5,Prevalence,183,Mauritius,3,Both,27,Age-standardized,558,Mental disorders,3,Rate,2009,9305.11088666265,10373.05229331175,8326.14775340728
1,All Population,5,Prevalence,128,Guatemala,3,Both,27,Age-standardized,558,Mental disorders,2,Percent,2007,0.1218080279606327,0.1310768405927304,0.1116959963840247
1,All Population,5,Prevalence,128,Guatemala,3,Both,27,Age-standardized,558,Mental disorders,3,Rate,2007,11898.923265312029,12798.91084694117,10897.51336089513
1,All Population,5,Prevalence,116,Saint Lucia,3,Both,27,Age-standardized,558,Mental disorders,2,Percent,2009,0.1442221222288092,0.1574999656653813,0.1303325111346709
1,All Population,5,Prevalence,116,Saint Lucia,3,Both,27,Age-standardized,558,Mental disorders,3,Rate,2009,13938.373933991199,15201.52189253244,12548.9315628338
1,All Population,5,Prevalence,133,Venezuela (Bolivarian Republic of),3,Both,27,Age-standardized,558,Mental disorders,2,Percent,2009,0.1271277304254712,0.1401321001047324,0.114268465088152
1,All Population,5,Prevalence,133,Venezuela (Bolivarian Republic of),3,Both,27,Age-standardized,558,Mental disorders,3,Rate,2009,12343.93562503815,13579.543857499752,11092.83967120072
1,All Population,5,Prevalence,57,Belarus,3,Both,27,Age-standardized,558,Mental disorders,2,Percent,2007,0.1161438285818684,0.127592577456314,0.104943905967883
1,All Population,5,Prevalence,57,Belarus,3,Both,27,Age-standardized,558,Mental disorders,3,Rate,2007,10888.89866840449,12001.33190686942,9790.48925945646
1,All Population,5,Prevalence,46,Croatia,3,Both,27,Age-standardized,558,Mental disorders,2,Percent,2009,0.1261907886199817,0.1408042146321922,0.110815436680794
1,All Population,5,Prevalence,46,Croatia,3,Both,27,Age-standardized,558,Mental disorders,3,Rate,2009,12032.34503975031,13490.647006796798,10636.17275669857
1,All Population,5,Prevalence,113,Guyana,3,Both,27,Age-standardized,558,Mental disorders,2,Percent,2007,0.138777141099489,0.1510551887816564,0.1256437098231999
1,All Population,5,Prevalence,113,Guyana,3,Both,27,Age-standardized,558,Mental disorders,3,Rate,2007,13579.903046335521,14800.333351760919,12285.39365022803
1,All Population,5,Prevalence,393,Saint Kitts and Nevis,3,Both,27,Age-standardized,558,Mental disorders,2,Percent,2009,0.1456905395683218,0.159132578591259,0.1318208188801377
1,All Population,5,Prevalence,393,Saint Kitts and Nevis,3,Both,27,Age-standardized,558,Mental disorders,3,Rate,2009,13969.22984191565,15242.193748483322,12647.416096571571
1,All Population,5,Prevalence,61,Republic of Moldova,3,Both,27,Age-standardized,558,Mental disorders,2,Percent,2009,0.1187015268056041,0.13063473869961,0.1059063971517799
1,All Population,5,Prevalence,61,Republic of Moldova,3,Both,27,Age-standardized,558,Mental disorders,3,Rate,2009,11189.90870957322,12314.90778405057,10048.32243256152
1,All Population,5,Prevalence,78,Denmark,3,Both,27,Age-standardized,558,Mental disorders,2,Percent,2009,0.1358251518512149,0.1452371485354663,0.1265546250450604
1,All Population,5,Prevalence,78,Denmark,3,Both,27,Age-standardized,558,Mental disorders,3,Rate,2009,12370.398863251621,13235.231831930741,11555.93712059346
1,All Population,5,Prevalence,88,Malta,3,Both,27,Age-standardized,558,Mental disorders,2,Percent,2009,0.1518583334318968,0.1633756236145701,0.1420680014206928
1,All Population,5,Prevalence,88,Malta,3,Both,27,Age-standardized,558,Mental disorders,3,Rate,2009,13972.33861133205,14986.841188027389,13102.85153869899
1,All Population,5,Prevalence,129,Honduras,3,Both,27,Age-standardized,558,Mental disorders,2,Percent,2009,0.1127994367041101,0.1221015994192965,0.1039385717572954
1,All Population,5,Prevalence,129,Honduras,3,Both,27,Age-standardized,558,Mental disorders,3,Rate,2009,11045.601819769301,11968.77979673676,10171.63529915993
1,All Population,5,Prevalence,180,Kenya,3,Both,27,Age-standardized,558,Mental disorders,2,Percent,2009,0.1069050680087194,0.1167807065616375,0.0975087197318435
1,All Population,5,Prevalence,180,Kenya,3,Both,27,Age-standardized,558,Mental disorders,3,Rate,2009,10532.87653132487,11489.4452512366,9605.634054629569
1,All Population,5,Prevalence,119,Trinidad and Tobago,3,Both,27,Age-standardized,558,Mental disorders,2,Percent,2007,0.1356469684703651,0.1479010332812749,0.1228762394731591
1,All Population,5,Prevalence,119,Trinidad and Tobago,3,Both,27,Age-standardized,558,Mental disorders,3,Rate,2007,13040.01794119096,14229.75381671002,11813.091449070671
1,All Population,5,Prevalence,102,United States of America,3,Both,27,Age-standardized,558,Mental disorders,2,Percent,2007,0.1683443579124151,0.1796271362939131,0.1577148803459066
1,All Population,5,Prevalence,102,United States of America,3,Both,27,Age-standardized,558,Mental disorders,3,Rate,2007,15321.509678952338,16362.69294319392,14387.307940653549
1,All Population,5,Prevalence,101,Canada,3,Both,27,Age-standardized,558,Mental disorders,2,Percent,2009,0.1481803297435237,0.1620660043096829,0.1339371437117216
1,All Population,5,Prevalence,101,Canada,3,Both,27,Age-standardized,558,Mental disorders,3,Rate,2009,13705.039947268111,15074.556667362609,12350.41038810078
1,All Population,5,Prevalence,75,Austria,3,Both,27,Age-standardized,558,Mental disorders,2,Percent,2010,0.1341862704863624,0.1486580483373293,0.1201837081827291
1,All Population,5,Prevalence,75,Austria,3,Both,27,Age-standardized,558,Mental disorders,3,Rate,2010,12350.45549619766,13656.73353327439,11055.06264864323
1,All Population,5,Prevalence,62,Russian Federation,3,Both,27,Age-standardized,558,Mental disorders,2,Percent,2010,0.1152463122572472,0.1266054780308958,0.1040944607001158
1,All Population,5,Prevalence,62,Russian Federation,3,Both,27,Age-standardized,558,Mental disorders,3,Rate,2010,10819.677948756069,11867.26887302865,9768.98338773687
1,All Population,5,Prevalence,109,Cuba,3,Both,27,Age-standardized,558,Mental disorders,2,Percent,2010,0.1591883933072097,0.1736465151952964,0.1429746553853843
1,All Population,5,Prevalence,109,Cuba,3,Both,27,Age-standardized,558,Mental disorders,3,Rate,2010,15402.399367626678,16771.43439666876,13824.9465102494
1,All Population,5,Prevalence,87,Luxembourg,3,Both,27,Age-standardized,558,Mental disorders,2,Percent,2007,0.139807747763482,0.1491762005911783,0.1307011782157837
1,All Population,5,Prevalence,87,Luxembourg,3,Both,27,Age-standardized,558,Mental disorders,3,Rate,2007,12790.4030812111,13628.70029035607,11964.26127612052
1,All Population,5,Prevalence,145,Kuwait,3,Both,27,Age-standardized,558,Mental disorders,2,Percent,2007,0.1281769771108472,0.1371677054308367,0.1191645452347131
1,All Population,5,Prevalence,145,Kuwait,3,Both,27,Age-standardized,558,Mental disorders,3,Rate,2007,12137.05894677365,13019.241748924858,11242.802232721511
1,All Population,5,Prevalence,435,South Sudan,3,Both,27,Age-standardized,558,Mental disorders,2,Percent,2009,0.1157976939119823,0.1262396460230353,0.1045087168907042
1,All Population,5,Prevalence,435,South Sudan,3,Both,27,Age-standardized,558,Mental disorders,3,Rate,2009,11490.43387846065,12497.72869423695,10355.9543124638
1,All Population,5,Prevalence,367,Monaco,3,Both,27,Age-standardized,558,Mental disorders,2,Percent,2009,0.1442135638676775,0.154427596361092,0.1349147033442082
1,All Population,5,Prevalence,367,Monaco,3,Both,27,Age-standardized,558,Mental disorders,3,Rate,2009,13184.61228856237,14098.66170223259,12359.59202619885
1,All Population,5,Prevalence,218,Togo,3,Both,27,Age-standardized,558,Mental disorders,2,Percent,2009,0.1375297512357423,0.1567862009352447,0.1186945832056085
1,All Population,5,Prevalence,218,Togo,3,Both,27,Age-standardized,558,Mental disorders,3,Rate,2009,13708.935510461439,15630.30719226956,11835.51857993705
1,All Population,5,Prevalence,130,Mexico,3,Both,27,Age-standardized,558,Mental disorders,2,Percent,2007,0.1173365112264213,0.1260293397136593,0.1083437978642242
1,All Population,5,Prevalence,130,Mexico,3,Both,27,Age-standardized,558,Mental disorders,3,Rate,2007,11265.60648140862,12099.24262358529,10423.337310929639
1,All Population,5,Prevalence,164,Nepal,3,Both,27,Age-standardized,558,Mental disorders,2,Percent,2007,0.1035001134571297,0.1139747709717868,0.0947097019107215
1,All Population,5,Prevalence,164,Nepal,3,Both,27,Age-standardized,558,Mental disorders,3,Rate,2007,10147.56314264545,11172.43203018662,9268.01922524167
1,All Population,5,Prevalence,175,Burundi,3,Both,27,Age-standardized,558,Mental disorders,2,Percent,2007,0.1121849471799123,0.1218136119722176,0.1012845588864626
1,All Population,5,Prevalence,175,Burundi,3,Both,27,Age-standardized,558,Mental disorders,3,Rate,2007,11121.11220543326,12077.69959819421,10043.8946955416
1,All Population,5,Prevalence,305,Bermuda,3,Both,27,Age-standardized,558,Mental disorders,2,Percent,2009,0.1493922253412487,0.1631790038319713,0.1353232327417059
1,All Population,5,Prevalence,305,Bermuda,3,Both,27,Age-standardized,558,Mental disorders,3,Rate,2009,14247.93350432094,15560.855918893709,12903.909768166972
1,All Population,5,Prevalence,115,Jamaica,3,Both,27,Age-standardized,558,Mental disorders,2,Percent,2007,0.1302475797849623,0.1419634485962471,0.1180407333908878
1,All Population,5,Prevalence,115,Jamaica,3,Both,27,Age-standardized,558,Mental disorders,3,Rate,2007,12685.173515501921,13850.40164869655,11485.524945752359
1,All Population,5,Prevalence,90,Norway,3,Both,27,Age-standardized,558,Mental disorders,2,Percent,2010,0.1406316507352445,0.1554320927533431,0.1249211382116339
1,All Population,5,Prevalence,90,Norway,3,Both,27,Age-standardized,558,Mental disorders,3,Rate,2010,12919.41312840996,14257.19812569845,11529.16567198876
1,All Population,5,Prevalence,160,Afghanistan,3,Both,27,Age-standardized,558,Mental disorders,2,Percent,2007,0.1287634674302241,0.1386239772170573,0.1186341265964227
1,All Population,5,Prevalence,160,Afghanistan,3,Both,27,Age-standardized,558,Mental disorders,3,Rate,2007,12826.536769514249,13806.42363716285,11820.83182719497
1,All Population,5,Prevalence,105,Antigua and Barbuda,3,Both,27,Age-standardized,558,Mental disorders,2,Percent,2010,0.1456336402623455,0.1595367881280464,0.1312736409413984
1,All Population,5,Prevalence,105,Antigua and Barbuda,3,Both,27,Age-standardized,558,Mental disorders,3,Rate,2010,14075.8840911374,15427.78602844441,12685.98584873974
1,All Population,5,Prevalence,209,Guinea-Bissau,3,Both,27,Age-standardized,558,Mental disorders,2,Percent,2009,0.1170350092664625,0.1269037332750466,0.105047139448504
1,All Population,5,Prevalence,209,Guinea-Bissau,3,Both,27,Age-standardized,558,Mental disorders,3,Rate,2009,11647.12783211167,12646.25434212194,10467.13058211124
1,All Population,5,Prevalence,191,Zambia,3,Both,27,Age-standardized,558,Mental disorders,2,Percent,2007,0.1072817277441845,0.116594466764279,0.0967758226513029
1,All Population,5,Prevalence,191,Zambia,3,Both,27,Age-standardized,558,Mental disorders,3,Rate,2007,10677.69134886449,11604.4666207142,9631.2523607091
1,All Population,5,Prevalence,146,Lebanon,3,Both,27,Age-standardized,558,Mental disorders,2,Percent,2009,0.150094844864296,0.162895934953852,0.1360671913529249
1,All Population,5,Prevalence,146,Lebanon,3,Both,27,Age-standardized,558,Mental disorders,3,Rate,2009,14381.00781415101,15637.47352131469,13008.39669095324
1,All Population,5,Prevalence,58,Estonia,3,Both,27,Age-standardized,558,Mental disorders,2,Percent,2009,0.1165719426076887,0.1280197463357559,0.1051756517100279
1,All Population,5,Prevalence,58,Estonia,3,Both,27,Age-standardized,558,Mental disorders,3,Rate,2009,10829.715408755761,11894.39911594653,9764.79041335154
1,All Population,5,Prevalence,147,Libya,3,Both,27,Age-standardized,558,Mental disorders,2,Percent,2007,0.134872410142133,0.1443219858566375,0.1248194349794351
1,All Population,5,Prevalence,147,Libya,3,Both,27,Age-standardized,558,Mental disorders,3,Rate,2007,13046.69391756427,13971.931437062778,12079.057272718761
1,All Population,5,Prevalence,385,Puerto Rico,3,Both,27,Age-standardized,558,Mental disorders,2,Percent,2009,0.1601090756724648,0.1729338400022343,0.1468850361061137
1,All Population,5,Prevalence,385,Puerto Rico,3,Both,27,Age-standardized,558,Mental disorders,3,Rate,2009,15253.62219972353,16435.10294081342,13998.602706989099
1,All Population,5,Prevalence,132,Panama,3,Both,27,Age-standardized,558,Mental disorders,2,Percent,2007,0.1082658403083414,0.1168588524491107,0.0998545421593236
1,All Population,5,Prevalence,132,Panama,3,Both,27,Age-standardized,558,Mental disorders,3,Rate,2007,10395.41481365454,11199.3943728513,9573.11402470157
1,All Population,5,Prevalence,177,Djibouti,3,Both,27,Age-standardized,558,Mental disorders,2,Percent,2007,0.0999422420708369,0.108547404853338,0.0909606913183736
1,All Population,5,Prevalence,177,Djibouti,3,Both,27,Age-standardized,558,Mental disorders,3,Rate,2007,9821.098279905089,10665.844688340589,8942.470693181389
1,All Population,5,Prevalence,121,Bolivia (Plurinational State of),3,Both,27,Age-standardized,558,Mental disorders,2,Percent,2009,0.1479216930188916,0.1621567091174202,0.1334908653902176
1,All Population,5,Prevalence,121,Bolivia (Plurinational State of),3,Both,27,Age-standardized,558,Mental disorders,3,Rate,2009,14368.00418288247,15708.28518803682,12968.234314677191
1,All Population,5,Prevalence,89,Netherlands,3,Both,27,Age-standardized,558,Mental disorders,2,Percent,2007,0.1683154798322342,0.1791247724724534,0.1575391333256825
1,All Population,5,Prevalence,89,Netherlands,3,Both,27,Age-standardized,558,Mental disorders,3,Rate,2007,16026.580201050861,17048.75884400954,15034.352194469231
1,All Population,5,Prevalence,19,Timor-Leste,3,Both,27,Age-standardized,558,Mental disorders,2,Percent,2010,0.086214628725863,0.096486797306862,0.0772135444974123
1,All Population,5,Prevalence,19,Timor-Leste,3,Both,27,Age-standardized,558,Mental disorders,3,Rate,2010,8488.55653621371,9501.07600424027,7606.97531740741
1,All Population,5,Prevalence,30,Vanuatu,3,Both,27,Age-standardized,558,Mental disorders,2,Percent,2010,0.0981646438870912,0.1083188473454991,0.0851302686508732
1,All Population,5,Prevalence,30,Vanuatu,3,Both,27,Age-standardized,558,Mental disorders,3,Rate,2010,9700.98140241293,10703.42734296769,8419.548562838521
1,All Population,5,Prevalence,15,Myanmar,3,Both,27,Age-standardized,558,Mental disorders,2,Percent,2010,0.0846425677225073,0.0926404722105676,0.0769447606109552
1,All Population,5,Prevalence,15,Myanmar,3,Both,27,Age-standardized,558,Mental disorders,3,Rate,2010,8302.00584850791,9082.44681170072,7548.69740851497
1,All Population,5,Prevalence,122,Ecuador,3,Both,27,Age-standardized,558,Mental disorders,2,Percent,2010,0.1396705801949798,0.1529648011166246,0.1262647438781937
1,All Population,5,Prevalence,122,Ecuador,3,Both,27,Age-standardized,558,Mental disorders,3,Rate,2010,13558.96098407518,14858.800604718861,12258.977110469319
1,All Population,5,Prevalence,135,Brazil,3,Both,27,Age-standardized,558,Mental disorders,2,Percent,2009,0.1621180072812504,0.1739110985309817,0.1503084224020049
1,All Population,5,Prevalence,135,Brazil,3,Both,27,Age-standardized,558,Mental disorders,3,Rate,2009,15691.615988965721,16847.11371293528,14540.93583405131
1,All Population,5,Prevalence,196,South Africa,3,Both,27,Age-standardized,558,Mental disorders,2,Percent,2009,0.1121208984639482,0.1210029637508354,0.1020602219116819
1,All Population,5,Prevalence,196,South Africa,3,Both,27,Age-standardized,558,Mental disorders,3,Rate,2009,11078.54443256421,11952.021469697589,10079.21416846694
1,All Population,5,Prevalence,162,Bhutan,3,Both,27,Age-standardized,558,Mental disorders,2,Percent,2007,0.109073877628341,0.1201368609944966,0.0986534920146771
1,All Population,5,Prevalence,162,Bhutan,3,Both,27,Age-standardized,558,Mental disorders,3,Rate,2007,10497.230237811029,11565.59618557442,9488.197306376971
1,All Population,5,Prevalence,43,Albania,3,Both,27,Age-standardized,558,Mental disorders,2,Percent,2009,0.1154915134511567,0.1289410016200157,0.1028472250316519
1,All Population,5,Prevalence,43,Albania,3,Both,27,Age-standardized,558,Mental disorders,3,Rate,2009,11015.09947398933,12261.98631114247,9841.522115344329
1,All Population,5,Prevalence,163,India,3,Both,27,Age-standardized,558,Mental disorders,2,Percent,2009,0.1128470165440762,0.1265901354788536,0.1013905669703526
1,All Population,5,Prevalence,163,India,3,Both,27,Age-standardized,558,Mental disorders,3,Rate,2009,11127.88841928273,12462.27742338745,9991.37037015773
1,All Population,5,Prevalence,212,Mauritania,3,Both,27,Age-standardized,558,Mental disorders,2,Percent,2007,0.1068722577071357,0.1153485617760968,0.0967859904440407
1,All Population,5,Prevalence,212,Mauritania,3,Both,27,Age-standardized,558,Mental disorders,3,Rate,2007,10545.24421386144,11363.37093577391,9571.861092486331
1,All Population,5,Prevalence,118,Suriname,3,Both,27,Age-standardized,558,Mental disorders,2,Percent,2009,0.1408137346782399,0.153611471196562,0.1270394483670577
1,All Population,5,Prevalence,118,Suriname,3,Both,27,Age-standardized,558,Mental disorders,3,Rate,2009,13727.792142838542,14988.823207033942,12359.519191834941
1,All Population,5,Prevalence,193,Botswana,3,Both,27,Age-standardized,558,Mental disorders,2,Percent,2007,0.1089766356298568,0.1180523864560242,0.0988699846070595
1,All Population,5,Prevalence,193,Botswana,3,Both,27,Age-standardized,558,Mental disorders,3,Rate,2007,10711.81125510832,11605.47440959115,9713.747338892439
1,All Population,5,Prevalence,108,Belize,3,Both,27,Age-standardized,558,Mental disorders,2,Percent,2009,0.136346433573928,0.1491574042937583,0.1229025720659172
1,All Population,5,Prevalence,108,Belize,3,Both,27,Age-standardized,558,Mental disorders,3,Rate,2009,13272.029786863199,14514.21795644756,11935.50276934879
1,All Population,5,Prevalence,35,Georgia,3,Both,27,Age-standardized,558,Mental disorders,2,Percent,2009,0.1167434289686306,0.129009034216877,0.1048708933262631
1,All Population,5,Prevalence,35,Georgia,3,Both,27,Age-standardized,558,Mental disorders,3,Rate,2009,11150.3299004133,12328.11617883523,10044.04230512043
1,All Population,5,Prevalence,179,Ethiopia,3,Both,27,Age-standardized,558,Mental disorders,2,Percent,2007,0.1154747956391373,0.1249824228687684,0.105499635729673
1,All Population,5,Prevalence,179,Ethiopia,3,Both,27,Age-standardized,558,Mental disorders,3,Rate,2007,11481.86206461914,12417.78342631731,10502.980274954229
1,All Population,5,Prevalence,149,Palestine,3,Both,27,Age-standardized,558,Mental disorders,2,Percent,2007,0.1460060201328019,0.1564436729698328,0.1346452651889841
1,All Population,5,Prevalence,149,Palestine,3,Both,27,Age-standardized,558,Mental disorders,3,Rate,2007,14192.273584380111,15215.40155502473,13109.47119798592
1,All Population,5,Prevalence,47,Czechia,3,Both,27,Age-standardized,558,Mental disorders,2,Percent,2010,0.1231618453656975,0.1364525201122897,0.108725839758678
1,All Population,5,Prevalence,47,Czechia,3,Both,27,Age-standardized,558,Mental disorders,3,Rate,2010,11610.37950849583,12857.297589988659,10190.711470609122
1,All Population,5,Prevalence,139,Algeria,3,Both,27,Age-standardized,558,Mental disorders,2,Percent,2010,0.1359681506546849,0.1455088798636993,0.126001396257895
1,All Population,5,Prevalence,139,Algeria,3,Both,27,Age-standardized,558,Mental disorders,3,Rate,2010,13072.11513654479,13930.27184084831,12078.44993618405
1,All Population,5,Prevalence,156,United Arab Emirates,3,Both,27,Age-standardized,558,Mental disorders,2,Percent,2010,0.1174617901909787,0.1269067394428535,0.1062869666711928
1,All Population,5,Prevalence,156,United Arab Emirates,3,Both,27,Age-standardized,558,Mental disorders,3,Rate,2010,11291.15964427419,12192.45490558093,10189.84460426443
1,All Population,5,Prevalence,152,Saudi Arabia,3,Both,27,Age-standardized,558,Mental disorders,2,Percent,2010,0.1418820236876206,0.1563741082397801,0.1266242393255977
1,All Population,5,Prevalence,152,Saudi Arabia,3,Both,27,Age-standardized,558,Mental disorders,3,Rate,2010,13764.0355515239,15179.14086021797,12286.215394454899
1,All Population,5,Prevalence,374,Niue,3,Both,27,Age-standardized,558,Mental disorders,2,Percent,2009,0.1006877290388684,0.1113218315590101,0.0879552184219884
1,All Population,5,Prevalence,374,Niue,3,Both,27,Age-standardized,558,Mental disorders,3,Rate,2009,9669.38271627348,10707.083707902899,8412.5374630738
1,All Population,5,Prevalence,206,Gambia,3,Both,27,Age-standardized,558,Mental disorders,2,Percent,2007,0.1180978000225294,0.1277624032141954,0.107127812993663
1,All Population,5,Prevalence,206,Gambia,3,Both,27,Age-standardized,558,Mental disorders,3,Rate,2007,11687.03425982653,12671.843845431771,10589.80883935823
1,All Population,5,Prevalence,169,Central African Republic,3,Both,27,Age-standardized,558,Mental disorders,2,Percent,2010,0.1367582011384667,0.1528514112926448,0.1198346424510963
1,All Population,5,Prevalence,169,Central African Republic,3,Both,27,Age-standardized,558,Mental disorders,3,Rate,2010,13650.850219829088,15258.854512165199,11963.748942268241
1,All Population,5,Prevalence,216,Senegal,3,Both,27,Age-standardized,558,Mental disorders,2,Percent,2009,0.1148164149605075,0.1241617242604143,0.1028049241527651
1,All Population,5,Prevalence,216,Senegal,3,Both,27,Age-standardized,558,Mental disorders,3,Rate,2009,11385.08338539425,12330.04832833297,10191.156725278159
1,All Population,5,Prevalence,172,Equatorial Guinea,3,Both,27,Age-standardized,558,Mental disorders,2,Percent,2009,0.1334239622696299,0.1481002470442123,0.1179610519072208
1,All Population,5,Prevalence,172,Equatorial Guinea,3,Both,27,Age-standardized,558,Mental disorders,3,Rate,2009,13087.08379947652,14522.93259616911,11591.11218407685
1,All Population,5,Prevalence,195,Namibia,3,Both,27,Age-standardized,558,Mental disorders,2,Percent,2007,0.1007483235594889,0.1096750077497801,0.0914032206506233
1,All Population,5,Prevalence,195,Namibia,3,Both,27,Age-standardized,558,Mental disorders,3,Rate,2007,9895.83198107269,10743.07303985198,8976.04609701293
1,All Population,5,Prevalence,95,United Kingdom,3,Both,27,Age-standardized,558,Mental disorders,2,Percent,2009,0.1653741210028919,0.1784119448256037,0.1530553174876478
1,All Population,5,Prevalence,95,United Kingdom,3,Both,27,Age-standardized,558,Mental disorders,3,Rate,2009,15056.22349925074,16193.245167237099,13887.01914980933
1,All Population,5,Prevalence,80,France,3,Both,27,Age-standardized,558,Mental disorders,2,Percent,2009,0.1609499985687802,0.1758825012843881,0.1450818562362457
1,All Population,5,Prevalence,80,France,3,Both,27,Age-standardized,558,Mental disorders,3,Rate,2009,14588.504430354878,15926.10069736027,13131.59999691359
1,All Population,5,Prevalence,185,Rwanda,3,Both,27,Age-standardized,558,Mental disorders,2,Percent,2009,0.1047608045366194,0.1139029091232933,0.0948439767914203
1,All Population,5,Prevalence,185,Rwanda,3,Both,27,Age-standardized,558,Mental disorders,3,Rate,2009,10321.11737675867,11212.23301079342,9349.87264624385
1,All Population,5,Prevalence,211,Mali,3,Both,27,Age-standardized,558,Mental disorders,2,Percent,2009,0.1136204813441498,0.1228798573303563,0.102198469806082
1,All Population,5,Prevalence,211,Mali,3,Both,27,Age-standardized,558,Mental disorders,3,Rate,2009,11298.988188488,12239.04550334146,10152.082709009059
1,All Population,5,Prevalence,522,Sudan,3,Both,27,Age-standardized,558,Mental disorders,2,Percent,2009,0.131133128351573,0.1416984668885036,0.1195105960217469
1,All Population,5,Prevalence,522,Sudan,3,Both,27,Age-standardized,558,Mental disorders,3,Rate,2009,12946.728339118168,13992.03861142942,11814.37625544913
1,All Population,5,Prevalence,153,Syrian Arab Republic,3,Both,27,Age-standardized,558,Mental disorders,2,Percent,2009,0.1585278217838366,0.174047341681937,0.1416070333285746
1,All Population,5,Prevalence,153,Syrian Arab Republic,3,Both,27,Age-standardized,558,Mental disorders,3,Rate,2009,15327.847684960268,16772.95427373355,13683.514098669411
1,All Population,5,Prevalence,148,Morocco,3,Both,27,Age-standardized,558,Mental disorders,2,Percent,2009,0.1295549643381083,0.1382118643073742,0.1201363649087912
1,All Population,5,Prevalence,148,Morocco,3,Both,27,Age-standardized,558,Mental disorders,3,Rate,2009,12514.62565073567,13362.246397325569,11560.12663592582
1,All Population,5,Prevalence,48,Hungary,3,Both,27,Age-standardized,558,Mental disorders,2,Percent,2009,0.1188933951447441,0.1320289234271945,0.1064824465538486
1,All Population,5,Prevalence,48,Hungary,3,Both,27,Age-standardized,558,Mental disorders,3,Rate,2009,11282.359794531201,12589.20542724833,10090.98279664547
1,All Population,5,Prevalence,203,Cabo Verde,3,Both,27,Age-standardized,558,Mental disorders,2,Percent,2009,0.1193254057076154,0.1289296392948482,0.107242162625171
1,All Population,5,Prevalence,203,Cabo Verde,3,Both,27,Age-standardized,558,Mental disorders,3,Rate,2009,11529.520728844469,12498.910168818129,10398.80003747483
1,All Population,5,Prevalence,140,Bahrain,3,Both,27,Age-standardized,558,Mental disorders,2,Percent,2009,0.1391008678453568,0.1480370314803321,0.1287940181913035
1,All Population,5,Prevalence,140,Bahrain,3,Both,27,Age-standardized,558,Mental disorders,3,Rate,2009,13485.336513594859,14395.37364859782,12523.49078206752
1,All Population,5,Prevalence,125,Colombia,3,Both,27,Age-standardized,558,Mental disorders,2,Percent,2009,0.1143141062284212,0.1223785378768229,0.1061719649720182
1,All Population,5,Prevalence,125,Colombia,3,Both,27,Age-standardized,558,Mental disorders,3,Rate,2009,10975.01595980789,11738.83617936233,10198.01699460211
1,All Population,5,Prevalence,63,Ukraine,3,Both,27,Age-standardized,558,Mental disorders,2,Percent,2009,0.126685909022216,0.1400821894536915,0.1129786523764926
1,All Population,5,Prevalence,63,Ukraine,3,Both,27,Age-standardized,558,Mental disorders,3,Rate,2009,11899.772234927961,13169.19210142727,10573.41245709004
1,All Population,5,Prevalence,182,Malawi,3,Both,27,Age-standardized,558,Mental disorders,2,Percent,2010,0.105343323438872,0.1151926984480304,0.094488236114041
1,All Population,5,Prevalence,182,Malawi,3,Both,27,Age-standardized,558,Mental disorders,3,Rate,2010,10399.29645130036,11352.57167299119,9331.84581701529
1,All Population,5,Prevalence,165,Pakistan,3,Both,27,Age-standardized,558,Mental disorders,2,Percent,2009,0.1189376883510534,0.1309304217380481,0.1082650137975758
1,All Population,5,Prevalence,165,Pakistan,3,Both,27,Age-standardized,558,Mental disorders,3,Rate,2009,11548.69955845994,12728.849133008629,10510.91519723662
1,All Population,5,Prevalence,181,Madagascar,3,Both,27,Age-standardized,558,Mental disorders,2,Percent,2007,0.1073010511706017,0.1166087012935307,0.0973392986754095
1,All Population,5,Prevalence,181,Madagascar,3,Both,27,Age-standardized,558,Mental disorders,3,Rate,2007,10663.589823531209,11590.88600411476,9681.23450418942
1,All Population,5,Prevalence,208,Guinea,3,Both,27,Age-standardized,558,Mental disorders,2,Percent,2007,0.1264944354621516,0.1379215509094356,0.1145053758699918
1,All Population,5,Prevalence,208,Guinea,3,Both,27,Age-standardized,558,Mental disorders,3,Rate,2007,12588.91604690949,13717.29096756055,11394.60898972978
1,All Population,5,Prevalence,204,Chad,3,Both,27,Age-standardized,558,Mental disorders,2,Percent,2010,0.128556102002501,0.1389968115148573,0.1145123523836836
1,All Population,5,Prevalence,204,Chad,3,Both,27,Age-standardized,558,Mental disorders,3,Rate,2010,12786.726708886259,13848.508602754988,11396.68501504121
1,All Population,5,Prevalence,198,Zimbabwe,3,Both,27,Age-standardized,558,Mental disorders,2,Percent,2010,0.1144151858470125,0.1253926313900309,0.1009420300444718
1,All Population,5,Prevalence,198,Zimbabwe,3,Both,27,Age-standardized,558,Mental disorders,3,Rate,2010,11197.07235849982,12236.30403509101,9874.006487781071
1,All Population,5,Prevalence,217,Sierra Leone,3,Both,27,Age-standardized,558,Mental disorders,2,Percent,2010,0.1242836782689515,0.1354774179136226,0.1108875256010663
1,All Population,5,Prevalence,217,Sierra Leone,3,Both,27,Age-standardized,558,Mental disorders,3,Rate,2010,12378.60821293445,13473.190556445099,11044.805015944301
1,All Population,5,Prevalence,197,Eswatini,3,Both,27,Age-standardized,558,Mental disorders,2,Percent,2007,0.1132868504250025,0.1232611756850617,0.1019114484592296
1,All Population,5,Prevalence,197,Eswatini,3,Both,27,Age-standardized,558,Mental disorders,3,Rate,2007,11102.23291028412,12055.35931013649,9996.46714770695
1,All Population,5,Prevalence,380,Palau,3,Both,27,Age-standardized,558,Mental disorders,2,Percent,2009,0.1004301973263394,0.111024017648756,0.0878798531303768
1,All Population,5,Prevalence,380,Palau,3,Both,27,Age-standardized,558,Mental disorders,3,Rate,2009,9702.776394571689,10732.16564017598,8457.69678635927
1,All Population,5,Prevalence,7,Democratic People's Republic of Korea,3,Both,27,Age-standardized,558,Mental disorders,2,Percent,2010,0.1009974647981839,0.1104453352709118,0.0918894861385377
1,All Population,5,Prevalence,7,Democratic People's Republic of Korea,3,Both,27,Age-standardized,558,Mental disorders,3,Rate,2010,9733.75358606422,10656.78848102577,8908.40791453914
1,All Population,5,Prevalence,369,Nauru,3,Both,27,Age-standardized,558,Mental disorders,2,Percent,2007,0.097580905616149,0.1080391912987344,0.0854630079722929
1,All Population,5,Prevalence,369,Nauru,3,Both,27,Age-standardized,558,Mental disorders,3,Rate,2007,9571.18286121259,10613.40789647649,8394.377402683189
1,All Population,5,Prevalence,349,Greenland,3,Both,27,Age-standardized,558,Mental disorders,2,Percent,2009,0.1611733896624593,0.1766865178116612,0.1491875992480385
1,All Population,5,Prevalence,349,Greenland,3,Both,27,Age-standardized,558,Mental disorders,3,Rate,2009,14974.182518471498,16423.94663563851,13824.449355952658
1,All Population,5,Prevalence,396,San Marino,3,Both,27,Age-standardized,558,Mental disorders,2,Percent,2009,0.1444201936573305,0.1549288208072527,0.1353022832154315
1,All Population,5,Prevalence,396,San Marino,3,Both,27,Age-standardized,558,Mental disorders,3,Rate,2009,13218.146653410358,14099.257125562988,12408.04470375239
1,All Population,5,Prevalence,393,Saint Kitts and Nevis,3,Both,27,Age-standardized,558,Mental disorders,2,Percent,2010,0.1457909389038715,0.1595117795314322,0.1319776373506217
1,All Population,5,Prevalence,393,Saint Kitts and Nevis,3,Both,27,Age-standardized,558,Mental disorders,3,Rate,2010,13975.130133638819,15293.65947893542,12651.321703304899
1,All Population,5,Prevalence,111,Dominican Republic,3,Both,27,Age-standardized,558,Mental disorders,2,Percent,2010,0.1563274656910064,0.1710710879602805,0.1400502443488277
1,All Population,5,Prevalence,111,Dominican Republic,3,Both,27,Age-standardized,558,Mental disorders,3,Rate,2010,15162.98491707662,16562.10434223191,13577.4805215279
1,All Population,5,Prevalence,150,Oman,3,Both,27,Age-standardized,558,Mental disorders,2,Percent,2009,0.1272397567973769,0.1363659022494284,0.1175042245461233
1,All Population,5,Prevalence,150,Oman,3,Both,27,Age-standardized,558,Mental disorders,3,Rate,2009,12391.768847560019,13319.81483520204,11438.34383294557
1,All Population,5,Prevalence,213,Niger,3,Both,27,Age-standardized,558,Mental disorders,2,Percent,2009,0.1087278329377978,0.1178164866537256,0.0979404674968315
1,All Population,5,Prevalence,213,Niger,3,Both,27,Age-standardized,558,Mental disorders,3,Rate,2009,10833.36138108601,11751.477132883261,9768.59064402447
1,All Population,5,Prevalence,210,Liberia,3,Both,27,Age-standardized,558,Mental disorders,2,Percent,2007,0.127088173270083,0.1382681245786385,0.1149188411049389
1,All Population,5,Prevalence,210,Liberia,3,Both,27,Age-standardized,558,Mental disorders,3,Rate,2007,12656.93388696495,13785.3762337803,11447.10077445027
1,All Population,5,Prevalence,92,Spain,3,Both,27,Age-standardized,558,Mental disorders,2,Percent,2010,0.155115066582382,0.1697481796585477,0.1408543016338696
1,All Population,5,Prevalence,92,Spain,3,Both,27,Age-standardized,558,Mental disorders,3,Rate,2010,14259.0345869841,15553.0451008229,12938.26041502568
1,All Population,5,Prevalence,22,Fiji,3,Both,27,Age-standardized,558,Mental disorders,2,Percent,2010,0.0972096439596677,0.1079294349792378,0.0848171724646008
1,All Population,5,Prevalence,22,Fiji,3,Both,27,Age-standardized,558,Mental disorders,3,Rate,2010,9542.191186679689,10588.85835047571,8337.93789851214
1,All Population,5,Prevalence,43,Albania,3,Both,27,Age-standardized,558,Mental disorders,2,Percent,2010,0.1152416707413201,0.1290844690524825,0.1025345419143326
1,All Population,5,Prevalence,43,Albania,3,Both,27,Age-standardized,558,Mental disorders,3,Rate,2010,10974.51155441069,12264.90563650505,9793.38754270678
1,All Population,5,Prevalence,187,Somalia,3,Both,27,Age-standardized,558,Mental disorders,2,Percent,2009,0.1081132301850883,0.1178261675347474,0.0975847180706941
1,All Population,5,Prevalence,187,Somalia,3,Both,27,Age-standardized,558,Mental disorders,3,Rate,2009,10772.5727949827,11728.56823002737,9730.24355694642
1,All Population,5,Prevalence,110,Dominica,3,Both,27,Age-standardized,558,Mental disorders,2,Percent,2009,0.1437882211342226,0.1574282745154076,0.1299081571319324
1,All Population,5,Prevalence,110,Dominica,3,Both,27,Age-standardized,558,Mental disorders,3,Rate,2009,13896.315747513168,15174.01412592643,12509.63352973875
1,All Population,5,Prevalence,376,Northern Mariana Islands,3,Both,27,Age-standardized,558,Mental disorders,2,Percent,2007,0.1031569480293037,0.1145713432071759,0.0904728051340492
1,All Population,5,Prevalence,376,Northern Mariana Islands,3,Both,27,Age-standardized,558,Mental disorders,3,Rate,2007,9894.89221486884,11022.82961157267,8681.13180504716
1,All Population,5,Prevalence,77,Cyprus,3,Both,27,Age-standardized,558,Mental disorders,2,Percent,2010,0.1465383390086364,0.1578597387133806,0.1372171706335843
1,All Population,5,Prevalence,77,Cyprus,3,Both,27,Age-standardized,558,Mental disorders,3,Rate,2010,13609.750019685629,14636.147945060478,12754.03323307629
1,All Population,5,Prevalence,66,Brunei Darussalam,3,Both,27,Age-standardized,558,Mental disorders,2,Percent,2010,0.1192375970621279,0.131603135299486,0.108212352339579
1,All Population,5,Prevalence,66,Brunei Darussalam,3,Both,27,Age-standardized,558,Mental disorders,3,Rate,2010,11055.997866589461,12196.55851926645,10011.376447181481
1,All Population,5,Prevalence,54,Slovakia,3,Both,27,Age-standardized,558,Mental disorders,2,Percent,2010,0.1156744515698891,0.1292454451550758,0.1028222355316688
1,All Population,5,Prevalence,54,Slovakia,3,Both,27,Age-standardized,558,Mental disorders,3,Rate,2010,10935.48058002558,12277.32203584669,9695.599731483739
1,All Population,5,Prevalence,298,American Samoa,3,Both,27,Age-standardized,558,Mental disorders,2,Percent,2010,0.1023164074074091,0.1141937011300325,0.0891190050397771
1,All Population,5,Prevalence,298,American Samoa,3,Both,27,Age-standardized,558,Mental disorders,3,Rate,2010,9854.93958545804,10978.11240495584,8566.87942071894
1,All Population,5,Prevalence,107,Barbados,3,Both,27,Age-standardized,558,Mental disorders,2,Percent,2010,0.1457042839597418,0.1594980730901087,0.131608939892438
1,All Population,5,Prevalence,107,Barbados,3,Both,27,Age-standardized,558,Mental disorders,3,Rate,2010,14023.913642491758,15355.96109916807,12651.04118318641
1,All Population,5,Prevalence,37,Kyrgyzstan,3,Both,27,Age-standardized,558,Mental disorders,2,Percent,2010,0.1014679479242692,0.1132972987560925,0.0905799069896967
1,All Population,5,Prevalence,37,Kyrgyzstan,3,Both,27,Age-standardized,558,Mental disorders,3,Rate,2010,9810.690839981851,10966.78521945105,8761.83963981148
1,All Population,5,Prevalence,126,Costa Rica,3,Both,27,Age-standardized,558,Mental disorders,2,Percent,2010,0.1214735532929309,0.131629447500035,0.1122554667442477
1,All Population,5,Prevalence,126,Costa Rica,3,Both,27,Age-standardized,558,Mental disorders,3,Rate,2010,11615.37424880471,12534.88436945555,10714.81997283071
1,All Population,5,Prevalence,34,Azerbaijan,3,Both,27,Age-standardized,558,Mental disorders,2,Percent,2010,0.116700628606009,0.1307900858290154,0.1036333211999723
1,All Population,5,Prevalence,34,Azerbaijan,3,Both,27,Age-standardized,558,Mental disorders,3,Rate,2010,11167.91433847293,12512.259574882059,9946.21780139996
1,All Population,5,Prevalence,97,Argentina,3,Both,27,Age-standardized,558,Mental disorders,2,Percent,2009,0.1452041142483719,0.1614005271508851,0.1278554835716929
1,All Population,5,Prevalence,97,Argentina,3,Both,27,Age-standardized,558,Mental disorders,3,Rate,2009,13744.02426326221,15281.56758969453,12132.96205118894
1,All Population,5,Prevalence,155,Türkiye,3,Both,27,Age-standardized,558,Mental disorders,2,Percent,2009,0.1357553927521125,0.1463152717054711,0.1248039419130073
1,All Population,5,Prevalence,155,Türkiye,3,Both,27,Age-standardized,558,Mental disorders,3,Rate,2009,13084.04729745159,14150.237709372821,12014.33478066449
1,All Population,5,Prevalence,29,Tonga,3,Both,27,Age-standardized,558,Mental disorders,2,Percent,2010,0.1130938821673974,0.1325667394373851,0.093909804580014
1,All Population,5,Prevalence,29,Tonga,3,Both,27,Age-standardized,558,Mental disorders,3,Rate,2010,10966.650505893149,12830.50015281288,9097.3024606101
1,All Population,5,Prevalence,171,Democratic Republic of the Congo,3,Both,27,Age-standardized,558,Mental disorders,2,Percent,2010,0.1279212405209023,0.1433186945556204,0.1116809684278057
1,All Population,5,Prevalence,171,Democratic Republic of the Congo,3,Both,27,Age-standardized,558,Mental disorders,3,Rate,2010,12777.2111782057,14316.550731190819,11153.81430693354
1,All Population,5,Prevalence,11,Indonesia,3,Both,27,Age-standardized,558,Mental disorders,2,Percent,2010,0.0807260290919519,0.0895664743919008,0.0726894961296412
1,All Population,5,Prevalence,11,Indonesia,3,Both,27,Age-standardized,558,Mental disorders,3,Rate,2010,7905.23207164401,8756.4249292144,7125.45689178066
1,All Population,5,Prevalence,35,Georgia,3,Both,27,Age-standardized,558,Mental disorders,2,Percent,2010,0.1172491557276256,0.1291673516686781,0.1051086590895619
1,All Population,5,Prevalence,35,Georgia,3,Both,27,Age-standardized,558,Mental disorders,3,Rate,2010,11192.24351009137,12342.039805176271,10074.03637842765
1,All Population,5,Prevalence,184,Mozambique,3,Both,27,Age-standardized,558,Mental disorders,2,Percent,2010,0.1212111639066423,0.1326524845618018,0.107837797093371
1,All Population,5,Prevalence,184,Mozambique,3,Both,27,Age-standardized,558,Mental disorders,3,Rate,2010,12050.74496917055,13196.392415551638,10722.82536060339
1,All Population,5,Prevalence,141,Egypt,3,Both,27,Age-standardized,558,Mental disorders,2,Percent,2010,0.1363256400620313,0.1477333493963964,0.1231253897362006
1,All Population,5,Prevalence,141,Egypt,3,Both,27,Age-standardized,558,Mental disorders,3,Rate,2010,13234.60368112506,14357.18383703886,11938.67878949796
1,All Population,5,Prevalence,200,Benin,3,Both,27,Age-standardized,558,Mental disorders,2,Percent,2010,0.1273175456848501,0.1388433956675317,0.1133599227028889
1,All Population,5,Prevalence,200,Benin,3,Both,27,Age-standardized,558,Mental disorders,3,Rate,2010,12659.344024638918,13802.83943210181,11271.910705437831
1,All Population,5,Prevalence,154,Tunisia,3,Both,27,Age-standardized,558,Mental disorders,2,Percent,2010,0.1423833049743534,0.1527862251426791,0.1308281669520987
1,All Population,5,Prevalence,154,Tunisia,3,Both,27,Age-standardized,558,Mental disorders,3,Rate,2010,13616.46008835728,14655.07547734517,12527.738603496411
1,All Population,5,Prevalence,46,Croatia,3,Both,27,Age-standardized,558,Mental disorders,2,Percent,2010,0.1263533875305576,0.141219405364489,0.1110839036768679
1,All Population,5,Prevalence,46,Croatia,3,Both,27,Age-standardized,558,Mental disorders,3,Rate,2010,12041.879108496301,13525.41065280968,10630.95116346323
1,All Population,5,Prevalence,14,Maldives,3,Both,27,Age-standardized,558,Mental disorders,2,Percent,2010,0.0834486971245295,0.0914525290120521,0.075749465627753
1,All Population,5,Prevalence,14,Maldives,3,Both,27,Age-standardized,558,Mental disorders,3,Rate,2010,8046.71175057742,8822.41548533366,7334.30052395993
1,All Population,5,Prevalence,49,North Macedonia,3,Both,27,Age-standardized,558,Mental disorders,2,Percent,2010,0.1174992601238802,0.1322939131586424,0.1037990723951454
1,All Population,5,Prevalence,49,North Macedonia,3,Both,27,Age-standardized,558,Mental disorders,3,Rate,2010,11118.6605335064,12540.79497284352,9832.4138565535
1,All Population,5,Prevalence,52,Romania,3,Both,27,Age-standardized,558,Mental disorders,2,Percent,2010,0.1126907315697985,0.1258575639961056,0.09974988113225
1,All Population,5,Prevalence,52,Romania,3,Both,27,Age-standardized,558,Mental disorders,3,Rate,2010,10756.3860739413,12052.15613314898,9554.81439861424
1,All Population,5,Prevalence,24,Marshall Islands,3,Both,27,Age-standardized,558,Mental disorders,2,Percent,2010,0.099062412203973,0.1097542356263736,0.0858832254226251
1,All Population,5,Prevalence,24,Marshall Islands,3,Both,27,Age-standardized,558,Mental disorders,3,Rate,2010,9721.20343211474,10756.65533630633,8421.81692515042
1,All Population,5,Prevalence,79,Finland,3,Both,27,Age-standardized,558,Mental disorders,2,Percent,2010,0.1268748902255511,0.1385239045230854,0.1136869710944898
1,All Population,5,Prevalence,79,Finland,3,Both,27,Age-standardized,558,Mental disorders,3,Rate,2010,11665.093683440591,12755.84646333347,10462.68317230847
1,All Population,5,Prevalence,215,Sao Tome and Principe,3,Both,27,Age-standardized,558,Mental disorders,2,Percent,2010,0.1155762984283307,0.125743339017864,0.1034095273466847
1,All Population,5,Prevalence,215,Sao Tome and Principe,3,Both,27,Age-standardized,558,Mental disorders,3,Rate,2010,11493.27233087587,12522.334189493,10282.05011459712
1,All Population,5,Prevalence,127,El Salvador,3,Both,27,Age-standardized,558,Mental disorders,2,Percent,2009,0.1156303236497164,0.1247890624156605,0.1069103139315502
1,All Population,5,Prevalence,127,El Salvador,3,Both,27,Age-standardized,558,Mental disorders,3,Rate,2009,11163.94802046491,12075.87490149825,10303.28719782895
1,All Population,5,Prevalence,59,Latvia,3,Both,27,Age-standardized,558,Mental disorders,2,Percent,2010,0.1201223336423393,0.1315227735825969,0.1087953089529676
1,All Population,5,Prevalence,59,Latvia,3,Both,27,Age-standardized,558,Mental disorders,3,Rate,2010,11190.30797817539,12184.130518040829,10132.0325784917
1,All Population,5,Prevalence,416,Tuvalu,3,Both,27,Age-standardized,558,Mental disorders,2,Percent,2009,0.0989429110639465,0.1097216416482792,0.0866084125072354
1,All Population,5,Prevalence,416,Tuvalu,3,Both,27,Age-standardized,558,Mental disorders,3,Rate,2009,9678.914927615651,10725.58352729329,8451.768968616689
1,All Population,5,Prevalence,94,Switzerland,3,Both,27,Age-standardized,558,Mental disorders,2,Percent,2010,0.1641033983636159,0.1805627764127102,0.1471627181652432
1,All Population,5,Prevalence,94,Switzerland,3,Both,27,Age-standardized,558,Mental disorders,3,Rate,2010,15025.276989792468,16444.21386730639,13478.895707205449
1,All Population,5,Prevalence,413,Tokelau,3,Both,27,Age-standardized,558,Mental disorders,2,Percent,2010,0.1000659070013127,0.1113704805539963,0.0871396119823202
1,All Population,5,Prevalence,413,Tokelau,3,Both,27,Age-standardized,558,Mental disorders,3,Rate,2010,9708.5170772214,10802.72385751784,8415.79910348013
1,All Population,5,Prevalence,114,Haiti,3,Both,27,Age-standardized,558,Mental disorders,2,Percent,2010,0.1415435961820023,0.155196567177825,0.1262768568136932
1,All Population,5,Prevalence,114,Haiti,3,Both,27,Age-standardized,558,Mental disorders,3,Rate,2010,13973.785346973898,15334.84328313277,12464.988093628599
1,All Population,5,Prevalence,67,Japan,3,Both,27,Age-standardized,558,Mental disorders,2,Percent,2010,0.1245413996332479,0.1371117754496962,0.1112474365694401
1,All Population,5,Prevalence,67,Japan,3,Both,27,Age-standardized,558,Mental disorders,3,Rate,2010,11317.88185688215,12444.43013207651,10040.61520178553
1,All Population,5,Prevalence,101,Canada,3,Both,27,Age-standardized,558,Mental disorders,2,Percent,2010,0.148612928665379,0.1628817826252941,0.1332478362895355
1,All Population,5,Prevalence,101,Canada,3,Both,27,Age-standardized,558,Mental disorders,3,Rate,2010,13744.930663457231,15119.55416315231,12284.39902647307
1,All Population,5,Prevalence,82,Greece,3,Both,27,Age-standardized,558,Mental disorders,2,Percent,2010,0.160665418209845,0.1760810506685489,0.1430899167919684
1,All Population,5,Prevalence,82,Greece,3,Both,27,Age-standardized,558,Mental disorders,3,Rate,2010,14938.69332587919,16392.725531915738,13276.56608931476
1,All Population,5,Prevalence,142,Iran (Islamic Republic of),3,Both,27,Age-standardized,558,Mental disorders,2,Percent,2009,0.1744432338536806,0.1862264888238383,0.1601003387848328
1,All Population,5,Prevalence,142,Iran (Islamic Republic of),3,Both,27,Age-standardized,558,Mental disorders,3,Rate,2009,16929.40131880135,18069.720552092287,15528.698539923089
1,All Population,5,Prevalence,50,Montenegro,3,Both,27,Age-standardized,558,Mental disorders,2,Percent,2009,0.1261329722417969,0.1413563377162404,0.1115184654860658
1,All Population,5,Prevalence,50,Montenegro,3,Both,27,Age-standardized,558,Mental disorders,3,Rate,2009,11902.93816899695,13407.45463882598,10501.45482132636
1,All Population,5,Prevalence,320,Cook Islands,3,Both,27,Age-standardized,558,Mental disorders,2,Percent,2010,0.1017405889143678,0.1123376673085064,0.0886825734970925
1,All Population,5,Prevalence,320,Cook Islands,3,Both,27,Age-standardized,558,Mental disorders,3,Rate,2010,9747.30744555606,10789.05654072545,8485.00860489761
1,All Population,5,Prevalence,205,Côte d'Ivoire,3,Both,27,Age-standardized,558,Mental disorders,2,Percent,2009,0.1186074606449302,0.1284947115247051,0.1063119140348424
1,All Population,5,Prevalence,205,Côte d'Ivoire,3,Both,27,Age-standardized,558,Mental disorders,3,Rate,2009,11797.54348216826,12788.68078344391,10566.52177139949
1,All Population,5,Prevalence,173,Gabon,3,Both,27,Age-standardized,558,Mental disorders,2,Percent,2010,0.1312071191527172,0.1458761412576392,0.115421607901583
1,All Population,5,Prevalence,173,Gabon,3,Both,27,Age-standardized,558,Mental disorders,3,Rate,2010,13006.6064779713,14460.617775857889,11450.468191548769
1,All Population,5,Prevalence,202,Cameroon,3,Both,27,Age-standardized,558,Mental disorders,2,Percent,2010,0.1246297219520752,0.1354747061080475,0.1113111657132971
1,All Population,5,Prevalence,202,Cameroon,3,Both,27,Age-standardized,558,Mental disorders,3,Rate,2010,12355.31518774409,13442.92204295221,11026.79506526554
1,All Population,5,Prevalence,99,Uruguay,3,Both,27,Age-standardized,558,Mental disorders,2,Percent,2010,0.1509885557355675,0.1660673374092137,0.1337831923522034
1,All Population,5,Prevalence,99,Uruguay,3,Both,27,Age-standardized,558,Mental disorders,3,Rate,2010,14205.88375926484,15590.97182734858,12628.745813688241
1,All Population,5,Prevalence,148,Morocco,3,Both,27,Age-standardized,558,Mental disorders,2,Percent,2010,0.1301262858014675,0.1387303290296563,0.12042559841809
1,All Population,5,Prevalence,148,Morocco,3,Both,27,Age-standardized,558,Mental disorders,3,Rate,2010,12556.139378965008,13391.09522985375,11578.62139402866
1,All Population,5,Prevalence,186,Seychelles,3,Both,27,Age-standardized,558,Mental disorders,2,Percent,2010,0.0835251875319179,0.0914208432183066,0.0763718128777813
1,All Population,5,Prevalence,186,Seychelles,3,Both,27,Age-standardized,558,Mental disorders,3,Rate,2010,8010.597160174259,8732.95622891104,7347.19131952637
1,All Population,5,Prevalence,143,Iraq,3,Both,27,Age-standardized,558,Mental disorders,2,Percent,2010,0.1345652468020165,0.1459925063821956,0.1222056929970679
1,All Population,5,Prevalence,143,Iraq,3,Both,27,Age-standardized,558,Mental disorders,3,Rate,2010,13051.79217628163,14123.49724334496,11841.73863296023
1,All Population,5,Prevalence,58,Estonia,3,Both,27,Age-standardized,558,Mental disorders,2,Percent,2010,0.1174156423546312,0.1290638370998697,0.1056703308220518
1,All Population,5,Prevalence,58,Estonia,3,Both,27,Age-standardized,558,Mental disorders,3,Rate,2010,10900.142878916611,11989.07730292402,9817.85943870144
1,All Population,5,Prevalence,39,Tajikistan,3,Both,27,Age-standardized,558,Mental disorders,2,Percent,2010,0.1051640576742319,0.1178373438290771,0.093164148639292
1,All Population,5,Prevalence,39,Tajikistan,3,Both,27,Age-standardized,558,Mental disorders,3,Rate,2010,10175.19693771323,11415.51222933701,9033.55674478153
1,All Population,5,Prevalence,351,Guam,3,Both,27,Age-standardized,558,Mental disorders,2,Percent,2010,0.1049961846118215,0.1172574794929469,0.0913501388775206
1,All Population,5,Prevalence,351,Guam,3,Both,27,Age-standardized,558,Mental disorders,3,Rate,2010,10045.51477332284,11210.69057564705,8716.123533258311
1,All Population,5,Prevalence,157,Yemen,3,Both,27,Age-standardized,558,Mental disorders,2,Percent,2009,0.1332586507445766,0.143726916158825,0.1226111709764024
1,All Population,5,Prevalence,157,Yemen,3,Both,27,Age-standardized,558,Mental disorders,3,Rate,2009,13202.940710573572,14231.02376822607,12152.77754646018
1,All Population,5,Prevalence,81,Germany,3,Both,27,Age-standardized,558,Mental disorders,2,Percent,2010,0.1391325139360929,0.1499162833907326,0.1294232686518062
1,All Population,5,Prevalence,81,Germany,3,Both,27,Age-standardized,558,Mental disorders,3,Rate,2010,12629.630494575918,13642.52696386449,11747.48926663618
1,All Population,5,Prevalence,422,United States Virgin Islands,3,Both,27,Age-standardized,558,Mental disorders,2,Percent,2010,0.1448898706735469,0.1588362967701887,0.1311661532071697
1,All Population,5,Prevalence,422,United States Virgin Islands,3,Both,27,Age-standardized,558,Mental disorders,3,Rate,2010,13819.59181109523,15100.16657597861,12463.03062845639
1,All Population,5,Prevalence,144,Jordan,3,Both,27,Age-standardized,558,Mental disorders,2,Percent,2010,0.1325191121442131,0.1419352530219236,0.1215948403163669
1,All Population,5,Prevalence,144,Jordan,3,Both,27,Age-standardized,558,Mental disorders,3,Rate,2010,12696.103546635079,13632.72465699305,11683.73245930498
1,All Population,5,Prevalence,91,Portugal,3,Both,27,Age-standardized,558,Mental disorders,2,Percent,2010,0.1803022767767443,0.2020699198936899,0.1585881936366484
1,All Population,5,Prevalence,91,Portugal,3,Both,27,Age-standardized,558,Mental disorders,3,Rate,2010,16537.55504532894,18520.82344980893,14455.19295292296
1,All Population,5,Prevalence,106,Bahamas,3,Both,27,Age-standardized,558,Mental disorders,2,Percent,2010,0.1461850677197363,0.1600112007903789,0.1321250907222874
1,All Population,5,Prevalence,106,Bahamas,3,Both,27,Age-standardized,558,Mental disorders,3,Rate,2010,14072.97538717751,15391.19174298956,12718.237553473491
1,All Population,5,Prevalence,93,Sweden,3,Both,27,Age-standardized,558,Mental disorders,2,Percent,2010,0.1386308991110404,0.149446884704187,0.1287705360246745
1,All Population,5,Prevalence,93,Sweden,3,Both,27,Age-standardized,558,Mental disorders,3,Rate,2010,12737.597175758088,13657.949148065909,11845.57008144906
1,All Population,5,Prevalence,6,China,3,Both,27,Age-standardized,558,Mental disorders,2,Percent,2008,0.1177530438658398,0.1284005382446197,0.1080362887155094
1,All Population,5,Prevalence,6,China,3,Both,27,Age-standardized,558,Mental disorders,3,Rate,2008,11260.46579679297,12274.785520556341,10336.16821377588
1,All Population,5,Prevalence,84,Ireland,3,Both,27,Age-standardized,558,Mental disorders,2,Percent,2010,0.1555341506509985,0.1702421252499246,0.1406385351257843
1,All Population,5,Prevalence,84,Ireland,3,Both,27,Age-standardized,558,Mental disorders,3,Rate,2010,14362.04484112707,15669.67992356026,12938.91567393615
1,All Population,5,Prevalence,189,United Republic of Tanzania,3,Both,27,Age-standardized,558,Mental disorders,2,Percent,2010,0.1027257169798226,0.1124486745871761,0.0930323599692544
1,All Population,5,Prevalence,189,United Republic of Tanzania,3,Both,27,Age-standardized,558,Mental disorders,3,Rate,2010,10175.76453143416,11124.5912233452,9218.44421162869
1,All Population,5,Prevalence,33,Armenia,3,Both,27,Age-standardized,558,Mental disorders,2,Percent,2010,0.1319391916124318,0.1458279794085493,0.1167952530117835
1,All Population,5,Prevalence,33,Armenia,3,Both,27,Age-standardized,558,Mental disorders,3,Rate,2010,12535.12487242621,13851.892622044521,11136.684096239851
1,All Population,5,Prevalence,74,Andorra,3,Both,27,Age-standardized,558,Mental disorders,2,Percent,2010,0.1434975619764785,0.1544518459756008,0.1346720362827738
1,All Population,5,Prevalence,74,Andorra,3,Both,27,Age-standardized,558,Mental disorders,3,Rate,2010,13135.624510216809,14098.09251942297,12279.54940363877
1,All Population,5,Prevalence,44,Bosnia and Herzegovina,3,Both,27,Age-standardized,558,Mental disorders,2,Percent,2010,0.1264787760122781,0.1413697836308043,0.1108600181959792
1,All Population,5,Prevalence,44,Bosnia and Herzegovina,3,Both,27,Age-standardized,558,Mental disorders,3,Rate,2010,12027.820278623221,13442.15462205411,10558.525205141581
1,All Population,5,Prevalence,40,Turkmenistan,3,Both,27,Age-standardized,558,Mental disorders,2,Percent,2008,0.1026067977985807,0.1137234743502263,0.0919643605481232
1,All Population,5,Prevalence,40,Turkmenistan,3,Both,27,Age-standardized,558,Mental disorders,3,Rate,2008,9777.94895314653,10852.36819801478,8751.44340678532
1,All Population,5,Prevalence,190,Uganda,3,Both,27,Age-standardized,558,Mental disorders,2,Percent,2009,0.1097966174818045,0.1187314227427439,0.0992705122710247
1,All Population,5,Prevalence,190,Uganda,3,Both,27,Age-standardized,558,Mental disorders,3,Rate,2009,10922.82440191193,11815.07569888995,9874.1593720199
1,All Population,5,Prevalence,121,Bolivia (Plurinational State of),3,Both,27,Age-standardized,558,Mental disorders,2,Percent,2010,0.1475624550015977,0.1625042183113616,0.1322883932341944
1,All Population,5,Prevalence,121,Bolivia (Plurinational State of),3,Both,27,Age-standardized,558,Mental disorders,3,Rate,2010,14322.77503195897,15731.33111708718,12847.60274230391
1,All Population,5,Prevalence,26,Papua New Guinea,3,Both,27,Age-standardized,558,Mental disorders,2,Percent,2010,0.0984625045116375,0.1097006793275506,0.0853663135094636
1,All Population,5,Prevalence,26,Papua New Guinea,3,Both,27,Age-standardized,558,Mental disorders,3,Rate,2010,9783.37705671195,10891.869568355669,8487.279855475941
1,All Population,5,Prevalence,136,Paraguay,3,Both,27,Age-standardized,558,Mental disorders,2,Percent,2010,0.1513865539172126,0.1636814928290996,0.138864501607889
1,All Population,5,Prevalence,136,Paraguay,3,Both,27,Age-standardized,558,Mental disorders,3,Rate,2010,14658.414431952322,15885.44273713521,13431.32195248713
1,All Population,5,Prevalence,116,Saint Lucia,3,Both,27,Age-standardized,558,Mental disorders,2,Percent,2010,0.1442924279560812,0.1578852311356209,0.1303601023965792
1,All Population,5,Prevalence,116,Saint Lucia,3,Both,27,Age-standardized,558,Mental disorders,3,Rate,2010,13939.76424294306,15265.6628014196,12534.94596860108
1,All Population,5,Prevalence,151,Qatar,3,Both,27,Age-standardized,558,Mental disorders,2,Percent,2010,0.1147517079216864,0.1236318028505805,0.1051137214027963
1,All Population,5,Prevalence,151,Qatar,3,Both,27,Age-standardized,558,Mental disorders,3,Rate,2010,10966.0314910077,11813.75553457453,10023.45474696582
1,All Population,5,Prevalence,129,Honduras,3,Both,27,Age-standardized,558,Mental disorders,2,Percent,2010,0.1126371963727717,0.1223669177409762,0.1036399166213919
1,All Population,5,Prevalence,129,Honduras,3,Both,27,Age-standardized,558,Mental disorders,3,Rate,2010,11023.79636191821,11968.36641022088,10139.652774257329
1,All Population,5,Prevalence,176,Comoros,3,Both,27,Age-standardized,558,Mental disorders,2,Percent,2010,0.1093498376593366,0.119853062578984,0.0987339348240287
1,All Population,5,Prevalence,176,Comoros,3,Both,27,Age-standardized,558,Mental disorders,3,Rate,2010,10716.02148661276,11750.313167810069,9644.50966603002
1,All Population,5,Prevalence,69,Singapore,3,Both,27,Age-standardized,558,Mental disorders,2,Percent,2010,0.1122082358137163,0.1234676023886316,0.1024251506594665
1,All Population,5,Prevalence,69,Singapore,3,Both,27,Age-standardized,558,Mental disorders,3,Rate,2010,10068.320470958939,11081.17139874987,9111.490902019379
1,All Population,5,Prevalence,196,South Africa,3,Both,27,Age-standardized,558,Mental disorders,2,Percent,2010,0.112004920003663,0.1212824092842077,0.1016522611644341
1,All Population,5,Prevalence,196,South Africa,3,Both,27,Age-standardized,558,Mental disorders,3,Rate,2010,11060.65684188461,11982.971172053989,10037.81191175213
1,All Population,5,Prevalence,8,Taiwan,3,Both,27,Age-standardized,558,Mental disorders,2,Percent,2008,0.0970157687878023,0.1056841390755115,0.088632739317676
1,All Population,5,Prevalence,8,Taiwan,3,Both,27,Age-standardized,558,Mental disorders,3,Rate,2008,9154.044300304651,9957.05391494929,8361.2919149977
1,All Population,5,Prevalence,23,Kiribati,3,Both,27,Age-standardized,558,Mental disorders,2,Percent,2008,0.1001535655067998,0.1120229654463254,0.087026335809251
1,All Population,5,Prevalence,23,Kiribati,3,Both,27,Age-standardized,558,Mental disorders,3,Rate,2008,9937.191015196438,11128.514782071481,8649.40648810147
1,All Population,5,Prevalence,161,Bangladesh,3,Both,27,Age-standardized,558,Mental disorders,2,Percent,2010,0.1134299631751181,0.1259548767147912,0.1003520908685335
1,All Population,5,Prevalence,161,Bangladesh,3,Both,27,Age-standardized,558,Mental disorders,3,Rate,2010,11079.48611590201,12310.72901282962,9792.83412145855
1,All Population,5,Prevalence,48,Hungary,3,Both,27,Age-standardized,558,Mental disorders,2,Percent,2010,0.119165902107837,0.1332156077854754,0.1062880514506698
1,All Population,5,Prevalence,48,Hungary,3,Both,27,Age-standardized,558,Mental disorders,3,Rate,2010,11302.61011711923,12676.99295475917,10077.99966136734
1,All Population,5,Prevalence,36,Kazakhstan,3,Both,27,Age-standardized,558,Mental disorders,2,Percent,2008,0.1004233454426205,0.1111787588292613,0.0905056134295146
1,All Population,5,Prevalence,36,Kazakhstan,3,Both,27,Age-standardized,558,Mental disorders,3,Rate,2008,9632.67657791489,10643.9920608705,8652.4745466455
1,All Population,5,Prevalence,53,Serbia,3,Both,27,Age-standardized,558,Mental disorders,2,Percent,2008,0.1278362894896815,0.1419997907634652,0.1129545431488613
1,All Population,5,Prevalence,53,Serbia,3,Both,27,Age-standardized,558,Mental disorders,3,Rate,2008,12226.56518070818,13647.64525123086,10810.79751275301
1,All Population,5,Prevalence,68,Republic of Korea,3,Both,27,Age-standardized,558,Mental disorders,2,Percent,2008,0.122302744052249,0.1339314006724895,0.1102768286910762
1,All Population,5,Prevalence,68,Republic of Korea,3,Both,27,Age-standardized,558,Mental disorders,3,Rate,2008,11323.326180835511,12414.74250823975,10201.9275020456
1,All Population,5,Prevalence,194,Lesotho,3,Both,27,Age-standardized,558,Mental disorders,2,Percent,2010,0.1027793655780164,0.1116627862814737,0.0924409975549437
1,All Population,5,Prevalence,194,Lesotho,3,Both,27,Age-standardized,558,Mental disorders,3,Rate,2010,10213.44760644953,11099.63309885144,9186.25672672833
1,All Population,5,Prevalence,209,Guinea-Bissau,3,Both,27,Age-standardized,558,Mental disorders,2,Percent,2010,0.1153918028825952,0.1255537886162686,0.1030296711542413
1,All Population,5,Prevalence,209,Guinea-Bissau,3,Both,27,Age-standardized,558,Mental disorders,3,Rate,2010,11479.24597488712,12498.48067853065,10238.66335239305
1,All Population,5,Prevalence,41,Uzbekistan,3,Both,27,Age-standardized,558,Mental disorders,2,Percent,2010,0.1039206675724819,0.1158416845329668,0.09304298304451
1,All Population,5,Prevalence,41,Uzbekistan,3,Both,27,Age-standardized,558,Mental disorders,3,Rate,2010,9979.049096626639,11140.3802611745,8944.13516536971
1,All Population,5,Prevalence,15,Myanmar,3,Both,27,Age-standardized,558,Mental disorders,2,Percent,2023,0.1049724345904534,0.1165889621701204,0.0950474958014168
1,All Population,5,Prevalence,15,Myanmar,3,Both,27,Age-standardized,558,Mental disorders,3,Rate,2023,10202.6287337974,11291.26899501621,9204.658423236491
1,All Population,5,Prevalence,140,Bahrain,3,Both,27,Age-standardized,558,Mental disorders,2,Percent,2010,0.1400749467298547,0.1495671165196804,0.1299680416784343
1,All Population,5,Prevalence,140,Bahrain,3,Both,27,Age-standardized,558,Mental disorders,3,Rate,2010,13562.47398987652,14497.805653080351,12587.07154669311
1,All Population,5,Prevalence,16,Philippines,3,Both,27,Age-standardized,558,Mental disorders,2,Percent,2010,0.0874980387598739,0.0962623429742585,0.0798686928834373
1,All Population,5,Prevalence,16,Philippines,3,Both,27,Age-standardized,558,Mental disorders,3,Rate,2010,8486.49292649238,9316.51606244882,7752.55356648117
1,All Population,5,Prevalence,25,Micronesia (Federated States of),3,Both,27,Age-standardized,558,Mental disorders,2,Percent,2008,0.0978198361486532,0.1081905038869438,0.0853371965729931
1,All Population,5,Prevalence,25,Micronesia (Federated States of),3,Both,27,Age-standardized,558,Mental disorders,3,Rate,2008,9618.42621545758,10650.79391567136,8391.67524265549
1,All Population,5,Prevalence,10,Cambodia,3,Both,27,Age-standardized,558,Mental disorders,2,Percent,2008,0.0901098115225831,0.0987821945851619,0.0818319673382338
1,All Population,5,Prevalence,10,Cambodia,3,Both,27,Age-standardized,558,Mental disorders,3,Rate,2008,8887.35982692302,9745.57460633909,8093.70219900776
1,All Population,5,Prevalence,61,Republic of Moldova,3,Both,27,Age-standardized,558,Mental disorders,2,Percent,2010,0.1184607816430556,0.1307009203732061,0.1052827036322327
1,All Population,5,Prevalence,61,Republic of Moldova,3,Both,27,Age-standardized,558,Mental disorders,3,Rate,2010,11156.1649034742,12307.242953092149,9972.85207192505
1,All Population,5,Prevalence,87,Luxembourg,3,Both,27,Age-standardized,558,Mental disorders,2,Percent,2008,0.1407175649292427,0.1502801494846559,0.1314319330296844
1,All Population,5,Prevalence,87,Luxembourg,3,Both,27,Age-standardized,558,Mental disorders,3,Rate,2008,12871.22367561032,13731.20805977509,12030.672869258071
1,All Population,5,Prevalence,28,Solomon Islands,3,Both,27,Age-standardized,558,Mental disorders,2,Percent,2023,0.1266492350064827,0.147673359270632,0.1111072938757605
1,All Population,5,Prevalence,28,Solomon Islands,3,Both,27,Age-standardized,558,Mental disorders,3,Rate,2023,12419.69020292914,14481.477681876431,10899.48430977488
1,All Population,5,Prevalence,38,Mongolia,3,Both,27,Age-standardized,558,Mental disorders,2,Percent,2008,0.1085461177325503,0.1212272179440995,0.0972301074720684
1,All Population,5,Prevalence,38,Mongolia,3,Both,27,Age-standardized,558,Mental disorders,3,Rate,2008,10450.39714612587,11673.36572137152,9359.0592387111
1,All Population,5,Prevalence,62,Russian Federation,3,Both,27,Age-standardized,558,Mental disorders,2,Percent,2023,0.1354337497942555,0.1528900550974285,0.1209801809925663
1,All Population,5,Prevalence,62,Russian Federation,3,Both,27,Age-standardized,558,Mental disorders,3,Rate,2023,12674.809459374761,14293.16716820911,11363.35838960627
1,All Population,5,Prevalence,13,Malaysia,3,Both,27,Age-standardized,558,Mental disorders,2,Percent,2023,0.1053133604780922,0.1163841602527245,0.0960943511380332
1,All Population,5,Prevalence,13,Malaysia,3,Both,27,Age-standardized,558,Mental disorders,3,Rate,2023,10022.66007586563,11064.4871530321,9156.49943549733
1,All Population,5,Prevalence,150,Oman,3,Both,27,Age-standardized,558,Mental disorders,2,Percent,2010,0.1258160442654437,0.1349356673365933,0.1161716992408398
1,All Population,5,Prevalence,150,Oman,3,Both,27,Age-standardized,558,Mental disorders,3,Rate,2010,12249.852668146941,13129.16582533506,11283.307606557411
1,All Population,5,Prevalence,201,Burkina Faso,3,Both,27,Age-standardized,558,Mental disorders,2,Percent,2010,0.1270352344752603,0.1385968557997732,0.1134634725558174
1,All Population,5,Prevalence,201,Burkina Faso,3,Both,27,Age-standardized,558,Mental disorders,3,Rate,2010,12665.92968358883,13815.8554603947,11308.56048001062
1,All Population,5,Prevalence,168,Angola,3,Both,27,Age-standardized,558,Mental disorders,2,Percent,2010,0.1447200072155728,0.1619631358769754,0.126734993413665
1,All Population,5,Prevalence,168,Angola,3,Both,27,Age-standardized,558,Mental disorders,3,Rate,2010,14339.093064482911,16053.245376995359,12579.489522312359
1,All Population,5,Prevalence,86,Italy,3,Both,27,Age-standardized,558,Mental disorders,2,Percent,2010,0.1313443630667433,0.1449390739392639,0.1168397938591198
1,All Population,5,Prevalence,86,Italy,3,Both,27,Age-standardized,558,Mental disorders,3,Rate,2010,12053.17305624191,13291.100466893311,10745.36549515052
1,All Population,5,Prevalence,17,Sri Lanka,3,Both,27,Age-standardized,558,Mental disorders,2,Percent,2023,0.1053380203330845,0.116404700083782,0.0961302599798816
1,All Population,5,Prevalence,17,Sri Lanka,3,Both,27,Age-standardized,558,Mental disorders,3,Rate,2023,10086.09176788854,11158.07706896253,9205.52161162016
1,All Population,5,Prevalence,45,Bulgaria,3,Both,27,Age-standardized,558,Mental disorders,2,Percent,2023,0.1280099776230192,0.1472054534162282,0.1139648977111977
1,All Population,5,Prevalence,45,Bulgaria,3,Both,27,Age-standardized,558,Mental disorders,3,Rate,2023,12119.568707278939,13933.87247330432,10747.78064685742
1,All Population,5,Prevalence,187,Somalia,3,Both,27,Age-standardized,558,Mental disorders,2,Percent,2010,0.1080848674546392,0.118010680541442,0.0973994614751838
1,All Population,5,Prevalence,187,Somalia,3,Both,27,Age-standardized,558,Mental disorders,3,Rate,2010,10761.57983802441,11748.27982020311,9698.929878827681
1,All Population,5,Prevalence,108,Belize,3,Both,27,Age-standardized,558,Mental disorders,2,Percent,2010,0.1368409793327929,0.1498865631008938,0.1230162404608133
1,All Population,5,Prevalence,108,Belize,3,Both,27,Age-standardized,558,Mental disorders,3,Rate,2010,13311.48854308717,14592.32406023763,11952.85429852368
1,All Population,5,Prevalence,30,Vanuatu,3,Both,27,Age-standardized,558,Mental disorders,2,Percent,2023,0.1228487728929717,0.1436322192383037,0.1072445795075494
1,All Population,5,Prevalence,30,Vanuatu,3,Both,27,Age-standardized,558,Mental disorders,3,Rate,2023,12080.38393877809,14100.948537390079,10539.0545087988
1,All Population,5,Prevalence,98,Chile,3,Both,27,Age-standardized,558,Mental disorders,2,Percent,2008,0.1564677329564217,0.1735721130525538,0.1400426626215797
1,All Population,5,Prevalence,98,Chile,3,Both,27,Age-standardized,558,Mental disorders,3,Rate,2008,14888.332307131519,16516.65301185524,13323.76145903752
1,All Population,5,Prevalence,55,Slovenia,3,Both,27,Age-standardized,558,Mental disorders,2,Percent,2008,0.1292046788899745,0.144006444549686,0.1142201417312696
1,All Population,5,Prevalence,55,Slovenia,3,Both,27,Age-standardized,558,Mental disorders,3,Rate,2008,12170.64017224174,13614.2092952466,10801.97368042147
1,All Population,5,Prevalence,75,Austria,3,Both,27,Age-standardized,558,Mental disorders,2,Percent,2023,0.1741639503995172,0.2014002333725464,0.1492161679708867
1,All Population,5,Prevalence,75,Austria,3,Both,27,Age-standardized,558,Mental disorders,3,Rate,2023,16026.791531831968,18500.122991152508,13698.77019769197
1,All Population,5,Prevalence,27,Samoa,3,Both,27,Age-standardized,558,Mental disorders,2,Percent,2008,0.098457762118125,0.1087195202402824,0.0860528411911123
1,All Population,5,Prevalence,27,Samoa,3,Both,27,Age-standardized,558,Mental disorders,3,Rate,2008,9580.94302717538,10595.98029688188,8367.700136917041
1,All Population,5,Prevalence,12,Lao People's Democratic Republic,3,Both,27,Age-standardized,558,Mental disorders,2,Percent,2008,0.0795850228124177,0.0889995856794239,0.0711131460513019
1,All Population,5,Prevalence,12,Lao People's Democratic Republic,3,Both,27,Age-standardized,558,Mental disorders,3,Rate,2008,7809.7094921176695,8719.87457002266,6996.3699216104405
1,All Population,5,Prevalence,109,Cuba,3,Both,27,Age-standardized,558,Mental disorders,2,Percent,2023,0.1752330037572842,0.1953092930586925,0.1569446858565867
1,All Population,5,Prevalence,109,Cuba,3,Both,27,Age-standardized,558,Mental disorders,3,Rate,2023,16818.95875868814,18768.846150286918,15063.984799047761
1,All Population,5,Prevalence,19,Timor-Leste,3,Both,27,Age-standardized,558,Mental disorders,2,Percent,2023,0.0991392895443108,0.1105356795186013,0.0887051263680216
1,All Population,5,Prevalence,19,Timor-Leste,3,Both,27,Age-standardized,558,Mental disorders,3,Rate,2023,9676.40804738324,10804.61769095728,8676.66407926727
1,All Population,5,Prevalence,183,Mauritius,3,Both,27,Age-standardized,558,Mental disorders,2,Percent,2010,0.0956989961370515,0.1067645884114052,0.0855970787721388
1,All Population,5,Prevalence,183,Mauritius,3,Both,27,Age-standardized,558,Mental disorders,3,Rate,2010,9279.62937903551,10335.77173955222,8272.79923866578
1,All Population,5,Prevalence,90,Norway,3,Both,27,Age-standardized,558,Mental disorders,2,Percent,2023,0.180902570292194,0.2093269275482402,0.1575492724308813
1,All Population,5,Prevalence,90,Norway,3,Both,27,Age-standardized,558,Mental disorders,3,Rate,2023,16608.07303577508,19224.8511003979,14492.605533683889
1,All Population,5,Prevalence,51,Poland,3,Both,27,Age-standardized,558,Mental disorders,2,Percent,2008,0.1136557651335757,0.1264481318161852,0.1020801655434207
1,All Population,5,Prevalence,51,Poland,3,Both,27,Age-standardized,558,Mental disorders,3,Rate,2008,10740.351359175871,11961.00941656155,9692.88926439074
1,All Population,5,Prevalence,153,Syrian Arab Republic,3,Both,27,Age-standardized,558,Mental disorders,2,Percent,2010,0.1578587892227656,0.1735765794878188,0.1414048468042424
1,All Population,5,Prevalence,153,Syrian Arab Republic,3,Both,27,Age-standardized,558,Mental disorders,3,Rate,2010,15257.45380458646,16689.174948488388,13677.121917478691
1,All Population,5,Prevalence,72,New Zealand,3,Both,27,Age-standardized,558,Mental disorders,2,Percent,2008,0.1966751213339618,0.2143560547650337,0.1796433845609966
1,All Population,5,Prevalence,72,New Zealand,3,Both,27,Age-standardized,558,Mental disorders,3,Rate,2008,18022.31672495212,19644.53072849453,16448.6617040486
1,All Population,5,Prevalence,66,Brunei Darussalam,3,Both,27,Age-standardized,558,Mental disorders,2,Percent,2023,0.1394734732326367,0.1624056745303058,0.1227679843448919
1,All Population,5,Prevalence,66,Brunei Darussalam,3,Both,27,Age-standardized,558,Mental disorders,3,Rate,2023,12873.387226508708,15014.69313040062,11287.78292564296
1,All Population,5,Prevalence,47,Czechia,3,Both,27,Age-standardized,558,Mental disorders,2,Percent,2023,0.1412238053645648,0.1613881062316608,0.1244851085063033
1,All Population,5,Prevalence,47,Czechia,3,Both,27,Age-standardized,558,Mental disorders,3,Rate,2023,13278.37315738141,15149.317208890761,11685.02891521291
1,All Population,5,Prevalence,305,Bermuda,3,Both,27,Age-standardized,558,Mental disorders,2,Percent,2010,0.1495265961013075,0.1636637741347123,0.1353801860838197
1,All Population,5,Prevalence,305,Bermuda,3,Both,27,Age-standardized,558,Mental disorders,3,Rate,2010,14253.429231551328,15620.99149485312,12882.188088157389
1,All Population,5,Prevalence,214,Nigeria,3,Both,27,Age-standardized,558,Mental disorders,2,Percent,2010,0.114800354154991,0.124797438258481,0.1039867322781972
1,All Population,5,Prevalence,214,Nigeria,3,Both,27,Age-standardized,558,Mental disorders,3,Rate,2010,11407.12862759856,12396.84833594904,10323.16041561115
1,All Population,5,Prevalence,113,Guyana,3,Both,27,Age-standardized,558,Mental disorders,2,Percent,2008,0.1418196888836303,0.1545698969538287,0.1277500215872394
1,All Population,5,Prevalence,113,Guyana,3,Both,27,Age-standardized,558,Mental disorders,3,Rate,2008,13867.222859728889,15117.85658100704,12478.53472817518
1,All Population,5,Prevalence,60,Lithuania,3,Both,27,Age-standardized,558,Mental disorders,2,Percent,2023,0.1446930889249561,0.1656952528119561,0.1276547094721564
1,All Population,5,Prevalence,60,Lithuania,3,Both,27,Age-standardized,558,Mental disorders,3,Rate,2023,13559.84588688073,15556.79809021161,11888.48774762344
1,All Population,5,Prevalence,380,Palau,3,Both,27,Age-standardized,558,Mental disorders,2,Percent,2010,0.1008986822830607,0.1117592245134764,0.0883783035040123
1,All Population,5,Prevalence,380,Palau,3,Both,27,Age-standardized,558,Mental disorders,3,Rate,2010,9747.51476118621,10814.13085107536,8509.06466266977
1,All Population,5,Prevalence,89,Netherlands,3,Both,27,Age-standardized,558,Mental disorders,2,Percent,2008,0.1691951993536507,0.1799165058433189,0.1587345858965491
1,All Population,5,Prevalence,89,Netherlands,3,Both,27,Age-standardized,558,Mental disorders,3,Rate,2008,16119.76766145606,17103.0029290571,15153.89859681211
1,All Population,5,Prevalence,34,Azerbaijan,3,Both,27,Age-standardized,558,Mental disorders,2,Percent,2023,0.1300788941201509,0.1478566918512475,0.1147033042661954
1,All Population,5,Prevalence,34,Azerbaijan,3,Both,27,Age-standardized,558,Mental disorders,3,Rate,2023,12368.72820904105,14071.59504371818,10969.1668935607
1,All Population,5,Prevalence,146,Lebanon,3,Both,27,Age-standardized,558,Mental disorders,2,Percent,2010,0.1497644191487098,0.1629119098740701,0.1352485498669511
1,All Population,5,Prevalence,146,Lebanon,3,Both,27,Age-standardized,558,Mental disorders,3,Rate,2010,14339.82800749921,15578.49672855102,12916.80946361912
1,All Population,5,Prevalence,95,United Kingdom,3,Both,27,Age-standardized,558,Mental disorders,2,Percent,2010,0.166611025594065,0.1798674409460396,0.153069725502122
1,All Population,5,Prevalence,95,United Kingdom,3,Both,27,Age-standardized,558,Mental disorders,3,Rate,2010,15166.699938799411,16333.00104660128,13941.69928384183
1,All Population,5,Prevalence,118,Suriname,3,Both,27,Age-standardized,558,Mental disorders,2,Percent,2010,0.1407358839126,0.1537265397047265,0.1269020682195746
1,All Population,5,Prevalence,118,Suriname,3,Both,27,Age-standardized,558,Mental disorders,3,Rate,2010,13711.703791502761,15012.82239814509,12324.6744278817
1,All Population,5,Prevalence,83,Iceland,3,Both,27,Age-standardized,558,Mental disorders,2,Percent,2008,0.1417436742047266,0.1518399170734283,0.1323518688699662
1,All Population,5,Prevalence,83,Iceland,3,Both,27,Age-standardized,558,Mental disorders,3,Rate,2008,13107.88173057118,13999.01775619091,12250.76771785409
1,All Population,5,Prevalence,122,Ecuador,3,Both,27,Age-standardized,558,Mental disorders,2,Percent,2023,0.1799647693338966,0.204711893096706,0.1583685107404141
1,All Population,5,Prevalence,122,Ecuador,3,Both,27,Age-standardized,558,Mental disorders,3,Rate,2023,17353.20143279052,19692.2350026769,15281.832318481838
1,All Population,5,Prevalence,367,Monaco,3,Both,27,Age-standardized,558,Mental disorders,2,Percent,2010,0.1458546845632451,0.1565435568213014,0.1364841468880389
1,All Population,5,Prevalence,367,Monaco,3,Both,27,Age-standardized,558,Mental disorders,3,Rate,2010,13335.83398503616,14297.84396107974,12499.28779191597
1,All Population,5,Prevalence,76,Belgium,3,Both,27,Age-standardized,558,Mental disorders,2,Percent,2010,0.1434152369570233,0.158217970925396,0.1277203195734012
1,All Population,5,Prevalence,76,Belgium,3,Both,27,Age-standardized,558,Mental disorders,3,Rate,2010,13076.62186704524,14381.4889946938,11609.99249664061
1,All Population,5,Prevalence,396,San Marino,3,Both,27,Age-standardized,558,Mental disorders,2,Percent,2010,0.1448997813212149,0.1555324838518821,0.135835860404403
1,All Population,5,Prevalence,396,San Marino,3,Both,27,Age-standardized,558,Mental disorders,3,Rate,2010,13262.317855353509,14179.810471935949,12442.904005468721
1,All Population,5,Prevalence,349,Greenland,3,Both,27,Age-standardized,558,Mental disorders,2,Percent,2010,0.160587340440039,0.1766488765567504,0.1483003245622293
1,All Population,5,Prevalence,349,Greenland,3,Both,27,Age-standardized,558,Mental disorders,3,Rate,2010,14914.744754560848,16355.628409489931,13675.7496633443
1,All Population,5,Prevalence,102,United States of America,3,Both,27,Age-standardized,558,Mental disorders,2,Percent,2008,0.1672353381083414,0.178963151118071,0.1562412526756672
1,All Population,5,Prevalence,102,United States of America,3,Both,27,Age-standardized,558,Mental disorders,3,Rate,2008,15209.39034075517,16290.564848261529,14210.291073073138
1,All Population,5,Prevalence,50,Montenegro,3,Both,27,Age-standardized,558,Mental disorders,2,Percent,2010,0.126658339388593,0.1419833060603665,0.1111747013499772
1,All Population,5,Prevalence,50,Montenegro,3,Both,27,Age-standardized,558,Mental disorders,3,Rate,2010,11943.53299377674,13490.731248252368,10511.91688330211
1,All Population,5,Prevalence,57,Belarus,3,Both,27,Age-standardized,558,Mental disorders,2,Percent,2008,0.1163477684248992,0.1278320302811958,0.1049883524448625
1,All Population,5,Prevalence,57,Belarus,3,Both,27,Age-standardized,558,Mental disorders,3,Rate,2008,10896.03081595051,12026.51316067608,9790.02328354641
1,All Population,5,Prevalence,163,India,3,Both,27,Age-standardized,558,Mental disorders,2,Percent,2010,0.1135616879120791,0.1272043183820904,0.1018697757396476
1,All Population,5,Prevalence,163,India,3,Both,27,Age-standardized,558,Mental disorders,3,Rate,2010,11191.05179199528,12511.2549681764,10035.3627751719
1,All Population,5,Prevalence,131,Nicaragua,3,Both,27,Age-standardized,558,Mental disorders,2,Percent,2010,0.1203886844937381,0.130496100731135,0.1109549026620923
1,All Population,5,Prevalence,131,Nicaragua,3,Both,27,Age-standardized,558,Mental disorders,3,Rate,2010,11679.575430920031,12654.256675439348,10776.949089347368
1,All Population,5,Prevalence,207,Ghana,3,Both,27,Age-standardized,558,Mental disorders,2,Percent,2010,0.118877274900817,0.1280860188778757,0.1066651107354437
1,All Population,5,Prevalence,207,Ghana,3,Both,27,Age-standardized,558,Mental disorders,3,Rate,2010,11806.85196847138,12726.43955468263,10586.0387432427
1,All Population,5,Prevalence,145,Kuwait,3,Both,27,Age-standardized,558,Mental disorders,2,Percent,2008,0.127924064751573,0.1365138070493946,0.1187616171432481
1,All Population,5,Prevalence,145,Kuwait,3,Both,27,Age-standardized,558,Mental disorders,3,Rate,2008,12114.6867534712,12965.571280642242,11259.90854359072
1,All Population,5,Prevalence,128,Guatemala,3,Both,27,Age-standardized,558,Mental disorders,2,Percent,2008,0.1206695190159609,0.1300696465224677,0.1107596517612344
1,All Population,5,Prevalence,128,Guatemala,3,Both,27,Age-standardized,558,Mental disorders,3,Rate,2008,11772.22628095108,12671.241689963881,10789.97592313345
1,All Population,5,Prevalence,77,Cyprus,3,Both,27,Age-standardized,558,Mental disorders,2,Percent,2023,0.2075386614764165,0.2242555622096554,0.1899794690376893
1,All Population,5,Prevalence,77,Cyprus,3,Both,27,Age-standardized,558,Mental disorders,3,Rate,2023,19288.09176850905,20861.87271221026,17692.08717700004
1,All Population,5,Prevalence,178,Eritrea,3,Both,27,Age-standardized,558,Mental disorders,2,Percent,2010,0.1103619799773869,0.1208284108201691,0.0994962387125971
1,All Population,5,Prevalence,178,Eritrea,3,Both,27,Age-standardized,558,Mental disorders,3,Rate,2010,10851.42714862391,11852.59710656118,9768.274709953379
1,All Population,5,Prevalence,88,Malta,3,Both,27,Age-standardized,558,Mental disorders,2,Percent,2010,0.1549974950777708,0.1671000606675969,0.1448579399277534
1,All Population,5,Prevalence,88,Malta,3,Both,27,Age-standardized,558,Mental disorders,3,Rate,2010,14260.016183722171,15367.56356266128,13337.899696555969
1,All Population,5,Prevalence,115,Jamaica,3,Both,27,Age-standardized,558,Mental disorders,2,Percent,2008,0.1309584497629552,0.142948741506277,0.1185342589513399
1,All Population,5,Prevalence,115,Jamaica,3,Both,27,Age-standardized,558,Mental disorders,3,Rate,2008,12746.0788037043,13898.53625577629,11506.7087891656
1,All Population,5,Prevalence,143,Iraq,3,Both,27,Age-standardized,558,Mental disorders,2,Percent,2023,0.1676693220597004,0.1913872412817211,0.1480264464150981
1,All Population,5,Prevalence,143,Iraq,3,Both,27,Age-standardized,558,Mental disorders,3,Rate,2023,16103.73215502626,18412.68664019621,14272.17421595778
1,All Population,5,Prevalence,105,Antigua and Barbuda,3,Both,27,Age-standardized,558,Mental disorders,2,Percent,2023,0.1719846000385751,0.192558447920331,0.1551199094913786
1,All Population,5,Prevalence,105,Antigua and Barbuda,3,Both,27,Age-standardized,558,Mental disorders,3,Rate,2023,16590.63677131474,18552.09489545058,14900.72613599428
1,All Population,5,Prevalence,160,Afghanistan,3,Both,27,Age-standardized,558,Mental disorders,2,Percent,2008,0.1286898340900577,0.1383343883869513,0.118653921945604
1,All Population,5,Prevalence,160,Afghanistan,3,Both,27,Age-standardized,558,Mental disorders,3,Rate,2008,12812.55756051031,13756.09747747926,11825.97318952691
1,All Population,5,Prevalence,111,Dominican Republic,3,Both,27,Age-standardized,558,Mental disorders,2,Percent,2023,0.1847998815152095,0.2081220226838744,0.1658571534321874
1,All Population,5,Prevalence,111,Dominican Republic,3,Both,27,Age-standardized,558,Mental disorders,3,Rate,2023,17861.240123171752,20134.4477340253,16027.697874750449
1,All Population,5,Prevalence,71,Australia,3,Both,27,Age-standardized,558,Mental disorders,2,Percent,2010,0.1897714842254363,0.2029525539929317,0.1775656687282622
1,All Population,5,Prevalence,71,Australia,3,Both,27,Age-standardized,558,Mental disorders,3,Rate,2010,17377.61174159746,18643.31150421748,16274.15971013266
1,All Population,5,Prevalence,92,Spain,3,Both,27,Age-standardized,558,Mental disorders,2,Percent,2023,0.2018305284205612,0.2294835326143476,0.1780684819488038
1,All Population,5,Prevalence,92,Spain,3,Both,27,Age-standardized,558,Mental disorders,3,Rate,2023,18558.71561979568,21164.94408138174,16393.57694559035
1,All Population,5,Prevalence,211,Mali,3,Both,27,Age-standardized,558,Mental disorders,2,Percent,2010,0.113314658972812,0.1227737939973199,0.1013635234743885
1,All Population,5,Prevalence,211,Mali,3,Both,27,Age-standardized,558,Mental disorders,3,Rate,2010,11262.51971259639,12225.19801835858,10063.31350245863
1,All Population,5,Prevalence,123,Peru,3,Both,27,Age-standardized,558,Mental disorders,2,Percent,2010,0.1522058958169682,0.1659144043444566,0.1375427449486805
1,All Population,5,Prevalence,123,Peru,3,Both,27,Age-standardized,558,Mental disorders,3,Rate,2010,14946.47004789928,16285.966316851549,13517.761816375989
1,All Population,5,Prevalence,18,Thailand,3,Both,27,Age-standardized,558,Mental disorders,2,Percent,2010,0.0859329925282475,0.095647743492374,0.0777150843374096
1,All Population,5,Prevalence,18,Thailand,3,Both,27,Age-standardized,558,Mental disorders,3,Rate,2010,8265.24500220118,9189.617230668851,7449.064552672199
1,All Population,5,Prevalence,49,North Macedonia,3,Both,27,Age-standardized,558,Mental disorders,2,Percent,2023,0.1448710747928287,0.1676581401964938,0.1254088285747386
1,All Population,5,Prevalence,49,North Macedonia,3,Both,27,Age-standardized,558,Mental disorders,3,Rate,2023,13669.255882641728,15856.475631448318,11867.174995061421
1,All Population,5,Prevalence,156,United Arab Emirates,3,Both,27,Age-standardized,558,Mental disorders,2,Percent,2023,0.1363615209568997,0.151659348282957,0.1225432521012659
1,All Population,5,Prevalence,156,United Arab Emirates,3,Both,27,Age-standardized,558,Mental disorders,3,Rate,2023,13054.11099597208,14518.576840852149,11736.05656856247
1,All Population,5,Prevalence,85,Israel,3,Both,27,Age-standardized,558,Mental disorders,2,Percent,2008,0.1400984011408332,0.1515034040843961,0.1273939800402049
1,All Population,5,Prevalence,85,Israel,3,Both,27,Age-standardized,558,Mental disorders,3,Rate,2008,13015.412056533729,14062.86127377202,11790.542256480401
1,All Population,5,Prevalence,435,South Sudan,3,Both,27,Age-standardized,558,Mental disorders,2,Percent,2010,0.1164241000697714,0.126994370427118,0.1047178556279491
1,All Population,5,Prevalence,435,South Sudan,3,Both,27,Age-standardized,558,Mental disorders,3,Rate,2010,11550.336312268519,12605.88823777941,10378.115763849979
1,All Population,5,Prevalence,165,Pakistan,3,Both,27,Age-standardized,558,Mental disorders,2,Percent,2010,0.1193646219050255,0.1312776765612573,0.1082851040528386
1,All Population,5,Prevalence,165,Pakistan,3,Both,27,Age-standardized,558,Mental disorders,3,Rate,2010,11581.07652323526,12741.668106985491,10498.38140472297
1,All Population,5,Prevalence,203,Cabo Verde,3,Both,27,Age-standardized,558,Mental disorders,2,Percent,2010,0.1192371443101017,0.1292419576229541,0.1067846766682204
1,All Population,5,Prevalence,203,Cabo Verde,3,Both,27,Age-standardized,558,Mental disorders,3,Rate,2010,11508.41817880651,12468.87847776136,10307.268807374601
1,All Population,5,Prevalence,374,Niue,3,Both,27,Age-standardized,558,Mental disorders,2,Percent,2010,0.1011771801980794,0.111975385295657,0.0883700413620871
1,All Population,5,Prevalence,374,Niue,3,Both,27,Age-standardized,558,Mental disorders,3,Rate,2010,9714.03935172757,10740.60584278964,8445.81034354383
1,All Population,5,Prevalence,522,Sudan,3,Both,27,Age-standardized,558,Mental disorders,2,Percent,2010,0.1311657188723459,0.1413905393328802,0.11948888535634
1,All Population,5,Prevalence,522,Sudan,3,Both,27,Age-standardized,558,Mental disorders,3,Rate,2010,12938.84074728179,13964.20166478572,11812.345391915891
1,All Population,5,Prevalence,142,Iran (Islamic Republic of),3,Both,27,Age-standardized,558,Mental disorders,2,Percent,2010,0.1737190453327463,0.1856024887791164,0.160100327833049
1,All Population,5,Prevalence,142,Iran (Islamic Republic of),3,Both,27,Age-standardized,558,Mental disorders,3,Rate,2010,16850.417149317258,18019.98533133871,15517.62626400349
1,All Population,5,Prevalence,110,Dominica,3,Both,27,Age-standardized,558,Mental disorders,2,Percent,2010,0.1438651018641993,0.1577098265415568,0.1299879297589941
1,All Population,5,Prevalence,110,Dominica,3,Both,27,Age-standardized,558,Mental disorders,3,Rate,2010,13900.223765280689,15205.86070932769,12507.83215145552
1,All Population,5,Prevalence,147,Libya,3,Both,27,Age-standardized,558,Mental disorders,2,Percent,2008,0.1374342653230167,0.1463908887750264,0.1273960997227562
1,All Population,5,Prevalence,147,Libya,3,Both,27,Age-standardized,558,Mental disorders,3,Rate,2008,13286.254604595779,14233.96918344724,12287.47023010784
1,All Population,5,Prevalence,162,Bhutan,3,Both,27,Age-standardized,558,Mental disorders,2,Percent,2008,0.1118791495390301,0.1229216890562378,0.1013025750679249
1,All Population,5,Prevalence,162,Bhutan,3,Both,27,Age-standardized,558,Mental disorders,3,Rate,2008,10753.37448180029,11822.56083307343,9719.27251376125
1,All Population,5,Prevalence,133,Venezuela (Bolivarian Republic of),3,Both,27,Age-standardized,558,Mental disorders,2,Percent,2010,0.1273508904906057,0.1404006439266445,0.114370754930536
1,All Population,5,Prevalence,133,Venezuela (Bolivarian Republic of),3,Both,27,Age-standardized,558,Mental disorders,3,Rate,2010,12346.44066423692,13631.897953497648,11069.610407122229
1,All Population,5,Prevalence,139,Algeria,3,Both,27,Age-standardized,558,Mental disorders,2,Percent,2023,0.1496640894143247,0.1645027232597751,0.1364158353703719
1,All Population,5,Prevalence,139,Algeria,3,Both,27,Age-standardized,558,Mental disorders,3,Rate,2023,14291.17377891532,15698.42235049248,13012.39907239471
1,All Population,5,Prevalence,180,Kenya,3,Both,27,Age-standardized,558,Mental disorders,2,Percent,2010,0.1064690965587121,0.1166838582921273,0.0967420650659164
1,All Population,5,Prevalence,180,Kenya,3,Both,27,Age-standardized,558,Mental disorders,3,Rate,2010,10484.85054654144,11464.86361977181,9536.33619845748
1,All Population,5,Prevalence,213,Niger,3,Both,27,Age-standardized,558,Mental disorders,2,Percent,2010,0.1086929290962648,0.1181676213529719,0.0977896437226873
1,All Population,5,Prevalence,213,Niger,3,Both,27,Age-standardized,558,Mental disorders,3,Rate,2010,10826.16127486376,11764.90203692491,9749.84009910211
1,All Population,5,Prevalence,117,Saint Vincent and the Grenadines,3,Both,27,Age-standardized,558,Mental disorders,2,Percent,2008,0.1429014003267443,0.1552249343330173,0.1292864007774456
1,All Population,5,Prevalence,117,Saint Vincent and the Grenadines,3,Both,27,Age-standardized,558,Mental disorders,3,Rate,2008,13863.895813310439,15074.322187307529,12510.16302173133
1,All Population,5,Prevalence,130,Mexico,3,Both,27,Age-standardized,558,Mental disorders,2,Percent,2008,0.1182109642812623,0.1269567392840095,0.1087323839491477
1,All Population,5,Prevalence,130,Mexico,3,Both,27,Age-standardized,558,Mental disorders,3,Rate,2008,11343.97747419121,12178.18568138377,10458.6469377641
1,All Population,5,Prevalence,193,Botswana,3,Both,27,Age-standardized,558,Mental disorders,2,Percent,2008,0.1089173792847788,0.1179810166897146,0.0985412840804773
1,All Population,5,Prevalence,193,Botswana,3,Both,27,Age-standardized,558,Mental disorders,3,Rate,2008,10703.99045030608,11597.488870727631,9690.88529936668
1,All Population,5,Prevalence,181,Madagascar,3,Both,27,Age-standardized,558,Mental disorders,2,Percent,2008,0.1069848346128071,0.1163039825048784,0.0967005113418112
1,All Population,5,Prevalence,181,Madagascar,3,Both,27,Age-standardized,558,Mental disorders,3,Rate,2008,10628.44291777304,11549.350065126859,9620.934880047249
1,All Population,5,Prevalence,79,Finland,3,Both,27,Age-standardized,558,Mental disorders,2,Percent,2023,0.1505064366728074,0.1704790327710401,0.1332520210695985
1,All Population,5,Prevalence,79,Finland,3,Both,27,Age-standardized,558,Mental disorders,3,Rate,2023,13845.37394469649,15645.417922685501,12264.38509539637
1,All Population,5,Prevalence,175,Burundi,3,Both,27,Age-standardized,558,Mental disorders,2,Percent,2008,0.1121812324705505,0.1219759079149321,0.1009286971439074
1,All Population,5,Prevalence,175,Burundi,3,Both,27,Age-standardized,558,Mental disorders,3,Rate,2008,11109.79624610923,12089.735091912571,10008.97370873321
1,All Population,5,Prevalence,206,Gambia,3,Both,27,Age-standardized,558,Mental disorders,2,Percent,2008,0.1175832930671996,0.12735701148053,0.1059614898355773
1,All Population,5,Prevalence,206,Gambia,3,Both,27,Age-standardized,558,Mental disorders,3,Rate,2008,11629.82259601371,12622.28139127517,10502.8638751784
1,All Population,5,Prevalence,135,Brazil,3,Both,27,Age-standardized,558,Mental disorders,2,Percent,2010,0.1619166059749761,0.1743428363867618,0.1496185513312358
1,All Population,5,Prevalence,135,Brazil,3,Both,27,Age-standardized,558,Mental disorders,3,Rate,2010,15660.606359270141,16872.122938185243,14463.23745759281
1,All Population,5,Prevalence,164,Nepal,3,Both,27,Age-standardized,558,Mental disorders,2,Percent,2008,0.1039808081964214,0.1146695145823518,0.0947244382226465
1,All Population,5,Prevalence,164,Nepal,3,Both,27,Age-standardized,558,Mental disorders,3,Rate,2008,10178.254011421239,11244.66728684344,9262.44452910644
1,All Population,5,Prevalence,126,Costa Rica,3,Both,27,Age-standardized,558,Mental disorders,2,Percent,2023,0.1514434661713199,0.1717215785314494,0.1355241606513862
1,All Population,5,Prevalence,126,Costa Rica,3,Both,27,Age-standardized,558,Mental disorders,3,Rate,2023,14411.17773398018,16310.338680099889,12892.75917555325
1,All Population,5,Prevalence,94,Switzerland,3,Both,27,Age-standardized,558,Mental disorders,2,Percent,2023,0.2005115564675803,0.2272763560996832,0.1787405450326848
1,All Population,5,Prevalence,94,Switzerland,3,Both,27,Age-standardized,558,Mental disorders,3,Rate,2023,18282.95563362038,20715.369090329168,16359.66967141235
1,All Population,5,Prevalence,149,Palestine,3,Both,27,Age-standardized,558,Mental disorders,2,Percent,2008,0.1460526140563001,0.1561719076497851,0.1347258818667377
1,All Population,5,Prevalence,149,Palestine,3,Both,27,Age-standardized,558,Mental disorders,3,Rate,2008,14188.912434046038,15177.16261628717,13101.92401468684
1,All Population,5,Prevalence,63,Ukraine,3,Both,27,Age-standardized,558,Mental disorders,2,Percent,2010,0.1268397050781634,0.1401107897586575,0.1129400557164411
1,All Population,5,Prevalence,63,Ukraine,3,Both,27,Age-standardized,558,Mental disorders,3,Rate,2010,11907.54328966622,13175.015653266251,10579.51041832827
1,All Population,5,Prevalence,170,Congo,3,Both,27,Age-standardized,558,Mental disorders,2,Percent,2010,0.1329224589933245,0.1467728320057669,0.1171108777160244
1,All Population,5,Prevalence,170,Congo,3,Both,27,Age-standardized,558,Mental disorders,3,Rate,2010,13196.45623292946,14548.00288174063,11629.18499668813
1,All Population,5,Prevalence,155,Türkiye,3,Both,27,Age-standardized,558,Mental disorders,2,Percent,2010,0.1358838176581465,0.1467229373642444,0.1248284659180077
1,All Population,5,Prevalence,155,Türkiye,3,Both,27,Age-standardized,558,Mental disorders,3,Rate,2010,13085.880694723919,14167.272921966302,12008.68721241124
1,All Population,5,Prevalence,185,Rwanda,3,Both,27,Age-standardized,558,Mental disorders,2,Percent,2010,0.1049119133333806,0.1143663730010027,0.0946497923160887
1,All Population,5,Prevalence,185,Rwanda,3,Both,27,Age-standardized,558,Mental disorders,3,Rate,2010,10327.62679060218,11243.84591119148,9325.71030567521
1,All Population,5,Prevalence,78,Denmark,3,Both,27,Age-standardized,558,Mental disorders,2,Percent,2010,0.1368924414739651,0.1469701369643652,0.1274685410108497
1,All Population,5,Prevalence,78,Denmark,3,Both,27,Age-standardized,558,Mental disorders,3,Rate,2010,12467.46238040524,13403.01507711632,11659.94677374326
1,All Population,5,Prevalence,190,Uganda,3,Both,27,Age-standardized,558,Mental disorders,2,Percent,2010,0.1097058122906098,0.1188809554704594,0.0987765746638102
1,All Population,5,Prevalence,190,Uganda,3,Both,27,Age-standardized,558,Mental disorders,3,Rate,2010,10908.80992646309,11816.65892304701,9821.179277811181
1,All Population,5,Prevalence,97,Argentina,3,Both,27,Age-standardized,558,Mental disorders,2,Percent,2010,0.1451201439926193,0.1616508477119336,0.1280535550352476
1,All Population,5,Prevalence,97,Argentina,3,Both,27,Age-standardized,558,Mental disorders,3,Rate,2010,13730.60787504844,15241.191446870589,12092.00214587936
1,All Population,5,Prevalence,119,Trinidad and Tobago,3,Both,27,Age-standardized,558,Mental disorders,2,Percent,2008,0.1357087996243831,0.1481527487692772,0.1226580290130026
1,All Population,5,Prevalence,119,Trinidad and Tobago,3,Both,27,Age-standardized,558,Mental disorders,3,Rate,2008,13032.01000134617,14210.72232074081,11775.39565584169
1,All Population,5,Prevalence,216,Senegal,3,Both,27,Age-standardized,558,Mental disorders,2,Percent,2010,0.1149269207897188,0.1242085661944103,0.102476627179706
1,All Population,5,Prevalence,216,Senegal,3,Both,27,Age-standardized,558,Mental disorders,3,Rate,2010,11389.90642400069,12306.2111950398,10147.57289158645
1,All Population,5,Prevalence,132,Panama,3,Both,27,Age-standardized,558,Mental disorders,2,Percent,2008,0.1083966253893849,0.1172702597328775,0.1001565832791432
1,All Population,5,Prevalence,132,Panama,3,Both,27,Age-standardized,558,Mental disorders,3,Rate,2008,10397.11526207561,11227.185752777701,9576.16753561278
1,All Population,5,Prevalence,169,Central African Republic,3,Both,27,Age-standardized,558,Mental disorders,2,Percent,2023,0.1782704552872656,0.2019211392693155,0.1594885977151385
1,All Population,5,Prevalence,169,Central African Republic,3,Both,27,Age-standardized,558,Mental disorders,3,Rate,2023,17768.36142776924,20111.21240426459,15908.08650773164
1,All Population,5,Prevalence,177,Djibouti,3,Both,27,Age-standardized,558,Mental disorders,2,Percent,2008,0.1017134127855518,0.1108279520802993,0.0920635771038456
1,All Population,5,Prevalence,177,Djibouti,3,Both,27,Age-standardized,558,Mental disorders,3,Rate,2008,9986.113994794241,10878.10705843409,9037.75689315278
1,All Population,5,Prevalence,195,Namibia,3,Both,27,Age-standardized,558,Mental disorders,2,Percent,2008,0.1009907448451456,0.1099908107105097,0.0912417161989297
1,All Population,5,Prevalence,195,Namibia,3,Both,27,Age-standardized,558,Mental disorders,3,Rate,2008,9913.84301324853,10784.08259375769,8962.621302652971
1,All Population,5,Prevalence,416,Tuvalu,3,Both,27,Age-standardized,558,Mental disorders,2,Percent,2010,0.0994372271851462,0.1103975453393312,0.0867109432261555
1,All Population,5,Prevalence,416,Tuvalu,3,Both,27,Age-standardized,558,Mental disorders,3,Rate,2010,9723.86049219762,10793.15421645738,8470.64526620797
1,All Population,5,Prevalence,204,Chad,3,Both,27,Age-standardized,558,Mental disorders,2,Percent,2023,0.1743351311460765,0.1996785885873201,0.153928281641703
1,All Population,5,Prevalence,204,Chad,3,Both,27,Age-standardized,558,Mental disorders,3,Rate,2023,17231.28673372836,19731.4221598428,15223.30907400061
1,All Population,5,Prevalence,107,Barbados,3,Both,27,Age-standardized,558,Mental disorders,2,Percent,2023,0.1706639987667979,0.1908468873255743,0.1533156459058606
1,All Population,5,Prevalence,107,Barbados,3,Both,27,Age-standardized,558,Mental disorders,3,Rate,2023,16387.76327576954,18318.81023438703,14700.66429984086
1,All Population,5,Prevalence,215,Sao Tome and Principe,3,Both,27,Age-standardized,558,Mental disorders,2,Percent,2023,0.1574805630040278,0.1806072968623036,0.1384281152244927
1,All Population,5,Prevalence,215,Sao Tome and Principe,3,Both,27,Age-standardized,558,Mental disorders,3,Rate,2023,15496.517111819361,17794.9589939089,13600.445469599708
1,All Population,5,Prevalence,182,Malawi,3,Both,27,Age-standardized,558,Mental disorders,2,Percent,2023,0.1427669182531949,0.1606463108624506,0.1281225804976177
1,All Population,5,Prevalence,182,Malawi,3,Both,27,Age-standardized,558,Mental disorders,3,Rate,2023,13946.14595711727,15695.32855881606,12532.68447084093
1,All Population,5,Prevalence,198,Zimbabwe,3,Both,27,Age-standardized,558,Mental disorders,2,Percent,2023,0.1403095240546591,0.1606219040427271,0.1233558910936605
1,All Population,5,Prevalence,198,Zimbabwe,3,Both,27,Age-standardized,558,Mental disorders,3,Rate,2023,13594.72959257869,15550.03378275513,11953.78518958609
1,All Population,5,Prevalence,298,American Samoa,3,Both,27,Age-standardized,558,Mental disorders,2,Percent,2023,0.1282533889665077,0.150135924723422,0.1127138255013878
1,All Population,5,Prevalence,298,American Samoa,3,Both,27,Age-standardized,558,Mental disorders,3,Rate,2023,12330.85046174366,14455.762078242009,10781.06281898389
1,All Population,5,Prevalence,20,Viet Nam,3,Both,27,Age-standardized,558,Mental disorders,2,Percent,2010,0.0772426981229245,0.0844835211914643,0.069924237580277
1,All Population,5,Prevalence,20,Viet Nam,3,Both,27,Age-standardized,558,Mental disorders,3,Rate,2010,7613.6573848876205,8323.69211207163,6888.65707594135
1,All Population,5,Prevalence,385,Puerto Rico,3,Both,27,Age-standardized,558,Mental disorders,2,Percent,2010,0.1591169316602246,0.1718172379977431,0.1455417854078604
1,All Population,5,Prevalence,385,Puerto Rico,3,Both,27,Age-standardized,558,Mental disorders,3,Rate,2010,15154.933424657169,16322.38249989628,13851.052188563639
1,All Population,5,Prevalence,125,Colombia,3,Both,27,Age-standardized,558,Mental disorders,2,Percent,2010,0.1139270633909938,0.1217204122840798,0.1054436607244108
1,All Population,5,Prevalence,125,Colombia,3,Both,27,Age-standardized,558,Mental disorders,3,Rate,2010,10928.46782732157,11672.94181475312,10107.66258461986
1,All Population,5,Prevalence,369,Nauru,3,Both,27,Age-standardized,558,Mental disorders,2,Percent,2008,0.0979500414832749,0.1089084524721888,0.0854422817983955
1,All Population,5,Prevalence,369,Nauru,3,Both,27,Age-standardized,558,Mental disorders,3,Rate,2008,9602.61893083762,10666.63776917621,8366.30927547783
1,All Population,5,Prevalence,208,Guinea,3,Both,27,Age-standardized,558,Mental disorders,2,Percent,2008,0.126597762272035,0.1378704724285064,0.1136187537528506
1,All Population,5,Prevalence,208,Guinea,3,Both,27,Age-standardized,558,Mental disorders,3,Rate,2008,12597.59253467374,13733.80297636583,11311.160927322431
1,All Population,5,Prevalence,179,Ethiopia,3,Both,27,Age-standardized,558,Mental disorders,2,Percent,2008,0.1157580401107495,0.1254742532119448,0.1052487627873451
1,All Population,5,Prevalence,179,Ethiopia,3,Both,27,Age-standardized,558,Mental disorders,3,Rate,2008,11503.1809351287,12459.21409142749,10458.05813318581
1,All Population,5,Prevalence,112,Grenada,3,Both,27,Age-standardized,558,Mental disorders,2,Percent,2010,0.143600385464555,0.1572669595047661,0.129294740379271
1,All Population,5,Prevalence,112,Grenada,3,Both,27,Age-standardized,558,Mental disorders,3,Rate,2010,13897.25413252109,15221.18736747061,12499.1854273562
1,All Population,5,Prevalence,205,Côte d'Ivoire,3,Both,27,Age-standardized,558,Mental disorders,2,Percent,2010,0.1193397842034097,0.129342239127753,0.1065846528506579
1,All Population,5,Prevalence,205,Côte d'Ivoire,3,Both,27,Age-standardized,558,Mental disorders,3,Rate,2010,11868.690723424521,12863.873040386889,10594.89457415548
1,All Population,5,Prevalence,393,Saint Kitts and Nevis,3,Both,27,Age-standardized,558,Mental disorders,2,Percent,2023,0.1724838958364693,0.193367052230384,0.1552106062576685
1,All Population,5,Prevalence,393,Saint Kitts and Nevis,3,Both,27,Age-standardized,558,Mental disorders,3,Rate,2023,16525.19719779233,18499.50906050569,14872.972131046181
1,All Population,5,Prevalence,141,Egypt,3,Both,27,Age-standardized,558,Mental disorders,2,Percent,2023,0.165558584822032,0.1860516230266517,0.1487002688950332
1,All Population,5,Prevalence,141,Egypt,3,Both,27,Age-standardized,558,Mental disorders,3,Rate,2023,15897.373844108339,17877.283002832282,14247.03453839794
1,All Population,5,Prevalence,152,Saudi Arabia,3,Both,27,Age-standardized,558,Mental disorders,2,Percent,2023,0.1711225012698853,0.1967651226591228,0.1503981857603544
1,All Population,5,Prevalence,152,Saudi Arabia,3,Both,27,Age-standardized,558,Mental disorders,3,Rate,2023,16499.885086916012,18981.22651444639,14504.85366901276
1,All Population,5,Prevalence,218,Togo,3,Both,27,Age-standardized,558,Mental disorders,2,Percent,2010,0.1388067710116994,0.1578868243056524,0.1195396102123605
1,All Population,5,Prevalence,218,Togo,3,Both,27,Age-standardized,558,Mental disorders,3,Rate,2010,13831.159750101398,15735.219057491078,11911.97310245572
1,All Population,5,Prevalence,80,France,3,Both,27,Age-standardized,558,Mental disorders,2,Percent,2010,0.1612882673028968,0.1769750450439549,0.1443630523626107
1,All Population,5,Prevalence,80,France,3,Both,27,Age-standardized,558,Mental disorders,3,Rate,2010,14619.08892017711,16049.168903459398,13081.71332208512
1,All Population,5,Prevalence,197,Eswatini,3,Both,27,Age-standardized,558,Mental disorders,2,Percent,2008,0.1149627153435819,0.1252035077370825,0.1033145022311084
1,All Population,5,Prevalence,197,Eswatini,3,Both,27,Age-standardized,558,Mental disorders,3,Rate,2008,11261.41894095514,12229.71597816099,10101.812166348249
1,All Population,5,Prevalence,191,Zambia,3,Both,27,Age-standardized,558,Mental disorders,2,Percent,2008,0.1064873706877047,0.1159459493606729,0.0958668553370939
1,All Population,5,Prevalence,191,Zambia,3,Both,27,Age-standardized,558,Mental disorders,3,Rate,2008,10593.23106228784,11528.45603309929,9547.77652092314
1,All Population,5,Prevalence,210,Liberia,3,Both,27,Age-standardized,558,Mental disorders,2,Percent,2008,0.1259534861893605,0.136930560780443,0.1131863534213644
1,All Population,5,Prevalence,210,Liberia,3,Both,27,Age-standardized,558,Mental disorders,3,Rate,2008,12538.66197109747,13642.011132559719,11276.82429597931
1,All Population,5,Prevalence,81,Germany,3,Both,27,Age-standardized,558,Mental disorders,2,Percent,2023,0.1647136588414823,0.1803692044373576,0.1514763318775197
1,All Population,5,Prevalence,81,Germany,3,Both,27,Age-standardized,558,Mental disorders,3,Rate,2023,14983.572398065271,16421.13130566719,13812.95762585838
1,All Population,5,Prevalence,376,Northern Mariana Islands,3,Both,27,Age-standardized,558,Mental disorders,2,Percent,2008,0.1012143898577875,0.1124000823823117,0.0887658376319808
1,All Population,5,Prevalence,376,Northern Mariana Islands,3,Both,27,Age-standardized,558,Mental disorders,3,Rate,2008,9709.57267012337,10785.21750479672,8491.864570432379
1,All Population,5,Prevalence,171,Democratic Republic of the Congo,3,Both,27,Age-standardized,558,Mental disorders,2,Percent,2023,0.1572053941578396,0.1792807812568381,0.1408407909105961
1,All Population,5,Prevalence,171,Democratic Republic of the Congo,3,Both,27,Age-standardized,558,Mental disorders,3,Rate,2023,15610.218294493969,17768.32939057321,13986.06835751917
1,All Population,5,Prevalence,157,Yemen,3,Both,27,Age-standardized,558,Mental disorders,2,Percent,2010,0.1326634169944919,0.1430496025350377,0.1218735961852577
1,All Population,5,Prevalence,157,Yemen,3,Both,27,Age-standardized,558,Mental disorders,3,Rate,2010,13137.409275288639,14161.09089378075,12072.2206041791
1,All Population,5,Prevalence,172,Equatorial Guinea,3,Both,27,Age-standardized,558,Mental disorders,2,Percent,2010,0.1330863069780392,0.1485752462684091,0.1172234184389937
1,All Population,5,Prevalence,172,Equatorial Guinea,3,Both,27,Age-standardized,558,Mental disorders,3,Rate,2010,13039.06097801509,14522.050897789279,11478.36655034333
1,All Population,5,Prevalence,127,El Salvador,3,Both,27,Age-standardized,558,Mental disorders,2,Percent,2010,0.1162678781594074,0.1258065205246578,0.1070256661499171
1,All Population,5,Prevalence,127,El Salvador,3,Both,27,Age-standardized,558,Mental disorders,3,Rate,2010,11217.20653705605,12150.824671524719,10311.01554087719
1,All Population,5,Prevalence,200,Benin,3,Both,27,Age-standardized,558,Mental disorders,2,Percent,2023,0.1617355107355213,0.1845611477267589,0.1420164102144024
1,All Population,5,Prevalence,200,Benin,3,Both,27,Age-standardized,558,Mental disorders,3,Rate,2023,15929.94200651234,18202.656332009272,13970.84887487003
1,All Population,5,Prevalence,320,Cook Islands,3,Both,27,Age-standardized,558,Mental disorders,2,Percent,2023,0.1278746327133838,0.1494452091905447,0.1124296650336871
1,All Population,5,Prevalence,320,Cook Islands,3,Both,27,Age-standardized,558,Mental disorders,3,Rate,2023,12239.0357067165,14293.64634762835,10696.48302499539
1,All Population,5,Prevalence,184,Mozambique,3,Both,27,Age-standardized,558,Mental disorders,2,Percent,2023,0.1523782814327532,0.1708728442368152,0.1364119956437458
1,All Population,5,Prevalence,184,Mozambique,3,Both,27,Age-standardized,558,Mental disorders,3,Rate,2023,15030.79439003602,16879.59163674835,13440.43451267854
1,All Population,5,Prevalence,217,Sierra Leone,3,Both,27,Age-standardized,558,Mental disorders,2,Percent,2023,0.1612951191348558,0.184245532171896,0.1417752582106196
1,All Population,5,Prevalence,217,Sierra Leone,3,Both,27,Age-standardized,558,Mental disorders,3,Rate,2023,15919.78019554224,18226.53595770523,14004.371154084829
1,All Population,5,Prevalence,212,Mauritania,3,Both,27,Age-standardized,558,Mental disorders,2,Percent,2008,0.1069591404801295,0.1153133031117302,0.0967765735093075
1,All Population,5,Prevalence,212,Mauritania,3,Both,27,Age-standardized,558,Mental disorders,3,Rate,2008,10547.43851727597,11370.869413300761,9533.1269702756
1,All Population,5,Prevalence,154,Tunisia,3,Both,27,Age-standardized,558,Mental disorders,2,Percent,2023,0.1780062738924762,0.197774572534115,0.1603074613922178
1,All Population,5,Prevalence,154,Tunisia,3,Both,27,Age-standardized,558,Mental disorders,3,Rate,2023,16966.18706430652,18802.49667720848,15295.93049457303
1,All Population,5,Prevalence,413,Tokelau,3,Both,27,Age-standardized,558,Mental disorders,2,Percent,2023,0.1270713349481121,0.1484038122455594,0.1116673730837464
1,All Population,5,Prevalence,413,Tokelau,3,Both,27,Age-standardized,558,Mental disorders,3,Rate,2023,12263.70445103199,14333.016434362331,10719.74334202357
1,All Population,5,Prevalence,173,Gabon,3,Both,27,Age-standardized,558,Mental disorders,2,Percent,2023,0.1667395699555963,0.1888555203649553,0.1496665706448321
1,All Population,5,Prevalence,173,Gabon,3,Both,27,Age-standardized,558,Mental disorders,3,Rate,2023,16424.03720656616,18592.04829970223,14751.89307559569
1,All Population,5,Prevalence,351,Guam,3,Both,27,Age-standardized,558,Mental disorders,2,Percent,2023,0.1276014550446674,0.1489325380795929,0.1117230159823485
1,All Population,5,Prevalence,351,Guam,3,Both,27,Age-standardized,558,Mental disorders,3,Rate,2023,12230.398007779191,14272.37183575063,10692.42128216067
1,All Population,5,Prevalence,14,Maldives,3,Both,27,Age-standardized,558,Mental disorders,2,Percent,2023,0.0987975826829122,0.1100661335714655,0.090142867053945
1,All Population,5,Prevalence,14,Maldives,3,Both,27,Age-standardized,558,Mental disorders,3,Rate,2023,9458.84921784837,10526.59401178375,8614.61542825354
1,All Population,5,Prevalence,202,Cameroon,3,Both,27,Age-standardized,558,Mental disorders,2,Percent,2023,0.1599993358702847,0.1823858877466102,0.141515194737428
1,All Population,5,Prevalence,202,Cameroon,3,Both,27,Age-standardized,558,Mental disorders,3,Rate,2023,15731.40352021036,17953.23606227807,13882.78147516003
1,All Population,5,Prevalence,186,Seychelles,3,Both,27,Age-standardized,558,Mental disorders,2,Percent,2023,0.1008880304062276,0.1117965915734264,0.0920142653020068
1,All Population,5,Prevalence,186,Seychelles,3,Both,27,Age-standardized,558,Mental disorders,3,Rate,2023,9626.63971903321,10649.68677405425,8781.182588619691
1,All Population,5,Prevalence,29,Tonga,3,Both,27,Age-standardized,558,Mental disorders,2,Percent,2023,0.1469251313438091,0.1859863758600975,0.1235761353981273
1,All Population,5,Prevalence,29,Tonga,3,Both,27,Age-standardized,558,Mental disorders,3,Rate,2023,14212.97364903922,18060.11944596018,11942.69341560156
1,All Population,5,Prevalence,50,Montenegro,3,Both,27,Age-standardized,558,Mental disorders,2,Percent,2023,0.1579940793615004,0.1844658754003948,0.1359210207510162
1,All Population,5,Prevalence,50,Montenegro,3,Both,27,Age-standardized,558,Mental disorders,3,Rate,2023,14859.89438400318,17445.10743037339,12796.290657172149
1,All Population,5,Prevalence,422,United States Virgin Islands,3,Both,27,Age-standardized,558,Mental disorders,2,Percent,2023,0.1677448889875107,0.186898745270226,0.1504727100662786
1,All Population,5,Prevalence,422,United States Virgin Islands,3,Both,27,Age-standardized,558,Mental disorders,3,Rate,2023,16002.43739281272,17846.307820306658,14385.76593661097
1,All Population,5,Prevalence,16,Philippines,3,Both,27,Age-standardized,558,Mental disorders,2,Percent,2023,0.1050878285328431,0.1157551486695451,0.0950619309027193
1,All Population,5,Prevalence,16,Philippines,3,Both,27,Age-standardized,558,Mental disorders,3,Rate,2023,10117.9953283066,11133.124812978589,9146.17161926512
1,All Population,5,Prevalence,61,Republic of Moldova,3,Both,27,Age-standardized,558,Mental disorders,2,Percent,2023,0.1457491434820009,0.167575044617535,0.1282374917819777
1,All Population,5,Prevalence,61,Republic of Moldova,3,Both,27,Age-standardized,558,Mental disorders,3,Rate,2023,13639.91079728589,15728.32699060436,11995.802530218549
1,All Population,5,Prevalence,44,Bosnia and Herzegovina,3,Both,27,Age-standardized,558,Mental disorders,2,Percent,2023,0.1470430075505956,0.1696226256872831,0.1283206244150737
1,All Population,5,Prevalence,44,Bosnia and Herzegovina,3,Both,27,Age-standardized,558,Mental disorders,3,Rate,2023,13926.551961136629,16025.57500632462,12094.08744949575
1,All Population,5,Prevalence,74,Andorra,3,Both,27,Age-standardized,558,Mental disorders,2,Percent,2023,0.2040146116026753,0.2207005409353324,0.1880279819291336
1,All Population,5,Prevalence,74,Andorra,3,Both,27,Age-standardized,558,Mental disorders,3,Rate,2023,18750.33270557698,20264.82965519407,17306.055347481288
1,All Population,5,Prevalence,189,United Republic of Tanzania,3,Both,27,Age-standardized,558,Mental disorders,2,Percent,2023,0.1297706404875823,0.1435612496964278,0.117873170058449
1,All Population,5,Prevalence,189,United Republic of Tanzania,3,Both,27,Age-standardized,558,Mental disorders,3,Rate,2023,12700.762128685312,14032.35557973174,11519.671196603149
1,All Population,5,Prevalence,97,Argentina,3,Both,27,Age-standardized,558,Mental disorders,2,Percent,2023,0.1930704295458875,0.2217601642063902,0.1698939464065934
1,All Population,5,Prevalence,97,Argentina,3,Both,27,Age-standardized,558,Mental disorders,3,Rate,2023,18148.54038274624,20910.298567809852,15895.282210165049
1,All Population,5,Prevalence,33,Armenia,3,Both,27,Age-standardized,558,Mental disorders,2,Percent,2023,0.1606765108093445,0.187997373702471,0.1413085154209628
1,All Population,5,Prevalence,33,Armenia,3,Both,27,Age-standardized,558,Mental disorders,3,Rate,2023,15236.365750598061,17824.16626663239,13373.467262965569
1,All Population,5,Prevalence,22,Fiji,3,Both,27,Age-standardized,558,Mental disorders,2,Percent,2023,0.1224595307021706,0.1433893798772207,0.10709663275874
1,All Population,5,Prevalence,22,Fiji,3,Both,27,Age-standardized,558,Mental disorders,3,Rate,2023,11964.81207225214,14014.35690992846,10441.46609129947
1,All Population,5,Prevalence,11,Indonesia,3,Both,27,Age-standardized,558,Mental disorders,2,Percent,2023,0.1001338022929102,0.1110894368430283,0.0896364119075599
1,All Population,5,Prevalence,11,Indonesia,3,Both,27,Age-standardized,558,Mental disorders,3,Rate,2023,9714.59690713668,10755.68443889087,8704.46203981164
1,All Population,5,Prevalence,7,Democratic People's Republic of Korea,3,Both,27,Age-standardized,558,Mental disorders,2,Percent,2023,0.1259532620891508,0.1447026706365792,0.1130001142398769
1,All Population,5,Prevalence,7,Democratic People's Republic of Korea,3,Both,27,Age-standardized,558,Mental disorders,3,Rate,2023,12048.212463723949,13865.86268420017,10799.6736567989
1,All Population,5,Prevalence,108,Belize,3,Both,27,Age-standardized,558,Mental disorders,2,Percent,2023,0.1735325526973744,0.1950375638385399,0.1557337270097312
1,All Population,5,Prevalence,108,Belize,3,Both,27,Age-standardized,558,Mental disorders,3,Rate,2023,16813.22336968796,18896.35106480002,15064.98004557977
1,All Population,5,Prevalence,18,Thailand,3,Both,27,Age-standardized,558,Mental disorders,2,Percent,2023,0.0985431230057217,0.1093670175240735,0.0891181148764526
1,All Population,5,Prevalence,18,Thailand,3,Both,27,Age-standardized,558,Mental disorders,3,Rate,2023,9436.59857366928,10472.83707484029,8544.3804223231
1,All Population,5,Prevalence,67,Japan,3,Both,27,Age-standardized,558,Mental disorders,2,Percent,2023,0.1437535901351245,0.1637885742991648,0.1272534945178671
1,All Population,5,Prevalence,67,Japan,3,Both,27,Age-standardized,558,Mental disorders,3,Rate,2023,13084.14531389431,14942.71921497867,11583.83699952858
1,All Population,5,Prevalence,63,Ukraine,3,Both,27,Age-standardized,558,Mental disorders,2,Percent,2023,0.154167161774694,0.1750792537355858,0.1369110316425578
1,All Population,5,Prevalence,63,Ukraine,3,Both,27,Age-standardized,558,Mental disorders,3,Rate,2023,14509.100707766831,16459.31297988801,12898.81151733191
1,All Population,5,Prevalence,58,Estonia,3,Both,27,Age-standardized,558,Mental disorders,2,Percent,2023,0.1309481645976085,0.1494070869544148,0.11636069284319
1,All Population,5,Prevalence,58,Estonia,3,Both,27,Age-standardized,558,Mental disorders,3,Rate,2023,12111.18916209306,13837.88298166685,10796.251815624231
1,All Population,5,Prevalence,76,Belgium,3,Both,27,Age-standardized,558,Mental disorders,2,Percent,2023,0.1874285216034518,0.2154137910055304,0.1638062335282322
1,All Population,5,Prevalence,76,Belgium,3,Both,27,Age-standardized,558,Mental disorders,3,Rate,2023,17116.048697743212,19674.372286059162,14942.505394077929
1,All Population,5,Prevalence,24,Marshall Islands,3,Both,27,Age-standardized,558,Mental disorders,2,Percent,2023,0.125560164009039,0.1467445540011417,0.1098071346613644
1,All Population,5,Prevalence,24,Marshall Islands,3,Both,27,Age-standardized,558,Mental disorders,3,Rate,2023,12260.27411934613,14331.46381589103,10694.37097716328
1,All Population,5,Prevalence,121,Bolivia (Plurinational State of),3,Both,27,Age-standardized,558,Mental disorders,2,Percent,2023,0.1880894627587495,0.2147582271035411,0.1644339788336794
1,All Population,5,Prevalence,121,Bolivia (Plurinational State of),3,Both,27,Age-standardized,558,Mental disorders,3,Rate,2023,18169.03590329715,20704.753660340648,15855.24701333871
1,All Population,5,Prevalence,37,Kyrgyzstan,3,Both,27,Age-standardized,558,Mental disorders,2,Percent,2023,0.1184363432801183,0.1335674693112917,0.1049350992588474
1,All Population,5,Prevalence,37,Kyrgyzstan,3,Both,27,Age-standardized,558,Mental disorders,3,Rate,2023,11401.93169983329,12872.30218393024,10086.50001646839
1,All Population,5,Prevalence,91,Portugal,3,Both,27,Age-standardized,558,Mental disorders,2,Percent,2023,0.2408496106425208,0.2778369343648765,0.2021672960252087
1,All Population,5,Prevalence,91,Portugal,3,Both,27,Age-standardized,558,Mental disorders,3,Rate,2023,22116.00450005213,25605.48103890225,18557.557117447028
1,All Population,5,Prevalence,46,Croatia,3,Both,27,Age-standardized,558,Mental disorders,2,Percent,2023,0.1535760249208013,0.1796141642216963,0.1316042475757259
1,All Population,5,Prevalence,46,Croatia,3,Both,27,Age-standardized,558,Mental disorders,3,Rate,2023,14466.17980506746,16940.15558970373,12501.14684025246
1,All Population,5,Prevalence,35,Georgia,3,Both,27,Age-standardized,558,Mental disorders,2,Percent,2023,0.1361305703819028,0.1539301147024956,0.1209968562117381
1,All Population,5,Prevalence,35,Georgia,3,Both,27,Age-standardized,558,Mental disorders,3,Rate,2023,12935.29436007197,14619.64388872975,11495.53404586905
1,All Population,5,Prevalence,10,Cambodia,3,Both,27,Age-standardized,558,Mental disorders,2,Percent,2009,0.0906996584790581,0.0997382031557513,0.082407214957506
1,All Population,5,Prevalence,10,Cambodia,3,Both,27,Age-standardized,558,Mental disorders,3,Rate,2009,8936.99289305307,9826.32125742528,8136.2577045451
1,All Population,5,Prevalence,59,Latvia,3,Both,27,Age-standardized,558,Mental disorders,2,Percent,2023,0.1376196904846081,0.1573681422339657,0.1227468569383912
1,All Population,5,Prevalence,59,Latvia,3,Both,27,Age-standardized,558,Mental disorders,3,Rate,2023,12783.849963364399,14623.35366657179,11386.645009572729
1,All Population,5,Prevalence,82,Greece,3,Both,27,Age-standardized,558,Mental disorders,2,Percent,2023,0.2116307751233577,0.2414092016387601,0.1845134344995837
1,All Population,5,Prevalence,82,Greece,3,Both,27,Age-standardized,558,Mental disorders,3,Rate,2023,19551.855543856538,22293.356541280522,17054.81973015745
1,All Population,5,Prevalence,69,Singapore,3,Both,27,Age-standardized,558,Mental disorders,2,Percent,2023,0.1254469540651319,0.1455943898417298,0.1100333837270995
1,All Population,5,Prevalence,69,Singapore,3,Both,27,Age-standardized,558,Mental disorders,3,Rate,2023,11307.74978989731,13114.79165718267,9942.34524786657
1,All Population,5,Prevalence,52,Romania,3,Both,27,Age-standardized,558,Mental disorders,2,Percent,2023,0.1324355648904637,0.1547186261423333,0.1155883348777497
1,All Population,5,Prevalence,52,Romania,3,Both,27,Age-standardized,558,Mental disorders,3,Rate,2023,12598.995186007562,14736.884408613629,10985.62283896075
1,All Population,5,Prevalence,26,Papua New Guinea,3,Both,27,Age-standardized,558,Mental disorders,2,Percent,2023,0.122427647637122,0.1423207538728194,0.1074392923325949
1,All Population,5,Prevalence,26,Papua New Guinea,3,Both,27,Age-standardized,558,Mental disorders,3,Rate,2023,12137.39613145913,14104.229583031869,10648.99281800199
1,All Population,5,Prevalence,114,Haiti,3,Both,27,Age-standardized,558,Mental disorders,2,Percent,2023,0.1719721560755327,0.1928711216037053,0.1553006506227436
1,All Population,5,Prevalence,114,Haiti,3,Both,27,Age-standardized,558,Mental disorders,3,Rate,2023,16888.975421676692,18962.026810919848,15255.9503016331
1,All Population,5,Prevalence,39,Tajikistan,3,Both,27,Age-standardized,558,Mental disorders,2,Percent,2023,0.1260571423421586,0.1437063577665036,0.111498336138001
1,All Population,5,Prevalence,39,Tajikistan,3,Both,27,Age-standardized,558,Mental disorders,3,Rate,2023,12094.95387876102,13804.364566992892,10706.70747793068
1,All Population,5,Prevalence,6,China,3,Both,27,Age-standardized,558,Mental disorders,2,Percent,2009,0.1186192765947448,0.1291153284409204,0.1087149308814612
1,All Population,5,Prevalence,6,China,3,Both,27,Age-standardized,558,Mental disorders,3,Rate,2009,11338.54683469229,12334.6948112793,10395.96847427171
1,All Population,5,Prevalence,20,Viet Nam,3,Both,27,Age-standardized,558,Mental disorders,2,Percent,2023,0.086513410665162,0.0960010696223662,0.0782119286587467
1,All Population,5,Prevalence,20,Viet Nam,3,Both,27,Age-standardized,558,Mental disorders,3,Rate,2023,8447.75998729051,9369.779584178039,7640.18358922533
1,All Population,5,Prevalence,110,Dominica,3,Both,27,Age-standardized,558,Mental disorders,2,Percent,2023,0.1693223335972713,0.1897574471309511,0.1521855175736822
1,All Population,5,Prevalence,110,Dominica,3,Both,27,Age-standardized,558,Mental disorders,3,Rate,2023,16332.41079145142,18276.97769740149,14675.388747518451
1,All Population,5,Prevalence,155,Türkiye,3,Both,27,Age-standardized,558,Mental disorders,2,Percent,2023,0.1566444267572797,0.1734730439908467,0.1429983891925241
1,All Population,5,Prevalence,155,Türkiye,3,Both,27,Age-standardized,558,Mental disorders,3,Rate,2023,15014.97933953222,16580.52319494655,13719.041517450509
1,All Population,5,Prevalence,71,Australia,3,Both,27,Age-standardized,558,Mental disorders,2,Percent,2023,0.2352350765055653,0.2550894439403858,0.2173138085499072
1,All Population,5,Prevalence,71,Australia,3,Both,27,Age-standardized,558,Mental disorders,3,Rate,2023,21915.46045261784,23753.28946068777,20316.78278083654
1,All Population,5,Prevalence,84,Ireland,3,Both,27,Age-standardized,558,Mental disorders,2,Percent,2023,0.2143226578451302,0.2480257821522824,0.1870687889250969
1,All Population,5,Prevalence,84,Ireland,3,Both,27,Age-standardized,558,Mental disorders,3,Rate,2023,19804.457740124122,22978.278180784608,17244.118354332193
1,All Population,5,Prevalence,23,Kiribati,3,Both,27,Age-standardized,558,Mental disorders,2,Percent,2009,0.1006619682946456,0.1128483222333819,0.0870763863577822
1,All Population,5,Prevalence,23,Kiribati,3,Both,27,Age-standardized,558,Mental disorders,3,Rate,2009,9985.7464329371,11215.86570843496,8640.12091361646
1,All Population,5,Prevalence,99,Uruguay,3,Both,27,Age-standardized,558,Mental disorders,2,Percent,2023,0.1851679598673781,0.2128914838067756,0.1628491947186102
1,All Population,5,Prevalence,99,Uruguay,3,Both,27,Age-standardized,558,Mental disorders,3,Rate,2023,17392.4098752954,20003.16502694988,15278.63743649428
1,All Population,5,Prevalence,54,Slovakia,3,Both,27,Age-standardized,558,Mental disorders,2,Percent,2023,0.1355990511405882,0.1556304357467305,0.1191249235862741
1,All Population,5,Prevalence,54,Slovakia,3,Both,27,Age-standardized,558,Mental disorders,3,Rate,2023,12766.20025494768,14627.25817575904,11177.12920024133
1,All Population,5,Prevalence,12,Lao People's Democratic Republic,3,Both,27,Age-standardized,558,Mental disorders,2,Percent,2009,0.0804896192946379,0.0896552026915403,0.0718691744431414
1,All Population,5,Prevalence,12,Lao People's Democratic Republic,3,Both,27,Age-standardized,558,Mental disorders,3,Rate,2009,7883.8582210464,8774.18063898157,7060.87201268793
1,All Population,5,Prevalence,36,Kazakhstan,3,Both,27,Age-standardized,558,Mental disorders,2,Percent,2009,0.1007057192178865,0.1118717320274758,0.0906484965213628
1,All Population,5,Prevalence,36,Kazakhstan,3,Both,27,Age-standardized,558,Mental disorders,3,Rate,2009,9647.49387241216,10699.37462805316,8674.135972532771
1,All Population,5,Prevalence,116,Saint Lucia,3,Both,27,Age-standardized,558,Mental disorders,2,Percent,2023,0.1720876445170084,0.1925832556793896,0.1543235680937811
1,All Population,5,Prevalence,116,Saint Lucia,3,Both,27,Age-standardized,558,Mental disorders,3,Rate,2023,16571.95286034299,18574.53877242069,14853.779190072491
1,All Population,5,Prevalence,161,Bangladesh,3,Both,27,Age-standardized,558,Mental disorders,2,Percent,2023,0.1428318462151695,0.1628562644809864,0.127659372884922
1,All Population,5,Prevalence,161,Bangladesh,3,Both,27,Age-standardized,558,Mental disorders,3,Rate,2023,13757.53373749068,15682.59593756797,12309.67893300951
1,All Population,5,Prevalence,150,Oman,3,Both,27,Age-standardized,558,Mental disorders,2,Percent,2023,0.1486339125496455,0.1649477078463432,0.1344894604516043
1,All Population,5,Prevalence,150,Oman,3,Both,27,Age-standardized,558,Mental disorders,3,Rate,2023,14413.370418168688,15942.34629902041,13038.590423149928
1,All Population,5,Prevalence,41,Uzbekistan,3,Both,27,Age-standardized,558,Mental disorders,2,Percent,2023,0.1139705617443519,0.1277633540856796,0.1012630057352426
1,All Population,5,Prevalence,41,Uzbekistan,3,Both,27,Age-standardized,558,Mental disorders,3,Rate,2023,10863.64381320397,12189.040073606271,9647.45737167253
1,All Population,5,Prevalence,51,Poland,3,Both,27,Age-standardized,558,Mental disorders,2,Percent,2009,0.1132911908237767,0.1262272998353568,0.1019011651528484
1,All Population,5,Prevalence,51,Poland,3,Both,27,Age-standardized,558,Mental disorders,3,Rate,2009,10697.04018705837,11928.31398988123,9627.36552584358
1,All Population,5,Prevalence,106,Bahamas,3,Both,27,Age-standardized,558,Mental disorders,2,Percent,2023,0.1762772672929128,0.197551166640493,0.1584275086068556
1,All Population,5,Prevalence,106,Bahamas,3,Both,27,Age-standardized,558,Mental disorders,3,Rate,2023,16966.88763553233,19042.44712892199,15269.19637427176
1,All Population,5,Prevalence,57,Belarus,3,Both,27,Age-standardized,558,Mental disorders,2,Percent,2009,0.116812341936188,0.1279996681369637,0.1050875174743949
1,All Population,5,Prevalence,57,Belarus,3,Both,27,Age-standardized,558,Mental disorders,3,Rate,2009,10928.05832513419,12036.12420981479,9816.06499863975
1,All Population,5,Prevalence,8,Taiwan,3,Both,27,Age-standardized,558,Mental disorders,2,Percent,2009,0.0985476052642008,0.1073012298035549,0.0899595098791474
1,All Population,5,Prevalence,8,Taiwan,3,Both,27,Age-standardized,558,Mental disorders,3,Rate,2009,9296.2052366352,10105.80953181924,8462.40940123847
1,All Population,5,Prevalence,144,Jordan,3,Both,27,Age-standardized,558,Mental disorders,2,Percent,2023,0.1579539735430089,0.1745261519574236,0.1428310423851775
1,All Population,5,Prevalence,144,Jordan,3,Both,27,Age-standardized,558,Mental disorders,3,Rate,2023,15106.34574305488,16679.802450585703,13691.21237811235
1,All Population,5,Prevalence,86,Italy,3,Both,27,Age-standardized,558,Mental disorders,2,Percent,2023,0.1734893108411517,0.200433406626005,0.148631278203906
1,All Population,5,Prevalence,86,Italy,3,Both,27,Age-standardized,558,Mental disorders,3,Rate,2023,15966.91929715822,18525.17764897304,13686.853688572632
1,All Population,5,Prevalence,25,Micronesia (Federated States of),3,Both,27,Age-standardized,558,Mental disorders,2,Percent,2009,0.0982895196679648,0.1088263911814156,0.0853842350850648
1,All Population,5,Prevalence,25,Micronesia (Federated States of),3,Both,27,Age-standardized,558,Mental disorders,3,Rate,2009,9660.83045762184,10707.81211467812,8381.92910944823
1,All Population,5,Prevalence,38,Mongolia,3,Both,27,Age-standardized,558,Mental disorders,2,Percent,2009,0.1087307839922723,0.1216097857113602,0.0967995497647962
1,All Population,5,Prevalence,38,Mongolia,3,Both,27,Age-standardized,558,Mental disorders,3,Rate,2009,10453.072318733859,11705.50459106635,9333.691574078499
1,All Population,5,Prevalence,78,Denmark,3,Both,27,Age-standardized,558,Mental disorders,2,Percent,2023,0.1817114384236626,0.1964455770012609,0.1676860034540817
1,All Population,5,Prevalence,78,Denmark,3,Both,27,Age-standardized,558,Mental disorders,3,Rate,2023,16530.262409850067,17903.782113202727,15245.817190217751
1,All Population,5,Prevalence,123,Peru,3,Both,27,Age-standardized,558,Mental disorders,2,Percent,2023,0.1888911371598331,0.2133176396123417,0.1647865127435126
1,All Population,5,Prevalence,123,Peru,3,Both,27,Age-standardized,558,Mental disorders,3,Rate,2023,18508.9002215947,20905.84551199228,16173.0039833855
1,All Population,5,Prevalence,93,Sweden,3,Both,27,Age-standardized,558,Mental disorders,2,Percent,2023,0.185703245586195,0.2013342225720153,0.1708363146978073
1,All Population,5,Prevalence,93,Sweden,3,Both,27,Age-standardized,558,Mental disorders,3,Rate,2023,17139.90684399755,18641.35210781662,15781.05049428688
1,All Population,5,Prevalence,101,Canada,3,Both,27,Age-standardized,558,Mental disorders,2,Percent,2023,0.178467241307527,0.2033489277486833,0.1601105798609941
1,All Population,5,Prevalence,101,Canada,3,Both,27,Age-standardized,558,Mental disorders,3,Rate,2023,16557.97895098415,18985.1894285667,14843.16011366654
1,All Population,5,Prevalence,129,Honduras,3,Both,27,Age-standardized,558,Mental disorders,2,Percent,2023,0.1486030208638694,0.1684206588376383,0.1332279813304855
1,All Population,5,Prevalence,129,Honduras,3,Both,27,Age-standardized,558,Mental disorders,3,Rate,2023,14420.62563860761,16347.30130059581,12921.32882004658
1,All Population,5,Prevalence,83,Iceland,3,Both,27,Age-standardized,558,Mental disorders,2,Percent,2009,0.1432654313252379,0.1534351514367709,0.1338219783485776
1,All Population,5,Prevalence,83,Iceland,3,Both,27,Age-standardized,558,Mental disorders,3,Rate,2009,13246.278493942751,14151.662966136499,12377.88801878485
1,All Population,5,Prevalence,168,Angola,3,Both,27,Age-standardized,558,Mental disorders,2,Percent,2023,0.1767739950627309,0.2000359960430476,0.1585998914266975
1,All Population,5,Prevalence,168,Angola,3,Both,27,Age-standardized,558,Mental disorders,3,Rate,2023,17344.405112947257,19670.85852144445,15563.55547153028
1,All Population,5,Prevalence,151,Qatar,3,Both,27,Age-standardized,558,Mental disorders,2,Percent,2023,0.13540226008984,0.1503658832716382,0.1230853600923079
1,All Population,5,Prevalence,151,Qatar,3,Both,27,Age-standardized,558,Mental disorders,3,Rate,2023,12930.84425018317,14365.126986544192,11743.51195588801
1,All Population,5,Prevalence,136,Paraguay,3,Both,27,Age-standardized,558,Mental disorders,2,Percent,2023,0.1803650772859527,0.2041753087116024,0.1605595166759721
1,All Population,5,Prevalence,136,Paraguay,3,Both,27,Age-standardized,558,Mental disorders,3,Rate,2023,17473.233100295198,19817.58836460506,15539.96606020163
1,All Population,5,Prevalence,53,Serbia,3,Both,27,Age-standardized,558,Mental disorders,2,Percent,2009,0.127891367581927,0.1433139623260763,0.1127032080339725
1,All Population,5,Prevalence,53,Serbia,3,Both,27,Age-standardized,558,Mental disorders,3,Rate,2009,12212.94407905653,13703.85088922911,10787.9410116464
1,All Population,5,Prevalence,118,Suriname,3,Both,27,Age-standardized,558,Mental disorders,2,Percent,2023,0.1680062695303243,0.1881440010177356,0.1511961774499519
1,All Population,5,Prevalence,118,Suriname,3,Both,27,Age-standardized,558,Mental disorders,3,Rate,2023,16266.613084917812,18239.98493472803,14585.81887019773
1,All Population,5,Prevalence,48,Hungary,3,Both,27,Age-standardized,558,Mental disorders,2,Percent,2023,0.134690305915222,0.1535206466860224,0.1193378059674228
1,All Population,5,Prevalence,48,Hungary,3,Both,27,Age-standardized,558,Mental disorders,3,Rate,2023,12666.65732511553,14459.488972522799,11178.28316627017
1,All Population,5,Prevalence,72,New Zealand,3,Both,27,Age-standardized,558,Mental disorders,2,Percent,2009,0.1973093008472686,0.2156182310523361,0.179097325562588
1,All Population,5,Prevalence,72,New Zealand,3,Both,27,Age-standardized,558,Mental disorders,3,Rate,2009,18071.67111282824,19770.90781199675,16366.926261992781
1,All Population,5,Prevalence,216,Senegal,3,Both,27,Age-standardized,558,Mental disorders,2,Percent,2023,0.1500317623955659,0.1717860832716246,0.1325165534171885
1,All Population,5,Prevalence,216,Senegal,3,Both,27,Age-standardized,558,Mental disorders,3,Rate,2023,14710.286738392331,16809.40663843767,13021.95654655218
1,All Population,5,Prevalence,203,Cabo Verde,3,Both,27,Age-standardized,558,Mental disorders,2,Percent,2023,0.1612924893655451,0.184482118449032,0.140753649585645
1,All Population,5,Prevalence,203,Cabo Verde,3,Both,27,Age-standardized,558,Mental disorders,3,Rate,2023,15469.448617877571,17730.94999792568,13563.64240838336
1,All Population,5,Prevalence,27,Samoa,3,Both,27,Age-standardized,558,Mental disorders,2,Percent,2009,0.0989150308098791,0.1092645229247358,0.086239276625164
1,All Population,5,Prevalence,27,Samoa,3,Both,27,Age-standardized,558,Mental disorders,3,Rate,2009,9624.68792937347,10652.99069789583,8382.5422134256
1,All Population,5,Prevalence,40,Turkmenistan,3,Both,27,Age-standardized,558,Mental disorders,2,Percent,2009,0.1024578273093977,0.1135457131429515,0.091930314331865
1,All Population,5,Prevalence,40,Turkmenistan,3,Both,27,Age-standardized,558,Mental disorders,3,Rate,2009,9750.510444270789,10828.08436946326,8740.24098559647
1,All Population,5,Prevalence,194,Lesotho,3,Both,27,Age-standardized,558,Mental disorders,2,Percent,2023,0.1420593787409826,0.1623846436907477,0.1239622769995711
1,All Population,5,Prevalence,194,Lesotho,3,Both,27,Age-standardized,558,Mental disorders,3,Rate,2023,14023.62523832547,16044.87807407515,12251.33783913481
1,All Population,5,Prevalence,43,Albania,3,Both,27,Age-standardized,558,Mental disorders,2,Percent,2023,0.1419435693435878,0.1643131425939039,0.1240075187861543
1,All Population,5,Prevalence,43,Albania,3,Both,27,Age-standardized,558,Mental disorders,3,Rate,2023,13415.847093976268,15508.16463294735,11717.51474177102
1,All Population,5,Prevalence,183,Mauritius,3,Both,27,Age-standardized,558,Mental disorders,2,Percent,2023,0.1110807138638358,0.1255051478445963,0.0993950320148179
1,All Population,5,Prevalence,183,Mauritius,3,Both,27,Age-standardized,558,Mental disorders,3,Rate,2023,10719.49685583292,12077.48103455314,9587.8322897505
1,All Population,5,Prevalence,157,Yemen,3,Both,27,Age-standardized,558,Mental disorders,2,Percent,2023,0.1483570095614721,0.1631821042542537,0.1351122119376869
1,All Population,5,Prevalence,157,Yemen,3,Both,27,Age-standardized,558,Mental disorders,3,Rate,2023,14684.837604281789,16140.47013221724,13385.187272184628
1,All Population,5,Prevalence,163,India,3,Both,27,Age-standardized,558,Mental disorders,2,Percent,2023,0.1462090150792447,0.1652383914122399,0.1318407687773303
1,All Population,5,Prevalence,163,India,3,Both,27,Age-standardized,558,Mental disorders,3,Rate,2023,14292.17614779309,16163.183605516979,12854.010457515818
1,All Population,5,Prevalence,209,Guinea-Bissau,3,Both,27,Age-standardized,558,Mental disorders,2,Percent,2023,0.1556626832672076,0.1778696441914986,0.1368362240167878
1,All Population,5,Prevalence,209,Guinea-Bissau,3,Both,27,Age-standardized,558,Mental disorders,3,Rate,2023,15395.69285709975,17603.25868556269,13522.512698756631
1,All Population,5,Prevalence,176,Comoros,3,Both,27,Age-standardized,558,Mental disorders,2,Percent,2023,0.1495094503696694,0.1681442640855053,0.1341985836020476
1,All Population,5,Prevalence,176,Comoros,3,Both,27,Age-standardized,558,Mental disorders,3,Rate,2023,14553.059684427699,16435.798213414622,13116.50683035381
1,All Population,5,Prevalence,85,Israel,3,Both,27,Age-standardized,558,Mental disorders,2,Percent,2009,0.1412295220151851,0.1532019619266654,0.1282163478169674
1,All Population,5,Prevalence,85,Israel,3,Both,27,Age-standardized,558,Mental disorders,3,Rate,2009,13115.161001997569,14228.4298521301,11858.77598806061
1,All Population,5,Prevalence,98,Chile,3,Both,27,Age-standardized,558,Mental disorders,2,Percent,2009,0.1570760518589092,0.1736615882426109,0.1393123792597532
1,All Population,5,Prevalence,98,Chile,3,Both,27,Age-standardized,558,Mental disorders,3,Rate,2009,14927.29060054947,16496.083958590498,13264.003635582369
1,All Population,5,Prevalence,201,Burkina Faso,3,Both,27,Age-standardized,558,Mental disorders,2,Percent,2023,0.1638168121690026,0.1858667109657545,0.1450810805330522
1,All Population,5,Prevalence,201,Burkina Faso,3,Both,27,Age-standardized,558,Mental disorders,3,Rate,2023,16212.47891276404,18413.30039024393,14338.90061294727
1,All Population,5,Prevalence,55,Slovenia,3,Both,27,Age-standardized,558,Mental disorders,2,Percent,2009,0.1293509915910964,0.1448507013603829,0.1138348166888483
1,All Population,5,Prevalence,55,Slovenia,3,Both,27,Age-standardized,558,Mental disorders,3,Rate,2009,12176.45229032836,13664.14193650434,10766.40448956359
1,All Population,5,Prevalence,88,Malta,3,Both,27,Age-standardized,558,Mental disorders,2,Percent,2023,0.2268216417224298,0.2477111574342722,0.2071707354791306
1,All Population,5,Prevalence,88,Malta,3,Both,27,Age-standardized,558,Mental disorders,3,Rate,2023,20863.21061732424,22825.11063581906,19067.41866555319
1,All Population,5,Prevalence,128,Guatemala,3,Both,27,Age-standardized,558,Mental disorders,2,Percent,2009,0.1210965863829356,0.1308762455684979,0.1112949622817755
1,All Population,5,Prevalence,128,Guatemala,3,Both,27,Age-standardized,558,Mental disorders,3,Rate,2009,11799.635502704881,12758.21060534531,10831.32408333121
1,All Population,5,Prevalence,117,Saint Vincent and the Grenadines,3,Both,27,Age-standardized,558,Mental disorders,2,Percent,2009,0.1431617366150314,0.156528233752039,0.129273332005907
1,All Population,5,Prevalence,117,Saint Vincent and the Grenadines,3,Both,27,Age-standardized,558,Mental disorders,3,Rate,2009,13878.91790909884,15148.434222822341,12500.755820984921
1,All Population,5,Prevalence,146,Lebanon,3,Both,27,Age-standardized,558,Mental disorders,2,Percent,2023,0.1860420157559074,0.2110118635566446,0.1651088621959588
1,All Population,5,Prevalence,146,Lebanon,3,Both,27,Age-standardized,558,Mental disorders,3,Rate,2023,17776.50100861193,20245.72607693963,15748.243366648401
1,All Population,5,Prevalence,131,Nicaragua,3,Both,27,Age-standardized,558,Mental disorders,2,Percent,2023,0.1523596795189262,0.173172076733134,0.1355830390670238
1,All Population,5,Prevalence,131,Nicaragua,3,Both,27,Age-standardized,558,Mental disorders,3,Rate,2023,14640.3890338501,16599.83990156194,13052.63237272057
1,All Population,5,Prevalence,87,Luxembourg,3,Both,27,Age-standardized,558,Mental disorders,2,Percent,2009,0.1417975817025618,0.1517600412661034,0.132666043477797
1,All Population,5,Prevalence,87,Luxembourg,3,Both,27,Age-standardized,558,Mental disorders,3,Rate,2009,12968.090607374299,13864.96044458215,12148.46424130743
1,All Population,5,Prevalence,367,Monaco,3,Both,27,Age-standardized,558,Mental disorders,2,Percent,2023,0.2081826549641076,0.224898917296322,0.1921514363389556
1,All Population,5,Prevalence,367,Monaco,3,Both,27,Age-standardized,558,Mental disorders,3,Rate,2023,19127.81989834021,20595.6555761691,17665.79756137166
1,All Population,5,Prevalence,112,Grenada,3,Both,27,Age-standardized,558,Mental disorders,2,Percent,2023,0.1719449198865792,0.1929207868541359,0.1543875970046707
1,All Population,5,Prevalence,112,Grenada,3,Both,27,Age-standardized,558,Mental disorders,3,Rate,2023,16573.4732434789,18584.99030135426,14863.58784674952
1,All Population,5,Prevalence,385,Puerto Rico,3,Both,27,Age-standardized,558,Mental disorders,2,Percent,2023,0.18695255274344,0.2078381593740482,0.1682743587110496
1,All Population,5,Prevalence,385,Puerto Rico,3,Both,27,Age-standardized,558,Mental disorders,3,Rate,2023,17801.66000627758,19765.90758289014,16071.56515315973
1,All Population,5,Prevalence,113,Guyana,3,Both,27,Age-standardized,558,Mental disorders,2,Percent,2009,0.1401240308418344,0.1530206571794516,0.1260397681107095
1,All Population,5,Prevalence,113,Guyana,3,Both,27,Age-standardized,558,Mental disorders,3,Rate,2009,13690.380331628648,14958.56941831843,12318.84158773649
1,All Population,5,Prevalence,80,France,3,Both,27,Age-standardized,558,Mental disorders,2,Percent,2023,0.2026455080368692,0.2311509375077463,0.1755151260125091
1,All Population,5,Prevalence,80,France,3,Both,27,Age-standardized,558,Mental disorders,3,Rate,2023,18523.82424711383,21179.05722296266,16044.8422416865
1,All Population,5,Prevalence,207,Ghana,3,Both,27,Age-standardized,558,Mental disorders,2,Percent,2023,0.1489679263797131,0.1688277621523811,0.1330381534608831
1,All Population,5,Prevalence,207,Ghana,3,Both,27,Age-standardized,558,Mental disorders,3,Rate,2023,14562.355166973808,16455.16762888177,12999.37109531836
1,All Population,5,Prevalence,68,Republic of Korea,3,Both,27,Age-standardized,558,Mental disorders,2,Percent,2009,0.1235617863071307,0.1354560543018381,0.1113629387431637
1,All Population,5,Prevalence,68,Republic of Korea,3,Both,27,Age-standardized,558,Mental disorders,3,Rate,2009,11427.4994221571,12549.40286825722,10224.81143353371
1,All Population,5,Prevalence,125,Colombia,3,Both,27,Age-standardized,558,Mental disorders,2,Percent,2023,0.140546764472338,0.1582029429351611,0.1254840751557747
1,All Population,5,Prevalence,125,Colombia,3,Both,27,Age-standardized,558,Mental disorders,3,Rate,2023,13365.653686280279,15031.27749567802,11963.54350462464
1,All Population,5,Prevalence,95,United Kingdom,3,Both,27,Age-standardized,558,Mental disorders,2,Percent,2023,0.239610534107634,0.2596415429552621,0.2191184400842103
1,All Population,5,Prevalence,95,United Kingdom,3,Both,27,Age-standardized,558,Mental disorders,3,Rate,2023,21826.97938746505,23703.5802739446,19937.187281034898
1,All Population,5,Prevalence,305,Bermuda,3,Both,27,Age-standardized,558,Mental disorders,2,Percent,2023,0.174223201261164,0.194435265665154,0.1571892912141226
1,All Population,5,Prevalence,305,Bermuda,3,Both,27,Age-standardized,558,Mental disorders,3,Rate,2023,16599.912711573837,18525.92177606831,14906.803540562441
1,All Population,5,Prevalence,130,Mexico,3,Both,27,Age-standardized,558,Mental disorders,2,Percent,2009,0.1192193660456971,0.1285062234011291,0.1096272752069904
1,All Population,5,Prevalence,130,Mexico,3,Both,27,Age-standardized,558,Mental disorders,3,Rate,2009,11435.84644517434,12311.59221163354,10504.1108354041
1,All Population,5,Prevalence,218,Togo,3,Both,27,Age-standardized,558,Mental disorders,2,Percent,2023,0.1838036946479047,0.2237067634692012,0.1579195125203679
1,All Population,5,Prevalence,218,Togo,3,Both,27,Age-standardized,558,Mental disorders,3,Rate,2023,18129.90627100238,22076.87447745722,15572.96011454971
1,All Population,5,Prevalence,522,Sudan,3,Both,27,Age-standardized,558,Mental disorders,2,Percent,2023,0.1564286008039563,0.1725292888006951,0.141791171770201
1,All Population,5,Prevalence,522,Sudan,3,Both,27,Age-standardized,558,Mental disorders,3,Rate,2023,15293.87455597585,16861.71385063027,13849.35747463455
1,All Population,5,Prevalence,119,Trinidad and Tobago,3,Both,27,Age-standardized,558,Mental disorders,2,Percent,2009,0.135557171470255,0.1481495078187466,0.1222685916423656
1,All Population,5,Prevalence,119,Trinidad and Tobago,3,Both,27,Age-standardized,558,Mental disorders,3,Rate,2009,13003.9280430443,14234.19026937491,11720.97859884731
1,All Population,5,Prevalence,102,United States of America,3,Both,27,Age-standardized,558,Mental disorders,2,Percent,2009,0.1659103335137292,0.1779419488321364,0.154690896331228
1,All Population,5,Prevalence,102,United States of America,3,Both,27,Age-standardized,558,Mental disorders,3,Rate,2009,15079.92061735352,16183.02864701115,14095.388339547399
1,All Population,5,Prevalence,89,Netherlands,3,Both,27,Age-standardized,558,Mental disorders,2,Percent,2009,0.1714268635664824,0.1822276004787826,0.160691955030728
1,All Population,5,Prevalence,89,Netherlands,3,Both,27,Age-standardized,558,Mental disorders,3,Rate,2009,16339.245682099901,17378.39988921892,15314.46693098327
1,All Population,5,Prevalence,178,Eritrea,3,Both,27,Age-standardized,558,Mental disorders,2,Percent,2023,0.1389305880504397,0.1543710122895623,0.1252073729170834
1,All Population,5,Prevalence,178,Eritrea,3,Both,27,Age-standardized,558,Mental disorders,3,Rate,2023,13555.07532932036,15033.05996417403,12220.29124062522
1,All Population,5,Prevalence,165,Pakistan,3,Both,27,Age-standardized,558,Mental disorders,2,Percent,2023,0.1456871055649307,0.1632031023885986,0.1312830079917021
1,All Population,5,Prevalence,165,Pakistan,3,Both,27,Age-standardized,558,Mental disorders,3,Rate,2023,14003.71113723706,15697.48180037751,12620.28836761552
1,All Population,5,Prevalence,211,Mali,3,Both,27,Age-standardized,558,Mental disorders,2,Percent,2023,0.157933888815844,0.1821013247290482,0.1392309056101748
1,All Population,5,Prevalence,211,Mali,3,Both,27,Age-standardized,558,Mental disorders,3,Rate,2023,15604.835262334951,17994.54428444419,13739.38583793677
1,All Population,5,Prevalence,196,South Africa,3,Both,27,Age-standardized,558,Mental disorders,2,Percent,2023,0.1474192532341893,0.1699629333782144,0.1297003124193305
1,All Population,5,Prevalence,196,South Africa,3,Both,27,Age-standardized,558,Mental disorders,3,Rate,2023,14486.2885407885,16696.63358964299,12733.320966519621
1,All Population,5,Prevalence,140,Bahrain,3,Both,27,Age-standardized,558,Mental disorders,2,Percent,2023,0.1505107087938574,0.1659383010300586,0.1375029291943154
1,All Population,5,Prevalence,140,Bahrain,3,Both,27,Age-standardized,558,Mental disorders,3,Rate,2023,14540.748310019611,15991.7916711699,13304.43919483298
1,All Population,5,Prevalence,153,Syrian Arab Republic,3,Both,27,Age-standardized,558,Mental disorders,2,Percent,2023,0.1959790159440061,0.2203169193169654,0.1753970746413836
1,All Population,5,Prevalence,153,Syrian Arab Republic,3,Both,27,Age-standardized,558,Mental disorders,3,Rate,2023,19072.89263283743,21358.19277739998,17074.51424262142
1,All Population,5,Prevalence,115,Jamaica,3,Both,27,Age-standardized,558,Mental disorders,2,Percent,2009,0.1319497547049709,0.1443831550762557,0.119135106523595
1,All Population,5,Prevalence,115,Jamaica,3,Both,27,Age-standardized,558,Mental disorders,3,Rate,2009,12834.951115836651,14066.70350366295,11553.31123042975
1,All Population,5,Prevalence,205,Côte d'Ivoire,3,Both,27,Age-standardized,558,Mental disorders,2,Percent,2023,0.1581486507156116,0.1810781346328162,0.1393082138109299
1,All Population,5,Prevalence,205,Côte d'Ivoire,3,Both,27,Age-standardized,558,Mental disorders,3,Rate,2023,15518.70270719344,17794.19671946312,13675.341081523859
1,All Population,5,Prevalence,170,Congo,3,Both,27,Age-standardized,558,Mental disorders,2,Percent,2023,0.1667430867965795,0.1869404233929466,0.1498322039310488
1,All Population,5,Prevalence,170,Congo,3,Both,27,Age-standardized,558,Mental disorders,3,Rate,2023,16450.07976939222,18412.39029977613,14805.76862095889
1,All Population,5,Prevalence,185,Rwanda,3,Both,27,Age-standardized,558,Mental disorders,2,Percent,2023,0.1444269733329575,0.1617770750791184,0.1296372321873608
1,All Population,5,Prevalence,185,Rwanda,3,Both,27,Age-standardized,558,Mental disorders,3,Rate,2023,14016.03172247233,15745.060946893,12585.977138257129
1,All Population,5,Prevalence,132,Panama,3,Both,27,Age-standardized,558,Mental disorders,2,Percent,2009,0.1092956390953146,0.1185896145668166,0.1008221966137621
1,All Population,5,Prevalence,132,Panama,3,Both,27,Age-standardized,558,Mental disorders,3,Rate,2009,10472.87980100101,11327.89609240254,9657.5676954912
1,All Population,5,Prevalence,164,Nepal,3,Both,27,Age-standardized,558,Mental disorders,2,Percent,2009,0.1034932600178586,0.1147069677491979,0.0944857528303871
1,All Population,5,Prevalence,164,Nepal,3,Both,27,Age-standardized,558,Mental disorders,3,Rate,2009,10113.61607367416,11217.81432309385,9184.86111782723
1,All Population,5,Prevalence,435,South Sudan,3,Both,27,Age-standardized,558,Mental disorders,2,Percent,2023,0.1546506947523089,0.1734264251620745,0.1389230360389794
1,All Population,5,Prevalence,435,South Sudan,3,Both,27,Age-standardized,558,Mental disorders,3,Rate,2023,15261.11757831306,17133.56959594422,13693.19939543659
1,All Population,5,Prevalence,175,Burundi,3,Both,27,Age-standardized,558,Mental disorders,2,Percent,2009,0.1118894298144939,0.1219303684560649,0.1007238337012676
1,All Population,5,Prevalence,175,Burundi,3,Both,27,Age-standardized,558,Mental disorders,3,Rate,2009,11070.202803069149,12069.690879698599,9957.75255320555
1,All Population,5,Prevalence,145,Kuwait,3,Both,27,Age-standardized,558,Mental disorders,2,Percent,2009,0.1283108491839261,0.1365401711789102,0.1189258045819857
1,All Population,5,Prevalence,145,Kuwait,3,Both,27,Age-standardized,558,Mental disorders,3,Rate,2009,12152.72571154248,12953.170486008768,11314.05466675369
1,All Population,5,Prevalence,148,Morocco,3,Both,27,Age-standardized,558,Mental disorders,2,Percent,2023,0.1531439950947274,0.1686263834313074,0.1398586727246001
1,All Population,5,Prevalence,148,Morocco,3,Both,27,Age-standardized,558,Mental disorders,3,Rate,2023,14657.44249541642,16180.56935238667,13390.52890190699
1,All Population,5,Prevalence,349,Greenland,3,Both,27,Age-standardized,558,Mental disorders,2,Percent,2023,0.1989175295381208,0.2238828209964044,0.177918972111767
1,All Population,5,Prevalence,349,Greenland,3,Both,27,Age-standardized,558,Mental disorders,3,Rate,2023,18402.48540375035,20813.97914754883,16446.54911099053
1,All Population,5,Prevalence,127,El Salvador,3,Both,27,Age-standardized,558,Mental disorders,2,Percent,2023,0.1467740660895369,0.16660786514445,0.1310215626383629
1,All Population,5,Prevalence,127,El Salvador,3,Both,27,Age-standardized,558,Mental disorders,3,Rate,2023,14042.36128562361,15873.11919636978,12545.11267699999
1,All Population,5,Prevalence,396,San Marino,3,Both,27,Age-standardized,558,Mental disorders,2,Percent,2023,0.21012372031263,0.2271156326418969,0.1935645941194872
1,All Population,5,Prevalence,396,San Marino,3,Both,27,Age-standardized,558,Mental disorders,3,Rate,2023,19277.07010875532,20815.38146439608,17812.88434229601
1,All Population,5,Prevalence,160,Afghanistan,3,Both,27,Age-standardized,558,Mental disorders,2,Percent,2009,0.1285396896849985,0.1377325346409152,0.1183197149984618
1,All Population,5,Prevalence,160,Afghanistan,3,Both,27,Age-standardized,558,Mental disorders,3,Rate,2009,12790.464449291212,13716.09806038403,11783.087074745179
1,All Population,5,Prevalence,374,Niue,3,Both,27,Age-standardized,558,Mental disorders,2,Percent,2023,0.1280004582800271,0.1498172658238223,0.1122396709218536
1,All Population,5,Prevalence,374,Niue,3,Both,27,Age-standardized,558,Mental disorders,3,Rate,2023,12264.27159830737,14382.07993878331,10741.33380857171
1,All Population,5,Prevalence,133,Venezuela (Bolivarian Republic of),3,Both,27,Age-standardized,558,Mental disorders,2,Percent,2023,0.1601569125072861,0.1822433350307666,0.1430638516021137
1,All Population,5,Prevalence,133,Venezuela (Bolivarian Republic of),3,Both,27,Age-standardized,558,Mental disorders,3,Rate,2023,15505.16861831889,17639.75754191224,13832.09515732859
1,All Population,5,Prevalence,142,Iran (Islamic Republic of),3,Both,27,Age-standardized,558,Mental disorders,2,Percent,2023,0.2202052715534367,0.252375258114469,0.1949731291437204
1,All Population,5,Prevalence,142,Iran (Islamic Republic of),3,Both,27,Age-standardized,558,Mental disorders,3,Rate,2023,21248.40194376329,24417.9252626196,18792.78724422058
1,All Population,5,Prevalence,172,Equatorial Guinea,3,Both,27,Age-standardized,558,Mental disorders,2,Percent,2023,0.1639196068528408,0.1841662855484671,0.1470332504011015
1,All Population,5,Prevalence,172,Equatorial Guinea,3,Both,27,Age-standardized,558,Mental disorders,3,Rate,2023,15955.409949758601,17940.05911434001,14332.06201897716
1,All Population,5,Prevalence,187,Somalia,3,Both,27,Age-standardized,558,Mental disorders,2,Percent,2023,0.1315297848061065,0.1459350803644279,0.1190859252685991
1,All Population,5,Prevalence,187,Somalia,3,Both,27,Age-standardized,558,Mental disorders,3,Rate,2023,12995.76205139236,14393.361585154349,11765.36753819432
1,All Population,5,Prevalence,191,Zambia,3,Both,27,Age-standardized,558,Mental disorders,2,Percent,2009,0.1084189228374298,0.1182406063762195,0.0974686945116255
1,All Population,5,Prevalence,191,Zambia,3,Both,27,Age-standardized,558,Mental disorders,3,Rate,2009,10780.01324960244,11746.43814355872,9694.66587719482
1,All Population,5,Prevalence,180,Kenya,3,Both,27,Age-standardized,558,Mental disorders,2,Percent,2023,0.1293599110908684,0.1437512675346736,0.1175529963259728
1,All Population,5,Prevalence,180,Kenya,3,Both,27,Age-standardized,558,Mental disorders,3,Rate,2023,12633.98145103937,14023.92053137885,11486.337537807
1,All Population,5,Prevalence,213,Niger,3,Both,27,Age-standardized,558,Mental disorders,2,Percent,2023,0.1515008028864476,0.1728257453772696,0.1338011871891747
1,All Population,5,Prevalence,213,Niger,3,Both,27,Age-standardized,558,Mental disorders,3,Rate,2023,15002.136446442099,17157.48947273035,13225.33985341281
1,All Population,5,Prevalence,210,Liberia,3,Both,27,Age-standardized,558,Mental disorders,2,Percent,2009,0.1240413562511972,0.1347197016109504,0.1113240932108949
1,All Population,5,Prevalence,210,Liberia,3,Both,27,Age-standardized,558,Mental disorders,3,Rate,2009,12343.31916782129,13410.458212570662,11076.06061619184
1,All Population,5,Prevalence,147,Libya,3,Both,27,Age-standardized,558,Mental disorders,2,Percent,2009,0.1354044543002108,0.1443053342714842,0.1253561274522562
1,All Population,5,Prevalence,147,Libya,3,Both,27,Age-standardized,558,Mental disorders,3,Rate,2009,13082.719913736551,14003.73827250507,12134.49941628468
1,All Population,5,Prevalence,177,Djibouti,3,Both,27,Age-standardized,558,Mental disorders,2,Percent,2009,0.1019646218477045,0.1116588911593702,0.0923660980773155
1,All Population,5,Prevalence,177,Djibouti,3,Both,27,Age-standardized,558,Mental disorders,3,Rate,2009,10001.620800012452,10922.09824847369,9070.15575935972
1,All Population,5,Prevalence,162,Bhutan,3,Both,27,Age-standardized,558,Mental disorders,2,Percent,2009,0.1105702413127727,0.1221402778705157,0.1003387433170192
1,All Population,5,Prevalence,162,Bhutan,3,Both,27,Age-standardized,558,Mental disorders,3,Rate,2009,10613.26590704529,11672.1774803356,9604.90374778006
1,All Population,5,Prevalence,206,Gambia,3,Both,27,Age-standardized,558,Mental disorders,2,Percent,2009,0.1166259932244891,0.1263929037450283,0.104791704432345
1,All Population,5,Prevalence,206,Gambia,3,Both,27,Age-standardized,558,Mental disorders,3,Rate,2009,11528.32771779237,12507.15443808744,10388.72229022901
1,All Population,5,Prevalence,416,Tuvalu,3,Both,27,Age-standardized,558,Mental disorders,2,Percent,2023,0.1254859674442122,0.1465138411362274,0.1096613112923793
1,All Population,5,Prevalence,416,Tuvalu,3,Both,27,Age-standardized,558,Mental disorders,3,Rate,2023,12210.92448347933,14270.775363450499,10640.59072885706
1,All Population,5,Prevalence,214,Nigeria,3,Both,27,Age-standardized,558,Mental disorders,2,Percent,2023,0.1538978259518232,0.1843628279685965,0.1337412493411416
1,All Population,5,Prevalence,214,Nigeria,3,Both,27,Age-standardized,558,Mental disorders,3,Rate,2023,15236.57891080045,18263.31939668917,13226.12149968362
1,All Population,5,Prevalence,190,Uganda,3,Both,27,Age-standardized,558,Mental disorders,2,Percent,2023,0.1440589712865959,0.1621831908959981,0.1265934516529011
1,All Population,5,Prevalence,190,Uganda,3,Both,27,Age-standardized,558,Mental disorders,3,Rate,2023,14172.261767372449,15947.68690701979,12460.92735521732
1,All Population,5,Prevalence,149,Palestine,3,Both,27,Age-standardized,558,Mental disorders,2,Percent,2009,0.145824597268877,0.1552158175623975,0.1343382402395259
1,All Population,5,Prevalence,149,Palestine,3,Both,27,Age-standardized,558,Mental disorders,3,Rate,2009,14159.04099704044,15078.709580879122,13081.03928398274
1,All Population,5,Prevalence,135,Brazil,3,Both,27,Age-standardized,558,Mental disorders,2,Percent,2023,0.2087608925585135,0.2357925145365805,0.1853026017559985
1,All Population,5,Prevalence,135,Brazil,3,Both,27,Age-standardized,558,Mental disorders,3,Rate,2023,20145.53300915195,22752.17223847755,17855.87222380724
1,All Population,5,Prevalence,380,Palau,3,Both,27,Age-standardized,558,Mental disorders,2,Percent,2023,0.1273160413468896,0.1487622259724468,0.1118273744049116
1,All Population,5,Prevalence,380,Palau,3,Both,27,Age-standardized,558,Mental disorders,3,Rate,2023,12280.855717932182,14341.68487996092,10726.43563455153
1,All Population,5,Prevalence,212,Mauritania,3,Both,27,Age-standardized,558,Mental disorders,2,Percent,2009,0.1064645755174914,0.1148900930157104,0.0962206922616721
1,All Population,5,Prevalence,212,Mauritania,3,Both,27,Age-standardized,558,Mental disorders,3,Rate,2009,10491.18677183498,11329.6427059105,9461.80426427288
1,All Population,5,Prevalence,193,Botswana,3,Both,27,Age-standardized,558,Mental disorders,2,Percent,2009,0.1098382726643043,0.119176983111426,0.0987885351412901
1,All Population,5,Prevalence,193,Botswana,3,Both,27,Age-standardized,558,Mental disorders,3,Rate,2009,10792.11044549566,11715.539755619819,9719.069730983
1,All Population,5,Prevalence,208,Guinea,3,Both,27,Age-standardized,558,Mental disorders,2,Percent,2009,0.1273045586236016,0.1384851605672125,0.1139781289592519
1,All Population,5,Prevalence,208,Guinea,3,Both,27,Age-standardized,558,Mental disorders,3,Rate,2009,12666.32409003576,13766.74041966636,11354.94987996501
1,All Population,5,Prevalence,179,Ethiopia,3,Both,27,Age-standardized,558,Mental disorders,2,Percent,2009,0.1158563210446799,0.1258780903172432,0.105092347086325
1,All Population,5,Prevalence,179,Ethiopia,3,Both,27,Age-standardized,558,Mental disorders,3,Rate,2009,11506.094952685191,12492.94585862243,10439.30541999619
1,All Population,5,Prevalence,369,Nauru,3,Both,27,Age-standardized,558,Mental disorders,2,Percent,2009,0.0984380202030532,0.1094156036636801,0.0855881199529993
1,All Population,5,Prevalence,369,Nauru,3,Both,27,Age-standardized,558,Mental disorders,3,Rate,2009,9645.06879072825,10721.57115458463,8383.87143129279
1,All Population,5,Prevalence,195,Namibia,3,Both,27,Age-standardized,558,Mental disorders,2,Percent,2009,0.1012615131802091,0.1103493423852742,0.0912952676955902
1,All Population,5,Prevalence,195,Namibia,3,Both,27,Age-standardized,558,Mental disorders,3,Rate,2009,9934.63893262881,10807.67947542346,8956.59764769743
1,All Population,5,Prevalence,376,Northern Mariana Islands,3,Both,27,Age-standardized,558,Mental disorders,2,Percent,2009,0.1016583546757724,0.1126129206797598,0.0887415618767779
1,All Population,5,Prevalence,376,Northern Mariana Islands,3,Both,27,Age-standardized,558,Mental disorders,3,Rate,2009,9753.4035027066,10825.650218714,8500.57426080605
1,All Population,5,Prevalence,181,Madagascar,3,Both,27,Age-standardized,558,Mental disorders,2,Percent,2009,0.1078059244970004,0.1173255479246861,0.0973078148857195
1,All Population,5,Prevalence,181,Madagascar,3,Both,27,Age-standardized,558,Mental disorders,3,Rate,2009,10706.454651620199,11640.74413780022,9670.8027182691
1,All Population,5,Prevalence,197,Eswatini,3,Both,27,Age-standardized,558,Mental disorders,2,Percent,2009,0.1133662309199768,0.1228646237990309,0.1015161006886396
1,All Population,5,Prevalence,197,Eswatini,3,Both,27,Age-standardized,558,Mental disorders,3,Rate,2009,11099.026632747371,12048.82372631011,9917.40627292205
1,All Population,5,Prevalence,6,China,3,Both,27,Age-standardized,558,Mental disorders,2,Percent,2010,0.1185038766436344,0.1291394434145395,0.1089515877413983
1,All Population,5,Prevalence,6,China,3,Both,27,Age-standardized,558,Mental disorders,3,Rate,2010,11320.23366173309,12317.12714959943,10394.68333483319
1,All Population,5,Prevalence,27,Samoa,3,Both,27,Age-standardized,558,Mental disorders,2,Percent,2010,0.0994242737499723,0.1097325530597623,0.0866444579233208
1,All Population,5,Prevalence,27,Samoa,3,Both,27,Age-standardized,558,Mental disorders,3,Rate,2010,9669.37955912581,10696.00297148095,8407.337056067441
1,All Population,5,Prevalence,51,Poland,3,Both,27,Age-standardized,558,Mental disorders,2,Percent,2010,0.1136387030983257,0.1268728365007951,0.10216339141673
1,All Population,5,Prevalence,51,Poland,3,Both,27,Age-standardized,558,Mental disorders,3,Rate,2010,10722.50893885223,11966.88047201106,9646.03376175264
1,All Population,5,Prevalence,23,Kiribati,3,Both,27,Age-standardized,558,Mental disorders,2,Percent,2010,0.101175949506883,0.1136881951213832,0.087152374640206
1,All Population,5,Prevalence,23,Kiribati,3,Both,27,Age-standardized,558,Mental disorders,3,Rate,2010,10035.16453826434,11304.422458650031,8653.21790541156
1,All Population,5,Prevalence,8,Taiwan,3,Both,27,Age-standardized,558,Mental disorders,2,Percent,2010,0.1006838570108296,0.1097243116137939,0.0918868773870677
1,All Population,5,Prevalence,8,Taiwan,3,Both,27,Age-standardized,558,Mental disorders,3,Rate,2010,9496.42408201971,10318.77240210108,8606.05532376607
1,All Population,5,Prevalence,40,Turkmenistan,3,Both,27,Age-standardized,558,Mental disorders,2,Percent,2010,0.1028626983444444,0.1140925898680183,0.0920282209942157
1,All Population,5,Prevalence,40,Turkmenistan,3,Both,27,Age-standardized,558,Mental disorders,3,Rate,2010,9778.2744922283,10861.27996676847,8773.96260269851
1,All Population,5,Prevalence,25,Micronesia (Federated States of),3,Both,27,Age-standardized,558,Mental disorders,2,Percent,2010,0.0987719349747078,0.1095578022541289,0.0856510058294824
1,All Population,5,Prevalence,25,Micronesia (Federated States of),3,Both,27,Age-standardized,558,Mental disorders,3,Rate,2010,9705.08516859056,10772.274884747469,8406.78333537658
1,All Population,5,Prevalence,53,Serbia,3,Both,27,Age-standardized,558,Mental disorders,2,Percent,2010,0.1295131296360227,0.1455689298207261,0.1138246694731425
1,All Population,5,Prevalence,53,Serbia,3,Both,27,Age-standardized,558,Mental disorders,3,Rate,2010,12353.185222497199,13909.09472567053,10868.736899421081
1,All Population,5,Prevalence,10,Cambodia,3,Both,27,Age-standardized,558,Mental disorders,2,Percent,2010,0.0910241278069323,0.1003688588223969,0.0825980488415304
1,All Population,5,Prevalence,10,Cambodia,3,Both,27,Age-standardized,558,Mental disorders,3,Rate,2010,8961.12073006663,9881.05725600392,8138.16234018285
1,All Population,5,Prevalence,87,Luxembourg,3,Both,27,Age-standardized,558,Mental disorders,2,Percent,2010,0.1429039988376369,0.1533378419912682,0.1339260698300485
1,All Population,5,Prevalence,87,Luxembourg,3,Both,27,Age-standardized,558,Mental disorders,3,Rate,2010,13067.83838094571,13975.964053281052,12240.50126006701
1,All Population,5,Prevalence,68,Republic of Korea,3,Both,27,Age-standardized,558,Mental disorders,2,Percent,2010,0.1236115993681956,0.1363163438963386,0.1106667749306023
1,All Population,5,Prevalence,68,Republic of Korea,3,Both,27,Age-standardized,558,Mental disorders,3,Rate,2010,11420.956670633579,12598.486625632391,10192.20353333359
1,All Population,5,Prevalence,83,Iceland,3,Both,27,Age-standardized,558,Mental disorders,2,Percent,2010,0.1446620149802436,0.155057163918699,0.1352555558195402
1,All Population,5,Prevalence,83,Iceland,3,Both,27,Age-standardized,558,Mental disorders,3,Rate,2010,13373.19894632765,14312.70119156473,12508.5959541789
1,All Population,5,Prevalence,98,Chile,3,Both,27,Age-standardized,558,Mental disorders,2,Percent,2010,0.1575787218715564,0.1744948112751405,0.138502772797131
1,All Population,5,Prevalence,98,Chile,3,Both,27,Age-standardized,558,Mental disorders,3,Rate,2010,14960.95006897396,16556.34519748928,13191.777869188001
1,All Population,5,Prevalence,55,Slovenia,3,Both,27,Age-standardized,558,Mental disorders,2,Percent,2010,0.1293838117948336,0.1457888424521179,0.1140444177419787
1,All Population,5,Prevalence,55,Slovenia,3,Both,27,Age-standardized,558,Mental disorders,3,Rate,2010,12172.39384707646,13734.42042299492,10768.22210570417
1,All Population,5,Prevalence,36,Kazakhstan,3,Both,27,Age-standardized,558,Mental disorders,2,Percent,2010,0.1012070202485985,0.1124037459822417,0.0905722049892806
1,All Population,5,Prevalence,36,Kazakhstan,3,Both,27,Age-standardized,558,Mental disorders,3,Rate,2010,9683.65507103149,10793.872578196791,8693.01070123935
1,All Population,5,Prevalence,12,Lao People's Democratic Republic,3,Both,27,Age-standardized,558,Mental disorders,2,Percent,2010,0.0805333414568264,0.0895715193216627,0.0718939971078862
1,All Population,5,Prevalence,12,Lao People's Democratic Republic,3,Both,27,Age-standardized,558,Mental disorders,3,Rate,2010,7875.108897503939,8773.441709975361,7049.76426533412
1,All Population,5,Prevalence,89,Netherlands,3,Both,27,Age-standardized,558,Mental disorders,2,Percent,2010,0.1727798332553324,0.183493241806551,0.1612345850412019
1,All Population,5,Prevalence,89,Netherlands,3,Both,27,Age-standardized,558,Mental disorders,3,Rate,2010,16469.42596627611,17516.85369130102,15399.78789180135
1,All Population,5,Prevalence,57,Belarus,3,Both,27,Age-standardized,558,Mental disorders,2,Percent,2010,0.117314649552452,0.1287742942287769,0.1055904125825845
1,All Population,5,Prevalence,57,Belarus,3,Both,27,Age-standardized,558,Mental disorders,3,Rate,2010,10964.85544498763,12087.55804417525,9866.84349611998
1,All Population,5,Prevalence,113,Guyana,3,Both,27,Age-standardized,558,Mental disorders,2,Percent,2010,0.1404565692712102,0.1535050178267487,0.1261729219186772
1,All Population,5,Prevalence,113,Guyana,3,Both,27,Age-standardized,558,Mental disorders,3,Rate,2010,13714.031774693669,15022.294243297629,12331.75136879736
1,All Population,5,Prevalence,85,Israel,3,Both,27,Age-standardized,558,Mental disorders,2,Percent,2010,0.1422096411980382,0.1545513308220737,0.1285274379868854
1,All Population,5,Prevalence,85,Israel,3,Both,27,Age-standardized,558,Mental disorders,3,Rate,2010,13202.0678170475,14395.7446379672,11891.650515594269
1,All Population,5,Prevalence,38,Mongolia,3,Both,27,Age-standardized,558,Mental disorders,2,Percent,2010,0.1089568626228095,0.1216074137417122,0.0969939530190106
1,All Population,5,Prevalence,38,Mongolia,3,Both,27,Age-standardized,558,Mental disorders,3,Rate,2010,10460.99786784474,11668.77119258918,9308.89355057927
1,All Population,5,Prevalence,72,New Zealand,3,Both,27,Age-standardized,558,Mental disorders,2,Percent,2010,0.1976394813870999,0.2170137258494636,0.1785320369633012
1,All Population,5,Prevalence,72,New Zealand,3,Both,27,Age-standardized,558,Mental disorders,3,Rate,2010,18093.699381749408,19878.76268703473,16300.44625471464
1,All Population,5,Prevalence,102,United States of America,3,Both,27,Age-standardized,558,Mental disorders,2,Percent,2010,0.1645320452412631,0.1770112511117673,0.1533659901151027
1,All Population,5,Prevalence,102,United States of America,3,Both,27,Age-standardized,558,Mental disorders,3,Rate,2010,14950.41250538752,16102.523247522422,13907.33214967037
1,All Population,5,Prevalence,145,Kuwait,3,Both,27,Age-standardized,558,Mental disorders,2,Percent,2010,0.1267515101855642,0.1349564104220613,0.1175403093571836
1,All Population,5,Prevalence,145,Kuwait,3,Both,27,Age-standardized,558,Mental disorders,3,Rate,2010,12003.56383888998,12762.38386310443,11125.618834498791
1,All Population,5,Prevalence,128,Guatemala,3,Both,27,Age-standardized,558,Mental disorders,2,Percent,2010,0.1209041138390803,0.1310577350318151,0.1112500418361919
1,All Population,5,Prevalence,128,Guatemala,3,Both,27,Age-standardized,558,Mental disorders,3,Rate,2010,11769.138911083179,12750.70074400339,10835.248297484
1,All Population,5,Prevalence,115,Jamaica,3,Both,27,Age-standardized,558,Mental disorders,2,Percent,2010,0.1332804084880939,0.1458973043714136,0.1202182221112493
1,All Population,5,Prevalence,115,Jamaica,3,Both,27,Age-standardized,558,Mental disorders,3,Rate,2010,12959.056614919851,14222.61712195009,11648.618853650041
1,All Population,5,Prevalence,147,Libya,3,Both,27,Age-standardized,558,Mental disorders,2,Percent,2010,0.1350655572857352,0.1439416520073407,0.1253921050110669
1,All Population,5,Prevalence,147,Libya,3,Both,27,Age-standardized,558,Mental disorders,3,Rate,2010,13046.52329916946,13921.694572718801,12117.22268412839
1,All Population,5,Prevalence,130,Mexico,3,Both,27,Age-standardized,558,Mental disorders,2,Percent,2010,0.1202684858512624,0.1298691397420464,0.1097717342535814
1,All Population,5,Prevalence,130,Mexico,3,Both,27,Age-standardized,558,Mental disorders,3,Rate,2010,11531.1426026348,12427.35807066369,10512.43029908093
1,All Population,5,Prevalence,193,Botswana,3,Both,27,Age-standardized,558,Mental disorders,2,Percent,2010,0.1083252791824065,0.1178019881468099,0.0972652427313737
1,All Population,5,Prevalence,193,Botswana,3,Both,27,Age-standardized,558,Mental disorders,3,Rate,2010,10639.707306002929,11581.74233220038,9559.7411739945
1,All Population,5,Prevalence,181,Madagascar,3,Both,27,Age-standardized,558,Mental disorders,2,Percent,2010,0.1087257045050874,0.1185788144530832,0.0977091969639028
1,All Population,5,Prevalence,181,Madagascar,3,Both,27,Age-standardized,558,Mental disorders,3,Rate,2010,10794.84711336011,11773.68132051252,9709.12218227031
1,All Population,5,Prevalence,160,Afghanistan,3,Both,27,Age-standardized,558,Mental disorders,2,Percent,2010,0.1284136670263013,0.1377007683904317,0.1180871493368212
1,All Population,5,Prevalence,160,Afghanistan,3,Both,27,Age-standardized,558,Mental disorders,3,Rate,2010,12770.371587284959,13702.85062349453,11780.01621927296
1,All Population,5,Prevalence,117,Saint Vincent and the Grenadines,3,Both,27,Age-standardized,558,Mental disorders,2,Percent,2010,0.1432643517281584,0.1568353797130045,0.1293293629294569
1,All Population,5,Prevalence,117,Saint Vincent and the Grenadines,3,Both,27,Age-standardized,558,Mental disorders,3,Rate,2010,13881.80027534291,15186.106742054159,12480.98784992426
1,All Population,5,Prevalence,175,Burundi,3,Both,27,Age-standardized,558,Mental disorders,2,Percent,2010,0.1119513056766365,0.1223617216576456,0.1003079596079611
1,All Population,5,Prevalence,175,Burundi,3,Both,27,Age-standardized,558,Mental disorders,3,Rate,2010,11067.77952324773,12088.198563797101,9912.96296594469
1,All Population,5,Prevalence,149,Palestine,3,Both,27,Age-standardized,558,Mental disorders,2,Percent,2010,0.1450537380268365,0.1546185808330888,0.133607501746387
1,All Population,5,Prevalence,149,Palestine,3,Both,27,Age-standardized,558,Mental disorders,3,Rate,2010,14074.282808754502,14973.30324096594,13034.99887879551
1,All Population,5,Prevalence,206,Gambia,3,Both,27,Age-standardized,558,Mental disorders,2,Percent,2010,0.1165886291042748,0.1266104107299076,0.1041901742872465
1,All Population,5,Prevalence,206,Gambia,3,Both,27,Age-standardized,558,Mental disorders,3,Rate,2010,11518.20937213391,12505.71218499226,10287.76561112874
1,All Population,5,Prevalence,195,Namibia,3,Both,27,Age-standardized,558,Mental disorders,2,Percent,2010,0.1017574427128965,0.1109414185359177,0.0913720478372902
1,All Population,5,Prevalence,195,Namibia,3,Both,27,Age-standardized,558,Mental disorders,3,Rate,2010,9977.60508145544,10868.58855197787,8963.42856773755
1,All Population,5,Prevalence,162,Bhutan,3,Both,27,Age-standardized,558,Mental disorders,2,Percent,2010,0.1110502257539585,0.1226830696453177,0.1008493418556273
1,All Population,5,Prevalence,162,Bhutan,3,Both,27,Age-standardized,558,Mental disorders,3,Rate,2010,10645.34458745746,11730.79850964731,9674.362667036808
1,All Population,5,Prevalence,132,Panama,3,Both,27,Age-standardized,558,Mental disorders,2,Percent,2010,0.1081921600227179,0.1176125548731629,0.0997194325916249
1,All Population,5,Prevalence,132,Panama,3,Both,27,Age-standardized,558,Mental disorders,3,Rate,2010,10358.71828534638,11229.08985605008,9537.80772984402
1,All Population,5,Prevalence,119,Trinidad and Tobago,3,Both,27,Age-standardized,558,Mental disorders,2,Percent,2010,0.134986641908175,0.1476958140987426,0.1216424817649676
1,All Population,5,Prevalence,119,Trinidad and Tobago,3,Both,27,Age-standardized,558,Mental disorders,3,Rate,2010,12939.361280942521,14194.182689523268,11623.50148944271
1,All Population,5,Prevalence,177,Djibouti,3,Both,27,Age-standardized,558,Mental disorders,2,Percent,2010,0.1028839308251203,0.1128332317478368,0.0930391275125212
1,All Population,5,Prevalence,177,Djibouti,3,Both,27,Age-standardized,558,Mental disorders,3,Rate,2010,10083.88689015628,11020.25405865407,9120.893760327679
1,All Population,5,Prevalence,191,Zambia,3,Both,27,Age-standardized,558,Mental disorders,2,Percent,2010,0.1066892369515795,0.1166836384108162,0.0955770557065698
1,All Population,5,Prevalence,191,Zambia,3,Both,27,Age-standardized,558,Mental disorders,3,Rate,2010,10603.10823769516,11584.23784315237,9509.643666987231
1,All Population,5,Prevalence,208,Guinea,3,Both,27,Age-standardized,558,Mental disorders,2,Percent,2010,0.1271416965285016,0.1381716356420673,0.1131998033597739
1,All Population,5,Prevalence,208,Guinea,3,Both,27,Age-standardized,558,Mental disorders,3,Rate,2010,12647.53654835344,13732.76404772085,11254.69290593762
1,All Population,5,Prevalence,369,Nauru,3,Both,27,Age-standardized,558,Mental disorders,2,Percent,2010,0.0989398279738813,0.1103418356254238,0.0860717076281308
1,All Population,5,Prevalence,369,Nauru,3,Both,27,Age-standardized,558,Mental disorders,3,Rate,2010,9688.93624992577,10799.53160331731,8413.55524957526
1,All Population,5,Prevalence,197,Eswatini,3,Both,27,Age-standardized,558,Mental disorders,2,Percent,2010,0.114113412151081,0.1241909672796948,0.1016605278478981
1,All Population,5,Prevalence,197,Eswatini,3,Both,27,Age-standardized,558,Mental disorders,3,Rate,2010,11166.06853033944,12165.70504331919,9924.740616255109
1,All Population,5,Prevalence,164,Nepal,3,Both,27,Age-standardized,558,Mental disorders,2,Percent,2010,0.1037264146769273,0.1147227199038141,0.09497188077847
1,All Population,5,Prevalence,164,Nepal,3,Both,27,Age-standardized,558,Mental disorders,3,Rate,2010,10118.93372504364,11201.531178751651,9222.24953948716
1,All Population,5,Prevalence,210,Liberia,3,Both,27,Age-standardized,558,Mental disorders,2,Percent,2010,0.1246295271723834,0.1356995559869393,0.1112281899996388
1,All Population,5,Prevalence,210,Liberia,3,Both,27,Age-standardized,558,Mental disorders,3,Rate,2010,12397.54189008076,13508.58409619366,11055.8549395173
1,All Population,5,Prevalence,376,Northern Mariana Islands,3,Both,27,Age-standardized,558,Mental disorders,2,Percent,2010,0.1021372170483631,0.1132594475903043,0.0890837205880548
1,All Population,5,Prevalence,376,Northern Mariana Islands,3,Both,27,Age-standardized,558,Mental disorders,3,Rate,2010,9799.983922078389,10894.267426371509,8515.118685329
1,All Population,5,Prevalence,179,Ethiopia,3,Both,27,Age-standardized,558,Mental disorders,2,Percent,2010,0.1158005224607638,0.1266095480281605,0.1047446866254657
1,All Population,5,Prevalence,179,Ethiopia,3,Both,27,Age-standardized,558,Mental disorders,3,Rate,2010,11494.15980224228,12559.71253747763,10409.18146737575
1,All Population,5,Prevalence,212,Mauritania,3,Both,27,Age-standardized,558,Mental disorders,2,Percent,2010,0.1068874136748257,0.1156446222460197,0.0963622885394434
1,All Population,5,Prevalence,212,Mauritania,3,Both,27,Age-standardized,558,Mental disorders,3,Rate,2010,10526.02261679864,11357.32418003973,9480.949907219121
1,All Population,5,Prevalence,6,China,3,Both,27,Age-standardized,558,Mental disorders,2,Percent,2023,0.1342530912060199,0.1535684300147949,0.1209703688078841
1,All Population,5,Prevalence,6,China,3,Both,27,Age-standardized,558,Mental disorders,3,Rate,2023,12705.54995561759,14572.83458837702,11438.01355027903
1,All Population,5,Prevalence,27,Samoa,3,Both,27,Age-standardized,558,Mental disorders,2,Percent,2023,0.1256401985005047,0.1470429368268078,0.1097676917717639
1,All Population,5,Prevalence,27,Samoa,3,Both,27,Age-standardized,558,Mental disorders,3,Rate,2023,12197.934612300409,14283.65437716201,10629.27381850039
1,All Population,5,Prevalence,38,Mongolia,3,Both,27,Age-standardized,558,Mental disorders,2,Percent,2023,0.1279746493731903,0.1458524316586006,0.1125908777227976
1,All Population,5,Prevalence,38,Mongolia,3,Both,27,Age-standardized,558,Mental disorders,3,Rate,2023,12160.652199410051,13840.35884712064,10699.621063042721
1,All Population,5,Prevalence,8,Taiwan,3,Both,27,Age-standardized,558,Mental disorders,2,Percent,2023,0.1176367013409197,0.1363508663590368,0.1047801096611171
1,All Population,5,Prevalence,8,Taiwan,3,Both,27,Age-standardized,558,Mental disorders,3,Rate,2023,11070.977431496,12808.49712971579,9834.62808166898
1,All Population,5,Prevalence,51,Poland,3,Both,27,Age-standardized,558,Mental disorders,2,Percent,2023,0.1280611707934853,0.1452537961172678,0.1144717060674975
1,All Population,5,Prevalence,51,Poland,3,Both,27,Age-standardized,558,Mental disorders,3,Rate,2023,12015.31938653159,13608.64065480174,10707.932504715829
1,All Population,5,Prevalence,23,Kiribati,3,Both,27,Age-standardized,558,Mental disorders,2,Percent,2023,0.129014327606527,0.1523137872834573,0.1128989043303097
1,All Population,5,Prevalence,23,Kiribati,3,Both,27,Age-standardized,558,Mental disorders,3,Rate,2023,12760.789737350711,15050.714410570732,11177.08662010696
1,All Population,5,Prevalence,40,Turkmenistan,3,Both,27,Age-standardized,558,Mental disorders,2,Percent,2023,0.1273746341435844,0.1438464055698943,0.1119969259574323
1,All Population,5,Prevalence,40,Turkmenistan,3,Both,27,Age-standardized,558,Mental disorders,3,Rate,2023,12029.5116391512,13646.11424275472,10605.634149386311
1,All Population,5,Prevalence,10,Cambodia,3,Both,27,Age-standardized,558,Mental disorders,2,Percent,2023,0.1097316549446139,0.1224581383773134,0.0990464052245656
1,All Population,5,Prevalence,10,Cambodia,3,Both,27,Age-standardized,558,Mental disorders,3,Rate,2023,10674.80363377956,11931.69739386286,9629.34661311741
1,All Population,5,Prevalence,85,Israel,3,Both,27,Age-standardized,558,Mental disorders,2,Percent,2023,0.173898670339522,0.1949510363231392,0.1559499396939541
1,All Population,5,Prevalence,85,Israel,3,Both,27,Age-standardized,558,Mental disorders,3,Rate,2023,16191.30809827807,18172.16395630731,14548.861283001268
1,All Population,5,Prevalence,53,Serbia,3,Both,27,Age-standardized,558,Mental disorders,2,Percent,2023,0.1519444611839299,0.1762708240478481,0.1327265175983566
1,All Population,5,Prevalence,53,Serbia,3,Both,27,Age-standardized,558,Mental disorders,3,Rate,2023,14229.29625394743,16535.21200714454,12390.40597029105
1,All Population,5,Prevalence,68,Republic of Korea,3,Both,27,Age-standardized,558,Mental disorders,2,Percent,2023,0.1437708405802406,0.1693175071711194,0.1260072217254514
1,All Population,5,Prevalence,68,Republic of Korea,3,Both,27,Age-standardized,558,Mental disorders,3,Rate,2023,13269.078533169559,15639.9415254512,11589.05203776579
1,All Population,5,Prevalence,25,Micronesia (Federated States of),3,Both,27,Age-standardized,558,Mental disorders,2,Percent,2023,0.1252147498061235,0.1465034556770544,0.1094280538492006
1,All Population,5,Prevalence,25,Micronesia (Federated States of),3,Both,27,Age-standardized,558,Mental disorders,3,Rate,2023,12256.975248989429,14349.117387717699,10701.271052479671
1,All Population,5,Prevalence,83,Iceland,3,Both,27,Age-standardized,558,Mental disorders,2,Percent,2023,0.1901199759161318,0.2051557899396557,0.1769360694707029
1,All Population,5,Prevalence,83,Iceland,3,Both,27,Age-standardized,558,Mental disorders,3,Rate,2023,17491.889368879853,18891.63052681298,16262.586623593661
1,All Population,5,Prevalence,36,Kazakhstan,3,Both,27,Age-standardized,558,Mental disorders,2,Percent,2023,0.1161904485883368,0.1310592960509262,0.1034737582702281
1,All Population,5,Prevalence,36,Kazakhstan,3,Both,27,Age-standardized,558,Mental disorders,3,Rate,2023,10989.11653068767,12396.01817744284,9797.29836587986
1,All Population,5,Prevalence,98,Chile,3,Both,27,Age-standardized,558,Mental disorders,2,Percent,2023,0.2025151200677203,0.2346655522783021,0.1777014518085312
1,All Population,5,Prevalence,98,Chile,3,Both,27,Age-standardized,558,Mental disorders,3,Rate,2023,19118.10869919119,22269.71312498867,16764.685459216962
1,All Population,5,Prevalence,87,Luxembourg,3,Both,27,Age-standardized,558,Mental disorders,2,Percent,2023,0.1912219746599024,0.2068534267627463,0.1776710181335428
1,All Population,5,Prevalence,87,Luxembourg,3,Both,27,Age-standardized,558,Mental disorders,3,Rate,2023,17517.605661129608,18950.050196312728,16261.29137350785
1,All Population,5,Prevalence,12,Lao People's Democratic Republic,3,Both,27,Age-standardized,558,Mental disorders,2,Percent,2023,0.0980996555753821,0.110463718667585,0.0874119573636703
1,All Population,5,Prevalence,12,Lao People's Democratic Republic,3,Both,27,Age-standardized,558,Mental disorders,3,Rate,2023,9440.67839838843,10642.03761032693,8442.24858022126
1,All Population,5,Prevalence,55,Slovenia,3,Both,27,Age-standardized,558,Mental disorders,2,Percent,2023,0.1546914468578939,0.1791030394843456,0.1344857664698011
1,All Population,5,Prevalence,55,Slovenia,3,Both,27,Age-standardized,558,Mental disorders,3,Rate,2023,14495.118022949018,16846.26987871336,12599.954162592101
1,All Population,5,Prevalence,132,Panama,3,Both,27,Age-standardized,558,Mental disorders,2,Percent,2023,0.1395916048865323,0.1567542929267316,0.1251921721932284
1,All Population,5,Prevalence,132,Panama,3,Both,27,Age-standardized,558,Mental disorders,3,Rate,2023,13260.67991446134,14914.96893793566,11899.38000984911
1,All Population,5,Prevalence,113,Guyana,3,Both,27,Age-standardized,558,Mental disorders,2,Percent,2023,0.1709466959747561,0.1920554672332636,0.1538350021058311
1,All Population,5,Prevalence,113,Guyana,3,Both,27,Age-standardized,558,Mental disorders,3,Rate,2023,16577.19434482432,18592.41054837372,14889.05395303685
1,All Population,5,Prevalence,72,New Zealand,3,Both,27,Age-standardized,558,Mental disorders,2,Percent,2023,0.2118339541026729,0.2410063946098241,0.1859373700477285
1,All Population,5,Prevalence,72,New Zealand,3,Both,27,Age-standardized,558,Mental disorders,3,Rate,2023,19504.14587105038,22233.489832077692,17124.31792717459
1,All Population,5,Prevalence,57,Belarus,3,Both,27,Age-standardized,558,Mental disorders,2,Percent,2023,0.1308892588347515,0.1477278228863773,0.1162769943164451
1,All Population,5,Prevalence,57,Belarus,3,Both,27,Age-standardized,558,Mental disorders,3,Rate,2023,12191.51233849749,13751.317390272361,10868.23784945692
1,All Population,5,Prevalence,128,Guatemala,3,Both,27,Age-standardized,558,Mental disorders,2,Percent,2023,0.1585815642601504,0.1799966366163187,0.1421701399309743
1,All Population,5,Prevalence,128,Guatemala,3,Both,27,Age-standardized,558,Mental disorders,3,Rate,2023,15281.84315619703,17354.58376094127,13713.56715424593
1,All Population,5,Prevalence,89,Netherlands,3,Both,27,Age-standardized,558,Mental disorders,2,Percent,2023,0.2487165999998865,0.2715069462197264,0.2293815558171912
1,All Population,5,Prevalence,89,Netherlands,3,Both,27,Age-standardized,558,Mental disorders,3,Rate,2023,22892.78036000894,25104.77298903756,21105.41092760335
1,All Population,5,Prevalence,102,United States of America,3,Both,27,Age-standardized,558,Mental disorders,2,Percent,2023,0.1877558267275865,0.207818285676896,0.1708803996502932
1,All Population,5,Prevalence,102,United States of America,3,Both,27,Age-standardized,558,Mental disorders,3,Rate,2023,17333.87033663206,19160.83073793835,15796.66824008524
1,All Population,5,Prevalence,145,Kuwait,3,Both,27,Age-standardized,558,Mental disorders,2,Percent,2023,0.1502422043334335,0.1649904385277736,0.1376262663316494
1,All Population,5,Prevalence,145,Kuwait,3,Both,27,Age-standardized,558,Mental disorders,3,Rate,2023,14215.972476846,15599.48919153403,13018.24072663407
1,All Population,5,Prevalence,115,Jamaica,3,Both,27,Age-standardized,558,Mental disorders,2,Percent,2023,0.1611134186267469,0.1793981471528176,0.1461653339190921
1,All Population,5,Prevalence,115,Jamaica,3,Both,27,Age-standardized,558,Mental disorders,3,Rate,2023,15626.12758595453,17379.9244007392,14136.56422663162
1,All Population,5,Prevalence,160,Afghanistan,3,Both,27,Age-standardized,558,Mental disorders,2,Percent,2023,0.1631364024420641,0.180187637921344,0.1485616278489882
1,All Population,5,Prevalence,160,Afghanistan,3,Both,27,Age-standardized,558,Mental disorders,3,Rate,2023,16130.557707159429,17815.05440791664,14692.20832236449
1,All Population,5,Prevalence,130,Mexico,3,Both,27,Age-standardized,558,Mental disorders,2,Percent,2023,0.1559590989991844,0.1769498096753305,0.1377095579018754
1,All Population,5,Prevalence,130,Mexico,3,Both,27,Age-standardized,558,Mental disorders,3,Rate,2023,14820.87393387192,16821.36422179517,13086.525523562519
1,All Population,5,Prevalence,179,Ethiopia,3,Both,27,Age-standardized,558,Mental disorders,2,Percent,2023,0.1464960511931586,0.1641892136070843,0.1325835619680808
1,All Population,5,Prevalence,179,Ethiopia,3,Both,27,Age-standardized,558,Mental disorders,3,Rate,2023,14394.651844691001,16125.279195174598,13016.171571403589
1,All Population,5,Prevalence,147,Libya,3,Both,27,Age-standardized,558,Mental disorders,2,Percent,2023,0.1615754190907995,0.1777798135297746,0.1472691926217523
1,All Population,5,Prevalence,147,Libya,3,Both,27,Age-standardized,558,Mental disorders,3,Rate,2023,15659.397536468889,17240.41644239032,14301.559112135259
1,All Population,5,Prevalence,191,Zambia,3,Both,27,Age-standardized,558,Mental disorders,2,Percent,2023,0.1489040098190358,0.1678842647268111,0.1337326765844839
1,All Population,5,Prevalence,191,Zambia,3,Both,27,Age-standardized,558,Mental disorders,3,Rate,2023,14683.34993207451,16565.323481067982,13173.11865409113
1,All Population,5,Prevalence,117,Saint Vincent and the Grenadines,3,Both,27,Age-standardized,558,Mental disorders,2,Percent,2023,0.1663790557700384,0.1859051591201912,0.1496758128990677
1,All Population,5,Prevalence,117,Saint Vincent and the Grenadines,3,Both,27,Age-standardized,558,Mental disorders,3,Rate,2023,16057.10243598959,17928.70580916751,14413.34537731229
1,All Population,5,Prevalence,162,Bhutan,3,Both,27,Age-standardized,558,Mental disorders,2,Percent,2023,0.1261695853550953,0.1416559997209021,0.1136945655213469
1,All Population,5,Prevalence,162,Bhutan,3,Both,27,Age-standardized,558,Mental disorders,3,Rate,2023,11966.710764345511,13424.240947562648,10778.99060847256
1,All Population,5,Prevalence,206,Gambia,3,Both,27,Age-standardized,558,Mental disorders,2,Percent,2023,0.1613805069911968,0.1852377390165503,0.1415869516070791
1,All Population,5,Prevalence,206,Gambia,3,Both,27,Age-standardized,558,Mental disorders,3,Rate,2023,15765.648999074288,18065.16350523151,13824.46547286129
1,All Population,5,Prevalence,175,Burundi,3,Both,27,Age-standardized,558,Mental disorders,2,Percent,2023,0.1398097730077786,0.1557206165505638,0.1260308266679929
1,All Population,5,Prevalence,175,Burundi,3,Both,27,Age-standardized,558,Mental disorders,3,Rate,2023,13707.66746128754,15250.726440042008,12367.65778361803
1,All Population,5,Prevalence,149,Palestine,3,Both,27,Age-standardized,558,Mental disorders,2,Percent,2023,0.1633983522050135,0.1802767105342771,0.1488767695123471
1,All Population,5,Prevalence,149,Palestine,3,Both,27,Age-standardized,558,Mental disorders,3,Rate,2023,15827.915741992721,17446.95994674492,14445.41469907289
1,All Population,5,Prevalence,119,Trinidad and Tobago,3,Both,27,Age-standardized,558,Mental disorders,2,Percent,2023,0.1672558617815024,0.186412410708076,0.1512752700350318
1,All Population,5,Prevalence,119,Trinidad and Tobago,3,Both,27,Age-standardized,558,Mental disorders,3,Rate,2023,16059.402737233,17929.97158089752,14467.333303374418
1,All Population,5,Prevalence,181,Madagascar,3,Both,27,Age-standardized,558,Mental disorders,2,Percent,2023,0.139534457170916,0.1550628525956571,0.1259685658225677
1,All Population,5,Prevalence,181,Madagascar,3,Both,27,Age-standardized,558,Mental disorders,3,Rate,2023,13724.993517784029,15254.97922919845,12372.77139092383
1,All Population,5,Prevalence,193,Botswana,3,Both,27,Age-standardized,558,Mental disorders,2,Percent,2023,0.1385069334944939,0.1570671527683819,0.122389991698414
1,All Population,5,Prevalence,193,Botswana,3,Both,27,Age-standardized,558,Mental disorders,3,Rate,2023,13485.183634527231,15317.15851047955,11924.73813924402
1,All Population,5,Prevalence,208,Guinea,3,Both,27,Age-standardized,558,Mental disorders,2,Percent,2023,0.1666573868876379,0.1907917544916715,0.1469290260605443
1,All Population,5,Prevalence,208,Guinea,3,Both,27,Age-standardized,558,Mental disorders,3,Rate,2023,16423.08957990764,18822.69492322781,14456.83581156113
1,All Population,5,Prevalence,164,Nepal,3,Both,27,Age-standardized,558,Mental disorders,2,Percent,2023,0.1338447040526551,0.1498692492728831,0.1202481412955452
1,All Population,5,Prevalence,164,Nepal,3,Both,27,Age-standardized,558,Mental disorders,3,Rate,2023,12753.11037107441,14296.9534002377,11467.01427697768
1,All Population,5,Prevalence,369,Nauru,3,Both,27,Age-standardized,558,Mental disorders,2,Percent,2023,0.127057028603934,0.148809858857128,0.1115030946595511
1,All Population,5,Prevalence,369,Nauru,3,Both,27,Age-standardized,558,Mental disorders,3,Rate,2023,12330.32919934271,14453.814613766312,10771.23223048453
1,All Population,5,Prevalence,177,Djibouti,3,Both,27,Age-standardized,558,Mental disorders,2,Percent,2023,0.1378702833765809,0.1530679108980634,0.1244667663151299
1,All Population,5,Prevalence,177,Djibouti,3,Both,27,Age-standardized,558,Mental disorders,3,Rate,2023,13394.310664827979,14900.870471907321,12116.66135832827
1,All Population,5,Prevalence,195,Namibia,3,Both,27,Age-standardized,558,Mental disorders,2,Percent,2023,0.1375154855106667,0.157148148518189,0.1203349105516398
1,All Population,5,Prevalence,195,Namibia,3,Both,27,Age-standardized,558,Mental disorders,3,Rate,2023,13315.4073103129,15183.55998999234,11654.55755794225
1,All Population,5,Prevalence,210,Liberia,3,Both,27,Age-standardized,558,Mental disorders,2,Percent,2023,0.1671292132592466,0.1915482084749667,0.1463099699944208
1,All Population,5,Prevalence,210,Liberia,3,Both,27,Age-standardized,558,Mental disorders,3,Rate,2023,16535.51843304561,18962.13625418943,14485.90290716874
1,All Population,5,Prevalence,376,Northern Mariana Islands,3,Both,27,Age-standardized,558,Mental disorders,2,Percent,2023,0.1277066875047956,0.1489395584594336,0.1118118511880861
1,All Population,5,Prevalence,376,Northern Mariana Islands,3,Both,27,Age-standardized,558,Mental disorders,3,Rate,2023,12259.89277421233,14317.83263423009,10712.1199783077
1,All Population,5,Prevalence,197,Eswatini,3,Both,27,Age-standardized,558,Mental disorders,2,Percent,2023,0.1473691580735198,0.1678966536596011,0.1308908969188706
1,All Population,5,Prevalence,197,Eswatini,3,Both,27,Age-standardized,558,Mental disorders,3,Rate,2023,14270.811355421101,16296.675026178382,12667.96677653354
1,All Population,5,Prevalence,212,Mauritania,3,Both,27,Age-standardized,558,Mental disorders,2,Percent,2023,0.1423198868817968,0.1630538032294809,0.1253695744090603
1,All Population,5,Prevalence,212,Mauritania,3,Both,27,Age-standardized,558,Mental disorders,3,Rate,2023,13877.3964555104,15835.3295848391,12256.98304902641
