population_group_id,population_group_name,measure_id,measure_name,location_id,location_name,sex_id,sex_name,age_id,age_name,cause_id,cause_name,metric_id,metric_name,year,val,upper,lower
1,All Population,5,Prevalence,81,Germany,3,Both,27,Age-standardized,558,Mental disorders,2,Percent,2011,0.1388842908921974,0.1500429382483577,0.1292224484549863
1,All Population,5,Prevalence,81,Germany,3,Both,27,Age-standardized,558,Mental disorders,3,Rate,2011,12601.70173126599,13611.857327556001,11718.50862717725
1,All Population,5,Prevalence,92,Spain,3,Both,27,Age-standardized,558,Mental disorders,2,Percent,2011,0.1566799081438896,0.1718271874863514,0.1420238358766276
1,All Population,5,Prevalence,92,Spain,3,Both,27,Age-standardized,558,Mental disorders,3,Rate,2011,14402.35778721381,15719.33454636398,13029.853417384691
1,All Population,5,Prevalence,37,Kyrgyzstan,3,Both,27,Age-standardized,558,Mental disorders,2,Percent,2011,0.1013047715335239,0.1132679094797925,0.0904481591598413
1,All Population,5,Prevalence,37,Kyrgyzstan,3,Both,27,Age-standardized,558,Mental disorders,3,Rate,2011,9790.25181643818,10958.46615782922,8741.681070239669
1,All Population,5,Prevalence,94,Switzerland,3,Both,27,Age-standardized,558,Mental disorders,2,Percent,2011,0.1663197814670348,0.1830705262126539,0.1487392357955059
1,All Population,5,Prevalence,94,Switzerland,3,Both,27,Age-standardized,558,Mental disorders,3,Rate,2011,15224.02719102107,16709.97130398183,13625.644792103962
1,All Population,5,Prevalence,39,Tajikistan,3,Both,27,Age-standardized,558,Mental disorders,2,Percent,2011,0.1057815335861382,0.1185398950230175,0.0937091306201387
1,All Population,5,Prevalence,39,Tajikistan,3,Both,27,Age-standardized,558,Mental disorders,3,Rate,2011,10225.26470267381,11487.784735337409,9084.34563892096
1,All Population,5,Prevalence,34,Azerbaijan,3,Both,27,Age-standardized,558,Mental disorders,2,Percent,2011,0.1167514389721049,0.1310858732807196,0.1036430437462143
1,All Population,5,Prevalence,34,Azerbaijan,3,Both,27,Age-standardized,558,Mental disorders,3,Rate,2011,11159.20378345153,12513.133283512709,9958.22574193294
1,All Population,5,Prevalence,63,Ukraine,3,Both,27,Age-standardized,558,Mental disorders,2,Percent,2011,0.1271767182470931,0.1406222619497932,0.1128279473674237
1,All Population,5,Prevalence,63,Ukraine,3,Both,27,Age-standardized,558,Mental disorders,3,Rate,2011,11934.84062632459,13216.03503910427,10567.01909557944
1,All Population,5,Prevalence,16,Philippines,3,Both,27,Age-standardized,558,Mental disorders,2,Percent,2011,0.0876497225091971,0.0964487890524299,0.0798574681264647
1,All Population,5,Prevalence,16,Philippines,3,Both,27,Age-standardized,558,Mental disorders,3,Rate,2011,8494.93885606367,9333.33655140885,7744.36645578434
1,All Population,5,Prevalence,60,Lithuania,3,Both,27,Age-standardized,558,Mental disorders,2,Percent,2011,0.1231554840089585,0.1359288109438365,0.1085344985912355
1,All Population,5,Prevalence,60,Lithuania,3,Both,27,Age-standardized,558,Mental disorders,3,Rate,2011,11674.040788142769,12915.01402443175,10247.731231967611
1,All Population,5,Prevalence,173,Gabon,3,Both,27,Age-standardized,558,Mental disorders,2,Percent,2011,0.1311381184856562,0.1461001352943264,0.1151945229021139
1,All Population,5,Prevalence,173,Gabon,3,Both,27,Age-standardized,558,Mental disorders,3,Rate,2011,12995.96796504966,14468.90096421773,11411.74746435966
1,All Population,5,Prevalence,45,Bulgaria,3,Both,27,Age-standardized,558,Mental disorders,2,Percent,2011,0.1125348663917722,0.1257257138074382,0.1008773749443623
1,All Population,5,Prevalence,45,Bulgaria,3,Both,27,Age-standardized,558,Mental disorders,3,Rate,2011,10706.46743772975,11959.912193609,9609.60099692605
1,All Population,5,Prevalence,41,Uzbekistan,3,Both,27,Age-standardized,558,Mental disorders,2,Percent,2011,0.103568786993013,0.1156411904796399,0.0925086598147344
1,All Population,5,Prevalence,41,Uzbekistan,3,Both,27,Age-standardized,558,Mental disorders,3,Rate,2011,9936.91943510428,11114.534398044409,8885.76502388335
1,All Population,5,Prevalence,131,Nicaragua,3,Both,27,Age-standardized,558,Mental disorders,2,Percent,2011,0.12061739735484,0.1309905823313258,0.1110423886534324
1,All Population,5,Prevalence,131,Nicaragua,3,Both,27,Age-standardized,558,Mental disorders,3,Rate,2011,11691.46086665864,12673.89928276468,10755.84360885158
1,All Population,5,Prevalence,152,Saudi Arabia,3,Both,27,Age-standardized,558,Mental disorders,2,Percent,2011,0.1427164335702491,0.1563623094447365,0.1266449551203561
1,All Population,5,Prevalence,152,Saudi Arabia,3,Both,27,Age-standardized,558,Mental disorders,3,Rate,2011,13834.70803014045,15169.612631406551,12257.087004466199
1,All Population,5,Prevalence,186,Seychelles,3,Both,27,Age-standardized,558,Mental disorders,2,Percent,2011,0.0840536092360232,0.0921512900332586,0.0767800450983037
1,All Population,5,Prevalence,186,Seychelles,3,Both,27,Age-standardized,558,Mental disorders,3,Rate,2011,8057.222693309251,8798.37757913051,7370.487449966199
1,All Population,5,Prevalence,13,Malaysia,3,Both,27,Age-standardized,558,Mental disorders,2,Percent,2011,0.0879297756370636,0.0957941918473367,0.0803603432502194
1,All Population,5,Prevalence,13,Malaysia,3,Both,27,Age-standardized,558,Mental disorders,3,Rate,2011,8452.06977723844,9198.99724865517,7707.81280532903
1,All Population,5,Prevalence,29,Tonga,3,Both,27,Age-standardized,558,Mental disorders,2,Percent,2011,0.113606246070488,0.1329809177446077,0.0942263180078718
1,All Population,5,Prevalence,29,Tonga,3,Both,27,Age-standardized,558,Mental disorders,3,Rate,2011,11014.41814049325,12911.138810661221,9113.032286070571
1,All Population,5,Prevalence,133,Venezuela (Bolivarian Republic of),3,Both,27,Age-standardized,558,Mental disorders,2,Percent,2011,0.127665995760307,0.1412101831981366,0.115226236693555
1,All Population,5,Prevalence,133,Venezuela (Bolivarian Republic of),3,Both,27,Age-standardized,558,Mental disorders,3,Rate,2011,12362.577434169241,13655.53549673873,11142.82587154399
1,All Population,5,Prevalence,43,Albania,3,Both,27,Age-standardized,558,Mental disorders,2,Percent,2011,0.1160369406090582,0.1305259933545268,0.1030166534504426
1,All Population,5,Prevalence,43,Albania,3,Both,27,Age-standardized,558,Mental disorders,3,Rate,2011,11036.10737699951,12425.8663911604,9832.91354806672
1,All Population,5,Prevalence,76,Belgium,3,Both,27,Age-standardized,558,Mental disorders,2,Percent,2011,0.1443805260814821,0.1592158282284639,0.1278777188679587
1,All Population,5,Prevalence,76,Belgium,3,Both,27,Age-standardized,558,Mental disorders,3,Rate,2011,13168.36947875385,14504.79753102589,11648.69862681545
1,All Population,5,Prevalence,139,Algeria,3,Both,27,Age-standardized,558,Mental disorders,2,Percent,2011,0.1356767783398708,0.1454237526506872,0.1253872515437853
1,All Population,5,Prevalence,139,Algeria,3,Both,27,Age-standardized,558,Mental disorders,3,Rate,2011,13035.66431397361,13883.44086434066,12013.1847084499
1,All Population,5,Prevalence,105,Antigua and Barbuda,3,Both,27,Age-standardized,558,Mental disorders,2,Percent,2011,0.1458215613508684,0.1601807685783423,0.1310267069835326
1,All Population,5,Prevalence,105,Antigua and Barbuda,3,Both,27,Age-standardized,558,Mental disorders,3,Rate,2011,14088.297329553901,15480.40112536003,12656.172097150558
1,All Population,5,Prevalence,169,Central African Republic,3,Both,27,Age-standardized,558,Mental disorders,2,Percent,2011,0.1366442177983561,0.1529733226112604,0.1194574639479661
1,All Population,5,Prevalence,169,Central African Republic,3,Both,27,Age-standardized,558,Mental disorders,3,Rate,2011,13637.88629627706,15266.95260624427,11924.22927132777
1,All Population,5,Prevalence,47,Czechia,3,Both,27,Age-standardized,558,Mental disorders,2,Percent,2011,0.1235262907664665,0.1371530119688535,0.1087252437535072
1,All Population,5,Prevalence,47,Czechia,3,Both,27,Age-standardized,558,Mental disorders,3,Rate,2011,11639.20615440683,12893.493380017959,10207.06203349197
1,All Population,5,Prevalence,189,United Republic of Tanzania,3,Both,27,Age-standardized,558,Mental disorders,2,Percent,2011,0.1027748578800397,0.112710731641081,0.0928031682121461
1,All Population,5,Prevalence,189,United Republic of Tanzania,3,Both,27,Age-standardized,558,Mental disorders,3,Rate,2011,10172.942018457099,11142.09701194977,9188.5068125237
1,All Population,5,Prevalence,135,Brazil,3,Both,27,Age-standardized,558,Mental disorders,2,Percent,2011,0.162226740067972,0.1752062705022277,0.1494117659453474
1,All Population,5,Prevalence,135,Brazil,3,Both,27,Age-standardized,558,Mental disorders,3,Rate,2011,15679.18473426487,16910.14052129029,14444.307812953919
1,All Population,5,Prevalence,18,Thailand,3,Both,27,Age-standardized,558,Mental disorders,2,Percent,2011,0.0858083062013907,0.0954550219888323,0.0776909437154018
1,All Population,5,Prevalence,18,Thailand,3,Both,27,Age-standardized,558,Mental disorders,3,Rate,2011,8247.76973537738,9181.39749501879,7434.82002621528
1,All Population,5,Prevalence,123,Peru,3,Both,27,Age-standardized,558,Mental disorders,2,Percent,2011,0.1517855051245336,0.1655794479999703,0.1373522946429367
1,All Population,5,Prevalence,123,Peru,3,Both,27,Age-standardized,558,Mental disorders,3,Rate,2011,14900.645802449411,16253.61105828087,13494.568360787409
1,All Population,5,Prevalence,141,Egypt,3,Both,27,Age-standardized,558,Mental disorders,2,Percent,2011,0.1378484788325582,0.1490907373980423,0.1242045918746992
1,All Population,5,Prevalence,141,Egypt,3,Both,27,Age-standardized,558,Mental disorders,3,Rate,2011,13371.46031654817,14473.05802293617,12035.60977751744
1,All Population,5,Prevalence,78,Denmark,3,Both,27,Age-standardized,558,Mental disorders,2,Percent,2011,0.1402223275744026,0.1506339410313674,0.1310855606686635
1,All Population,5,Prevalence,78,Denmark,3,Both,27,Age-standardized,558,Mental disorders,3,Rate,2011,12770.37655795306,13723.339600331268,11958.28424801612
1,All Population,5,Prevalence,110,Dominica,3,Both,27,Age-standardized,558,Mental disorders,2,Percent,2011,0.1440914012479469,0.1582075091699196,0.1298019957229177
1,All Population,5,Prevalence,110,Dominica,3,Both,27,Age-standardized,558,Mental disorders,3,Rate,2011,13916.576653575099,15267.295387173679,12482.07116546634
1,All Population,5,Prevalence,7,Democratic People's Republic of Korea,3,Both,27,Age-standardized,558,Mental disorders,2,Percent,2011,0.1015300757087859,0.1111442879501152,0.0922199279322526
1,All Population,5,Prevalence,7,Democratic People's Republic of Korea,3,Both,27,Age-standardized,558,Mental disorders,3,Rate,2011,9776.18189689184,10709.18567265588,8934.4039864884
1,All Population,5,Prevalence,84,Ireland,3,Both,27,Age-standardized,558,Mental disorders,2,Percent,2011,0.1593268498154982,0.174410589573965,0.1440028535360077
1,All Population,5,Prevalence,84,Ireland,3,Both,27,Age-standardized,558,Mental disorders,3,Rate,2011,14713.38610894897,16028.84344860555,13238.14709539753
1,All Population,5,Prevalence,52,Romania,3,Both,27,Age-standardized,558,Mental disorders,2,Percent,2011,0.1131906693414814,0.1268522907347979,0.1002956441461961
1,All Population,5,Prevalence,52,Romania,3,Both,27,Age-standardized,558,Mental disorders,3,Rate,2011,10796.9615130474,12124.653199652561,9595.86281232884
1,All Population,5,Prevalence,178,Eritrea,3,Both,27,Age-standardized,558,Mental disorders,2,Percent,2011,0.1103997663924227,0.1212031521340761,0.0994760540911051
1,All Population,5,Prevalence,178,Eritrea,3,Both,27,Age-standardized,558,Mental disorders,3,Rate,2011,10849.57672395758,11872.978082495609,9742.3953445609
1,All Population,5,Prevalence,144,Jordan,3,Both,27,Age-standardized,558,Mental disorders,2,Percent,2011,0.1313368470006398,0.1409734044268039,0.1206229525492348
1,All Population,5,Prevalence,144,Jordan,3,Both,27,Age-standardized,558,Mental disorders,3,Rate,2011,12575.488887118392,13503.38375421428,11516.56312029284
1,All Population,5,Prevalence,26,Papua New Guinea,3,Both,27,Age-standardized,558,Mental disorders,2,Percent,2011,0.0988561080256192,0.1100717684161425,0.0857001606785884
1,All Population,5,Prevalence,26,Papua New Guinea,3,Both,27,Age-standardized,558,Mental disorders,3,Rate,2011,9820.98995716357,10947.22915982541,8519.79033796551
1,All Population,5,Prevalence,49,North Macedonia,3,Both,27,Age-standardized,558,Mental disorders,2,Percent,2011,0.1181625027473821,0.1334421204655382,0.1041770196082471
1,All Population,5,Prevalence,49,North Macedonia,3,Both,27,Age-standardized,558,Mental disorders,3,Rate,2011,11172.16861932548,12655.96926787323,9893.04305557008
1,All Population,5,Prevalence,157,Yemen,3,Both,27,Age-standardized,558,Mental disorders,2,Percent,2011,0.1322140132383719,0.1429302501399251,0.1212823198317172
1,All Population,5,Prevalence,157,Yemen,3,Both,27,Age-standardized,558,Mental disorders,3,Rate,2011,13086.497072262879,14146.97378178349,12042.93570357643
1,All Population,5,Prevalence,68,Republic of Korea,3,Both,27,Age-standardized,558,Mental disorders,2,Percent,2011,0.1235240333727872,0.1363442497788879,0.110648756656454
1,All Population,5,Prevalence,68,Republic of Korea,3,Both,27,Age-standardized,558,Mental disorders,3,Rate,2011,11402.254665509889,12610.41164978845,10201.77048381101
1,All Population,5,Prevalence,44,Bosnia and Herzegovina,3,Both,27,Age-standardized,558,Mental disorders,2,Percent,2011,0.1257862065753152,0.1409124946773363,0.1102022199778719
1,All Population,5,Prevalence,44,Bosnia and Herzegovina,3,Both,27,Age-standardized,558,Mental disorders,3,Rate,2011,11952.6750832787,13420.37109711652,10502.72899772063
1,All Population,5,Prevalence,75,Austria,3,Both,27,Age-standardized,558,Mental disorders,2,Percent,2011,0.1349591469446123,0.1495848258665894,0.1205357121059639
1,All Population,5,Prevalence,75,Austria,3,Both,27,Age-standardized,558,Mental disorders,3,Rate,2011,12419.08084330299,13754.82152810879,11062.06933180823
1,All Population,5,Prevalence,125,Colombia,3,Both,27,Age-standardized,558,Mental disorders,2,Percent,2011,0.1136669360482772,0.1217423459671048,0.1048717110811423
1,All Population,5,Prevalence,125,Colombia,3,Both,27,Age-standardized,558,Mental disorders,3,Rate,2011,10896.46056827416,11672.1538748218,10043.15061035249
1,All Population,5,Prevalence,99,Uruguay,3,Both,27,Age-standardized,558,Mental disorders,2,Percent,2011,0.1512527497369377,0.1668231117816516,0.1337044598275874
1,All Population,5,Prevalence,99,Uruguay,3,Both,27,Age-standardized,558,Mental disorders,3,Rate,2011,14223.137080863049,15668.302532187661,12611.44341929441
1,All Population,5,Prevalence,112,Grenada,3,Both,27,Age-standardized,558,Mental disorders,2,Percent,2011,0.1438436106108143,0.1578697454747412,0.1291310904727726
1,All Population,5,Prevalence,112,Grenada,3,Both,27,Age-standardized,558,Mental disorders,3,Rate,2011,13914.16114529144,15280.53647916629,12481.6089971375
1,All Population,5,Prevalence,20,Viet Nam,3,Both,27,Age-standardized,558,Mental disorders,2,Percent,2011,0.0772661312767527,0.0844236645580979,0.0700309436683947
1,All Population,5,Prevalence,20,Viet Nam,3,Both,27,Age-standardized,558,Mental disorders,3,Rate,2011,7609.98601967943,8305.71222777004,6895.92962201059
1,All Population,5,Prevalence,194,Lesotho,3,Both,27,Age-standardized,558,Mental disorders,2,Percent,2011,0.1020026780367663,0.111156687379089,0.0913631218955994
1,All Population,5,Prevalence,194,Lesotho,3,Both,27,Age-standardized,558,Mental disorders,3,Rate,2011,10131.40373729374,11030.46784484454,9074.62013015925
1,All Population,5,Prevalence,154,Tunisia,3,Both,27,Age-standardized,558,Mental disorders,2,Percent,2011,0.1432370771846153,0.1539077205585501,0.1315639363202825
1,All Population,5,Prevalence,154,Tunisia,3,Both,27,Age-standardized,558,Mental disorders,3,Rate,2011,13694.091637590749,14691.328619519669,12563.822470424851
1,All Population,5,Prevalence,28,Solomon Islands,3,Both,27,Age-standardized,558,Mental disorders,2,Percent,2011,0.1009710537253691,0.112249203080171,0.087945087073438
1,All Population,5,Prevalence,28,Solomon Islands,3,Both,27,Age-standardized,558,Mental disorders,3,Rate,2011,9934.23573813838,11036.135170914931,8632.60089588926
1,All Population,5,Prevalence,91,Portugal,3,Both,27,Age-standardized,558,Mental disorders,2,Percent,2011,0.1829031409218535,0.204474605748437,0.1603029254034406
1,All Population,5,Prevalence,91,Portugal,3,Both,27,Age-standardized,558,Mental disorders,3,Rate,2011,16772.09595713387,18781.92319960543,14633.63031894745
1,All Population,5,Prevalence,170,Congo,3,Both,27,Age-standardized,558,Mental disorders,2,Percent,2011,0.1355612419612222,0.1500774458102123,0.1194524748222508
1,All Population,5,Prevalence,170,Congo,3,Both,27,Age-standardized,558,Mental disorders,3,Rate,2011,13451.23501443797,14870.24928353776,11853.97812839642
1,All Population,5,Prevalence,33,Armenia,3,Both,27,Age-standardized,558,Mental disorders,2,Percent,2011,0.1322651865790905,0.1470915331768365,0.117173180792312
1,All Population,5,Prevalence,33,Armenia,3,Both,27,Age-standardized,558,Mental disorders,3,Rate,2011,12557.990842002258,13964.17410825222,11129.641949856401
1,All Population,5,Prevalence,136,Paraguay,3,Both,27,Age-standardized,558,Mental disorders,2,Percent,2011,0.149331764588442,0.1618712400441249,0.1368802234296622
1,All Population,5,Prevalence,136,Paraguay,3,Both,27,Age-standardized,558,Mental disorders,3,Rate,2011,14451.90659763943,15663.198074439142,13234.53574016817
1,All Population,5,Prevalence,151,Qatar,3,Both,27,Age-standardized,558,Mental disorders,2,Percent,2011,0.1148394579780261,0.1237237527763993,0.1050651706294119
1,All Population,5,Prevalence,151,Qatar,3,Both,27,Age-standardized,558,Mental disorders,3,Rate,2011,10967.80576367742,11835.22250164761,10025.1879704851
1,All Population,5,Prevalence,22,Fiji,3,Both,27,Age-standardized,558,Mental disorders,2,Percent,2011,0.0975800783158558,0.1077818550723475,0.0852079603015081
1,All Population,5,Prevalence,22,Fiji,3,Both,27,Age-standardized,558,Mental disorders,3,Rate,2011,9574.63493090433,10576.77923239623,8372.95203080619
1,All Population,5,Prevalence,180,Kenya,3,Both,27,Age-standardized,558,Mental disorders,2,Percent,2011,0.1068185163943175,0.1168331020634685,0.096996029155088
1,All Population,5,Prevalence,180,Kenya,3,Both,27,Age-standardized,558,Mental disorders,3,Rate,2011,10513.56096391447,11476.309287093869,9554.4284811504
1,All Population,5,Prevalence,122,Ecuador,3,Both,27,Age-standardized,558,Mental disorders,2,Percent,2011,0.1398792093139121,0.1536593099611173,0.1260031257225607
1,All Population,5,Prevalence,122,Ecuador,3,Both,27,Age-standardized,558,Mental disorders,3,Rate,2011,13567.2708872522,14936.494230462598,12230.5596607326
1,All Population,5,Prevalence,80,France,3,Both,27,Age-standardized,558,Mental disorders,2,Percent,2011,0.1620336568179189,0.1781852800132058,0.1450432810343205
1,All Population,5,Prevalence,80,France,3,Both,27,Age-standardized,558,Mental disorders,3,Rate,2011,14689.76286653548,16163.88536025051,13147.40910063395
1,All Population,5,Prevalence,107,Barbados,3,Both,27,Age-standardized,558,Mental disorders,2,Percent,2011,0.1459297547184535,0.1602689951576552,0.131489588262968
1,All Population,5,Prevalence,107,Barbados,3,Both,27,Age-standardized,558,Mental disorders,3,Rate,2011,14039.1197406784,15396.57725310132,12618.170488674421
1,All Population,5,Prevalence,143,Iraq,3,Both,27,Age-standardized,558,Mental disorders,2,Percent,2011,0.1348043010616517,0.1463033703641011,0.1226283573373044
1,All Population,5,Prevalence,143,Iraq,3,Both,27,Age-standardized,558,Mental disorders,3,Rate,2011,13059.594340648659,14124.53234440465,11856.03366529788
1,All Population,5,Prevalence,171,Democratic Republic of the Congo,3,Both,27,Age-standardized,558,Mental disorders,2,Percent,2011,0.1277143002567704,0.1430247223455687,0.1116316315664891
1,All Population,5,Prevalence,171,Democratic Republic of the Congo,3,Both,27,Age-standardized,558,Mental disorders,3,Rate,2011,12753.48375478207,14284.21338183023,11146.13255234895
1,All Population,5,Prevalence,14,Maldives,3,Both,27,Age-standardized,558,Mental disorders,2,Percent,2011,0.0837677807733581,0.0918613058547878,0.0761215878076041
1,All Population,5,Prevalence,14,Maldives,3,Both,27,Age-standardized,558,Mental disorders,3,Rate,2011,8070.48191690298,8840.6824575173,7369.8835292860695
1,All Population,5,Prevalence,90,Norway,3,Both,27,Age-standardized,558,Mental disorders,2,Percent,2011,0.1419873314785892,0.1569695474668528,0.1260794079437891
1,All Population,5,Prevalence,90,Norway,3,Both,27,Age-standardized,558,Mental disorders,3,Rate,2011,13046.850431268258,14439.59413488953,11618.773917973751
1,All Population,5,Prevalence,182,Malawi,3,Both,27,Age-standardized,558,Mental disorders,2,Percent,2011,0.1068949011055638,0.1171775237939558,0.0956418278097722
1,All Population,5,Prevalence,182,Malawi,3,Both,27,Age-standardized,558,Mental disorders,3,Rate,2011,10544.04914221141,11540.06973936026,9443.07794674637
1,All Population,5,Prevalence,86,Italy,3,Both,27,Age-standardized,558,Mental disorders,2,Percent,2011,0.1326177974153562,0.146392543346789,0.1174764583016624
1,All Population,5,Prevalence,86,Italy,3,Both,27,Age-standardized,558,Mental disorders,3,Rate,2011,12167.57136065403,13427.805748849261,10797.39199416677
1,All Population,5,Prevalence,114,Haiti,3,Both,27,Age-standardized,558,Mental disorders,2,Percent,2011,0.1419379678907732,0.1560034936434915,0.1265132940736641
1,All Population,5,Prevalence,114,Haiti,3,Both,27,Age-standardized,558,Mental disorders,3,Rate,2011,14005.068988316541,15415.07352499992,12477.09984375955
1,All Population,5,Prevalence,23,Kiribati,3,Both,27,Age-standardized,558,Mental disorders,2,Percent,2011,0.1016480782730431,0.1146257508900428,0.0876102422836104
1,All Population,5,Prevalence,23,Kiribati,3,Both,27,Age-standardized,558,Mental disorders,3,Rate,2011,10080.48962330747,11383.48452573453,8697.945224850311
1,All Population,5,Prevalence,57,Belarus,3,Both,27,Age-standardized,558,Mental disorders,2,Percent,2011,0.1173909854832316,0.1289432306879512,0.1054491533991763
1,All Population,5,Prevalence,57,Belarus,3,Both,27,Age-standardized,558,Mental disorders,3,Rate,2011,10961.202900830951,12060.71156909615,9847.51123100703
1,All Population,5,Prevalence,127,El Salvador,3,Both,27,Age-standardized,558,Mental disorders,2,Percent,2011,0.1172038624813582,0.1272034390187543,0.1076582576059387
1,All Population,5,Prevalence,127,El Salvador,3,Both,27,Age-standardized,558,Mental disorders,3,Rate,2011,11297.46825819583,12258.37787001777,10376.48693842238
1,All Population,5,Prevalence,35,Georgia,3,Both,27,Age-standardized,558,Mental disorders,2,Percent,2011,0.1176844120830684,0.1298056453531091,0.1054160379461231
1,All Population,5,Prevalence,35,Georgia,3,Both,27,Age-standardized,558,Mental disorders,3,Rate,2011,11228.11148424308,12416.38301193813,10063.3640708061
1,All Population,5,Prevalence,162,Bhutan,3,Both,27,Age-standardized,558,Mental disorders,2,Percent,2011,0.1114566800358649,0.1232371555705634,0.1011098364715155
1,All Population,5,Prevalence,162,Bhutan,3,Both,27,Age-standardized,558,Mental disorders,3,Rate,2011,10669.75658712135,11791.77642654987,9709.06465234059
1,All Population,5,Prevalence,59,Latvia,3,Both,27,Age-standardized,558,Mental disorders,2,Percent,2011,0.120973151686452,0.1326569314179403,0.1090768437098436
1,All Population,5,Prevalence,59,Latvia,3,Both,27,Age-standardized,558,Mental disorders,3,Rate,2011,11260.61586736682,12277.51073431841,10149.56786770834
1,All Population,5,Prevalence,10,Cambodia,3,Both,27,Age-standardized,558,Mental disorders,2,Percent,2011,0.0914707442335496,0.1007231094674028,0.0829260451761493
1,All Population,5,Prevalence,10,Cambodia,3,Both,27,Age-standardized,558,Mental disorders,3,Rate,2011,8997.242526628981,9900.52781598144,8156.56837193726
1,All Population,5,Prevalence,183,Mauritius,3,Both,27,Age-standardized,558,Mental disorders,2,Percent,2011,0.0958820557726772,0.1068525028808353,0.0857480568969604
1,All Population,5,Prevalence,183,Mauritius,3,Both,27,Age-standardized,558,Mental disorders,3,Rate,2011,9293.79590192917,10367.355017214499,8270.94509770675
1,All Population,5,Prevalence,184,Mozambique,3,Both,27,Age-standardized,558,Mental disorders,2,Percent,2011,0.1194412735228925,0.1308683775136439,0.106101531466394
1,All Population,5,Prevalence,184,Mozambique,3,Both,27,Age-standardized,558,Mental disorders,3,Rate,2011,11869.50733191392,13012.21448424469,10536.38613242863
1,All Population,5,Prevalence,175,Burundi,3,Both,27,Age-standardized,558,Mental disorders,2,Percent,2011,0.1117489889154515,0.1223883520860307,0.0998743716651125
1,All Population,5,Prevalence,175,Burundi,3,Both,27,Age-standardized,558,Mental disorders,3,Rate,2011,11040.53609216792,12078.54087986714,9875.91785746229
1,All Population,5,Prevalence,115,Jamaica,3,Both,27,Age-standardized,558,Mental disorders,2,Percent,2011,0.1346080699748476,0.1475996137187898,0.121356528117096
1,All Population,5,Prevalence,115,Jamaica,3,Both,27,Age-standardized,558,Mental disorders,3,Rate,2011,13084.253737881148,14372.0636262373,11753.48116457951
1,All Population,5,Prevalence,128,Guatemala,3,Both,27,Age-standardized,558,Mental disorders,2,Percent,2011,0.1228545960384985,0.1332545642793436,0.1130493752128955
1,All Population,5,Prevalence,128,Guatemala,3,Both,27,Age-standardized,558,Mental disorders,3,Rate,2011,11947.728254241161,12980.831515329019,11015.27236360405
1,All Population,5,Prevalence,191,Zambia,3,Both,27,Age-standardized,558,Mental disorders,2,Percent,2011,0.1082019324554174,0.1183601449559835,0.09665368930892
1,All Population,5,Prevalence,191,Zambia,3,Both,27,Age-standardized,558,Mental disorders,3,Rate,2011,10748.25822575218,11753.82189686622,9604.37140628117
1,All Population,5,Prevalence,164,Nepal,3,Both,27,Age-standardized,558,Mental disorders,2,Percent,2011,0.1041201954374167,0.1152528691422845,0.0953700989363736
1,All Population,5,Prevalence,164,Nepal,3,Both,27,Age-standardized,558,Mental disorders,3,Rate,2011,10136.39681023424,11226.67569972442,9262.7986057342
1,All Population,5,Prevalence,88,Malta,3,Both,27,Age-standardized,558,Mental disorders,2,Percent,2011,0.1578988312046273,0.170729139991289,0.1476504398737144
1,All Population,5,Prevalence,88,Malta,3,Both,27,Age-standardized,558,Mental disorders,3,Rate,2011,14526.573770927078,15644.34952440347,13551.128875561599
1,All Population,5,Prevalence,15,Myanmar,3,Both,27,Age-standardized,558,Mental disorders,2,Percent,2011,0.0851982216117104,0.0929901884571044,0.0774443870945693
1,All Population,5,Prevalence,15,Myanmar,3,Both,27,Age-standardized,558,Mental disorders,3,Rate,2011,8345.63730403041,9113.87098839489,7566.13699417407
1,All Population,5,Prevalence,74,Andorra,3,Both,27,Age-standardized,558,Mental disorders,2,Percent,2011,0.1455813097870952,0.1566905873461802,0.1362322736866663
1,All Population,5,Prevalence,74,Andorra,3,Both,27,Age-standardized,558,Mental disorders,3,Rate,2011,13327.38554796165,14293.74058593243,12477.621877377209
1,All Population,5,Prevalence,106,Bahamas,3,Both,27,Age-standardized,558,Mental disorders,2,Percent,2011,0.1463380981911554,0.1604280274404558,0.1318523376501928
1,All Population,5,Prevalence,106,Bahamas,3,Both,27,Age-standardized,558,Mental disorders,3,Rate,2011,14087.24092350249,15444.46801679018,12685.430778131751
1,All Population,5,Prevalence,205,Côte d'Ivoire,3,Both,27,Age-standardized,558,Mental disorders,2,Percent,2011,0.1202536445976093,0.1304996907856621,0.1067230492919124
1,All Population,5,Prevalence,205,Côte d'Ivoire,3,Both,27,Age-standardized,558,Mental disorders,3,Rate,2011,11951.387760606789,12963.704857820121,10601.94308140179
1,All Population,5,Prevalence,67,Japan,3,Both,27,Age-standardized,558,Mental disorders,2,Percent,2011,0.1251530702103886,0.1377852538720547,0.1115356567272274
1,All Population,5,Prevalence,67,Japan,3,Both,27,Age-standardized,558,Mental disorders,3,Rate,2011,11363.520547923039,12542.7436800084,10064.21339020527
1,All Population,5,Prevalence,12,Lao People's Democratic Republic,3,Both,27,Age-standardized,558,Mental disorders,2,Percent,2011,0.0810767405577417,0.0903568463061845,0.0723816443969657
1,All Population,5,Prevalence,12,Lao People's Democratic Republic,3,Both,27,Age-standardized,558,Mental disorders,3,Rate,2011,7915.06012997151,8818.32500331559,7102.52199795674
1,All Population,5,Prevalence,51,Poland,3,Both,27,Age-standardized,558,Mental disorders,2,Percent,2011,0.1147655598224815,0.1283358094661682,0.1030634020026574
1,All Population,5,Prevalence,51,Poland,3,Both,27,Age-standardized,558,Mental disorders,3,Rate,2011,10819.94620761794,12107.754547195911,9728.795490441331
1,All Population,5,Prevalence,153,Syrian Arab Republic,3,Both,27,Age-standardized,558,Mental disorders,2,Percent,2011,0.1598649896899664,0.1757371949520025,0.1427743965637683
1,All Population,5,Prevalence,153,Syrian Arab Republic,3,Both,27,Age-standardized,558,Mental disorders,3,Rate,2011,15458.958221647401,16978.818321479892,13810.90982123298
1,All Population,5,Prevalence,117,Saint Vincent and the Grenadines,3,Both,27,Age-standardized,558,Mental disorders,2,Percent,2011,0.1434671834200558,0.1574012644330232,0.129159718205154
1,All Population,5,Prevalence,117,Saint Vincent and the Grenadines,3,Both,27,Age-standardized,558,Mental disorders,3,Rate,2011,13896.759406290821,15245.141540861052,12460.9243193262
1,All Population,5,Prevalence,145,Kuwait,3,Both,27,Age-standardized,558,Mental disorders,2,Percent,2011,0.1281856802760561,0.1365173602889713,0.1188197844659057
1,All Population,5,Prevalence,145,Kuwait,3,Both,27,Age-standardized,558,Mental disorders,3,Rate,2011,12138.07189746281,12917.721541004808,11236.96469935928
1,All Population,5,Prevalence,161,Bangladesh,3,Both,27,Age-standardized,558,Mental disorders,2,Percent,2011,0.1139234334045035,0.1264853291551574,0.1009269441935505
1,All Population,5,Prevalence,161,Bangladesh,3,Both,27,Age-standardized,558,Mental disorders,3,Rate,2011,11113.23418639088,12333.37685612808,9832.26993155525
1,All Population,5,Prevalence,146,Lebanon,3,Both,27,Age-standardized,558,Mental disorders,2,Percent,2011,0.1505324456259094,0.1629906518173598,0.1355182595804104
1,All Population,5,Prevalence,146,Lebanon,3,Both,27,Age-standardized,558,Mental disorders,3,Rate,2011,14405.27625188793,15633.95792028402,12927.91559959078
1,All Population,5,Prevalence,54,Slovakia,3,Both,27,Age-standardized,558,Mental disorders,2,Percent,2011,0.1160581181761548,0.1300870556581845,0.1028867120449093
1,All Population,5,Prevalence,54,Slovakia,3,Both,27,Age-standardized,558,Mental disorders,3,Rate,2011,10963.15400950142,12329.45885283383,9690.47595466319
1,All Population,5,Prevalence,101,Canada,3,Both,27,Age-standardized,558,Mental disorders,2,Percent,2011,0.1481244432645003,0.1625894716669543,0.132592589572065
1,All Population,5,Prevalence,101,Canada,3,Both,27,Age-standardized,558,Mental disorders,3,Rate,2011,13699.208459206,15089.737099642081,12217.68460571703
1,All Population,5,Prevalence,196,South Africa,3,Both,27,Age-standardized,558,Mental disorders,2,Percent,2011,0.1122171111808759,0.121744023734696,0.1016578685254588
1,All Population,5,Prevalence,196,South Africa,3,Both,27,Age-standardized,558,Mental disorders,3,Rate,2011,11076.333038915149,12005.675336700671,10034.17376106629
1,All Population,5,Prevalence,198,Zimbabwe,3,Both,27,Age-standardized,558,Mental disorders,2,Percent,2011,0.1139838760055344,0.1251556673919282,0.1004352920068757
1,All Population,5,Prevalence,198,Zimbabwe,3,Both,27,Age-standardized,558,Mental disorders,3,Rate,2011,11146.603023568361,12205.96995040714,9815.76106292968
1,All Population,5,Prevalence,393,Saint Kitts and Nevis,3,Both,27,Age-standardized,558,Mental disorders,2,Percent,2011,0.1460134749824491,0.1600243959999727,0.1317932993221085
1,All Population,5,Prevalence,393,Saint Kitts and Nevis,3,Both,27,Age-standardized,558,Mental disorders,3,Rate,2011,13993.981118973159,15355.11718887682,12611.646538753499
1,All Population,5,Prevalence,320,Cook Islands,3,Both,27,Age-standardized,558,Mental disorders,2,Percent,2011,0.1021544516726045,0.1128710118185825,0.0890834257644472
1,All Population,5,Prevalence,320,Cook Islands,3,Both,27,Age-standardized,558,Mental disorders,3,Rate,2011,9786.4149492585,10836.10612595548,8530.89352749703
1,All Population,5,Prevalence,156,United Arab Emirates,3,Both,27,Age-standardized,558,Mental disorders,2,Percent,2011,0.1164937660867533,0.126230380135902,0.1050149636437757
1,All Population,5,Prevalence,156,United Arab Emirates,3,Both,27,Age-standardized,558,Mental disorders,3,Rate,2011,11196.950827587809,12128.4040655963,10087.656779147399
1,All Population,5,Prevalence,6,China,3,Both,27,Age-standardized,558,Mental disorders,2,Percent,2011,0.1185980021931179,0.129317222663349,0.1094608087333558
1,All Population,5,Prevalence,6,China,3,Both,27,Age-standardized,558,Mental disorders,3,Rate,2011,11320.00174734419,12340.14572871674,10433.34011048074
1,All Population,5,Prevalence,109,Cuba,3,Both,27,Age-standardized,558,Mental disorders,2,Percent,2011,0.1579968861663354,0.173101912266146,0.1417619646239553
1,All Population,5,Prevalence,109,Cuba,3,Both,27,Age-standardized,558,Mental disorders,3,Rate,2011,15276.58987397894,16721.9108410221,13703.59620728734
1,All Population,5,Prevalence,121,Bolivia (Plurinational State of),3,Both,27,Age-standardized,558,Mental disorders,2,Percent,2011,0.1474627398714186,0.1623522753962887,0.1319741475285163
1,All Population,5,Prevalence,121,Bolivia (Plurinational State of),3,Both,27,Age-standardized,558,Mental disorders,3,Rate,2011,14304.80391718489,15758.96851508187,12804.19988037245
1,All Population,5,Prevalence,72,New Zealand,3,Both,27,Age-standardized,558,Mental disorders,2,Percent,2011,0.1977334611939933,0.2173574969536733,0.1777187177766649
1,All Population,5,Prevalence,72,New Zealand,3,Both,27,Age-standardized,558,Mental disorders,3,Rate,2011,18097.40890159164,19915.43462964917,16286.37850992598
1,All Population,5,Prevalence,93,Sweden,3,Both,27,Age-standardized,558,Mental disorders,2,Percent,2011,0.1374445764072543,0.1484469156645001,0.1271822810163483
1,All Population,5,Prevalence,93,Sweden,3,Both,27,Age-standardized,558,Mental disorders,3,Rate,2011,12630.582185412259,13583.707340601231,11711.06539522128
1,All Population,5,Prevalence,176,Comoros,3,Both,27,Age-standardized,558,Mental disorders,2,Percent,2011,0.1095491400910772,0.1204707173383998,0.0988397109188439
1,All Population,5,Prevalence,176,Comoros,3,Both,27,Age-standardized,558,Mental disorders,3,Rate,2011,10729.31429230066,11821.80219165238,9648.51832687425
1,All Population,5,Prevalence,24,Marshall Islands,3,Both,27,Age-standardized,558,Mental disorders,2,Percent,2011,0.09949321830658,0.1104776591988433,0.0861332971949092
1,All Population,5,Prevalence,24,Marshall Islands,3,Both,27,Age-standardized,558,Mental disorders,3,Rate,2011,9760.2287977475,10848.274554318781,8459.2952541794
1,All Population,5,Prevalence,119,Trinidad and Tobago,3,Both,27,Age-standardized,558,Mental disorders,2,Percent,2011,0.1347116960372184,0.1475461026946051,0.1211084272057205
1,All Population,5,Prevalence,119,Trinidad and Tobago,3,Both,27,Age-standardized,558,Mental disorders,3,Rate,2011,12905.26116186109,14178.69414448524,11579.791856635271
1,All Population,5,Prevalence,82,Greece,3,Both,27,Age-standardized,558,Mental disorders,2,Percent,2011,0.1619529273375642,0.1771256829559699,0.1436246352560848
1,All Population,5,Prevalence,82,Greece,3,Both,27,Age-standardized,558,Mental disorders,3,Rate,2011,15052.09876504257,16539.55578152436,13328.99490190703
1,All Population,5,Prevalence,83,Iceland,3,Both,27,Age-standardized,558,Mental disorders,2,Percent,2011,0.1462709787145663,0.1565431407316803,0.1368853314362349
1,All Population,5,Prevalence,83,Iceland,3,Both,27,Age-standardized,558,Mental disorders,3,Rate,2011,13516.389805908679,14438.587287352919,12638.02150571204
1,All Population,5,Prevalence,111,Dominican Republic,3,Both,27,Age-standardized,558,Mental disorders,2,Percent,2011,0.1567791597680123,0.1718214998050787,0.1401292834016037
1,All Population,5,Prevalence,111,Dominican Republic,3,Both,27,Age-standardized,558,Mental disorders,3,Rate,2011,15199.432500204599,16660.15975163381,13593.950788329501
1,All Population,5,Prevalence,30,Vanuatu,3,Both,27,Age-standardized,558,Mental disorders,2,Percent,2011,0.0986070318463363,0.1089096460136844,0.0855775943468427
1,All Population,5,Prevalence,30,Vanuatu,3,Both,27,Age-standardized,558,Mental disorders,3,Rate,2011,9739.98386671715,10767.61640155239,8457.514255428341
1,All Population,5,Prevalence,177,Djibouti,3,Both,27,Age-standardized,558,Mental disorders,2,Percent,2011,0.1027202635594258,0.1128557029150257,0.0927434048460327
1,All Population,5,Prevalence,177,Djibouti,3,Both,27,Age-standardized,558,Mental disorders,3,Rate,2011,10060.38086508908,10998.054127061201,9084.47783168788
1,All Population,5,Prevalence,148,Morocco,3,Both,27,Age-standardized,558,Mental disorders,2,Percent,2011,0.1291743504015285,0.1381040977777616,0.1191583421965161
1,All Population,5,Prevalence,148,Morocco,3,Both,27,Age-standardized,558,Mental disorders,3,Rate,2011,12452.2546918106,13283.468856004549,11468.13835744864
1,All Population,5,Prevalence,11,Indonesia,3,Both,27,Age-standardized,558,Mental disorders,2,Percent,2011,0.0808516376451125,0.0897651938429915,0.0728238448877824
1,All Population,5,Prevalence,11,Indonesia,3,Both,27,Age-standardized,558,Mental disorders,3,Rate,2011,7908.809809847051,8774.02189574544,7129.18757586211
1,All Population,5,Prevalence,214,Nigeria,3,Both,27,Age-standardized,558,Mental disorders,2,Percent,2011,0.1151368500841475,0.1252953888324757,0.1041460295325776
1,All Population,5,Prevalence,214,Nigeria,3,Both,27,Age-standardized,558,Mental disorders,3,Rate,2011,11436.92822150863,12449.5655490637,10332.957521650129
1,All Population,5,Prevalence,113,Guyana,3,Both,27,Age-standardized,558,Mental disorders,2,Percent,2011,0.1407693068832945,0.1541831496858592,0.1261713491361269
1,All Population,5,Prevalence,113,Guyana,3,Both,27,Age-standardized,558,Mental disorders,3,Rate,2011,13736.743380138842,15090.92574081459,12308.51273633448
1,All Population,5,Prevalence,77,Cyprus,3,Both,27,Age-standardized,558,Mental disorders,2,Percent,2011,0.1497292965185505,0.1614603408000691,0.1400490276117451
1,All Population,5,Prevalence,77,Cyprus,3,Both,27,Age-standardized,558,Mental disorders,3,Rate,2011,13906.46981663163,15001.71724205439,13014.86535895543
1,All Population,5,Prevalence,62,Russian Federation,3,Both,27,Age-standardized,558,Mental disorders,2,Percent,2011,0.1153320722979798,0.1267273497362472,0.1040468556134006
1,All Population,5,Prevalence,62,Russian Federation,3,Both,27,Age-standardized,558,Mental disorders,3,Rate,2011,10815.491760005081,11876.45194348889,9755.119014132251
1,All Population,5,Prevalence,25,Micronesia (Federated States of),3,Both,27,Age-standardized,558,Mental disorders,2,Percent,2011,0.0992057559699641,0.11018219238916,0.0859869430713386
1,All Population,5,Prevalence,25,Micronesia (Federated States of),3,Both,27,Age-standardized,558,Mental disorders,3,Rate,2011,9745.25258300688,10830.78975500009,8443.65103456818
1,All Population,5,Prevalence,216,Senegal,3,Both,27,Age-standardized,558,Mental disorders,2,Percent,2011,0.1154139783874609,0.1249725885024127,0.1027025529510472
1,All Population,5,Prevalence,216,Senegal,3,Both,27,Age-standardized,558,Mental disorders,3,Rate,2011,11430.90368079874,12380.78911717691,10170.48778503945
1,All Population,5,Prevalence,98,Chile,3,Both,27,Age-standardized,558,Mental disorders,2,Percent,2011,0.1581045225891805,0.1761787170623908,0.1389055949208557
1,All Population,5,Prevalence,98,Chile,3,Both,27,Age-standardized,558,Mental disorders,3,Rate,2011,14998.03272769267,16681.56792755697,13160.40815751228
1,All Population,5,Prevalence,160,Afghanistan,3,Both,27,Age-standardized,558,Mental disorders,2,Percent,2011,0.1283558120768881,0.1377658161651783,0.1179514534502243
1,All Population,5,Prevalence,160,Afghanistan,3,Both,27,Age-standardized,558,Mental disorders,3,Rate,2011,12756.08181388669,13696.678508486879,11737.2875036374
1,All Population,5,Prevalence,61,Republic of Moldova,3,Both,27,Age-standardized,558,Mental disorders,2,Percent,2011,0.1187486825591632,0.1311727608158175,0.1054586795015286
1,All Population,5,Prevalence,61,Republic of Moldova,3,Both,27,Age-standardized,558,Mental disorders,3,Rate,2011,11173.11051571772,12332.86268669524,9971.414795287741
1,All Population,5,Prevalence,116,Saint Lucia,3,Both,27,Age-standardized,558,Mental disorders,2,Percent,2011,0.1445094593978129,0.1583736623863715,0.130233264483857
1,All Population,5,Prevalence,116,Saint Lucia,3,Both,27,Age-standardized,558,Mental disorders,3,Rate,2011,13956.512208019109,15312.1235493178,12515.62440057077
1,All Population,5,Prevalence,126,Costa Rica,3,Both,27,Age-standardized,558,Mental disorders,2,Percent,2011,0.121763752861043,0.1321388318829408,0.1122050163743325
1,All Population,5,Prevalence,126,Costa Rica,3,Both,27,Age-standardized,558,Mental disorders,3,Rate,2011,11635.51888527496,12610.80278984743,10708.10312338065
1,All Population,5,Prevalence,46,Croatia,3,Both,27,Age-standardized,558,Mental disorders,2,Percent,2011,0.1263769085462562,0.141416493936404,0.1111427169347929
1,All Population,5,Prevalence,46,Croatia,3,Both,27,Age-standardized,558,Mental disorders,3,Rate,2011,12036.7656303836,13544.150845274418,10631.71557614781
1,All Population,5,Prevalence,36,Kazakhstan,3,Both,27,Age-standardized,558,Mental disorders,2,Percent,2011,0.1014295799653055,0.1127155975834875,0.0908432390603428
1,All Population,5,Prevalence,36,Kazakhstan,3,Both,27,Age-standardized,558,Mental disorders,3,Rate,2011,9691.594396255521,10804.696819169809,8677.13256076226
1,All Population,5,Prevalence,193,Botswana,3,Both,27,Age-standardized,558,Mental disorders,2,Percent,2011,0.108708154431789,0.118311327432897,0.097292352042283
1,All Population,5,Prevalence,193,Botswana,3,Both,27,Age-standardized,558,Mental disorders,3,Rate,2011,10672.159852902301,11621.357656721131,9559.689367977919
1,All Population,5,Prevalence,17,Sri Lanka,3,Both,27,Age-standardized,558,Mental disorders,2,Percent,2011,0.0893954727888006,0.0989299306825802,0.0810635220427106
1,All Population,5,Prevalence,17,Sri Lanka,3,Both,27,Age-standardized,558,Mental disorders,3,Rate,2011,8623.43128617388,9535.71048477066,7817.57300148172
1,All Population,5,Prevalence,150,Oman,3,Both,27,Age-standardized,558,Mental disorders,2,Percent,2011,0.1258726741639504,0.1354364812992315,0.1157518459213002
1,All Population,5,Prevalence,150,Oman,3,Both,27,Age-standardized,558,Mental disorders,3,Rate,2011,12252.12143520463,13159.342291428331,11225.75409409849
1,All Population,5,Prevalence,147,Libya,3,Both,27,Age-standardized,558,Mental disorders,2,Percent,2011,0.1376581744852394,0.1467448852638986,0.1277340996270489
1,All Population,5,Prevalence,147,Libya,3,Both,27,Age-standardized,558,Mental disorders,3,Rate,2011,13315.72991282891,14184.63055797918,12317.92406556641
1,All Population,5,Prevalence,140,Bahrain,3,Both,27,Age-standardized,558,Mental disorders,2,Percent,2011,0.1400460084250707,0.1495229942985069,0.1298153715912859
1,All Population,5,Prevalence,140,Bahrain,3,Both,27,Age-standardized,558,Mental disorders,3,Rate,2011,13555.97604620625,14450.32180925355,12551.40597378921
1,All Population,5,Prevalence,305,Bermuda,3,Both,27,Age-standardized,558,Mental disorders,2,Percent,2011,0.149753130994146,0.1644905873005517,0.1351154359787094
1,All Population,5,Prevalence,305,Bermuda,3,Both,27,Age-standardized,558,Mental disorders,3,Rate,2011,14269.981081832439,15642.342279613842,12862.96049756413
1,All Population,5,Prevalence,210,Liberia,3,Both,27,Age-standardized,558,Mental disorders,2,Percent,2011,0.1235353556510867,0.1344524472842236,0.1096347120235433
1,All Population,5,Prevalence,210,Liberia,3,Both,27,Age-standardized,558,Mental disorders,3,Rate,2011,12284.46318972392,13366.179068647898,10893.37373665865
1,All Population,5,Prevalence,218,Togo,3,Both,27,Age-standardized,558,Mental disorders,2,Percent,2011,0.1407446859701184,0.1592309544264643,0.1211599876767642
1,All Population,5,Prevalence,218,Togo,3,Both,27,Age-standardized,558,Mental disorders,3,Rate,2011,14018.577556923481,15859.73994295429,12072.22045159417
1,All Population,5,Prevalence,130,Mexico,3,Both,27,Age-standardized,558,Mental disorders,2,Percent,2011,0.1213740448440976,0.13137892083296,0.1102596561481118
1,All Population,5,Prevalence,130,Mexico,3,Both,27,Age-standardized,558,Mental disorders,3,Rate,2011,11628.50803584943,12600.348906104718,10549.04723554584
1,All Population,5,Prevalence,53,Serbia,3,Both,27,Age-standardized,558,Mental disorders,2,Percent,2011,0.1300144031216505,0.146169625507228,0.1140401102945233
1,All Population,5,Prevalence,53,Serbia,3,Both,27,Age-standardized,558,Mental disorders,3,Rate,2011,12388.30097256844,13964.053033158341,10867.54740603037
1,All Population,5,Prevalence,179,Ethiopia,3,Both,27,Age-standardized,558,Mental disorders,2,Percent,2011,0.1154067169351565,0.1265287312786967,0.1042341999530398
1,All Population,5,Prevalence,179,Ethiopia,3,Both,27,Age-standardized,558,Mental disorders,3,Rate,2011,11447.5779956628,12535.55767803062,10351.97053973855
1,All Population,5,Prevalence,129,Honduras,3,Both,27,Age-standardized,558,Mental disorders,2,Percent,2011,0.1154479611466998,0.1257513113962101,0.1059312599298702
1,All Population,5,Prevalence,129,Honduras,3,Both,27,Age-standardized,558,Mental disorders,3,Rate,2011,11290.12720767462,12286.791683731719,10367.579021497859
1,All Population,5,Prevalence,8,Taiwan,3,Both,27,Age-standardized,558,Mental disorders,2,Percent,2011,0.1018640124780372,0.1110977728633623,0.0927155631383569
1,All Population,5,Prevalence,8,Taiwan,3,Both,27,Age-standardized,558,Mental disorders,3,Rate,2011,9606.277357897481,10455.24107924548,8685.32006236248
1,All Population,5,Prevalence,132,Panama,3,Both,27,Age-standardized,558,Mental disorders,2,Percent,2011,0.1091998715036805,0.1190516712908815,0.1005088898417331
1,All Population,5,Prevalence,132,Panama,3,Both,27,Age-standardized,558,Mental disorders,3,Rate,2011,10446.34289860209,11364.90697107687,9608.30935637595
1,All Population,5,Prevalence,181,Madagascar,3,Both,27,Age-standardized,558,Mental disorders,2,Percent,2011,0.1083515226168805,0.1185860263906816,0.0972399656197426
1,All Population,5,Prevalence,181,Madagascar,3,Both,27,Age-standardized,558,Mental disorders,3,Rate,2011,10754.55871274207,11757.566550354879,9654.96363055154
1,All Population,5,Prevalence,435,South Sudan,3,Both,27,Age-standardized,558,Mental disorders,2,Percent,2011,0.1174112731357126,0.1285121286367287,0.1051315213824897
1,All Population,5,Prevalence,435,South Sudan,3,Both,27,Age-standardized,558,Mental disorders,3,Rate,2011,11644.65905835742,12747.350303409941,10427.68257047202
1,All Population,5,Prevalence,207,Ghana,3,Both,27,Age-standardized,558,Mental disorders,2,Percent,2011,0.1192123503284373,0.1288159547197057,0.1070452524745389
1,All Population,5,Prevalence,207,Ghana,3,Both,27,Age-standardized,558,Mental disorders,3,Rate,2011,11833.51526554404,12796.15501323544,10618.61325035638
1,All Population,5,Prevalence,367,Monaco,3,Both,27,Age-standardized,558,Mental disorders,2,Percent,2011,0.1478873584670923,0.1589151577906249,0.1384747682493516
1,All Population,5,Prevalence,367,Monaco,3,Both,27,Age-standardized,558,Mental disorders,3,Rate,2011,13523.03716336834,14470.2635869875,12676.809236340161
1,All Population,5,Prevalence,58,Estonia,3,Both,27,Age-standardized,558,Mental disorders,2,Percent,2011,0.1181080722545388,0.1302824557116337,0.1061465582704686
1,All Population,5,Prevalence,58,Estonia,3,Both,27,Age-standardized,558,Mental disorders,3,Rate,2011,10955.62902097166,12082.24013648387,9860.58220783142
1,All Population,5,Prevalence,163,India,3,Both,27,Age-standardized,558,Mental disorders,2,Percent,2011,0.1142566714924112,0.127826964725736,0.1026328249042439
1,All Population,5,Prevalence,163,India,3,Both,27,Age-standardized,558,Mental disorders,3,Rate,2011,11253.57482415531,12567.602464100968,10119.3996243373
1,All Population,5,Prevalence,155,Türkiye,3,Both,27,Age-standardized,558,Mental disorders,2,Percent,2011,0.1358633274886569,0.1464595280549119,0.1247076326714357
1,All Population,5,Prevalence,155,Türkiye,3,Both,27,Age-standardized,558,Mental disorders,3,Rate,2011,13076.866585422058,14118.256892853278,11997.12121202767
1,All Population,5,Prevalence,85,Israel,3,Both,27,Age-standardized,558,Mental disorders,2,Percent,2011,0.1431335353098496,0.1554745459492666,0.1290565025914862
1,All Population,5,Prevalence,85,Israel,3,Both,27,Age-standardized,558,Mental disorders,3,Rate,2011,13288.462661771899,14497.753111971078,11947.6657701814
1,All Population,5,Prevalence,27,Samoa,3,Both,27,Age-standardized,558,Mental disorders,2,Percent,2011,0.0998672347946178,0.1102927340648653,0.0868635694487346
1,All Population,5,Prevalence,27,Samoa,3,Both,27,Age-standardized,558,Mental disorders,3,Rate,2011,9709.20212956063,10751.66541861381,8429.45617994727
1,All Population,5,Prevalence,19,Timor-Leste,3,Both,27,Age-standardized,558,Mental disorders,2,Percent,2011,0.0860783887066272,0.096359589875403,0.0772946391149034
1,All Population,5,Prevalence,19,Timor-Leste,3,Both,27,Age-standardized,558,Mental disorders,3,Rate,2011,8465.57076893146,9476.08099920215,7596.130113168049
1,All Population,5,Prevalence,172,Equatorial Guinea,3,Both,27,Age-standardized,558,Mental disorders,2,Percent,2011,0.1324289296074181,0.1479974044196062,0.1165520055255515
1,All Population,5,Prevalence,172,Equatorial Guinea,3,Both,27,Age-standardized,558,Mental disorders,3,Rate,2011,12964.86787429452,14450.075895392689,11384.91742741314
1,All Population,5,Prevalence,95,United Kingdom,3,Both,27,Age-standardized,558,Mental disorders,2,Percent,2011,0.1685965566334498,0.1819326127942578,0.1547095743971061
1,All Population,5,Prevalence,95,United Kingdom,3,Both,27,Age-standardized,558,Mental disorders,3,Rate,2011,15345.795754424598,16540.576750393022,14100.70599428776
1,All Population,5,Prevalence,108,Belize,3,Both,27,Age-standardized,558,Mental disorders,2,Percent,2011,0.1376131866341772,0.1510164799996454,0.123690176504112
1,All Population,5,Prevalence,108,Belize,3,Both,27,Age-standardized,558,Mental disorders,3,Rate,2011,13378.70100166517,14703.855449278592,11995.200930337049
1,All Population,5,Prevalence,385,Puerto Rico,3,Both,27,Age-standardized,558,Mental disorders,2,Percent,2011,0.1610885448309199,0.174404983615004,0.1470615344932045
1,All Population,5,Prevalence,385,Puerto Rico,3,Both,27,Age-standardized,558,Mental disorders,3,Rate,2011,15339.67605939808,16495.45520443722,13977.86093567697
1,All Population,5,Prevalence,66,Brunei Darussalam,3,Both,27,Age-standardized,558,Mental disorders,2,Percent,2011,0.1192172914299055,0.1320089542931607,0.1075614414488854
1,All Population,5,Prevalence,66,Brunei Darussalam,3,Both,27,Age-standardized,558,Mental disorders,3,Rate,2011,11046.28424534578,12237.50370092269,9970.17444712076
1,All Population,5,Prevalence,69,Singapore,3,Both,27,Age-standardized,558,Mental disorders,2,Percent,2011,0.1129577241738268,0.1243195074971237,0.1027239995156227
1,All Population,5,Prevalence,69,Singapore,3,Both,27,Age-standardized,558,Mental disorders,3,Rate,2011,10129.435347372,11162.53593877294,9125.52476169287
1,All Population,5,Prevalence,142,Iran (Islamic Republic of),3,Both,27,Age-standardized,558,Mental disorders,2,Percent,2011,0.17459424147032,0.1861735124505332,0.1608335544722195
1,All Population,5,Prevalence,142,Iran (Islamic Republic of),3,Both,27,Age-standardized,558,Mental disorders,3,Rate,2011,16925.986475985148,18091.98723212766,15558.78922095427
1,All Population,5,Prevalence,201,Burkina Faso,3,Both,27,Age-standardized,558,Mental disorders,2,Percent,2011,0.1269428363018954,0.1381997953308098,0.1128128981718251
1,All Population,5,Prevalence,201,Burkina Faso,3,Both,27,Age-standardized,558,Mental disorders,3,Rate,2011,12651.7025144156,13770.265389506869,11239.61341642037
1,All Population,5,Prevalence,215,Sao Tome and Principe,3,Both,27,Age-standardized,558,Mental disorders,2,Percent,2011,0.1157392068465914,0.1260550943501632,0.10339255739508
1,All Population,5,Prevalence,215,Sao Tome and Principe,3,Both,27,Age-standardized,558,Mental disorders,3,Rate,2011,11502.57028563361,12515.79551840909,10276.53342562563
1,All Population,5,Prevalence,48,Hungary,3,Both,27,Age-standardized,558,Mental disorders,2,Percent,2011,0.1193980919216328,0.1337240751240398,0.1059431201604678
1,All Population,5,Prevalence,48,Hungary,3,Both,27,Age-standardized,558,Mental disorders,3,Rate,2011,11311.55431588781,12716.199172004699,10031.74676565947
1,All Population,5,Prevalence,185,Rwanda,3,Both,27,Age-standardized,558,Mental disorders,2,Percent,2011,0.1049957739757621,0.1149611562841239,0.0944673926029994
1,All Population,5,Prevalence,185,Rwanda,3,Both,27,Age-standardized,558,Mental disorders,3,Rate,2011,10327.26655740983,11298.521804633,9297.34886518191
1,All Population,5,Prevalence,7,Democratic People's Republic of Korea,3,Both,27,Age-standardized,558,Mental disorders,2,Percent,2012,0.1019895424515776,0.1117521777258408,0.0926707572280916
1,All Population,5,Prevalence,7,Democratic People's Republic of Korea,3,Both,27,Age-standardized,558,Mental disorders,3,Rate,2012,9810.48025506261,10767.24414275623,8930.23527603304
1,All Population,5,Prevalence,55,Slovenia,3,Both,27,Age-standardized,558,Mental disorders,2,Percent,2011,0.1295315857272825,0.145781137305133,0.1139516557784468
1,All Population,5,Prevalence,55,Slovenia,3,Both,27,Age-standardized,558,Mental disorders,3,Rate,2011,12177.30200915403,13751.58415450081,10753.77243621915
1,All Population,5,Prevalence,149,Palestine,3,Both,27,Age-standardized,558,Mental disorders,2,Percent,2011,0.1448822087457319,0.1544640536646589,0.133632245998664
1,All Population,5,Prevalence,149,Palestine,3,Both,27,Age-standardized,558,Mental disorders,3,Rate,2011,14050.0431941582,14968.96600421917,12956.25013483
1,All Population,5,Prevalence,38,Mongolia,3,Both,27,Age-standardized,558,Mental disorders,2,Percent,2011,0.1092316688157529,0.1215996944610256,0.0972647063968272
1,All Population,5,Prevalence,38,Mongolia,3,Both,27,Age-standardized,558,Mental disorders,3,Rate,2011,10473.76156019621,11694.178079821339,9329.80662278189
1,All Population,5,Prevalence,102,United States of America,3,Both,27,Age-standardized,558,Mental disorders,2,Percent,2011,0.163930429732797,0.1763311113840065,0.152882769975667
1,All Population,5,Prevalence,102,United States of America,3,Both,27,Age-standardized,558,Mental disorders,3,Rate,2011,14901.41859165085,16031.962112283229,13848.662033508848
1,All Population,5,Prevalence,79,Finland,3,Both,27,Age-standardized,558,Mental disorders,2,Percent,2011,0.1279272409116245,0.1398147963886476,0.1147451297146637
1,All Population,5,Prevalence,79,Finland,3,Both,27,Age-standardized,558,Mental disorders,3,Rate,2011,11758.58273435501,12835.20511456901,10518.741548185
1,All Population,5,Prevalence,118,Suriname,3,Both,27,Age-standardized,558,Mental disorders,2,Percent,2011,0.1407212165698757,0.1539060825320316,0.1266248835984775
1,All Population,5,Prevalence,118,Suriname,3,Both,27,Age-standardized,558,Mental disorders,3,Rate,2011,13703.92270428791,15038.043279118829,12288.48862391187
1,All Population,5,Prevalence,206,Gambia,3,Both,27,Age-standardized,558,Mental disorders,2,Percent,2011,0.1168925814592884,0.1270877510183276,0.1040367167692132
1,All Population,5,Prevalence,206,Gambia,3,Both,27,Age-standardized,558,Mental disorders,3,Rate,2011,11542.83578975815,12550.050738770999,10269.08678178891
1,All Population,5,Prevalence,351,Guam,3,Both,27,Age-standardized,558,Mental disorders,2,Percent,2011,0.1039124333887432,0.116151560002182,0.0905600572605704
1,All Population,5,Prevalence,351,Guam,3,Both,27,Age-standardized,558,Mental disorders,3,Rate,2011,9943.19173480446,11111.66946916352,8633.17810491644
1,All Population,5,Prevalence,195,Namibia,3,Both,27,Age-standardized,558,Mental disorders,2,Percent,2011,0.1026006861526408,0.1119889489985709,0.0919566933628656
1,All Population,5,Prevalence,195,Namibia,3,Both,27,Age-standardized,558,Mental disorders,3,Rate,2011,10053.38954022962,10949.383959538909,9015.30973358001
1,All Population,5,Prevalence,168,Angola,3,Both,27,Age-standardized,558,Mental disorders,2,Percent,2011,0.144351159602154,0.1616500405874562,0.1263457899943295
1,All Population,5,Prevalence,168,Angola,3,Both,27,Age-standardized,558,Mental disorders,3,Rate,2011,14291.01534686372,16004.882201046039,12508.958576928531
1,All Population,5,Prevalence,97,Argentina,3,Both,27,Age-standardized,558,Mental disorders,2,Percent,2011,0.1451910530975536,0.1610890637293694,0.1276350534085174
1,All Population,5,Prevalence,97,Argentina,3,Both,27,Age-standardized,558,Mental disorders,3,Rate,2011,13729.4577834279,15182.911221968632,12032.992345297509
1,All Population,5,Prevalence,37,Kyrgyzstan,3,Both,27,Age-standardized,558,Mental disorders,2,Percent,2012,0.1016651937264935,0.1139735141920459,0.0908294807182713
1,All Population,5,Prevalence,37,Kyrgyzstan,3,Both,27,Age-standardized,558,Mental disorders,3,Rate,2012,9820.44744581964,11022.223238921,8775.04085897101
1,All Population,5,Prevalence,22,Fiji,3,Both,27,Age-standardized,558,Mental disorders,2,Percent,2012,0.0981600873794556,0.1085094136606359,0.0855684892174195
1,All Population,5,Prevalence,22,Fiji,3,Both,27,Age-standardized,558,Mental disorders,3,Rate,2012,9623.79713997316,10649.90110462753,8398.91010206147
1,All Population,5,Prevalence,87,Luxembourg,3,Both,27,Age-standardized,558,Mental disorders,2,Percent,2011,0.1440022859400642,0.1542956704315524,0.1346405082041283
1,All Population,5,Prevalence,87,Luxembourg,3,Both,27,Age-standardized,558,Mental disorders,3,Rate,2011,13167.050575755191,14055.83214533875,12328.62467383573
1,All Population,5,Prevalence,45,Bulgaria,3,Both,27,Age-standardized,558,Mental disorders,2,Percent,2012,0.1138951953518054,0.1271728765882632,0.1022220346337462
1,All Population,5,Prevalence,45,Bulgaria,3,Both,27,Age-standardized,558,Mental disorders,3,Rate,2012,10827.890413515439,12075.90001932251,9704.64276424831
1,All Population,5,Prevalence,298,American Samoa,3,Both,27,Age-standardized,558,Mental disorders,2,Percent,2011,0.1019979807603157,0.1130904255352889,0.0889618813838109
1,All Population,5,Prevalence,298,American Samoa,3,Both,27,Age-standardized,558,Mental disorders,3,Rate,2011,9822.05620918683,10896.442768367939,8548.77772921034
1,All Population,5,Prevalence,212,Mauritania,3,Both,27,Age-standardized,558,Mental disorders,2,Percent,2011,0.1070748967283983,0.1157003695704506,0.0965085550488298
1,All Population,5,Prevalence,212,Mauritania,3,Both,27,Age-standardized,558,Mental disorders,3,Rate,2011,10537.316737672769,11384.91423134084,9495.81920471819
1,All Population,5,Prevalence,200,Benin,3,Both,27,Age-standardized,558,Mental disorders,2,Percent,2011,0.1272076719542892,0.138591740522444,0.1127232129238808
1,All Population,5,Prevalence,200,Benin,3,Both,27,Age-standardized,558,Mental disorders,3,Rate,2011,12643.24721380675,13777.77053320561,11201.56137477343
1,All Population,5,Prevalence,11,Indonesia,3,Both,27,Age-standardized,558,Mental disorders,2,Percent,2012,0.0814512302121072,0.0904234160155222,0.0733345852633783
1,All Population,5,Prevalence,11,Indonesia,3,Both,27,Age-standardized,558,Mental disorders,3,Rate,2012,7957.66959545845,8828.42249768336,7173.360285006381
1,All Population,5,Prevalence,349,Greenland,3,Both,27,Age-standardized,558,Mental disorders,2,Percent,2011,0.1607068379115271,0.1773670003692006,0.1478058530774764
1,All Population,5,Prevalence,349,Greenland,3,Both,27,Age-standardized,558,Mental disorders,3,Rate,2011,14917.95077103919,16459.72503476868,13596.49325112062
1,All Population,5,Prevalence,40,Turkmenistan,3,Both,27,Age-standardized,558,Mental disorders,2,Percent,2011,0.102717229616132,0.1139201714926479,0.0917717713047922
1,All Population,5,Prevalence,40,Turkmenistan,3,Both,27,Age-standardized,558,Mental disorders,3,Rate,2011,9754.2804812616,10866.600584557209,8720.932002500711
1,All Population,5,Prevalence,50,Montenegro,3,Both,27,Age-standardized,558,Mental disorders,2,Percent,2011,0.127142121778836,0.1429810227235364,0.1116160434474516
1,All Population,5,Prevalence,50,Montenegro,3,Both,27,Age-standardized,558,Mental disorders,3,Rate,2011,11979.87229698613,13546.760362701649,10545.76615014973
1,All Population,5,Prevalence,413,Tokelau,3,Both,27,Age-standardized,558,Mental disorders,2,Percent,2011,0.1005172393897647,0.1119447873105494,0.0875728836488831
1,All Population,5,Prevalence,413,Tokelau,3,Both,27,Age-standardized,558,Mental disorders,3,Rate,2011,9748.14910207047,10876.06818335101,8452.4342864023
1,All Population,5,Prevalence,13,Malaysia,3,Both,27,Age-standardized,558,Mental disorders,2,Percent,2012,0.0896223045335811,0.0974752400956047,0.0817503773249204
1,All Population,5,Prevalence,13,Malaysia,3,Both,27,Age-standardized,558,Mental disorders,3,Rate,2012,8594.93410687352,9329.97554487887,7820.005514412021
1,All Population,5,Prevalence,15,Myanmar,3,Both,27,Age-standardized,558,Mental disorders,2,Percent,2012,0.0857370020865952,0.0938746503587417,0.0777457532553074
1,All Population,5,Prevalence,15,Myanmar,3,Both,27,Age-standardized,558,Mental disorders,3,Rate,2012,8385.06279420828,9178.55923032103,7580.467727222689
1,All Population,5,Prevalence,28,Solomon Islands,3,Both,27,Age-standardized,558,Mental disorders,2,Percent,2012,0.1016251108356198,0.113283035339771,0.0880552134565511
1,All Population,5,Prevalence,28,Solomon Islands,3,Both,27,Age-standardized,558,Mental disorders,3,Rate,2012,9993.21630085379,11149.3052791777,8647.54797235443
1,All Population,5,Prevalence,369,Nauru,3,Both,27,Age-standardized,558,Mental disorders,2,Percent,2011,0.0994091493052044,0.1111436853117602,0.0862716616339173
1,All Population,5,Prevalence,369,Nauru,3,Both,27,Age-standardized,558,Mental disorders,3,Rate,2011,9728.78521242888,10881.52520548161,8429.85855447622
1,All Population,5,Prevalence,46,Croatia,3,Both,27,Age-standardized,558,Mental disorders,2,Percent,2012,0.1266379679441422,0.1421282768383073,0.1112618709988893
1,All Population,5,Prevalence,46,Croatia,3,Both,27,Age-standardized,558,Mental disorders,3,Rate,2012,12052.62914208743,13576.070561587569,10577.19083654285
1,All Population,5,Prevalence,38,Mongolia,3,Both,27,Age-standardized,558,Mental disorders,2,Percent,2012,0.1095533038915024,0.1219542581193224,0.0973767564893454
1,All Population,5,Prevalence,38,Mongolia,3,Both,27,Age-standardized,558,Mental disorders,3,Rate,2012,10489.89099788262,11657.25236089401,9341.14971177356
1,All Population,5,Prevalence,209,Guinea-Bissau,3,Both,27,Age-standardized,558,Mental disorders,2,Percent,2011,0.1174002924688116,0.1276224141296176,0.1045119141448754
1,All Population,5,Prevalence,209,Guinea-Bissau,3,Both,27,Age-standardized,558,Mental disorders,3,Rate,2011,11674.45348734108,12680.79477968112,10403.49247556357
1,All Population,5,Prevalence,374,Niue,3,Both,27,Age-standardized,558,Mental disorders,2,Percent,2011,0.1016170494036914,0.1125456279311992,0.0886984897279118
1,All Population,5,Prevalence,374,Niue,3,Both,27,Age-standardized,558,Mental disorders,3,Rate,2011,9754.80227527321,10807.20973924898,8487.578140716701
1,All Population,5,Prevalence,82,Greece,3,Both,27,Age-standardized,558,Mental disorders,2,Percent,2012,0.1668408912742707,0.1824702465059121,0.1475125145652111
1,All Population,5,Prevalence,82,Greece,3,Both,27,Age-standardized,558,Mental disorders,3,Rate,2012,15492.502154808779,17028.80942551437,13678.493790474
1,All Population,5,Prevalence,522,Sudan,3,Both,27,Age-standardized,558,Mental disorders,2,Percent,2011,0.1311933722480105,0.1415690644955622,0.1194193818426935
1,All Population,5,Prevalence,522,Sudan,3,Both,27,Age-standardized,558,Mental disorders,3,Rate,2011,12930.77879384768,13920.08532162769,11790.332871541901
1,All Population,5,Prevalence,197,Eswatini,3,Both,27,Age-standardized,558,Mental disorders,2,Percent,2011,0.1142030188589019,0.1244816921462421,0.1015964371973491
1,All Population,5,Prevalence,197,Eswatini,3,Both,27,Age-standardized,558,Mental disorders,3,Rate,2011,11167.367837941989,12172.53577488802,9910.84154153274
1,All Population,5,Prevalence,35,Georgia,3,Both,27,Age-standardized,558,Mental disorders,2,Percent,2012,0.1177264424644044,0.1297994951096554,0.1054289874702396
1,All Population,5,Prevalence,35,Georgia,3,Both,27,Age-standardized,558,Mental disorders,3,Rate,2012,11226.32273911047,12391.3362007085,10047.83967414188
1,All Population,5,Prevalence,89,Netherlands,3,Both,27,Age-standardized,558,Mental disorders,2,Percent,2011,0.1726530741174417,0.1835554442792472,0.1611869601637572
1,All Population,5,Prevalence,89,Netherlands,3,Both,27,Age-standardized,558,Mental disorders,3,Rate,2011,16429.98621933323,17484.80610751603,15364.015835159089
1,All Population,5,Prevalence,183,Mauritius,3,Both,27,Age-standardized,558,Mental disorders,2,Percent,2012,0.0971617238435139,0.1083288013683813,0.0869667923363753
1,All Population,5,Prevalence,183,Mauritius,3,Both,27,Age-standardized,558,Mental disorders,3,Rate,2012,9412.373789523299,10488.38963915526,8380.605248517679
1,All Population,5,Prevalence,187,Somalia,3,Both,27,Age-standardized,558,Mental disorders,2,Percent,2012,0.1079932099928159,0.1183656999368354,0.0969410482423314
1,All Population,5,Prevalence,187,Somalia,3,Both,27,Age-standardized,558,Mental disorders,3,Rate,2012,10739.3162901017,11754.95720248257,9644.29768058019
1,All Population,5,Prevalence,121,Bolivia (Plurinational State of),3,Both,27,Age-standardized,558,Mental disorders,2,Percent,2012,0.1475379468065584,0.1632148352747728,0.1315787857435635
1,All Population,5,Prevalence,121,Bolivia (Plurinational State of),3,Both,27,Age-standardized,558,Mental disorders,3,Rate,2012,14303.39828896896,15773.21793504454,12758.733310200148
1,All Population,5,Prevalence,39,Tajikistan,3,Both,27,Age-standardized,558,Mental disorders,2,Percent,2012,0.1067488653633478,0.1201888005578194,0.0948405969685915
1,All Population,5,Prevalence,39,Tajikistan,3,Both,27,Age-standardized,558,Mental disorders,3,Rate,2012,10308.70293061159,11623.17033877241,9157.57146443961
1,All Population,5,Prevalence,24,Marshall Islands,3,Both,27,Age-standardized,558,Mental disorders,2,Percent,2012,0.1000809413155423,0.1114432588222227,0.0865574261352591
1,All Population,5,Prevalence,24,Marshall Islands,3,Both,27,Age-standardized,558,Mental disorders,3,Rate,2012,9815.52839954154,10939.94230597828,8494.967450857981
1,All Population,5,Prevalence,207,Ghana,3,Both,27,Age-standardized,558,Mental disorders,2,Percent,2012,0.1196400374328902,0.1294315047654001,0.1076593321309384
1,All Population,5,Prevalence,207,Ghana,3,Both,27,Age-standardized,558,Mental disorders,3,Rate,2012,11864.59937990016,12831.185059686351,10672.10878023249
1,All Population,5,Prevalence,165,Pakistan,3,Both,27,Age-standardized,558,Mental disorders,2,Percent,2011,0.119769451893491,0.1317790103302826,0.1085743461355829
1,All Population,5,Prevalence,165,Pakistan,3,Both,27,Age-standardized,558,Mental disorders,3,Rate,2011,11611.98496005317,12780.56627625685,10517.70193133587
1,All Population,5,Prevalence,67,Japan,3,Both,27,Age-standardized,558,Mental disorders,2,Percent,2012,0.1258615214524227,0.1389492514530363,0.1120421602849685
1,All Population,5,Prevalence,67,Japan,3,Both,27,Age-standardized,558,Mental disorders,3,Rate,2012,11413.31716414431,12631.45944069258,10083.64623182666
1,All Population,5,Prevalence,196,South Africa,3,Both,27,Age-standardized,558,Mental disorders,2,Percent,2012,0.1122944045900844,0.1220889117134334,0.1012397498732145
1,All Population,5,Prevalence,196,South Africa,3,Both,27,Age-standardized,558,Mental disorders,3,Rate,2012,11078.19266798812,12028.88746694479,9994.699444985281
1,All Population,5,Prevalence,114,Haiti,3,Both,27,Age-standardized,558,Mental disorders,2,Percent,2012,0.141889858224473,0.1563438778691223,0.12649283668
1,All Population,5,Prevalence,114,Haiti,3,Both,27,Age-standardized,558,Mental disorders,3,Rate,2012,13990.22015891363,15432.285190048151,12468.78981812419
1,All Population,5,Prevalence,43,Albania,3,Both,27,Age-standardized,558,Mental disorders,2,Percent,2012,0.1163044438474477,0.1307437522747403,0.1028798112908608
1,All Population,5,Prevalence,43,Albania,3,Both,27,Age-standardized,558,Mental disorders,3,Rate,2012,11047.412998868771,12423.5849549053,9784.26230257965
1,All Population,5,Prevalence,152,Saudi Arabia,3,Both,27,Age-standardized,558,Mental disorders,2,Percent,2012,0.1425440179762438,0.1560692416160697,0.1258765326567134
1,All Population,5,Prevalence,152,Saudi Arabia,3,Both,27,Age-standardized,558,Mental disorders,3,Rate,2012,13800.69341578409,15115.89797715722,12179.43767229874
1,All Population,5,Prevalence,182,Malawi,3,Both,27,Age-standardized,558,Mental disorders,2,Percent,2012,0.1060318246324162,0.1163336876564818,0.0946147557516412
1,All Population,5,Prevalence,182,Malawi,3,Both,27,Age-standardized,558,Mental disorders,3,Rate,2012,10444.75951560255,11441.25781923231,9321.95506456439
1,All Population,5,Prevalence,198,Zimbabwe,3,Both,27,Age-standardized,558,Mental disorders,2,Percent,2012,0.1132506967993733,0.1244267829490262,0.0997222135940222
1,All Population,5,Prevalence,198,Zimbabwe,3,Both,27,Age-standardized,558,Mental disorders,3,Rate,2012,11061.1445892674,12128.63672991634,9715.70177355094
1,All Population,5,Prevalence,204,Chad,3,Both,27,Age-standardized,558,Mental disorders,2,Percent,2012,0.1302495102707184,0.1411672967807926,0.1160201035106396
1,All Population,5,Prevalence,204,Chad,3,Both,27,Age-standardized,558,Mental disorders,3,Rate,2012,12941.18296183352,14024.104296100271,11516.55483101498
1,All Population,5,Prevalence,75,Austria,3,Both,27,Age-standardized,558,Mental disorders,2,Percent,2012,0.1355704376325836,0.1502872736826531,0.1209323075948098
1,All Population,5,Prevalence,75,Austria,3,Both,27,Age-standardized,558,Mental disorders,3,Rate,2012,12473.06077877422,13802.21017089034,11090.893509668549
1,All Population,5,Prevalence,169,Central African Republic,3,Both,27,Age-standardized,558,Mental disorders,2,Percent,2012,0.1370692441177714,0.1538313472383254,0.1195193644996319
1,All Population,5,Prevalence,169,Central African Republic,3,Both,27,Age-standardized,558,Mental disorders,3,Rate,2012,13678.55862445079,15356.07216265324,11927.05447713059
1,All Population,5,Prevalence,215,Sao Tome and Principe,3,Both,27,Age-standardized,558,Mental disorders,2,Percent,2012,0.1160425650311521,0.1262632591036335,0.1033252968487647
1,All Population,5,Prevalence,215,Sao Tome and Principe,3,Both,27,Age-standardized,558,Mental disorders,3,Rate,2012,11524.31267035386,12539.348704839482,10264.37813373773
1,All Population,5,Prevalence,101,Canada,3,Both,27,Age-standardized,558,Mental disorders,2,Percent,2012,0.1497940692081064,0.1646077395390095,0.1336331674985469
1,All Population,5,Prevalence,101,Canada,3,Both,27,Age-standardized,558,Mental disorders,3,Rate,2012,13854.50468803344,15268.489490821928,12336.03603319425
1,All Population,5,Prevalence,71,Australia,3,Both,27,Age-standardized,558,Mental disorders,2,Percent,2011,0.1928544965964562,0.2063931559166608,0.1804066524286469
1,All Population,5,Prevalence,71,Australia,3,Both,27,Age-standardized,558,Mental disorders,3,Rate,2011,17657.09208173853,18953.054991416528,16499.097395321958
1,All Population,5,Prevalence,54,Slovakia,3,Both,27,Age-standardized,558,Mental disorders,2,Percent,2012,0.1163033793232949,0.1304452815412357,0.1028225382209211
1,All Population,5,Prevalence,54,Slovakia,3,Both,27,Age-standardized,558,Mental disorders,3,Rate,2012,10976.103162263209,12337.02877392287,9673.471165810291
1,All Population,5,Prevalence,160,Afghanistan,3,Both,27,Age-standardized,558,Mental disorders,2,Percent,2012,0.1285393088491182,0.1379493580237718,0.117980853940259
1,All Population,5,Prevalence,160,Afghanistan,3,Both,27,Age-standardized,558,Mental disorders,3,Rate,2012,12764.00315173021,13688.22369821979,11714.35662035809
1,All Population,5,Prevalence,68,Republic of Korea,3,Both,27,Age-standardized,558,Mental disorders,2,Percent,2012,0.1244541820261749,0.1374026193798936,0.111385283346685
1,All Population,5,Prevalence,68,Republic of Korea,3,Both,27,Age-standardized,558,Mental disorders,3,Rate,2012,11476.68244874685,12688.56481295685,10234.227765058811
1,All Population,5,Prevalence,51,Poland,3,Both,27,Age-standardized,558,Mental disorders,2,Percent,2012,0.113982334275498,0.1273948661179182,0.1023287088583378
1,All Population,5,Prevalence,51,Poland,3,Both,27,Age-standardized,558,Mental disorders,3,Rate,2012,10732.920417751619,12008.0156172934,9615.63112718065
1,All Population,5,Prevalence,85,Israel,3,Both,27,Age-standardized,558,Mental disorders,2,Percent,2012,0.1438576405857734,0.1566498851035374,0.12941370574472
1,All Population,5,Prevalence,85,Israel,3,Both,27,Age-standardized,558,Mental disorders,3,Rate,2012,13361.28628982291,14597.795863196212,11980.98159131145
1,All Population,5,Prevalence,98,Chile,3,Both,27,Age-standardized,558,Mental disorders,2,Percent,2012,0.1586181645978005,0.177825233753038,0.138458035902206
1,All Population,5,Prevalence,98,Chile,3,Both,27,Age-standardized,558,Mental disorders,3,Rate,2012,15032.2941768536,16819.76506609231,13147.268204076989
1,All Population,5,Prevalence,396,San Marino,3,Both,27,Age-standardized,558,Mental disorders,2,Percent,2011,0.1480133799578289,0.1584966780569013,0.1388117670306488
1,All Population,5,Prevalence,396,San Marino,3,Both,27,Age-standardized,558,Mental disorders,3,Rate,2011,13549.09378437926,14474.050858486078,12705.68291623638
1,All Population,5,Prevalence,93,Sweden,3,Both,27,Age-standardized,558,Mental disorders,2,Percent,2012,0.1411918321724996,0.1520445153254526,0.1307238389732755
1,All Population,5,Prevalence,93,Sweden,3,Both,27,Age-standardized,558,Mental disorders,3,Rate,2012,12985.905480873489,13947.385454375692,12043.117031625961
1,All Population,5,Prevalence,179,Ethiopia,3,Both,27,Age-standardized,558,Mental disorders,2,Percent,2012,0.1160845435211844,0.1269665364179789,0.104833423623503
1,All Population,5,Prevalence,179,Ethiopia,3,Both,27,Age-standardized,558,Mental disorders,3,Rate,2012,11505.29272742726,12575.07621646861,10390.55169323842
1,All Population,5,Prevalence,27,Samoa,3,Both,27,Age-standardized,558,Mental disorders,2,Percent,2012,0.1004557886861069,0.1112776735516211,0.0872617737899618
1,All Population,5,Prevalence,27,Samoa,3,Both,27,Age-standardized,558,Mental disorders,3,Rate,2012,9765.61936506298,10843.723458059081,8461.21610912084
1,All Population,5,Prevalence,113,Guyana,3,Both,27,Age-standardized,558,Mental disorders,2,Percent,2012,0.1404826681381918,0.1542678468102759,0.1258197923743433
1,All Population,5,Prevalence,113,Guyana,3,Both,27,Age-standardized,558,Mental disorders,3,Rate,2012,13700.400481924591,15091.19222335017,12275.166940121431
1,All Population,5,Prevalence,298,American Samoa,3,Both,27,Age-standardized,558,Mental disorders,2,Percent,2012,0.1018954853777807,0.1133605227538149,0.0888068592177809
1,All Population,5,Prevalence,298,American Samoa,3,Both,27,Age-standardized,558,Mental disorders,3,Rate,2012,9811.88926385762,10916.725803312851,8532.5487352484
1,All Population,5,Prevalence,217,Sierra Leone,3,Both,27,Age-standardized,558,Mental disorders,2,Percent,2011,0.1240247322864978,0.1350040768367728,0.1100133422674791
1,All Population,5,Prevalence,217,Sierra Leone,3,Both,27,Age-standardized,558,Mental disorders,3,Rate,2011,12346.2499422425,13425.20214505373,10952.96062200538
1,All Population,5,Prevalence,17,Sri Lanka,3,Both,27,Age-standardized,558,Mental disorders,2,Percent,2012,0.0898016686069521,0.0995014873008626,0.0813488756365999
1,All Population,5,Prevalence,17,Sri Lanka,3,Both,27,Age-standardized,558,Mental disorders,3,Rate,2012,8648.44277198161,9575.84415518464,7849.43893260419
1,All Population,5,Prevalence,90,Norway,3,Both,27,Age-standardized,558,Mental disorders,2,Percent,2012,0.1435023913196933,0.1591498093623826,0.1272112880397386
1,All Population,5,Prevalence,90,Norway,3,Both,27,Age-standardized,558,Mental disorders,3,Rate,2012,13193.011842263411,14675.233324936502,11735.31290015625
1,All Population,5,Prevalence,203,Cabo Verde,3,Both,27,Age-standardized,558,Mental disorders,2,Percent,2011,0.1194555863796007,0.1298283273003523,0.1068725173377016
1,All Population,5,Prevalence,203,Cabo Verde,3,Both,27,Age-standardized,558,Mental disorders,3,Rate,2011,11517.72395504704,12495.48526355862,10284.27235565415
1,All Population,5,Prevalence,305,Bermuda,3,Both,27,Age-standardized,558,Mental disorders,2,Percent,2012,0.1504095929028006,0.1656973106119916,0.1355291439610496
1,All Population,5,Prevalence,305,Bermuda,3,Both,27,Age-standardized,558,Mental disorders,3,Rate,2012,14327.872244990089,15746.67310902234,12900.728496104392
1,All Population,5,Prevalence,208,Guinea,3,Both,27,Age-standardized,558,Mental disorders,2,Percent,2011,0.1280452963529683,0.139380977487672,0.1135130782442113
1,All Population,5,Prevalence,208,Guinea,3,Both,27,Age-standardized,558,Mental disorders,3,Rate,2011,12733.61541684563,13866.101392730701,11282.335473924899
1,All Population,5,Prevalence,48,Hungary,3,Both,27,Age-standardized,558,Mental disorders,2,Percent,2012,0.1205176705099379,0.1342667421829806,0.1066444251937336
1,All Population,5,Prevalence,48,Hungary,3,Both,27,Age-standardized,558,Mental disorders,3,Rate,2012,11393.85712764366,12763.10254120572,10075.83478836217
1,All Population,5,Prevalence,29,Tonga,3,Both,27,Age-standardized,558,Mental disorders,2,Percent,2012,0.1143175921937918,0.1346218169948005,0.0946385387029796
1,All Population,5,Prevalence,29,Tonga,3,Both,27,Age-standardized,558,Mental disorders,3,Rate,2012,11082.010720216489,13041.219666385909,9169.740857376139
1,All Population,5,Prevalence,191,Zambia,3,Both,27,Age-standardized,558,Mental disorders,2,Percent,2012,0.1090720702542712,0.1196050015719678,0.0972581772910312
1,All Population,5,Prevalence,191,Zambia,3,Both,27,Age-standardized,558,Mental disorders,3,Rate,2012,10828.483477988279,11864.70073873778,9663.9587128315
1,All Population,5,Prevalence,175,Burundi,3,Both,27,Age-standardized,558,Mental disorders,2,Percent,2012,0.1120542394684739,0.1227643351503363,0.1000700194755808
1,All Population,5,Prevalence,175,Burundi,3,Both,27,Age-standardized,558,Mental disorders,3,Rate,2012,11062.67459558611,12101.44976303786,9881.39381078666
1,All Population,5,Prevalence,62,Russian Federation,3,Both,27,Age-standardized,558,Mental disorders,2,Percent,2012,0.1155234564521856,0.1266371030411575,0.1038999514327849
1,All Population,5,Prevalence,62,Russian Federation,3,Both,27,Age-standardized,558,Mental disorders,3,Rate,2012,10818.17021316611,11872.957120412859,9718.12302892599
1,All Population,5,Prevalence,156,United Arab Emirates,3,Both,27,Age-standardized,558,Mental disorders,2,Percent,2012,0.117341244073907,0.126975814579532,0.1053647127512189
1,All Population,5,Prevalence,156,United Arab Emirates,3,Both,27,Age-standardized,558,Mental disorders,3,Rate,2012,11275.489275749429,12239.576220910869,10118.68696616906
1,All Population,5,Prevalence,122,Ecuador,3,Both,27,Age-standardized,558,Mental disorders,2,Percent,2012,0.139671276039297,0.154184713373956,0.1252929198407714
1,All Population,5,Prevalence,122,Ecuador,3,Both,27,Age-standardized,558,Mental disorders,3,Rate,2012,13532.879929664141,14902.22208951571,12146.52031700367
1,All Population,5,Prevalence,105,Antigua and Barbuda,3,Both,27,Age-standardized,558,Mental disorders,2,Percent,2012,0.1464292458501728,0.1612805702565391,0.1314554666160652
1,All Population,5,Prevalence,105,Antigua and Barbuda,3,Both,27,Age-standardized,558,Mental disorders,3,Rate,2012,14141.56641210247,15546.053552439402,12703.234852989
1,All Population,5,Prevalence,6,China,3,Both,27,Age-standardized,558,Mental disorders,2,Percent,2012,0.1186321278866571,0.1291958011924504,0.1095182104169349
1,All Population,5,Prevalence,6,China,3,Both,27,Age-standardized,558,Mental disorders,3,Rate,2012,11313.66463198655,12324.18928044145,10447.06295559751
1,All Population,5,Prevalence,376,Northern Mariana Islands,3,Both,27,Age-standardized,558,Mental disorders,2,Percent,2011,0.1018777725912545,0.1129366521519647,0.0889460933479179
1,All Population,5,Prevalence,376,Northern Mariana Islands,3,Both,27,Age-standardized,558,Mental disorders,3,Rate,2011,9775.95033738221,10854.21026503706,8505.30120590965
1,All Population,5,Prevalence,109,Cuba,3,Both,27,Age-standardized,558,Mental disorders,2,Percent,2012,0.1575703299153563,0.1727637388124124,0.1408733485868729
1,All Population,5,Prevalence,109,Cuba,3,Both,27,Age-standardized,558,Mental disorders,3,Rate,2012,15223.95047600624,16723.66535362753,13594.171719080412
1,All Population,5,Prevalence,83,Iceland,3,Both,27,Age-standardized,558,Mental disorders,2,Percent,2012,0.1481057678348279,0.159093194931654,0.1383546457258463
1,All Population,5,Prevalence,83,Iceland,3,Both,27,Age-standardized,558,Mental disorders,3,Rate,2012,13675.19035991959,14655.95742616832,12747.386416927182
1,All Population,5,Prevalence,139,Algeria,3,Both,27,Age-standardized,558,Mental disorders,2,Percent,2012,0.1353074640470178,0.1452257667054295,0.1244934753437826
1,All Population,5,Prevalence,139,Algeria,3,Both,27,Age-standardized,558,Mental disorders,3,Rate,2012,12989.82142028066,13879.498030847859,11942.28920753953
1,All Population,5,Prevalence,194,Lesotho,3,Both,27,Age-standardized,558,Mental disorders,2,Percent,2012,0.1037303839515608,0.1131505389492055,0.0926714611353869
1,All Population,5,Prevalence,194,Lesotho,3,Both,27,Age-standardized,558,Mental disorders,3,Rate,2012,10297.32692161516,11230.02810994115,9199.37351359037
1,All Population,5,Prevalence,367,Monaco,3,Both,27,Age-standardized,558,Mental disorders,2,Percent,2012,0.1501599951380382,0.1621204235121808,0.1406027020083713
1,All Population,5,Prevalence,367,Monaco,3,Both,27,Age-standardized,558,Mental disorders,3,Rate,2012,13731.767296294282,14762.322762602358,12791.32032404085
1,All Population,5,Prevalence,148,Morocco,3,Both,27,Age-standardized,558,Mental disorders,2,Percent,2012,0.1293101600708129,0.1382830591735715,0.1189408030535212
1,All Population,5,Prevalence,148,Morocco,3,Both,27,Age-standardized,558,Mental disorders,3,Rate,2012,12453.431605968519,13317.275943722228,11451.287517842899
1,All Population,5,Prevalence,176,Comoros,3,Both,27,Age-standardized,558,Mental disorders,2,Percent,2012,0.1098240566441335,0.1206947657671528,0.0988571237393264
1,All Population,5,Prevalence,176,Comoros,3,Both,27,Age-standardized,558,Mental disorders,3,Rate,2012,10749.61383467262,11857.85836019502,9646.17027918129
1,All Population,5,Prevalence,187,Somalia,3,Both,27,Age-standardized,558,Mental disorders,2,Percent,2011,0.1079852710095145,0.1183285687860874,0.0971566624735075
1,All Population,5,Prevalence,187,Somalia,3,Both,27,Age-standardized,558,Mental disorders,3,Rate,2011,10745.062491725601,11764.22565518289,9669.883136207789
1,All Population,5,Prevalence,91,Portugal,3,Both,27,Age-standardized,558,Mental disorders,2,Percent,2012,0.1828903028946361,0.2045327096050627,0.1596675186657367
1,All Population,5,Prevalence,91,Portugal,3,Both,27,Age-standardized,558,Mental disorders,3,Rate,2012,16766.48555188502,18857.719872356192,14579.514269507628
1,All Population,5,Prevalence,349,Greenland,3,Both,27,Age-standardized,558,Mental disorders,2,Percent,2012,0.1608672994399845,0.1779138295670621,0.147072202837628
1,All Population,5,Prevalence,349,Greenland,3,Both,27,Age-standardized,558,Mental disorders,3,Rate,2012,14916.97347924014,16495.62353658269,13499.324524816131
1,All Population,5,Prevalence,106,Bahamas,3,Both,27,Age-standardized,558,Mental disorders,2,Percent,2012,0.1469708261201198,0.1612852895003855,0.1323040119251292
1,All Population,5,Prevalence,106,Bahamas,3,Both,27,Age-standardized,558,Mental disorders,3,Rate,2012,14141.64548886434,15549.732169637831,12726.465248309249
1,All Population,5,Prevalence,202,Cameroon,3,Both,27,Age-standardized,558,Mental disorders,2,Percent,2011,0.1246909555166051,0.1355733643089699,0.1108068288009586
1,All Population,5,Prevalence,202,Cameroon,3,Both,27,Age-standardized,558,Mental disorders,3,Rate,2011,12353.63595131379,13435.1852447539,10970.04999050116
1,All Population,5,Prevalence,396,San Marino,3,Both,27,Age-standardized,558,Mental disorders,2,Percent,2012,0.1504287164877752,0.1621894282203096,0.141032839202529
1,All Population,5,Prevalence,396,San Marino,3,Both,27,Age-standardized,558,Mental disorders,3,Rate,2012,13771.201268178,14724.49779611926,12843.99238578799
1,All Population,5,Prevalence,14,Maldives,3,Both,27,Age-standardized,558,Mental disorders,2,Percent,2012,0.0848038038083985,0.0930704278259099,0.0772635343255869
1,All Population,5,Prevalence,14,Maldives,3,Both,27,Age-standardized,558,Mental disorders,3,Rate,2012,8161.08056274116,8953.61600234318,7438.34034333743
1,All Population,5,Prevalence,145,Kuwait,3,Both,27,Age-standardized,558,Mental disorders,2,Percent,2012,0.1256651774583335,0.1344649206204494,0.1162024638008789
1,All Population,5,Prevalence,145,Kuwait,3,Both,27,Age-standardized,558,Mental disorders,3,Rate,2012,11898.2765781043,12695.661812523209,11033.41582387625
1,All Population,5,Prevalence,181,Madagascar,3,Both,27,Age-standardized,558,Mental disorders,2,Percent,2012,0.1099000821229906,0.1202695756314649,0.098394283591204
1,All Population,5,Prevalence,181,Madagascar,3,Both,27,Age-standardized,558,Mental disorders,3,Rate,2012,10904.1320053964,11922.85891814509,9771.07156464787
1,All Population,5,Prevalence,87,Luxembourg,3,Both,27,Age-standardized,558,Mental disorders,2,Percent,2012,0.1454894958833315,0.1561533550480658,0.1358270828056121
1,All Population,5,Prevalence,87,Luxembourg,3,Both,27,Age-standardized,558,Mental disorders,3,Rate,2012,13301.625428967689,14250.50555863094,12445.506196482049
1,All Population,5,Prevalence,23,Kiribati,3,Both,27,Age-standardized,558,Mental disorders,2,Percent,2012,0.1022917826053886,0.1157927803180636,0.0881668564439183
1,All Population,5,Prevalence,23,Kiribati,3,Both,27,Age-standardized,558,Mental disorders,3,Rate,2012,10142.96586366568,11484.80782828589,8752.64331848672
1,All Population,5,Prevalence,144,Jordan,3,Both,27,Age-standardized,558,Mental disorders,2,Percent,2012,0.1337354434629379,0.1439839176061831,0.1224679839107504
1,All Population,5,Prevalence,144,Jordan,3,Both,27,Age-standardized,558,Mental disorders,3,Rate,2012,12798.82052804782,13769.50081394911,11707.9696199939
1,All Population,5,Prevalence,26,Papua New Guinea,3,Both,27,Age-standardized,558,Mental disorders,2,Percent,2012,0.0993986638197214,0.1108341050728429,0.086063783126609
1,All Population,5,Prevalence,26,Papua New Guinea,3,Both,27,Age-standardized,558,Mental disorders,3,Rate,2012,9873.44041665711,11020.22349725019,8555.41927544628
1,All Population,5,Prevalence,41,Uzbekistan,3,Both,27,Age-standardized,558,Mental disorders,2,Percent,2012,0.103881280205909,0.1162246499429807,0.0925353968225656
1,All Population,5,Prevalence,41,Uzbekistan,3,Both,27,Age-standardized,558,Mental disorders,3,Rate,2012,9957.92064570579,11167.02191404697,8893.45720263907
1,All Population,5,Prevalence,380,Palau,3,Both,27,Age-standardized,558,Mental disorders,2,Percent,2012,0.1019671967856847,0.1132995336875963,0.0890291457818905
1,All Population,5,Prevalence,380,Palau,3,Both,27,Age-standardized,558,Mental disorders,3,Rate,2012,9849.48374234837,10958.9228042271,8571.70738294914
1,All Population,5,Prevalence,58,Estonia,3,Both,27,Age-standardized,558,Mental disorders,2,Percent,2012,0.1174515395168705,0.1299579965513608,0.1052162134243027
1,All Population,5,Prevalence,58,Estonia,3,Both,27,Age-standardized,558,Mental disorders,3,Rate,2012,10884.00053252366,12021.71892402461,9751.734465218371
1,All Population,5,Prevalence,52,Romania,3,Both,27,Age-standardized,558,Mental disorders,2,Percent,2012,0.1142822369297656,0.1283192480447363,0.101318734393134
1,All Population,5,Prevalence,52,Romania,3,Both,27,Age-standardized,558,Mental disorders,3,Rate,2012,10893.30652998474,12258.25396217119,9650.4709021256
1,All Population,5,Prevalence,69,Singapore,3,Both,27,Age-standardized,558,Mental disorders,2,Percent,2012,0.1133130126849464,0.1247865498610288,0.1025832300080298
1,All Population,5,Prevalence,69,Singapore,3,Both,27,Age-standardized,558,Mental disorders,3,Rate,2012,10156.24680561837,11197.71777277195,9128.58164707563
1,All Population,5,Prevalence,171,Democratic Republic of the Congo,3,Both,27,Age-standardized,558,Mental disorders,2,Percent,2012,0.1276906273788874,0.1435455513598677,0.1114826255898264
1,All Population,5,Prevalence,171,Democratic Republic of the Congo,3,Both,27,Age-standardized,558,Mental disorders,3,Rate,2012,12746.43376164698,14330.858276311501,11124.88978604222
1,All Population,5,Prevalence,200,Benin,3,Both,27,Age-standardized,558,Mental disorders,2,Percent,2012,0.1269570343449284,0.1388062494570417,0.1123424002653299
1,All Population,5,Prevalence,200,Benin,3,Both,27,Age-standardized,558,Mental disorders,3,Rate,2012,12612.04314875474,13780.71610875288,11155.73019354231
1,All Population,5,Prevalence,217,Sierra Leone,3,Both,27,Age-standardized,558,Mental disorders,2,Percent,2012,0.1239018708757781,0.1355339609871464,0.1097838622539558
1,All Population,5,Prevalence,217,Sierra Leone,3,Both,27,Age-standardized,558,Mental disorders,3,Rate,2012,12324.67301498354,13485.61909547879,10915.73147391318
1,All Population,5,Prevalence,161,Bangladesh,3,Both,27,Age-standardized,558,Mental disorders,2,Percent,2012,0.1137137749629577,0.126341258426957,0.1005970424738663
1,All Population,5,Prevalence,161,Bangladesh,3,Both,27,Age-standardized,558,Mental disorders,3,Rate,2012,11076.87595882297,12314.63296420633,9782.65972539786
1,All Population,5,Prevalence,99,Uruguay,3,Both,27,Age-standardized,558,Mental disorders,2,Percent,2012,0.1514031118830149,0.1676863349157901,0.1331709215383124
1,All Population,5,Prevalence,99,Uruguay,3,Both,27,Age-standardized,558,Mental disorders,3,Rate,2012,14227.571699732369,15759.584229558752,12589.53379646117
1,All Population,5,Prevalence,184,Mozambique,3,Both,27,Age-standardized,558,Mental disorders,2,Percent,2012,0.1210275235701366,0.1329851003124555,0.107323331419744
1,All Population,5,Prevalence,184,Mozambique,3,Both,27,Age-standardized,558,Mental disorders,3,Rate,2012,12021.09615599721,13223.388497208241,10667.10611880941
1,All Population,5,Prevalence,47,Czechia,3,Both,27,Age-standardized,558,Mental disorders,2,Percent,2012,0.1238119214969305,0.1376166371507734,0.1088794369631724
1,All Population,5,Prevalence,47,Czechia,3,Both,27,Age-standardized,558,Mental disorders,3,Rate,2012,11658.65766910047,12969.10632466582,10208.08656787211
1,All Population,5,Prevalence,206,Gambia,3,Both,27,Age-standardized,558,Mental disorders,2,Percent,2012,0.1185483488865829,0.1288234485508897,0.1052907363108766
1,All Population,5,Prevalence,206,Gambia,3,Both,27,Age-standardized,558,Mental disorders,3,Rate,2012,11698.5170752472,12725.09539235642,10381.91921745424
1,All Population,5,Prevalence,44,Bosnia and Herzegovina,3,Both,27,Age-standardized,558,Mental disorders,2,Percent,2012,0.126278590357297,0.1414620544149078,0.1104678566177025
1,All Population,5,Prevalence,44,Bosnia and Herzegovina,3,Both,27,Age-standardized,558,Mental disorders,3,Rate,2012,11990.04450797963,13479.83953723609,10473.23612079174
1,All Population,5,Prevalence,151,Qatar,3,Both,27,Age-standardized,558,Mental disorders,2,Percent,2012,0.115085119894661,0.123961165430685,0.1051435747978606
1,All Population,5,Prevalence,151,Qatar,3,Both,27,Age-standardized,558,Mental disorders,3,Rate,2012,10984.94715067733,11836.90161997811,10026.07196892727
1,All Population,5,Prevalence,201,Burkina Faso,3,Both,27,Age-standardized,558,Mental disorders,2,Percent,2012,0.1272321744447931,0.1382569070209021,0.1128655562975059
1,All Population,5,Prevalence,201,Burkina Faso,3,Both,27,Age-standardized,558,Mental disorders,3,Rate,2012,12672.2196557243,13766.43617799784,11237.57927153185
1,All Population,5,Prevalence,214,Nigeria,3,Both,27,Age-standardized,558,Mental disorders,2,Percent,2012,0.115756884951013,0.1270357274369651,0.1040903932587599
1,All Population,5,Prevalence,214,Nigeria,3,Both,27,Age-standardized,558,Mental disorders,3,Rate,2012,11495.134332815269,12598.795235815318,10330.374900927709
1,All Population,5,Prevalence,190,Uganda,3,Both,27,Age-standardized,558,Mental disorders,2,Percent,2012,0.1102852176833455,0.1199082478145544,0.0989398461053958
1,All Population,5,Prevalence,190,Uganda,3,Both,27,Age-standardized,558,Mental disorders,3,Rate,2012,10951.18257219722,11912.53880781421,9822.13343237855
1,All Population,5,Prevalence,185,Rwanda,3,Both,27,Age-standardized,558,Mental disorders,2,Percent,2012,0.1057139845036599,0.1154773665538534,0.0950184595830652
1,All Population,5,Prevalence,185,Rwanda,3,Both,27,Age-standardized,558,Mental disorders,3,Rate,2012,10387.88028712919,11350.70704878112,9340.13666841071
1,All Population,5,Prevalence,168,Angola,3,Both,27,Age-standardized,558,Mental disorders,2,Percent,2012,0.143889314516543,0.1611388621954142,0.1255993819313124
1,All Population,5,Prevalence,168,Angola,3,Both,27,Age-standardized,558,Mental disorders,3,Rate,2012,14232.401761003368,15945.73589549658,12411.88045482292
1,All Population,5,Prevalence,59,Latvia,3,Both,27,Age-standardized,558,Mental disorders,2,Percent,2012,0.120621094957312,0.1326640782987388,0.1082761493287345
1,All Population,5,Prevalence,59,Latvia,3,Both,27,Age-standardized,558,Mental disorders,3,Rate,2012,11216.769540822579,12274.75174341276,10072.01738067183
1,All Population,5,Prevalence,60,Lithuania,3,Both,27,Age-standardized,558,Mental disorders,2,Percent,2012,0.123134785862229,0.136350391422844,0.1082161577196973
1,All Population,5,Prevalence,60,Lithuania,3,Both,27,Age-standardized,558,Mental disorders,3,Rate,2012,11661.31180181823,12941.08294456493,10211.37010767711
1,All Population,5,Prevalence,209,Guinea-Bissau,3,Both,27,Age-standardized,558,Mental disorders,2,Percent,2012,0.1172356082002187,0.1273989388728946,0.1040568456824766
1,All Population,5,Prevalence,209,Guinea-Bissau,3,Both,27,Age-standardized,558,Mental disorders,3,Rate,2012,11652.54260967009,12658.72185386821,10353.06383182747
1,All Population,5,Prevalence,84,Ireland,3,Both,27,Age-standardized,558,Mental disorders,2,Percent,2012,0.1619462040511115,0.1774619498334738,0.1454626451113572
1,All Population,5,Prevalence,84,Ireland,3,Both,27,Age-standardized,558,Mental disorders,3,Rate,2012,14956.163348571,16323.395421430689,13392.182134592202
1,All Population,5,Prevalence,19,Timor-Leste,3,Both,27,Age-standardized,558,Mental disorders,2,Percent,2012,0.086500040827744,0.0969145391966415,0.0778191293477183
1,All Population,5,Prevalence,19,Timor-Leste,3,Both,27,Age-standardized,558,Mental disorders,3,Rate,2012,8496.89018795951,9515.46065782382,7635.955792955119
1,All Population,5,Prevalence,320,Cook Islands,3,Both,27,Age-standardized,558,Mental disorders,2,Percent,2012,0.1027257375761748,0.1138895185654398,0.0894678325430193
1,All Population,5,Prevalence,320,Cook Islands,3,Both,27,Age-standardized,558,Mental disorders,3,Rate,2012,9841.5559420186,10920.98129318398,8561.6696563049
1,All Population,5,Prevalence,422,United States Virgin Islands,3,Both,27,Age-standardized,558,Mental disorders,2,Percent,2011,0.145094081555983,0.1595253246853479,0.1307599206216824
1,All Population,5,Prevalence,422,United States Virgin Islands,3,Both,27,Age-standardized,558,Mental disorders,3,Rate,2011,13836.607781312272,15160.28771549299,12443.51895578202
1,All Population,5,Prevalence,380,Palau,3,Both,27,Age-standardized,558,Mental disorders,2,Percent,2011,0.1013418006945474,0.1124738375865753,0.0887354100349351
1,All Population,5,Prevalence,380,Palau,3,Both,27,Age-standardized,558,Mental disorders,3,Rate,2011,9789.6470594736,10881.548772838602,8543.4194763827
1,All Population,5,Prevalence,132,Panama,3,Both,27,Age-standardized,558,Mental disorders,2,Percent,2012,0.1100716142950095,0.120254345475968,0.1011988764881865
1,All Population,5,Prevalence,132,Panama,3,Both,27,Age-standardized,558,Mental disorders,3,Rate,2012,10516.63606282364,11466.16568312236,9658.46488719343
1,All Population,5,Prevalence,53,Serbia,3,Both,27,Age-standardized,558,Mental disorders,2,Percent,2012,0.1305033790268945,0.1469855702756529,0.1141777423718311
1,All Population,5,Prevalence,53,Serbia,3,Both,27,Age-standardized,558,Mental disorders,3,Rate,2012,12421.01928933475,14034.65378706168,10843.938379779971
1,All Population,5,Prevalence,177,Djibouti,3,Both,27,Age-standardized,558,Mental disorders,2,Percent,2012,0.104846593221349,0.115301327755752,0.0944867334707759
1,All Population,5,Prevalence,177,Djibouti,3,Both,27,Age-standardized,558,Mental disorders,3,Rate,2012,10259.812153036719,11207.165447031659,9241.13401404602
1,All Population,5,Prevalence,369,Nauru,3,Both,27,Age-standardized,558,Mental disorders,2,Percent,2012,0.1000727843884762,0.111937706467777,0.0866481151499793
1,All Population,5,Prevalence,369,Nauru,3,Both,27,Age-standardized,558,Mental disorders,3,Rate,2012,9785.82727264407,10962.832315607531,8458.31752305664
1,All Population,5,Prevalence,95,United Kingdom,3,Both,27,Age-standardized,558,Mental disorders,2,Percent,2012,0.1710506680720732,0.1850102555799065,0.1565674863741293
1,All Population,5,Prevalence,95,United Kingdom,3,Both,27,Age-standardized,558,Mental disorders,3,Rate,2012,15567.242257131538,16807.87187943124,14292.747810535999
1,All Population,5,Prevalence,416,Tuvalu,3,Both,27,Age-standardized,558,Mental disorders,2,Percent,2011,0.099889840210371,0.1112215649778742,0.0870435089346735
1,All Population,5,Prevalence,416,Tuvalu,3,Both,27,Age-standardized,558,Mental disorders,3,Rate,2011,9765.10584784361,10875.42489563679,8516.36810989253
1,All Population,5,Prevalence,140,Bahrain,3,Both,27,Age-standardized,558,Mental disorders,2,Percent,2012,0.140784214454006,0.1507755872484464,0.1306894653025697
1,All Population,5,Prevalence,140,Bahrain,3,Both,27,Age-standardized,558,Mental disorders,3,Rate,2012,13622.67784787823,14549.89695285805,12623.34962477566
1,All Population,5,Prevalence,136,Paraguay,3,Both,27,Age-standardized,558,Mental disorders,2,Percent,2012,0.1503719765807624,0.1635528431391154,0.1379550303130385
1,All Population,5,Prevalence,136,Paraguay,3,Both,27,Age-standardized,558,Mental disorders,3,Rate,2012,14546.316264475681,15856.769690850539,13328.00614002274
1,All Population,5,Prevalence,50,Montenegro,3,Both,27,Age-standardized,558,Mental disorders,2,Percent,2012,0.1275263687952412,0.1436621747702447,0.1115177086742634
1,All Population,5,Prevalence,50,Montenegro,3,Both,27,Age-standardized,558,Mental disorders,3,Rate,2012,12004.62021579812,13599.93650060993,10520.64797472875
1,All Population,5,Prevalence,211,Mali,3,Both,27,Age-standardized,558,Mental disorders,2,Percent,2011,0.1133430244791923,0.1227171847525516,0.1010248715076164
1,All Population,5,Prevalence,211,Mali,3,Both,27,Age-standardized,558,Mental disorders,3,Rate,2011,11260.823685113879,12209.35458799116,10031.20895926186
1,All Population,5,Prevalence,30,Vanuatu,3,Both,27,Age-standardized,558,Mental disorders,2,Percent,2012,0.0992193780585089,0.1098796997035174,0.0860424629661122
1,All Population,5,Prevalence,30,Vanuatu,3,Both,27,Age-standardized,558,Mental disorders,3,Rate,2012,9795.74384902864,10860.31820389132,8496.94376892816
1,All Population,5,Prevalence,126,Costa Rica,3,Both,27,Age-standardized,558,Mental disorders,2,Percent,2012,0.1221715597722524,0.1329249797360725,0.1124171341779482
1,All Population,5,Prevalence,126,Costa Rica,3,Both,27,Age-standardized,558,Mental disorders,3,Rate,2012,11667.26553390398,12676.06980322408,10720.80500911852
1,All Population,5,Prevalence,74,Andorra,3,Both,27,Age-standardized,558,Mental disorders,2,Percent,2012,0.1477802538770145,0.1593125762555982,0.1382059263498948
1,All Population,5,Prevalence,74,Andorra,3,Both,27,Age-standardized,558,Mental disorders,3,Rate,2012,13528.59518943478,14534.34888725847,12607.072297203189
1,All Population,5,Prevalence,72,New Zealand,3,Both,27,Age-standardized,558,Mental disorders,2,Percent,2012,0.1978489137534163,0.217557637613213,0.1770331604711141
1,All Population,5,Prevalence,72,New Zealand,3,Both,27,Age-standardized,558,Mental disorders,3,Rate,2012,18105.87955501037,19905.00460053742,16213.5106785354
1,All Population,5,Prevalence,162,Bhutan,3,Both,27,Age-standardized,558,Mental disorders,2,Percent,2012,0.1110602381468613,0.1226927099584704,0.1007532357224808
1,All Population,5,Prevalence,162,Bhutan,3,Both,27,Age-standardized,558,Mental disorders,3,Rate,2012,10616.21273277942,11725.17012269732,9671.009629785909
1,All Population,5,Prevalence,40,Turkmenistan,3,Both,27,Age-standardized,558,Mental disorders,2,Percent,2012,0.1033788026760055,0.1152082897306715,0.092569319506054
1,All Population,5,Prevalence,40,Turkmenistan,3,Both,27,Age-standardized,558,Mental disorders,3,Rate,2012,9807.03523048633,10951.07446624088,8739.77247977211
1,All Population,5,Prevalence,89,Netherlands,3,Both,27,Age-standardized,558,Mental disorders,2,Percent,2012,0.175598268149639,0.186827881533457,0.1637659619906539
1,All Population,5,Prevalence,89,Netherlands,3,Both,27,Age-standardized,558,Mental disorders,3,Rate,2012,16644.31182708194,17732.02733091184,15486.479227769229
1,All Population,5,Prevalence,115,Jamaica,3,Both,27,Age-standardized,558,Mental disorders,2,Percent,2012,0.1360833789755414,0.1494576430355058,0.1226006904176262
1,All Population,5,Prevalence,115,Jamaica,3,Both,27,Age-standardized,558,Mental disorders,3,Rate,2012,13224.39161473285,14536.34611573181,11869.02600901473
1,All Population,5,Prevalence,128,Guatemala,3,Both,27,Age-standardized,558,Mental disorders,2,Percent,2012,0.1235377735022115,0.1346237056129949,0.1133786788007068
1,All Population,5,Prevalence,128,Guatemala,3,Both,27,Age-standardized,558,Mental disorders,3,Rate,2012,12001.36831710355,13072.81493637783,11036.26752315928
1,All Population,5,Prevalence,102,United States of America,3,Both,27,Age-standardized,558,Mental disorders,2,Percent,2012,0.1632994442152932,0.1761489103462542,0.1521908510742184
1,All Population,5,Prevalence,102,United States of America,3,Both,27,Age-standardized,558,Mental disorders,3,Rate,2012,14858.216944789041,16053.62184104692,13770.41315818546
1,All Population,5,Prevalence,374,Niue,3,Both,27,Age-standardized,558,Mental disorders,2,Percent,2012,0.1022151973951004,0.1135322244718519,0.0890070755002721
1,All Population,5,Prevalence,374,Niue,3,Both,27,Age-standardized,558,Mental disorders,3,Rate,2012,9811.43718761713,10888.530547545739,8521.144894227311
1,All Population,5,Prevalence,71,Australia,3,Both,27,Age-standardized,558,Mental disorders,2,Percent,2012,0.1960207726567925,0.2098012765678647,0.1831740178665264
1,All Population,5,Prevalence,71,Australia,3,Both,27,Age-standardized,558,Mental disorders,3,Rate,2012,17940.34078815282,19254.87676452446,16776.68705019504
1,All Population,5,Prevalence,154,Tunisia,3,Both,27,Age-standardized,558,Mental disorders,2,Percent,2012,0.1432114051590538,0.1543936156249271,0.1310750203001076
1,All Population,5,Prevalence,154,Tunisia,3,Both,27,Age-standardized,558,Mental disorders,3,Rate,2012,13683.52913127815,14733.91815197854,12491.23102119607
1,All Population,5,Prevalence,141,Egypt,3,Both,27,Age-standardized,558,Mental disorders,2,Percent,2012,0.1380993139182968,0.1498921782262657,0.1244450818883821
1,All Population,5,Prevalence,141,Egypt,3,Both,27,Age-standardized,558,Mental disorders,3,Rate,2012,13381.39290806402,14481.042655394729,12048.78029837291
1,All Population,5,Prevalence,24,Marshall Islands,3,Both,27,Age-standardized,558,Mental disorders,2,Percent,2013,0.1006953294540694,0.1123062290432276,0.0870173869384368
1,All Population,5,Prevalence,24,Marshall Islands,3,Both,27,Age-standardized,558,Mental disorders,3,Rate,2013,9873.62765668539,11022.11329251531,8545.06101077538
1,All Population,5,Prevalence,522,Sudan,3,Both,27,Age-standardized,558,Mental disorders,2,Percent,2012,0.1314453171775857,0.1422317033305006,0.1196007017728128
1,All Population,5,Prevalence,522,Sudan,3,Both,27,Age-standardized,558,Mental disorders,3,Rate,2012,12944.630474406591,13971.64362290274,11781.36900741836
1,All Population,5,Prevalence,61,Republic of Moldova,3,Both,27,Age-standardized,558,Mental disorders,2,Percent,2012,0.1200442249286673,0.1326765561808608,0.1067952539203577
1,All Population,5,Prevalence,61,Republic of Moldova,3,Both,27,Age-standardized,558,Mental disorders,3,Rate,2012,11284.386300666769,12478.38950005027,10069.52722204897
1,All Population,5,Prevalence,173,Gabon,3,Both,27,Age-standardized,558,Mental disorders,2,Percent,2012,0.1311895664866302,0.1467264424889417,0.1150451417497181
1,All Population,5,Prevalence,173,Gabon,3,Both,27,Age-standardized,558,Mental disorders,3,Rate,2012,12996.70654918657,14526.310234173281,11393.45332915931
1,All Population,5,Prevalence,202,Cameroon,3,Both,27,Age-standardized,558,Mental disorders,2,Percent,2012,0.1245239424916393,0.1354835209439696,0.110337424257339
1,All Population,5,Prevalence,202,Cameroon,3,Both,27,Age-standardized,558,Mental disorders,3,Rate,2012,12329.25661751619,13418.55097046613,10923.60313653943
1,All Population,5,Prevalence,393,Saint Kitts and Nevis,3,Both,27,Age-standardized,558,Mental disorders,2,Percent,2012,0.1466761077518434,0.1611844478423782,0.1322775962622016
1,All Population,5,Prevalence,393,Saint Kitts and Nevis,3,Both,27,Age-standardized,558,Mental disorders,3,Rate,2012,14055.52756388016,15460.695316736688,12649.495986768468
1,All Population,5,Prevalence,49,North Macedonia,3,Both,27,Age-standardized,558,Mental disorders,2,Percent,2012,0.1194828769043661,0.1346208493499993,0.1047853878921145
1,All Population,5,Prevalence,49,North Macedonia,3,Both,27,Age-standardized,558,Mental disorders,3,Rate,2012,11286.64955159389,12744.470838650099,9954.86345181457
1,All Population,5,Prevalence,36,Kazakhstan,3,Both,27,Age-standardized,558,Mental disorders,2,Percent,2012,0.1020408735384965,0.1137083844318773,0.0913446247287695
1,All Population,5,Prevalence,36,Kazakhstan,3,Both,27,Age-standardized,558,Mental disorders,3,Rate,2012,9734.56049266103,10877.60792584815,8709.67602841223
1,All Population,5,Prevalence,186,Seychelles,3,Both,27,Age-standardized,558,Mental disorders,2,Percent,2012,0.0847192362394384,0.0929987043592914,0.0772641591289861
1,All Population,5,Prevalence,186,Seychelles,3,Both,27,Age-standardized,558,Mental disorders,3,Rate,2012,8114.776906612189,8888.27645872288,7406.05121671198
1,All Population,5,Prevalence,129,Honduras,3,Both,27,Age-standardized,558,Mental disorders,2,Percent,2012,0.1151717043031365,0.1256948643027386,0.1054279606141112
1,All Population,5,Prevalence,129,Honduras,3,Both,27,Age-standardized,558,Mental disorders,3,Rate,2012,11253.62591622682,12276.182257069091,10292.42738241398
1,All Population,5,Prevalence,97,Argentina,3,Both,27,Age-standardized,558,Mental disorders,2,Percent,2012,0.1454067836956848,0.1618014829567757,0.1273717084887607
1,All Population,5,Prevalence,97,Argentina,3,Both,27,Age-standardized,558,Mental disorders,3,Rate,2012,13739.63156898656,15236.032310917491,12005.10962009055
1,All Population,5,Prevalence,123,Peru,3,Both,27,Age-standardized,558,Mental disorders,2,Percent,2012,0.1517900851225511,0.165944103787402,0.137092875097227
1,All Population,5,Prevalence,123,Peru,3,Both,27,Age-standardized,558,Mental disorders,3,Rate,2012,14894.3732683106,16297.61728167364,13437.004404124209
1,All Population,5,Prevalence,71,Australia,3,Both,27,Age-standardized,558,Mental disorders,2,Percent,2013,0.1973816758384706,0.2107982531803184,0.184118256974303
1,All Population,5,Prevalence,71,Australia,3,Both,27,Age-standardized,558,Mental disorders,3,Rate,2013,18057.40091351799,19345.97352114874,16866.03765431701
1,All Population,5,Prevalence,84,Ireland,3,Both,27,Age-standardized,558,Mental disorders,2,Percent,2013,0.1648871815354699,0.1803746100291386,0.1478858910780274
1,All Population,5,Prevalence,84,Ireland,3,Both,27,Age-standardized,558,Mental disorders,3,Rate,2013,15227.806276003781,16630.49751742888,13592.810791311611
1,All Population,5,Prevalence,211,Mali,3,Both,27,Age-standardized,558,Mental disorders,2,Percent,2012,0.1139021365650467,0.1234260874952948,0.1011752275824192
1,All Population,5,Prevalence,211,Mali,3,Both,27,Age-standardized,558,Mental disorders,3,Rate,2012,11312.22148365768,12278.795080231559,10049.43703491481
1,All Population,5,Prevalence,55,Slovenia,3,Both,27,Age-standardized,558,Mental disorders,2,Percent,2012,0.1298242441212717,0.1460542949006885,0.1141255212276923
1,All Population,5,Prevalence,55,Slovenia,3,Both,27,Age-standardized,558,Mental disorders,3,Rate,2012,12192.13935456986,13766.18285394246,10759.521630194411
1,All Population,5,Prevalence,193,Botswana,3,Both,27,Age-standardized,558,Mental disorders,2,Percent,2012,0.1086630768687087,0.118528575238613,0.0971898718982844
1,All Population,5,Prevalence,193,Botswana,3,Both,27,Age-standardized,558,Mental disorders,3,Rate,2012,10660.95639179392,11623.95454734751,9539.3698971211
1,All Population,5,Prevalence,376,Northern Mariana Islands,3,Both,27,Age-standardized,558,Mental disorders,2,Percent,2012,0.1024945505856897,0.1141857663101857,0.0892732076504345
1,All Population,5,Prevalence,376,Northern Mariana Islands,3,Both,27,Age-standardized,558,Mental disorders,3,Rate,2012,9837.65370407024,10967.06545232618,8536.15388706442
1,All Population,5,Prevalence,67,Japan,3,Both,27,Age-standardized,558,Mental disorders,2,Percent,2013,0.1268787538797219,0.1403282510781027,0.1130216979803299
1,All Population,5,Prevalence,67,Japan,3,Both,27,Age-standardized,558,Mental disorders,3,Rate,2013,11490.61732453254,12713.38750879763,10153.82222610024
1,All Population,5,Prevalence,77,Cyprus,3,Both,27,Age-standardized,558,Mental disorders,2,Percent,2012,0.15241972833327,0.1651182579926413,0.1422903857817906
1,All Population,5,Prevalence,77,Cyprus,3,Both,27,Age-standardized,558,Mental disorders,3,Rate,2012,14157.2021044807,15316.367442501261,13186.88532671663
1,All Population,5,Prevalence,16,Philippines,3,Both,27,Age-standardized,558,Mental disorders,2,Percent,2012,0.0877654121846064,0.0966181418473209,0.0798304196873216
1,All Population,5,Prevalence,16,Philippines,3,Both,27,Age-standardized,558,Mental disorders,3,Rate,2012,8497.1108670793,9353.125320179579,7733.80871106974
1,All Population,5,Prevalence,33,Armenia,3,Both,27,Age-standardized,558,Mental disorders,2,Percent,2012,0.1328280370242291,0.1479181629783443,0.1169935454917592
1,All Population,5,Prevalence,33,Armenia,3,Both,27,Age-standardized,558,Mental disorders,3,Rate,2012,12603.26903882712,14057.366743696939,11113.99901726244
1,All Population,5,Prevalence,116,Saint Lucia,3,Both,27,Age-standardized,558,Mental disorders,2,Percent,2012,0.1451366313683883,0.1594308876923479,0.1307327878425572
1,All Population,5,Prevalence,116,Saint Lucia,3,Both,27,Age-standardized,558,Mental disorders,3,Rate,2012,14012.470011625219,15421.69045877671,12560.747244168291
1,All Population,5,Prevalence,37,Kyrgyzstan,3,Both,27,Age-standardized,558,Mental disorders,2,Percent,2013,0.1023791568847765,0.1148434892320978,0.0915717249870704
1,All Population,5,Prevalence,37,Kyrgyzstan,3,Both,27,Age-standardized,558,Mental disorders,3,Rate,2013,9884.840764843431,11113.011558693659,8838.796639915821
1,All Population,5,Prevalence,385,Puerto Rico,3,Both,27,Age-standardized,558,Mental disorders,2,Percent,2012,0.1611134296280492,0.1750952793913679,0.146448941116185
1,All Population,5,Prevalence,385,Puerto Rico,3,Both,27,Age-standardized,558,Mental disorders,3,Rate,2012,15338.96804066836,16551.853054669267,13932.26634951045
1,All Population,5,Prevalence,63,Ukraine,3,Both,27,Age-standardized,558,Mental disorders,2,Percent,2013,0.1277610744777854,0.1413978291152632,0.1131342145161648
1,All Population,5,Prevalence,63,Ukraine,3,Both,27,Age-standardized,558,Mental disorders,3,Rate,2013,11981.20417510966,13284.54026946967,10575.48533738278
1,All Population,5,Prevalence,59,Latvia,3,Both,27,Age-standardized,558,Mental disorders,2,Percent,2013,0.1200563141042994,0.1317742820970404,0.1078186231545744
1,All Population,5,Prevalence,59,Latvia,3,Both,27,Age-standardized,558,Mental disorders,3,Rate,2013,11152.37899589918,12193.561921547021,10009.23568091631
1,All Population,5,Prevalence,351,Guam,3,Both,27,Age-standardized,558,Mental disorders,2,Percent,2012,0.1044840903616474,0.1168702588554265,0.0909817454133048
1,All Population,5,Prevalence,351,Guam,3,Both,27,Age-standardized,558,Mental disorders,3,Rate,2012,10000.74728610151,11215.85064887181,8664.36427306946
1,All Population,5,Prevalence,147,Libya,3,Both,27,Age-standardized,558,Mental disorders,2,Percent,2012,0.1364321432093129,0.1459379992626683,0.1261786524106721
1,All Population,5,Prevalence,147,Libya,3,Both,27,Age-standardized,558,Mental disorders,3,Rate,2012,13190.67134283702,14061.948033953438,12173.500561715971
1,All Population,5,Prevalence,8,Taiwan,3,Both,27,Age-standardized,558,Mental disorders,2,Percent,2013,0.1030505978636869,0.1126572417814891,0.0933323972572817
1,All Population,5,Prevalence,8,Taiwan,3,Both,27,Age-standardized,558,Mental disorders,3,Rate,2013,9713.13658301436,10600.024662007521,8743.83161273363
1,All Population,5,Prevalence,8,Taiwan,3,Both,27,Age-standardized,558,Mental disorders,2,Percent,2012,0.1025904211278558,0.1118620597244516,0.0928632665801619
1,All Population,5,Prevalence,8,Taiwan,3,Both,27,Age-standardized,558,Mental disorders,3,Rate,2012,9672.57303859434,10553.74170759427,8735.346225915611
1,All Population,5,Prevalence,52,Romania,3,Both,27,Age-standardized,558,Mental disorders,2,Percent,2013,0.1140232351433564,0.128317913206777,0.1007810681906622
1,All Population,5,Prevalence,52,Romania,3,Both,27,Age-standardized,558,Mental disorders,3,Rate,2013,10860.21911898799,12256.271927212,9616.630172309471
1,All Population,5,Prevalence,163,India,3,Both,27,Age-standardized,558,Mental disorders,2,Percent,2012,0.1148780543287223,0.1284930182381615,0.1034989426983307
1,All Population,5,Prevalence,163,India,3,Both,27,Age-standardized,558,Mental disorders,3,Rate,2012,11308.38960290589,12628.145244200032,10200.490099935761
1,All Population,5,Prevalence,131,Nicaragua,3,Both,27,Age-standardized,558,Mental disorders,2,Percent,2013,0.12090646756825,0.1317486126178347,0.1106568825250923
1,All Population,5,Prevalence,131,Nicaragua,3,Both,27,Age-standardized,558,Mental disorders,3,Rate,2013,11693.46468186928,12715.163251082731,10693.7303648693
1,All Population,5,Prevalence,150,Oman,3,Both,27,Age-standardized,558,Mental disorders,2,Percent,2012,0.1256752363264393,0.1354321710267318,0.1156388272106134
1,All Population,5,Prevalence,150,Oman,3,Both,27,Age-standardized,558,Mental disorders,3,Rate,2012,12229.18933635401,13160.01415021096,11214.79427529173
1,All Population,5,Prevalence,92,Spain,3,Both,27,Age-standardized,558,Mental disorders,2,Percent,2012,0.1587482146247855,0.1740402009919143,0.1436836911349205
1,All Population,5,Prevalence,92,Spain,3,Both,27,Age-standardized,558,Mental disorders,3,Rate,2012,14592.89340706425,15937.22977164384,13179.95253179468
1,All Population,5,Prevalence,107,Barbados,3,Both,27,Age-standardized,558,Mental disorders,2,Percent,2012,0.1465477877510686,0.1613779469848426,0.132036867310675
1,All Population,5,Prevalence,107,Barbados,3,Both,27,Age-standardized,558,Mental disorders,3,Rate,2012,14093.99545141323,15484.88523572487,12660.5353326498
1,All Population,5,Prevalence,36,Kazakhstan,3,Both,27,Age-standardized,558,Mental disorders,2,Percent,2013,0.1021885482740011,0.113609240082093,0.0917352391562508
1,All Population,5,Prevalence,36,Kazakhstan,3,Both,27,Age-standardized,558,Mental disorders,3,Rate,2013,9732.5313100934,10849.56245337095,8729.83340044075
1,All Population,5,Prevalence,55,Slovenia,3,Both,27,Age-standardized,558,Mental disorders,2,Percent,2013,0.1301050232174755,0.146388866904447,0.1143885856258868
1,All Population,5,Prevalence,55,Slovenia,3,Both,27,Age-standardized,558,Mental disorders,3,Rate,2013,12204.19605463899,13800.745773138582,10754.94809215254
1,All Population,5,Prevalence,25,Micronesia (Federated States of),3,Both,27,Age-standardized,558,Mental disorders,2,Percent,2012,0.0998028366541897,0.1109210103652761,0.0864415347782635
1,All Population,5,Prevalence,25,Micronesia (Federated States of),3,Both,27,Age-standardized,558,Mental disorders,3,Rate,2012,9802.11710215455,10901.207626868301,8479.53871369821
1,All Population,5,Prevalence,23,Kiribati,3,Both,27,Age-standardized,558,Mental disorders,2,Percent,2013,0.102966951323997,0.1167898125589682,0.0887687453095836
1,All Population,5,Prevalence,23,Kiribati,3,Both,27,Age-standardized,558,Mental disorders,3,Rate,2013,10208.452300704179,11570.96544926149,8811.73191273279
1,All Population,5,Prevalence,6,China,3,Both,27,Age-standardized,558,Mental disorders,2,Percent,2013,0.1185183782161233,0.1291041391187204,0.109017440205555
1,All Population,5,Prevalence,6,China,3,Both,27,Age-standardized,558,Mental disorders,3,Rate,2013,11293.27771494643,12294.60343583805,10409.11939417489
1,All Population,5,Prevalence,75,Austria,3,Both,27,Age-standardized,558,Mental disorders,2,Percent,2013,0.137080318562659,0.1514284716683443,0.1219230448421045
1,All Population,5,Prevalence,75,Austria,3,Both,27,Age-standardized,558,Mental disorders,3,Rate,2013,12610.18702329365,13990.88600893177,11194.69248882793
1,All Population,5,Prevalence,144,Jordan,3,Both,27,Age-standardized,558,Mental disorders,2,Percent,2013,0.1339549370294442,0.1448908361112401,0.122433952073093
1,All Population,5,Prevalence,144,Jordan,3,Both,27,Age-standardized,558,Mental disorders,3,Rate,2013,12813.709964265629,13848.12817341245,11696.17760450288
1,All Population,5,Prevalence,99,Uruguay,3,Both,27,Age-standardized,558,Mental disorders,2,Percent,2013,0.1520226226343529,0.1686188300491732,0.1335002427335438
1,All Population,5,Prevalence,99,Uruguay,3,Both,27,Age-standardized,558,Mental disorders,3,Rate,2013,14275.82864576003,15766.045430511911,12622.23157673622
1,All Population,5,Prevalence,161,Bangladesh,3,Both,27,Age-standardized,558,Mental disorders,2,Percent,2013,0.11374651025671,0.1265027549316622,0.1009740965930761
1,All Population,5,Prevalence,161,Bangladesh,3,Both,27,Age-standardized,558,Mental disorders,3,Rate,2013,11063.54699730671,12330.74643408245,9785.357623964
1,All Population,5,Prevalence,51,Poland,3,Both,27,Age-standardized,558,Mental disorders,2,Percent,2013,0.1144243764989379,0.1274338613253516,0.1024544123062418
1,All Population,5,Prevalence,51,Poland,3,Both,27,Age-standardized,558,Mental disorders,3,Rate,2013,10760.33757891013,12002.57043524747,9640.521519830381
1,All Population,5,Prevalence,111,Dominican Republic,3,Both,27,Age-standardized,558,Mental disorders,2,Percent,2012,0.1571020787290793,0.1724462173057938,0.1404837040848003
1,All Population,5,Prevalence,111,Dominican Republic,3,Both,27,Age-standardized,558,Mental disorders,3,Rate,2012,15225.30150635773,16701.71707211796,13613.48880527955
1,All Population,5,Prevalence,178,Eritrea,3,Both,27,Age-standardized,558,Mental disorders,2,Percent,2012,0.1094520019955293,0.1202661526708303,0.0985667926075851
1,All Population,5,Prevalence,178,Eritrea,3,Both,27,Age-standardized,558,Mental disorders,3,Rate,2012,10749.12759834971,11758.77952834847,9657.153185703759
1,All Population,5,Prevalence,13,Malaysia,3,Both,27,Age-standardized,558,Mental disorders,2,Percent,2013,0.0912991748751837,0.0996877536244639,0.0830535863726049
1,All Population,5,Prevalence,13,Malaysia,3,Both,27,Age-standardized,558,Mental disorders,3,Rate,2013,8732.14053222241,9520.64495366421,7928.31341036781
1,All Population,5,Prevalence,34,Azerbaijan,3,Both,27,Age-standardized,558,Mental disorders,2,Percent,2013,0.1169180164328514,0.1313966796888961,0.1035905451665658
1,All Population,5,Prevalence,34,Azerbaijan,3,Both,27,Age-standardized,558,Mental disorders,3,Rate,2013,11150.64097365884,12510.30546904566,9891.009537486
1,All Population,5,Prevalence,28,Solomon Islands,3,Both,27,Age-standardized,558,Mental disorders,2,Percent,2013,0.1023354025501055,0.1137726098060218,0.0885965246510582
1,All Population,5,Prevalence,28,Solomon Islands,3,Both,27,Age-standardized,558,Mental disorders,3,Rate,2013,10057.53040791644,11190.982330801009,8688.69811444311
1,All Population,5,Prevalence,79,Finland,3,Both,27,Age-standardized,558,Mental disorders,2,Percent,2013,0.1304592563639494,0.1432887224635444,0.1167379398338865
1,All Population,5,Prevalence,79,Finland,3,Both,27,Age-standardized,558,Mental disorders,3,Rate,2013,11984.07444688314,13090.24442219048,10697.66849519409
1,All Population,5,Prevalence,126,Costa Rica,3,Both,27,Age-standardized,558,Mental disorders,2,Percent,2013,0.122791175450285,0.1340154231866991,0.112894859080419
1,All Population,5,Prevalence,126,Costa Rica,3,Both,27,Age-standardized,558,Mental disorders,3,Rate,2013,11719.83044382073,12782.94618427935,10741.61988042575
1,All Population,5,Prevalence,122,Ecuador,3,Both,27,Age-standardized,558,Mental disorders,2,Percent,2013,0.1411883989553391,0.1560397823791426,0.1265630128444437
1,All Population,5,Prevalence,122,Ecuador,3,Both,27,Age-standardized,558,Mental disorders,3,Rate,2013,13664.53250557416,15079.096285319072,12241.30621566274
1,All Population,5,Prevalence,29,Tonga,3,Both,27,Age-standardized,558,Mental disorders,2,Percent,2013,0.1150433529203159,0.1352222602940762,0.0952702278789728
1,All Population,5,Prevalence,29,Tonga,3,Both,27,Age-standardized,558,Mental disorders,3,Rate,2013,11150.85557409988,13145.747738579119,9228.98211710315
1,All Population,5,Prevalence,76,Belgium,3,Both,27,Age-standardized,558,Mental disorders,2,Percent,2013,0.1462541252101213,0.1610383282716058,0.1288880827518957
1,All Population,5,Prevalence,76,Belgium,3,Both,27,Age-standardized,558,Mental disorders,3,Rate,2013,13364.95825616916,14650.806022832929,11759.56837870608
1,All Population,5,Prevalence,76,Belgium,3,Both,27,Age-standardized,558,Mental disorders,2,Percent,2012,0.1468393631114078,0.1617082859358038,0.1295467801748568
1,All Population,5,Prevalence,76,Belgium,3,Both,27,Age-standardized,558,Mental disorders,3,Rate,2012,13405.442855705498,14756.0995602203,11797.21706169209
1,All Population,5,Prevalence,44,Bosnia and Herzegovina,3,Both,27,Age-standardized,558,Mental disorders,2,Percent,2013,0.1262091338424504,0.1411340725794029,0.1103646490800399
1,All Population,5,Prevalence,44,Bosnia and Herzegovina,3,Both,27,Age-standardized,558,Mental disorders,3,Rate,2013,11973.90404664187,13421.992445465039,10455.44274347862
1,All Population,5,Prevalence,416,Tuvalu,3,Both,27,Age-standardized,558,Mental disorders,2,Percent,2012,0.1005239024517772,0.111950913216219,0.0873243892470422
1,All Population,5,Prevalence,416,Tuvalu,3,Both,27,Age-standardized,558,Mental disorders,3,Rate,2012,9823.51366406349,10950.1107640969,8552.09867379237
1,All Population,5,Prevalence,91,Portugal,3,Both,27,Age-standardized,558,Mental disorders,2,Percent,2013,0.1855317216305076,0.2078002704576882,0.1617326075463353
1,All Population,5,Prevalence,91,Portugal,3,Both,27,Age-standardized,558,Mental disorders,3,Rate,2013,17005.9939138111,19065.80398762918,14761.6692558047
1,All Population,5,Prevalence,14,Maldives,3,Both,27,Age-standardized,558,Mental disorders,2,Percent,2013,0.0854535624151271,0.094086291099499,0.0778434066898955
1,All Population,5,Prevalence,14,Maldives,3,Both,27,Age-standardized,558,Mental disorders,3,Rate,2013,8214.57777312347,9025.67019917332,7494.03270286397
1,All Population,5,Prevalence,108,Belize,3,Both,27,Age-standardized,558,Mental disorders,2,Percent,2012,0.1385820371412646,0.1522676867728796,0.1245363066431589
1,All Population,5,Prevalence,108,Belize,3,Both,27,Age-standardized,558,Mental disorders,3,Rate,2012,13466.907924853249,14826.495553456809,12074.02666779738
1,All Population,5,Prevalence,16,Philippines,3,Both,27,Age-standardized,558,Mental disorders,2,Percent,2013,0.0880554674022578,0.0968400617217952,0.0801331217245829
1,All Population,5,Prevalence,16,Philippines,3,Both,27,Age-standardized,558,Mental disorders,3,Rate,2013,8515.5634052561,9358.11427108755,7754.18915594773
1,All Population,5,Prevalence,45,Bulgaria,3,Both,27,Age-standardized,558,Mental disorders,2,Percent,2013,0.1130776796276228,0.1260224200211173,0.1012912780038234
1,All Population,5,Prevalence,45,Bulgaria,3,Both,27,Age-standardized,558,Mental disorders,3,Rate,2013,10741.48984710624,12027.73941583432,9646.51770462785
1,All Population,5,Prevalence,213,Niger,3,Both,27,Age-standardized,558,Mental disorders,2,Percent,2012,0.1083477617266046,0.1177376137888437,0.0973043505911263
1,All Population,5,Prevalence,213,Niger,3,Both,27,Age-standardized,558,Mental disorders,3,Rate,2012,10783.37420211798,11730.43549750292,9694.04095207831
1,All Population,5,Prevalence,146,Lebanon,3,Both,27,Age-standardized,558,Mental disorders,2,Percent,2012,0.1502609900891434,0.1631446697495716,0.1347096904796718
1,All Population,5,Prevalence,146,Lebanon,3,Both,27,Age-standardized,558,Mental disorders,3,Rate,2012,14371.565369718532,15646.26375737387,12843.65220838153
1,All Population,5,Prevalence,118,Suriname,3,Both,27,Age-standardized,558,Mental disorders,2,Percent,2013,0.1409365625541144,0.1545901511298918,0.1265089651052652
1,All Population,5,Prevalence,118,Suriname,3,Both,27,Age-standardized,558,Mental disorders,3,Rate,2013,13714.007269821828,15085.94411211386,12281.77561278951
1,All Population,5,Prevalence,114,Haiti,3,Both,27,Age-standardized,558,Mental disorders,2,Percent,2013,0.141901741933057,0.156473816535775,0.1267047397928689
1,All Population,5,Prevalence,114,Haiti,3,Both,27,Age-standardized,558,Mental disorders,3,Rate,2013,13984.39109000536,15457.108639280981,12478.074698474229
1,All Population,5,Prevalence,143,Iraq,3,Both,27,Age-standardized,558,Mental disorders,2,Percent,2012,0.1349486273612975,0.1468945217374729,0.122205576390731
1,All Population,5,Prevalence,143,Iraq,3,Both,27,Age-standardized,558,Mental disorders,3,Rate,2012,13057.46635422855,14165.287737788129,11791.17391287986
1,All Population,5,Prevalence,34,Azerbaijan,3,Both,27,Age-standardized,558,Mental disorders,2,Percent,2012,0.1168849382845137,0.1312558199594759,0.1034288055624217
1,All Population,5,Prevalence,34,Azerbaijan,3,Both,27,Age-standardized,558,Mental disorders,3,Rate,2012,11159.19752544521,12511.92152680393,9911.76432429729
1,All Population,5,Prevalence,90,Norway,3,Both,27,Age-standardized,558,Mental disorders,2,Percent,2013,0.1453882904572591,0.1608549490204647,0.1284186542887767
1,All Population,5,Prevalence,90,Norway,3,Both,27,Age-standardized,558,Mental disorders,3,Rate,2013,13374.89644142974,14872.299556397289,11861.47546609451
1,All Population,5,Prevalence,204,Chad,3,Both,27,Age-standardized,558,Mental disorders,2,Percent,2011,0.1292287686799748,0.1400541010322653,0.1150572440786666
1,All Population,5,Prevalence,204,Chad,3,Both,27,Age-standardized,558,Mental disorders,3,Rate,2011,12847.344474660798,13916.98069308373,11442.859127779111
1,All Population,5,Prevalence,66,Brunei Darussalam,3,Both,27,Age-standardized,558,Mental disorders,2,Percent,2012,0.1198696972538603,0.1325803451972996,0.1079469502282994
1,All Population,5,Prevalence,66,Brunei Darussalam,3,Both,27,Age-standardized,558,Mental disorders,3,Rate,2012,11097.49959910939,12268.45062464397,9979.804620302899
1,All Population,5,Prevalence,83,Iceland,3,Both,27,Age-standardized,558,Mental disorders,2,Percent,2013,0.1497777912604052,0.1605866202736841,0.139731844567868
1,All Population,5,Prevalence,83,Iceland,3,Both,27,Age-standardized,558,Mental disorders,3,Rate,2013,13817.10570510597,14779.41898608735,12868.20722269982
1,All Population,5,Prevalence,57,Belarus,3,Both,27,Age-standardized,558,Mental disorders,2,Percent,2012,0.116006923750171,0.1276190789076792,0.1041167045562454
1,All Population,5,Prevalence,57,Belarus,3,Both,27,Age-standardized,558,Mental disorders,3,Rate,2012,10818.63412672812,11932.56129047027,9728.73801606772
1,All Population,5,Prevalence,68,Republic of Korea,3,Both,27,Age-standardized,558,Mental disorders,2,Percent,2013,0.1253177589524151,0.1384815175406294,0.1117437470657715
1,All Population,5,Prevalence,68,Republic of Korea,3,Both,27,Age-standardized,558,Mental disorders,3,Rate,2013,11544.38223303876,12759.863501679081,10252.477108607221
1,All Population,5,Prevalence,98,Chile,3,Both,27,Age-standardized,558,Mental disorders,2,Percent,2013,0.1607873359627483,0.1810679880754528,0.1397188000638625
1,All Population,5,Prevalence,98,Chile,3,Both,27,Age-standardized,558,Mental disorders,3,Rate,2013,15223.75586508446,17121.39408212731,13282.614087779379
1,All Population,5,Prevalence,102,United States of America,3,Both,27,Age-standardized,558,Mental disorders,2,Percent,2013,0.1629787352491888,0.1762505195649986,0.1516790734352628
1,All Population,5,Prevalence,102,United States of America,3,Both,27,Age-standardized,558,Mental disorders,3,Rate,2013,14845.747626779901,16085.49098535802,13734.275244322189
1,All Population,5,Prevalence,189,United Republic of Tanzania,3,Both,27,Age-standardized,558,Mental disorders,2,Percent,2012,0.1027638727621252,0.1121840396969679,0.0924751938058268
1,All Population,5,Prevalence,189,United Republic of Tanzania,3,Both,27,Age-standardized,558,Mental disorders,3,Rate,2012,10161.148955028559,11093.47817040736,9146.499771961191
1,All Population,5,Prevalence,60,Lithuania,3,Both,27,Age-standardized,558,Mental disorders,2,Percent,2013,0.1237823005100023,0.1376655553872773,0.1087116406091302
1,All Population,5,Prevalence,60,Lithuania,3,Both,27,Age-standardized,558,Mental disorders,3,Rate,2013,11711.53992020698,13022.27304868438,10246.25111043674
1,All Population,5,Prevalence,139,Algeria,3,Both,27,Age-standardized,558,Mental disorders,2,Percent,2013,0.1348794461543784,0.1453048555063767,0.1239635411124379
1,All Population,5,Prevalence,139,Algeria,3,Both,27,Age-standardized,558,Mental disorders,3,Rate,2013,12937.961502610071,13865.32026218332,11877.36537910052
1,All Population,5,Prevalence,105,Antigua and Barbuda,3,Both,27,Age-standardized,558,Mental disorders,2,Percent,2013,0.146777027725124,0.1617725579789988,0.1317533295879879
1,All Population,5,Prevalence,105,Antigua and Barbuda,3,Both,27,Age-standardized,558,Mental disorders,3,Rate,2013,14170.4887041886,15606.3707529491,12730.4846510089
1,All Population,5,Prevalence,63,Ukraine,3,Both,27,Age-standardized,558,Mental disorders,2,Percent,2012,0.1277322030754798,0.1416196816629751,0.113083264310994
1,All Population,5,Prevalence,63,Ukraine,3,Both,27,Age-standardized,558,Mental disorders,3,Rate,2012,11982.73839593584,13294.0928012974,10581.88313984594
1,All Population,5,Prevalence,216,Senegal,3,Both,27,Age-standardized,558,Mental disorders,2,Percent,2012,0.1152969487992637,0.1250109627504189,0.1024810686160535
1,All Population,5,Prevalence,216,Senegal,3,Both,27,Age-standardized,558,Mental disorders,3,Rate,2012,11410.58302860141,12367.95365273665,10140.24553626493
1,All Population,5,Prevalence,190,Uganda,3,Both,27,Age-standardized,558,Mental disorders,2,Percent,2011,0.1095117712195478,0.1188947153440695,0.0985508701467448
1,All Population,5,Prevalence,190,Uganda,3,Both,27,Age-standardized,558,Mental disorders,3,Rate,2011,10883.17604998786,11820.938709212569,9794.68845664855
1,All Population,5,Prevalence,153,Syrian Arab Republic,3,Both,27,Age-standardized,558,Mental disorders,2,Percent,2012,0.1616246344987895,0.1777162355729397,0.1439403449445803
1,All Population,5,Prevalence,153,Syrian Arab Republic,3,Both,27,Age-standardized,558,Mental disorders,3,Rate,2012,15664.59364979507,17214.77593324248,13970.744151391329
1,All Population,5,Prevalence,203,Cabo Verde,3,Both,27,Age-standardized,558,Mental disorders,2,Percent,2012,0.119823940217619,0.1302955888080673,0.1070184833684309
1,All Population,5,Prevalence,203,Cabo Verde,3,Both,27,Age-standardized,558,Mental disorders,3,Rate,2012,11540.156032655439,12531.016766723149,10287.081210377399
1,All Population,5,Prevalence,86,Italy,3,Both,27,Age-standardized,558,Mental disorders,2,Percent,2012,0.1340487879039797,0.14806965642564,0.1181286742613855
1,All Population,5,Prevalence,86,Italy,3,Both,27,Age-standardized,558,Mental disorders,3,Rate,2012,12296.166254575599,13628.164954159829,10848.76186621289
1,All Population,5,Prevalence,435,South Sudan,3,Both,27,Age-standardized,558,Mental disorders,2,Percent,2012,0.1190016253027767,0.1302156375351321,0.1062031776960023
1,All Population,5,Prevalence,435,South Sudan,3,Both,27,Age-standardized,558,Mental disorders,3,Rate,2012,11796.44362566733,12913.54431422566,10518.75916115235
1,All Population,5,Prevalence,118,Suriname,3,Both,27,Age-standardized,558,Mental disorders,2,Percent,2012,0.140802092575092,0.1543351027627169,0.1263415738810418
1,All Population,5,Prevalence,118,Suriname,3,Both,27,Age-standardized,558,Mental disorders,3,Rate,2012,13706.497569390569,15063.927860933429,12271.86904851112
1,All Population,5,Prevalence,165,Pakistan,3,Both,27,Age-standardized,558,Mental disorders,2,Percent,2012,0.1201514322411211,0.1319527690313369,0.1088752756730869
1,All Population,5,Prevalence,165,Pakistan,3,Both,27,Age-standardized,558,Mental disorders,3,Rate,2012,11636.26268384773,12788.48317438452,10521.67055328541
1,All Population,5,Prevalence,128,Guatemala,3,Both,27,Age-standardized,558,Mental disorders,2,Percent,2013,0.125384219652274,0.1372243314371829,0.1148088322225134
1,All Population,5,Prevalence,128,Guatemala,3,Both,27,Age-standardized,558,Mental disorders,3,Rate,2013,12167.32974590057,13319.828266089851,11157.76076127502
1,All Population,5,Prevalence,145,Kuwait,3,Both,27,Age-standardized,558,Mental disorders,2,Percent,2013,0.1270504237612834,0.1363836441935109,0.1173013331600412
1,All Population,5,Prevalence,145,Kuwait,3,Both,27,Age-standardized,558,Mental disorders,3,Rate,2013,12029.56808739302,12871.602528118601,11131.4375077696
1,All Population,5,Prevalence,208,Guinea,3,Both,27,Age-standardized,558,Mental disorders,2,Percent,2012,0.1287885357518067,0.140505591540518,0.113960165302646
1,All Population,5,Prevalence,208,Guinea,3,Both,27,Age-standardized,558,Mental disorders,3,Rate,2012,12802.71680154722,13968.840432499168,11324.189173051689
1,All Population,5,Prevalence,160,Afghanistan,3,Both,27,Age-standardized,558,Mental disorders,2,Percent,2013,0.128864913968763,0.1387066322399821,0.1179567429427284
1,All Population,5,Prevalence,160,Afghanistan,3,Both,27,Age-standardized,558,Mental disorders,3,Rate,2013,12784.75018088806,13760.668419083871,11721.64762322386
1,All Population,5,Prevalence,113,Guyana,3,Both,27,Age-standardized,558,Mental disorders,2,Percent,2013,0.1411428457337384,0.1550583244336891,0.1263396683894778
1,All Population,5,Prevalence,113,Guyana,3,Both,27,Age-standardized,558,Mental disorders,3,Rate,2013,13756.53610124983,15136.58086360343,12316.42638174497
1,All Population,5,Prevalence,175,Burundi,3,Both,27,Age-standardized,558,Mental disorders,2,Percent,2013,0.1123051053393221,0.1232972661669458,0.1003047677119892
1,All Population,5,Prevalence,175,Burundi,3,Both,27,Age-standardized,558,Mental disorders,3,Rate,2013,11079.00202022574,12143.919330420811,9882.72309259165
1,All Population,5,Prevalence,152,Saudi Arabia,3,Both,27,Age-standardized,558,Mental disorders,2,Percent,2013,0.1439881877475354,0.1577712439057863,0.1272417495272904
1,All Population,5,Prevalence,152,Saudi Arabia,3,Both,27,Age-standardized,558,Mental disorders,3,Rate,2013,13920.48951896705,15260.633434617479,12294.54032172163
1,All Population,5,Prevalence,142,Iran (Islamic Republic of),3,Both,27,Age-standardized,558,Mental disorders,2,Percent,2012,0.17583261394537,0.1884849914098986,0.1621520587530445
1,All Population,5,Prevalence,142,Iran (Islamic Republic of),3,Both,27,Age-standardized,558,Mental disorders,3,Rate,2012,17033.657513003,18238.02063704679,15671.312584789759
1,All Population,5,Prevalence,170,Congo,3,Both,27,Age-standardized,558,Mental disorders,2,Percent,2012,0.1351521765236931,0.149759942422739,0.1190543739531406
1,All Population,5,Prevalence,170,Congo,3,Both,27,Age-standardized,558,Mental disorders,3,Rate,2012,13401.73740344484,14853.78628099287,11802.287044273591
1,All Population,5,Prevalence,110,Dominica,3,Both,27,Age-standardized,558,Mental disorders,2,Percent,2013,0.1451133548668127,0.1594852958398152,0.130640562599127
1,All Population,5,Prevalence,110,Dominica,3,Both,27,Age-standardized,558,Mental disorders,3,Rate,2013,14008.536774654858,15418.57755762651,12558.38675856434
1,All Population,5,Prevalence,10,Cambodia,3,Both,27,Age-standardized,558,Mental disorders,2,Percent,2013,0.0930580166217477,0.102307575299397,0.0843114258364155
1,All Population,5,Prevalence,10,Cambodia,3,Both,27,Age-standardized,558,Mental disorders,3,Rate,2013,9135.90341708736,10059.945092331509,8266.80794287085
1,All Population,5,Prevalence,123,Peru,3,Both,27,Age-standardized,558,Mental disorders,2,Percent,2013,0.1516106837683701,0.1657868901760069,0.1362331809206637
1,All Population,5,Prevalence,123,Peru,3,Both,27,Age-standardized,558,Mental disorders,3,Rate,2013,14869.297895217001,16255.07758293093,13345.35832047728
1,All Population,5,Prevalence,133,Venezuela (Bolivarian Republic of),3,Both,27,Age-standardized,558,Mental disorders,2,Percent,2013,0.1284232421966299,0.143078971861651,0.1159420606660944
1,All Population,5,Prevalence,133,Venezuela (Bolivarian Republic of),3,Both,27,Age-standardized,558,Mental disorders,3,Rate,2013,12406.37796401367,13819.24724667094,11214.11237393026
1,All Population,5,Prevalence,26,Papua New Guinea,3,Both,27,Age-standardized,558,Mental disorders,2,Percent,2013,0.0999598677330119,0.1114877579874586,0.086551657734917
1,All Population,5,Prevalence,26,Papua New Guinea,3,Both,27,Age-standardized,558,Mental disorders,3,Rate,2013,9927.93991102311,11082.40822430136,8603.47840792436
1,All Population,5,Prevalence,213,Niger,3,Both,27,Age-standardized,558,Mental disorders,2,Percent,2011,0.1086180797018363,0.1181309561234563,0.0977641378051523
1,All Population,5,Prevalence,213,Niger,3,Both,27,Age-standardized,558,Mental disorders,3,Rate,2011,10814.85873894833,11762.756705041109,9743.67987446047
1,All Population,5,Prevalence,78,Denmark,3,Both,27,Age-standardized,558,Mental disorders,2,Percent,2012,0.1398392186992154,0.1506404065006688,0.1308556260226978
1,All Population,5,Prevalence,78,Denmark,3,Both,27,Age-standardized,558,Mental disorders,3,Rate,2012,12732.6567846973,13692.01555076027,11924.43344127028
1,All Population,5,Prevalence,157,Yemen,3,Both,27,Age-standardized,558,Mental disorders,2,Percent,2013,0.1313110335677714,0.1424116568171909,0.1203270972376331
1,All Population,5,Prevalence,157,Yemen,3,Both,27,Age-standardized,558,Mental disorders,3,Rate,2013,12982.92188853021,14088.971642055969,11906.7571714225
1,All Population,5,Prevalence,164,Nepal,3,Both,27,Age-standardized,558,Mental disorders,2,Percent,2012,0.104678463973107,0.1158219872887176,0.0958580194359911
1,All Population,5,Prevalence,164,Nepal,3,Both,27,Age-standardized,558,Mental disorders,3,Rate,2012,10164.54386258055,11262.86928869457,9281.20963252491
1,All Population,5,Prevalence,106,Bahamas,3,Both,27,Age-standardized,558,Mental disorders,2,Percent,2013,0.1473152693111682,0.1620638643621304,0.1325427496757493
1,All Population,5,Prevalence,106,Bahamas,3,Both,27,Age-standardized,558,Mental disorders,3,Rate,2013,14172.37726427815,15612.305255235859,12740.51527999214
1,All Population,5,Prevalence,136,Paraguay,3,Both,27,Age-standardized,558,Mental disorders,2,Percent,2013,0.1504204991621716,0.1641001854865054,0.1380000848052422
1,All Population,5,Prevalence,136,Paraguay,3,Both,27,Age-standardized,558,Mental disorders,3,Rate,2013,14548.61538597606,15904.20225243612,13319.74762302701
1,All Population,5,Prevalence,149,Palestine,3,Both,27,Age-standardized,558,Mental disorders,2,Percent,2013,0.1433824791531248,0.1539845867984069,0.1318086746292207
1,All Population,5,Prevalence,149,Palestine,3,Both,27,Age-standardized,558,Mental disorders,3,Rate,2013,13893.10977460681,14897.32657122056,12757.11891447118
1,All Population,5,Prevalence,125,Colombia,3,Both,27,Age-standardized,558,Mental disorders,2,Percent,2012,0.1134630982637162,0.1218891017375295,0.10439067302944
1,All Population,5,Prevalence,125,Colombia,3,Both,27,Age-standardized,558,Mental disorders,3,Rate,2012,10873.203781638991,11680.16603787717,9997.16173112169
1,All Population,5,Prevalence,151,Qatar,3,Both,27,Age-standardized,558,Mental disorders,2,Percent,2013,0.1155079658221127,0.1244003639363685,0.1052456375795917
1,All Population,5,Prevalence,151,Qatar,3,Both,27,Age-standardized,558,Mental disorders,3,Rate,2013,11019.408370989491,11875.188299030611,10029.652691580119
1,All Population,5,Prevalence,178,Eritrea,3,Both,27,Age-standardized,558,Mental disorders,2,Percent,2013,0.1110547094880941,0.1222922064164742,0.1001099983788777
1,All Population,5,Prevalence,178,Eritrea,3,Both,27,Age-standardized,558,Mental disorders,3,Rate,2013,10898.57244291019,11951.15654879396,9806.18420011449
1,All Population,5,Prevalence,165,Pakistan,3,Both,27,Age-standardized,558,Mental disorders,2,Percent,2013,0.1203189512126998,0.132030819667223,0.1088526839886724
1,All Population,5,Prevalence,165,Pakistan,3,Both,27,Age-standardized,558,Mental disorders,3,Rate,2013,11639.15233838187,12761.35368341252,10511.530070512481
1,All Population,5,Prevalence,413,Tokelau,3,Both,27,Age-standardized,558,Mental disorders,2,Percent,2012,0.1011598551568039,0.1126497554399002,0.088028149467914
1,All Population,5,Prevalence,413,Tokelau,3,Both,27,Age-standardized,558,Mental disorders,3,Rate,2012,9806.26147676602,10937.3306694897,8491.0709427447
1,All Population,5,Prevalence,169,Central African Republic,3,Both,27,Age-standardized,558,Mental disorders,2,Percent,2013,0.138188061474572,0.155391025528958,0.1205265192730511
1,All Population,5,Prevalence,169,Central African Republic,3,Both,27,Age-standardized,558,Mental disorders,3,Rate,2013,13789.158438204422,15498.04432386153,12028.49325412721
1,All Population,5,Prevalence,79,Finland,3,Both,27,Age-standardized,558,Mental disorders,2,Percent,2012,0.1293045687653014,0.1414574212898592,0.1157497909507414
1,All Population,5,Prevalence,79,Finland,3,Both,27,Age-standardized,558,Mental disorders,3,Rate,2012,11881.78337420661,12968.17338413229,10616.22569350441
1,All Population,5,Prevalence,173,Gabon,3,Both,27,Age-standardized,558,Mental disorders,2,Percent,2013,0.1313356395211542,0.147113477580433,0.1151349652372336
1,All Population,5,Prevalence,173,Gabon,3,Both,27,Age-standardized,558,Mental disorders,3,Rate,2013,13006.42736282394,14563.59754157032,11398.86074985029
1,All Population,5,Prevalence,94,Switzerland,3,Both,27,Age-standardized,558,Mental disorders,2,Percent,2012,0.1657648347075446,0.1822154774547318,0.1476823688601409
1,All Population,5,Prevalence,94,Switzerland,3,Both,27,Age-standardized,558,Mental disorders,3,Rate,2012,15164.613379030761,16656.95634128849,13524.440252766379
1,All Population,5,Prevalence,149,Palestine,3,Both,27,Age-standardized,558,Mental disorders,2,Percent,2012,0.1444435183459115,0.1546255768076684,0.1331753007569369
1,All Population,5,Prevalence,149,Palestine,3,Both,27,Age-standardized,558,Mental disorders,3,Rate,2012,14001.99361582733,14951.46612172221,12893.16765922247
1,All Population,5,Prevalence,117,Saint Vincent and the Grenadines,3,Both,27,Age-standardized,558,Mental disorders,2,Percent,2012,0.1440761940210996,0.1582058393246852,0.1295906324865368
1,All Population,5,Prevalence,117,Saint Vincent and the Grenadines,3,Both,27,Age-standardized,558,Mental disorders,3,Rate,2012,13952.32869417381,15342.049097286132,12506.7996676654
1,All Population,5,Prevalence,130,Mexico,3,Both,27,Age-standardized,558,Mental disorders,2,Percent,2012,0.1226336261619101,0.1333713907434955,0.1109567648386772
1,All Population,5,Prevalence,130,Mexico,3,Both,27,Age-standardized,558,Mental disorders,3,Rate,2012,11734.05119373766,12776.48346257883,10638.668628796499
1,All Population,5,Prevalence,147,Libya,3,Both,27,Age-standardized,558,Mental disorders,2,Percent,2013,0.1372720332880713,0.1472764737269584,0.1265873882508634
1,All Population,5,Prevalence,147,Libya,3,Both,27,Age-standardized,558,Mental disorders,3,Rate,2013,13270.660700590259,14206.09123397256,12217.610978115701
1,All Population,5,Prevalence,18,Thailand,3,Both,27,Age-standardized,558,Mental disorders,2,Percent,2012,0.0858308756906914,0.0956124567346037,0.0778123750813049
1,All Population,5,Prevalence,18,Thailand,3,Both,27,Age-standardized,558,Mental disorders,3,Rate,2012,8244.31834342453,9200.32583713492,7437.14197276554
1,All Population,5,Prevalence,7,Democratic People's Republic of Korea,3,Both,27,Age-standardized,558,Mental disorders,2,Percent,2013,0.1025579507265471,0.1126481677275766,0.0932399649771738
1,All Population,5,Prevalence,7,Democratic People's Republic of Korea,3,Both,27,Age-standardized,558,Mental disorders,3,Rate,2013,9854.9080549525,10855.604743392221,8979.24479080517
1,All Population,5,Prevalence,82,Greece,3,Both,27,Age-standardized,558,Mental disorders,2,Percent,2013,0.1687157612156674,0.1854745690542919,0.1488939097013062
1,All Population,5,Prevalence,82,Greece,3,Both,27,Age-standardized,558,Mental disorders,3,Rate,2013,15647.528594790969,17233.111105081687,13787.53859744683
1,All Population,5,Prevalence,207,Ghana,3,Both,27,Age-standardized,558,Mental disorders,2,Percent,2013,0.120376005819134,0.1305570580993696,0.1084350500695558
1,All Population,5,Prevalence,207,Ghana,3,Both,27,Age-standardized,558,Mental disorders,3,Rate,2013,11922.41170517154,12927.593896420869,10736.76040502652
1,All Population,5,Prevalence,131,Nicaragua,3,Both,27,Age-standardized,558,Mental disorders,2,Percent,2012,0.1207520767175735,0.1313223614860074,0.1105941229930013
1,All Population,5,Prevalence,131,Nicaragua,3,Both,27,Age-standardized,558,Mental disorders,3,Rate,2012,11691.17099684673,12692.13455045271,10705.35882255315
1,All Population,5,Prevalence,22,Fiji,3,Both,27,Age-standardized,558,Mental disorders,2,Percent,2013,0.098785905688336,0.1092102278777835,0.0860863617648103
1,All Population,5,Prevalence,22,Fiji,3,Both,27,Age-standardized,558,Mental disorders,3,Rate,2013,9675.507540514409,10704.43564044856,8431.39274540768
1,All Population,5,Prevalence,198,Zimbabwe,3,Both,27,Age-standardized,558,Mental disorders,2,Percent,2013,0.1134916474520299,0.1247736396492442,0.0999605380662988
1,All Population,5,Prevalence,198,Zimbabwe,3,Both,27,Age-standardized,558,Mental disorders,3,Rate,2013,11068.64169499015,12159.94906476554,9733.63049086505
1,All Population,5,Prevalence,184,Mozambique,3,Both,27,Age-standardized,558,Mental disorders,2,Percent,2013,0.1218197287709153,0.1341655872357892,0.1080504613808509
1,All Population,5,Prevalence,184,Mozambique,3,Both,27,Age-standardized,558,Mental disorders,3,Rate,2013,12093.31832022493,13325.59742806139,10729.852194524768
1,All Population,5,Prevalence,195,Namibia,3,Both,27,Age-standardized,558,Mental disorders,2,Percent,2012,0.10454202904434,0.1141029212382735,0.0933286522438634
1,All Population,5,Prevalence,195,Namibia,3,Both,27,Age-standardized,558,Mental disorders,3,Rate,2012,10233.61597239081,11166.86485821424,9146.96988978102
1,All Population,5,Prevalence,208,Guinea,3,Both,27,Age-standardized,558,Mental disorders,2,Percent,2013,0.1281894403207291,0.1400572424505352,0.1133617494634036
1,All Population,5,Prevalence,208,Guinea,3,Both,27,Age-standardized,558,Mental disorders,3,Rate,2013,12737.19141383183,13927.921051721889,11263.57736306686
1,All Population,5,Prevalence,140,Bahrain,3,Both,27,Age-standardized,558,Mental disorders,2,Percent,2013,0.1403913331099379,0.1508672058025889,0.1302163565575419
1,All Population,5,Prevalence,140,Bahrain,3,Both,27,Age-standardized,558,Mental disorders,3,Rate,2013,13579.731817555172,14535.387309018579,12579.92026119191
1,All Population,5,Prevalence,77,Cyprus,3,Both,27,Age-standardized,558,Mental disorders,2,Percent,2013,0.1545406918862629,0.1671110873937072,0.144092363364541
1,All Population,5,Prevalence,77,Cyprus,3,Both,27,Age-standardized,558,Mental disorders,3,Rate,2013,14354.85882214769,15507.09866467451,13342.580643963769
1,All Population,5,Prevalence,80,France,3,Both,27,Age-standardized,558,Mental disorders,2,Percent,2012,0.1623943977465599,0.1791105580915009,0.144611590546775
1,All Population,5,Prevalence,80,France,3,Both,27,Age-standardized,558,Mental disorders,3,Rate,2012,14729.56285001072,16236.061713669282,13146.87990850993
1,All Population,5,Prevalence,12,Lao People's Democratic Republic,3,Both,27,Age-standardized,558,Mental disorders,2,Percent,2013,0.0829982563762844,0.092747182031461,0.074673371257649
1,All Population,5,Prevalence,12,Lao People's Democratic Republic,3,Both,27,Age-standardized,558,Mental disorders,3,Rate,2013,8072.80735172516,9014.716969324669,7274.44520018149
1,All Population,5,Prevalence,197,Eswatini,3,Both,27,Age-standardized,558,Mental disorders,2,Percent,2013,0.1137270465170828,0.1242401079675645,0.1011352953055788
1,All Population,5,Prevalence,197,Eswatini,3,Both,27,Age-standardized,558,Mental disorders,3,Rate,2013,11100.982895222789,12151.2479923033,9846.10727926554
1,All Population,5,Prevalence,125,Colombia,3,Both,27,Age-standardized,558,Mental disorders,2,Percent,2013,0.1132743780802682,0.1219085744469433,0.1038706978018505
1,All Population,5,Prevalence,125,Colombia,3,Both,27,Age-standardized,558,Mental disorders,3,Rate,2013,10852.21676172114,11649.21654761658,9966.045895463289
1,All Population,5,Prevalence,110,Dominica,3,Both,27,Age-standardized,558,Mental disorders,2,Percent,2012,0.1447342271068697,0.1590533860013757,0.1302826183832811
1,All Population,5,Prevalence,110,Dominica,3,Both,27,Age-standardized,558,Mental disorders,3,Rate,2012,13974.89409596298,15377.487715097828,12523.19450450391
1,All Population,5,Prevalence,81,Germany,3,Both,27,Age-standardized,558,Mental disorders,2,Percent,2013,0.1385161153268326,0.149317502457038,0.1284708706974662
1,All Population,5,Prevalence,81,Germany,3,Both,27,Age-standardized,558,Mental disorders,3,Rate,2013,12550.721744593598,13605.1854086722,11633.56674459979
1,All Population,5,Prevalence,92,Spain,3,Both,27,Age-standardized,558,Mental disorders,2,Percent,2013,0.1601366883615104,0.1753155904081592,0.1443926591302269
1,All Population,5,Prevalence,92,Spain,3,Both,27,Age-standardized,558,Mental disorders,3,Rate,2013,14720.32275337323,16071.982380669739,13249.90686696375
1,All Population,5,Prevalence,85,Israel,3,Both,27,Age-standardized,558,Mental disorders,2,Percent,2013,0.1456023546393763,0.1590160973502708,0.1308625052701427
1,All Population,5,Prevalence,85,Israel,3,Both,27,Age-standardized,558,Mental disorders,3,Rate,2013,13531.945104967599,14824.904105929401,12129.81683943648
1,All Population,5,Prevalence,369,Nauru,3,Both,27,Age-standardized,558,Mental disorders,2,Percent,2013,0.1007800607266472,0.1127326255178976,0.0872176508929317
1,All Population,5,Prevalence,369,Nauru,3,Both,27,Age-standardized,558,Mental disorders,3,Rate,2013,9846.0751442448,11037.16232476244,8499.3104490516
1,All Population,5,Prevalence,191,Zambia,3,Both,27,Age-standardized,558,Mental disorders,2,Percent,2013,0.110485988952812,0.1211782784154618,0.0983559495559624
1,All Population,5,Prevalence,191,Zambia,3,Both,27,Age-standardized,558,Mental disorders,3,Rate,2013,10962.04355122667,12021.48060438619,9773.62309539349
1,All Population,5,Prevalence,30,Vanuatu,3,Both,27,Age-standardized,558,Mental disorders,2,Percent,2013,0.099863551392725,0.1108166359730304,0.0865433395219004
1,All Population,5,Prevalence,30,Vanuatu,3,Both,27,Age-standardized,558,Mental disorders,3,Rate,2013,9854.47406740595,10934.584446190082,8539.72674288268
1,All Population,5,Prevalence,215,Sao Tome and Principe,3,Both,27,Age-standardized,558,Mental disorders,2,Percent,2013,0.1169259988063587,0.1270726010505553,0.1039140682737787
1,All Population,5,Prevalence,215,Sao Tome and Principe,3,Both,27,Age-standardized,558,Mental disorders,3,Rate,2013,11602.12046872352,12614.708064068911,10313.55708553725
1,All Population,5,Prevalence,47,Czechia,3,Both,27,Age-standardized,558,Mental disorders,2,Percent,2013,0.1247894263637789,0.1387136603545227,0.1097153096841618
1,All Population,5,Prevalence,47,Czechia,3,Both,27,Age-standardized,558,Mental disorders,3,Rate,2013,11742.47749622805,13064.2474179928,10298.41795686874
1,All Population,5,Prevalence,170,Congo,3,Both,27,Age-standardized,558,Mental disorders,2,Percent,2013,0.1357808668502641,0.150787529030321,0.1196076306945345
1,All Population,5,Prevalence,170,Congo,3,Both,27,Age-standardized,558,Mental disorders,3,Rate,2013,13454.399747576701,14907.25395798885,11849.20126292365
1,All Population,5,Prevalence,393,Saint Kitts and Nevis,3,Both,27,Age-standardized,558,Mental disorders,2,Percent,2013,0.147084477630484,0.1618944988038034,0.1327032637190795
1,All Population,5,Prevalence,393,Saint Kitts and Nevis,3,Both,27,Age-standardized,558,Mental disorders,3,Rate,2013,14092.74367793417,15510.963762197269,12668.53317233751
1,All Population,5,Prevalence,74,Andorra,3,Both,27,Age-standardized,558,Mental disorders,2,Percent,2013,0.1500699232087423,0.1617830699254411,0.1401870653723462
1,All Population,5,Prevalence,74,Andorra,3,Both,27,Age-standardized,558,Mental disorders,3,Rate,2013,13738.23037656833,14753.80568398738,12762.43121153982
1,All Population,5,Prevalence,298,American Samoa,3,Both,27,Age-standardized,558,Mental disorders,2,Percent,2013,0.104082324430593,0.115799085907034,0.0903724560590843
1,All Population,5,Prevalence,298,American Samoa,3,Both,27,Age-standardized,558,Mental disorders,3,Rate,2013,10022.82709370757,11152.753197216989,8681.87945912966
1,All Population,5,Prevalence,15,Myanmar,3,Both,27,Age-standardized,558,Mental disorders,2,Percent,2013,0.0862135409811442,0.0947043717311772,0.077773947009558
1,All Population,5,Prevalence,15,Myanmar,3,Both,27,Age-standardized,558,Mental disorders,3,Rate,2013,8416.95128637449,9225.69689852196,7586.508308630011
1,All Population,5,Prevalence,61,Republic of Moldova,3,Both,27,Age-standardized,558,Mental disorders,2,Percent,2013,0.1191217386136176,0.1314464022689467,0.1060698493252809
1,All Population,5,Prevalence,61,Republic of Moldova,3,Both,27,Age-standardized,558,Mental disorders,3,Rate,2013,11186.2692809457,12394.48429134708,9964.9650966747
1,All Population,5,Prevalence,135,Brazil,3,Both,27,Age-standardized,558,Mental disorders,2,Percent,2013,0.1637628942234539,0.1772666428667179,0.1504072737229032
1,All Population,5,Prevalence,135,Brazil,3,Both,27,Age-standardized,558,Mental disorders,3,Rate,2013,15803.748700524151,17101.04739067694,14529.57363681538
1,All Population,5,Prevalence,194,Lesotho,3,Both,27,Age-standardized,558,Mental disorders,2,Percent,2013,0.1024798001183636,0.1115963322351325,0.0913264349198329
1,All Population,5,Prevalence,194,Lesotho,3,Both,27,Age-standardized,558,Mental disorders,3,Rate,2013,10166.81288129486,11072.8332011944,9063.034467140591
1,All Population,5,Prevalence,213,Niger,3,Both,27,Age-standardized,558,Mental disorders,2,Percent,2013,0.1097162949127068,0.1193351876712891,0.0985862245826792
1,All Population,5,Prevalence,213,Niger,3,Both,27,Age-standardized,558,Mental disorders,3,Rate,2013,10914.5701721976,11837.8365763049,9817.40793526618
1,All Population,5,Prevalence,86,Italy,3,Both,27,Age-standardized,558,Mental disorders,2,Percent,2013,0.1369665556475245,0.151022884183313,0.1208135814306227
1,All Population,5,Prevalence,86,Italy,3,Both,27,Age-standardized,558,Mental disorders,3,Rate,2013,12561.938468743869,13909.182212217362,11078.36461929691
1,All Population,5,Prevalence,39,Tajikistan,3,Both,27,Age-standardized,558,Mental disorders,2,Percent,2013,0.1071290796627558,0.1205582146919315,0.0950255211088707
1,All Population,5,Prevalence,39,Tajikistan,3,Both,27,Age-standardized,558,Mental disorders,3,Rate,2013,10335.53202161797,11653.49093446205,9168.24356485213
1,All Population,5,Prevalence,367,Monaco,3,Both,27,Age-standardized,558,Mental disorders,2,Percent,2013,0.1525310522845041,0.1642461230234026,0.1426816087524869
1,All Population,5,Prevalence,367,Monaco,3,Both,27,Age-standardized,558,Mental disorders,3,Rate,2013,13949.50252843031,14966.627069728,12956.50798998123
1,All Population,5,Prevalence,186,Seychelles,3,Both,27,Age-standardized,558,Mental disorders,2,Percent,2013,0.0854732875863397,0.0939986685392812,0.0779693996002708
1,All Population,5,Prevalence,186,Seychelles,3,Both,27,Age-standardized,558,Mental disorders,3,Rate,2013,8180.356498083829,8994.83547251855,7443.395970863061
1,All Population,5,Prevalence,69,Singapore,3,Both,27,Age-standardized,558,Mental disorders,2,Percent,2013,0.113612059395344,0.1253699447018926,0.1025928032630348
1,All Population,5,Prevalence,69,Singapore,3,Both,27,Age-standardized,558,Mental disorders,3,Rate,2013,10179.72647840954,11208.473010559219,9160.1719174667
1,All Population,5,Prevalence,54,Slovakia,3,Both,27,Age-standardized,558,Mental disorders,2,Percent,2013,0.116475773032203,0.1309548579913147,0.1028147800158915
1,All Population,5,Prevalence,54,Slovakia,3,Both,27,Age-standardized,558,Mental disorders,3,Rate,2013,10981.73655609016,12387.3299597642,9672.6987347304
1,All Population,5,Prevalence,101,Canada,3,Both,27,Age-standardized,558,Mental disorders,2,Percent,2013,0.1491733237329849,0.1637054465184678,0.1327118618212113
1,All Population,5,Prevalence,101,Canada,3,Both,27,Age-standardized,558,Mental disorders,3,Rate,2013,13796.89744422955,15212.785727343438,12241.29975200679
1,All Population,5,Prevalence,57,Belarus,3,Both,27,Age-standardized,558,Mental disorders,2,Percent,2013,0.117310759124527,0.1290198353599481,0.1048980598986664
1,All Population,5,Prevalence,57,Belarus,3,Both,27,Age-standardized,558,Mental disorders,3,Rate,2013,10927.32534198343,12038.21032937584,9805.83139263719
1,All Population,5,Prevalence,10,Cambodia,3,Both,27,Age-standardized,558,Mental disorders,2,Percent,2012,0.0920907791989729,0.1014096790236116,0.0834286450093915
1,All Population,5,Prevalence,10,Cambodia,3,Both,27,Age-standardized,558,Mental disorders,3,Rate,2012,9049.775711800801,9981.28041200253,8194.62389624828
1,All Population,5,Prevalence,162,Bhutan,3,Both,27,Age-standardized,558,Mental disorders,2,Percent,2013,0.111359860668049,0.1225469733707984,0.1010421666212607
1,All Population,5,Prevalence,162,Bhutan,3,Both,27,Age-standardized,558,Mental disorders,3,Rate,2013,10628.612093628879,11705.531993189861,9684.744846083191
1,All Population,5,Prevalence,53,Serbia,3,Both,27,Age-standardized,558,Mental disorders,2,Percent,2013,0.1310544830762726,0.1480179505034973,0.1146383420100769
1,All Population,5,Prevalence,53,Serbia,3,Both,27,Age-standardized,558,Mental disorders,3,Rate,2013,12459.20805616894,14119.67103039857,10870.3498636244
1,All Population,5,Prevalence,183,Mauritius,3,Both,27,Age-standardized,558,Mental disorders,2,Percent,2013,0.097527229032898,0.1090982660397222,0.0875201368165495
1,All Population,5,Prevalence,183,Mauritius,3,Both,27,Age-standardized,558,Mental disorders,3,Rate,2013,9441.49534358516,10525.63869493472,8428.9289798722
1,All Population,5,Prevalence,25,Micronesia (Federated States of),3,Both,27,Age-standardized,558,Mental disorders,2,Percent,2013,0.100426765836574,0.1114652771345335,0.0869421344472947
1,All Population,5,Prevalence,25,Micronesia (Federated States of),3,Both,27,Age-standardized,558,Mental disorders,3,Rate,2013,9861.89923633294,10953.17512296718,8523.149300004041
1,All Population,5,Prevalence,200,Benin,3,Both,27,Age-standardized,558,Mental disorders,2,Percent,2013,0.1265487435700986,0.1383903020285036,0.112096224875662
1,All Population,5,Prevalence,200,Benin,3,Both,27,Age-standardized,558,Mental disorders,3,Rate,2013,12564.39769229547,13740.10401831598,11124.33994114956
1,All Population,5,Prevalence,320,Cook Islands,3,Both,27,Age-standardized,558,Mental disorders,2,Percent,2013,0.1033198271337377,0.1144639730894489,0.0898942006123104
1,All Population,5,Prevalence,320,Cook Islands,3,Both,27,Age-standardized,558,Mental disorders,3,Rate,2013,9899.66691523234,10975.48776550951,8602.46097954617
1,All Population,5,Prevalence,129,Honduras,3,Both,27,Age-standardized,558,Mental disorders,2,Percent,2013,0.1169575059827027,0.1281495843657643,0.1070165815113524
1,All Population,5,Prevalence,129,Honduras,3,Both,27,Age-standardized,558,Mental disorders,3,Rate,2013,11417.76823050527,12494.16583084287,10431.926996105869
1,All Population,5,Prevalence,180,Kenya,3,Both,27,Age-standardized,558,Mental disorders,2,Percent,2012,0.1065888433294947,0.1164232920606493,0.0963735614332106
1,All Population,5,Prevalence,180,Kenya,3,Both,27,Age-standardized,558,Mental disorders,3,Rate,2012,10482.8524491385,11437.00826792092,9491.79299139863
1,All Population,5,Prevalence,435,South Sudan,3,Both,27,Age-standardized,558,Mental disorders,2,Percent,2013,0.1205405736647005,0.1323451068119991,0.1075416014446583
1,All Population,5,Prevalence,435,South Sudan,3,Both,27,Age-standardized,558,Mental disorders,3,Rate,2013,11942.4260449993,13096.52157894331,10665.02547913703
1,All Population,5,Prevalence,93,Sweden,3,Both,27,Age-standardized,558,Mental disorders,2,Percent,2013,0.1413836399522438,0.1525738056557396,0.1310672588351775
1,All Population,5,Prevalence,93,Sweden,3,Both,27,Age-standardized,558,Mental disorders,3,Rate,2013,13014.91445445403,14027.640407817671,12033.536286663
1,All Population,5,Prevalence,72,New Zealand,3,Both,27,Age-standardized,558,Mental disorders,2,Percent,2013,0.19764471767818,0.2178226443875259,0.1765193206044016
1,All Population,5,Prevalence,72,New Zealand,3,Both,27,Age-standardized,558,Mental disorders,3,Rate,2013,18086.19277663103,19929.47338832178,16136.492651971199
1,All Population,5,Prevalence,33,Armenia,3,Both,27,Age-standardized,558,Mental disorders,2,Percent,2013,0.13326369211655,0.1487295941379847,0.1170076168522627
1,All Population,5,Prevalence,33,Armenia,3,Both,27,Age-standardized,558,Mental disorders,3,Rate,2013,12636.220371176978,14126.50813479337,11122.58416954577
1,All Population,5,Prevalence,201,Burkina Faso,3,Both,27,Age-standardized,558,Mental disorders,2,Percent,2013,0.1279596290219306,0.1389023367135007,0.11347439296944
1,All Population,5,Prevalence,201,Burkina Faso,3,Both,27,Age-standardized,558,Mental disorders,3,Rate,2013,12734.149505466268,13828.952242784551,11293.59653185079
1,All Population,5,Prevalence,374,Niue,3,Both,27,Age-standardized,558,Mental disorders,2,Percent,2013,0.1028331202294449,0.1141463870180183,0.0893849739057223
1,All Population,5,Prevalence,374,Niue,3,Both,27,Age-standardized,558,Mental disorders,3,Rate,2013,9870.21895686306,10951.6240181113,8560.71297974771
1,All Population,5,Prevalence,107,Barbados,3,Both,27,Age-standardized,558,Mental disorders,2,Percent,2013,0.1469103735652588,0.161940626661088,0.1323971504869502
1,All Population,5,Prevalence,107,Barbados,3,Both,27,Age-standardized,558,Mental disorders,3,Rate,2013,14124.65587652391,15527.334712448828,12679.20314935854
1,All Population,5,Prevalence,141,Egypt,3,Both,27,Age-standardized,558,Mental disorders,2,Percent,2013,0.1382172329116642,0.1506354708092308,0.1245046260054483
1,All Population,5,Prevalence,141,Egypt,3,Both,27,Age-standardized,558,Mental disorders,3,Rate,2013,13379.100416193402,14529.34550652554,12043.84596632767
1,All Population,5,Prevalence,38,Mongolia,3,Both,27,Age-standardized,558,Mental disorders,2,Percent,2013,0.1099751166615434,0.1222679200816156,0.0977327752344991
1,All Population,5,Prevalence,38,Mongolia,3,Both,27,Age-standardized,558,Mental disorders,3,Rate,2013,10515.44487537064,11679.72789185413,9355.067765688289
1,All Population,5,Prevalence,177,Djibouti,3,Both,27,Age-standardized,558,Mental disorders,2,Percent,2013,0.1035033412591928,0.1136831845295662,0.0934798428061669
1,All Population,5,Prevalence,177,Djibouti,3,Both,27,Age-standardized,558,Mental disorders,3,Rate,2013,10118.80836998197,11060.63113010229,9113.77943091307
1,All Population,5,Prevalence,115,Jamaica,3,Both,27,Age-standardized,558,Mental disorders,2,Percent,2013,0.1370410251829635,0.1504990437114967,0.123537894830766
1,All Population,5,Prevalence,115,Jamaica,3,Both,27,Age-standardized,558,Mental disorders,3,Rate,2013,13314.020860239509,14637.263063036098,11954.98547862571
1,All Population,5,Prevalence,62,Russian Federation,3,Both,27,Age-standardized,558,Mental disorders,2,Percent,2013,0.1160099278022174,0.1271023954014003,0.1043071439217631
1,All Population,5,Prevalence,62,Russian Federation,3,Both,27,Age-standardized,558,Mental disorders,3,Rate,2013,10847.05679157069,11888.15442931429,9742.024801844309
1,All Population,5,Prevalence,130,Mexico,3,Both,27,Age-standardized,558,Mental disorders,2,Percent,2013,0.1237418376732858,0.1349685091231392,0.1117104084440104
1,All Population,5,Prevalence,130,Mexico,3,Both,27,Age-standardized,558,Mental disorders,3,Rate,2013,11821.748692307921,12912.51023479838,10694.89988681913
1,All Population,5,Prevalence,413,Tokelau,3,Both,27,Age-standardized,558,Mental disorders,2,Percent,2013,0.1018444799513941,0.1131534159154632,0.0885367592840086
1,All Population,5,Prevalence,413,Tokelau,3,Both,27,Age-standardized,558,Mental disorders,3,Rate,2013,9868.47043987629,10981.97058729444,8535.45518768725
1,All Population,5,Prevalence,163,India,3,Both,27,Age-standardized,558,Mental disorders,2,Percent,2013,0.1154313864000267,0.1287807511243616,0.1042617191502556
1,All Population,5,Prevalence,163,India,3,Both,27,Age-standardized,558,Mental disorders,3,Rate,2013,11356.121723131959,12651.300331610191,10265.7374160286
1,All Population,5,Prevalence,116,Saint Lucia,3,Both,27,Age-standardized,558,Mental disorders,2,Percent,2013,0.1455092466992424,0.1600444705008564,0.130966342854542
1,All Population,5,Prevalence,116,Saint Lucia,3,Both,27,Age-standardized,558,Mental disorders,3,Rate,2013,14045.46660523972,15490.27477494736,12586.320707687559
1,All Population,5,Prevalence,146,Lebanon,3,Both,27,Age-standardized,558,Mental disorders,2,Percent,2013,0.151361339106215,0.1644252618148418,0.1354714282153336
1,All Population,5,Prevalence,146,Lebanon,3,Both,27,Age-standardized,558,Mental disorders,3,Rate,2013,14469.76956721476,15713.46993075034,12901.61259941345
1,All Population,5,Prevalence,18,Thailand,3,Both,27,Age-standardized,558,Mental disorders,2,Percent,2013,0.0860227954986787,0.0959595884669989,0.0780386436080295
1,All Population,5,Prevalence,18,Thailand,3,Both,27,Age-standardized,558,Mental disorders,3,Rate,2013,8256.88408142671,9200.27428543614,7453.210395477359
1,All Population,5,Prevalence,142,Iran (Islamic Republic of),3,Both,27,Age-standardized,558,Mental disorders,2,Percent,2013,0.1765183459227874,0.1898535252367999,0.1625269276029393
1,All Population,5,Prevalence,142,Iran (Islamic Republic of),3,Both,27,Age-standardized,558,Mental disorders,3,Rate,2013,17085.964207116718,18351.46800434269,15705.53674127347
1,All Population,5,Prevalence,46,Croatia,3,Both,27,Age-standardized,558,Mental disorders,2,Percent,2013,0.1268595977970704,0.1427192216543527,0.1109289736505161
1,All Population,5,Prevalence,46,Croatia,3,Both,27,Age-standardized,558,Mental disorders,3,Rate,2013,12064.078199710812,13640.99030193628,10569.48889218759
1,All Population,5,Prevalence,216,Senegal,3,Both,27,Age-standardized,558,Mental disorders,2,Percent,2013,0.1154825143388689,0.125429323686713,0.1027984400818187
1,All Population,5,Prevalence,216,Senegal,3,Both,27,Age-standardized,558,Mental disorders,3,Rate,2013,11418.623311082909,12399.90139724466,10162.22370649496
1,All Population,5,Prevalence,133,Venezuela (Bolivarian Republic of),3,Both,27,Age-standardized,558,Mental disorders,2,Percent,2012,0.1279210728135767,0.1420017037150058,0.1155225391347988
1,All Population,5,Prevalence,133,Venezuela (Bolivarian Republic of),3,Both,27,Age-standardized,558,Mental disorders,3,Rate,2012,12372.3039628587,13722.53665276432,11174.83881067076
1,All Population,5,Prevalence,180,Kenya,3,Both,27,Age-standardized,558,Mental disorders,2,Percent,2013,0.107513940438311,0.1177752631403695,0.0973015367123165
1,All Population,5,Prevalence,180,Kenya,3,Both,27,Age-standardized,558,Mental disorders,3,Rate,2013,10564.3200121797,11559.69470786471,9565.93785746211
1,All Population,5,Prevalence,88,Malta,3,Both,27,Age-standardized,558,Mental disorders,2,Percent,2012,0.1609704786040378,0.1745858590207163,0.1500984112436302
1,All Population,5,Prevalence,88,Malta,3,Both,27,Age-standardized,558,Mental disorders,3,Rate,2012,14808.77875224241,16040.39933362317,13769.95745939219
1,All Population,5,Prevalence,176,Comoros,3,Both,27,Age-standardized,558,Mental disorders,2,Percent,2013,0.110297040662535,0.1212886316493934,0.0992650698192464
1,All Population,5,Prevalence,176,Comoros,3,Both,27,Age-standardized,558,Mental disorders,3,Rate,2013,10787.43317659995,11912.48394776564,9683.10259876905
1,All Population,5,Prevalence,205,Côte d'Ivoire,3,Both,27,Age-standardized,558,Mental disorders,2,Percent,2013,0.1227591990341019,0.1330354463070489,0.1081823615621629
1,All Population,5,Prevalence,205,Côte d'Ivoire,3,Both,27,Age-standardized,558,Mental disorders,3,Rate,2013,12158.39754787504,13179.59545380986,10707.75713571787
1,All Population,5,Prevalence,172,Equatorial Guinea,3,Both,27,Age-standardized,558,Mental disorders,2,Percent,2013,0.1326781132631131,0.1485130960337455,0.1165229475744873
1,All Population,5,Prevalence,172,Equatorial Guinea,3,Both,27,Age-standardized,558,Mental disorders,3,Rate,2013,12978.449900803298,14510.119270713029,11367.91031596726
1,All Population,5,Prevalence,189,United Republic of Tanzania,3,Both,27,Age-standardized,558,Mental disorders,2,Percent,2013,0.1038556766140688,0.1134107146733811,0.0933062453580863
1,All Population,5,Prevalence,189,United Republic of Tanzania,3,Both,27,Age-standardized,558,Mental disorders,3,Rate,2013,10256.67961544191,11204.533187371291,9222.237974207439
1,All Population,5,Prevalence,305,Bermuda,3,Both,27,Age-standardized,558,Mental disorders,2,Percent,2013,0.1508093631296674,0.1662210957537774,0.135665333713844
1,All Population,5,Prevalence,305,Bermuda,3,Both,27,Age-standardized,558,Mental disorders,3,Rate,2013,14361.497828580088,15794.313784941269,12914.899563210442
1,All Population,5,Prevalence,202,Cameroon,3,Both,27,Age-standardized,558,Mental disorders,2,Percent,2013,0.1248829284208074,0.13579202519101,0.1104736800550772
1,All Population,5,Prevalence,202,Cameroon,3,Both,27,Age-standardized,558,Mental disorders,3,Rate,2013,12356.83650180655,13443.851172375309,10932.80904300162
1,All Population,5,Prevalence,155,Türkiye,3,Both,27,Age-standardized,558,Mental disorders,2,Percent,2012,0.1359947223540684,0.1467160292813105,0.1243634224399291
1,All Population,5,Prevalence,155,Türkiye,3,Both,27,Age-standardized,558,Mental disorders,3,Rate,2012,13083.99615051647,14130.53711904799,11957.95263207279
1,All Population,5,Prevalence,78,Denmark,3,Both,27,Age-standardized,558,Mental disorders,2,Percent,2013,0.1417228259980267,0.1524423194401963,0.1327298554155545
1,All Population,5,Prevalence,78,Denmark,3,Both,27,Age-standardized,558,Mental disorders,3,Rate,2013,12901.9699086353,13847.596837655801,12093.3881162358
1,All Population,5,Prevalence,218,Togo,3,Both,27,Age-standardized,558,Mental disorders,2,Percent,2012,0.1401701357063743,0.158658411802042,0.1198368224176279
1,All Population,5,Prevalence,218,Togo,3,Both,27,Age-standardized,558,Mental disorders,3,Rate,2012,13952.687618238298,15797.13380180162,11932.025414678359
1,All Population,5,Prevalence,171,Democratic Republic of the Congo,3,Both,27,Age-standardized,558,Mental disorders,2,Percent,2013,0.1272598450551716,0.1432938947684649,0.1109964985538282
1,All Population,5,Prevalence,171,Democratic Republic of the Congo,3,Both,27,Age-standardized,558,Mental disorders,3,Rate,2013,12697.26025177661,14297.61011461222,11070.26745986053
1,All Population,5,Prevalence,154,Tunisia,3,Both,27,Age-standardized,558,Mental disorders,2,Percent,2013,0.1444791681006202,0.1559831657648686,0.1320076644461059
1,All Population,5,Prevalence,154,Tunisia,3,Both,27,Age-standardized,558,Mental disorders,3,Rate,2013,13796.979357066492,14885.881661363072,12559.126207482479
1,All Population,5,Prevalence,197,Eswatini,3,Both,27,Age-standardized,558,Mental disorders,2,Percent,2012,0.1135353737958643,0.1241543939267758,0.1009705693211947
1,All Population,5,Prevalence,197,Eswatini,3,Both,27,Age-standardized,558,Mental disorders,3,Rate,2012,11092.755593393471,12088.2914105344,9840.72282607032
1,All Population,5,Prevalence,119,Trinidad and Tobago,3,Both,27,Age-standardized,558,Mental disorders,2,Percent,2012,0.1355676151790606,0.1487279389644947,0.1217649015448436
1,All Population,5,Prevalence,119,Trinidad and Tobago,3,Both,27,Age-standardized,558,Mental disorders,3,Rate,2012,12981.270073019019,14263.93574889947,11639.87827144268
1,All Population,5,Prevalence,210,Liberia,3,Both,27,Age-standardized,558,Mental disorders,2,Percent,2012,0.1226493176543667,0.1336104345053551,0.1086695585600531
1,All Population,5,Prevalence,210,Liberia,3,Both,27,Age-standardized,558,Mental disorders,3,Rate,2012,12191.4430688792,13292.473242835229,10803.81777629338
1,All Population,5,Prevalence,193,Botswana,3,Both,27,Age-standardized,558,Mental disorders,2,Percent,2013,0.1084900736352114,0.1185034967798667,0.0970306256195139
1,All Population,5,Prevalence,193,Botswana,3,Both,27,Age-standardized,558,Mental disorders,3,Rate,2013,10636.37747101081,11601.762259349569,9510.78879533108
1,All Population,5,Prevalence,380,Palau,3,Both,27,Age-standardized,558,Mental disorders,2,Percent,2013,0.1026255211129447,0.1139916567836865,0.089419323820738
1,All Population,5,Prevalence,380,Palau,3,Both,27,Age-standardized,558,Mental disorders,3,Rate,2013,9912.31333305664,11023.67044534497,8609.03069736339
1,All Population,5,Prevalence,11,Indonesia,3,Both,27,Age-standardized,558,Mental disorders,2,Percent,2013,0.0818665065906585,0.0909022953849163,0.0737016840358707
1,All Population,5,Prevalence,11,Indonesia,3,Both,27,Age-standardized,558,Mental disorders,3,Rate,2013,7988.14918614094,8866.34918718794,7197.97533731556
1,All Population,5,Prevalence,88,Malta,3,Both,27,Age-standardized,558,Mental disorders,2,Percent,2013,0.1637475332007059,0.177719943697836,0.1527296230408279
1,All Population,5,Prevalence,88,Malta,3,Both,27,Age-standardized,558,Mental disorders,3,Rate,2013,15062.916853100369,16349.451706707949,13962.317229012238
1,All Population,5,Prevalence,376,Northern Mariana Islands,3,Both,27,Age-standardized,558,Mental disorders,2,Percent,2013,0.1030529614003245,0.1145785882494617,0.0896302399893555
1,All Population,5,Prevalence,376,Northern Mariana Islands,3,Both,27,Age-standardized,558,Mental disorders,3,Rate,2013,9894.48629730846,11014.46155672859,8571.38679109814
1,All Population,5,Prevalence,209,Guinea-Bissau,3,Both,27,Age-standardized,558,Mental disorders,2,Percent,2013,0.1166212750722704,0.1267019928712516,0.103420925374861
1,All Population,5,Prevalence,209,Guinea-Bissau,3,Both,27,Age-standardized,558,Mental disorders,3,Rate,2013,11585.25954209251,12595.65598920915,10279.33329718914
1,All Population,5,Prevalence,351,Guam,3,Both,27,Age-standardized,558,Mental disorders,2,Percent,2013,0.1058741238068432,0.1186866640923865,0.0920191738045813
1,All Population,5,Prevalence,351,Guam,3,Both,27,Age-standardized,558,Mental disorders,3,Rate,2013,10136.7687348103,11387.8756842889,8764.85530829555
1,All Population,5,Prevalence,17,Sri Lanka,3,Both,27,Age-standardized,558,Mental disorders,2,Percent,2013,0.0902698550500798,0.0999148782670235,0.08181770617433
1,All Population,5,Prevalence,17,Sri Lanka,3,Both,27,Age-standardized,558,Mental disorders,3,Rate,2013,8678.93318243025,9582.84313110848,7883.51728104472
1,All Population,5,Prevalence,41,Uzbekistan,3,Both,27,Age-standardized,558,Mental disorders,2,Percent,2013,0.1035766835768859,0.115895503020052,0.0920579110468356
1,All Population,5,Prevalence,41,Uzbekistan,3,Both,27,Age-standardized,558,Mental disorders,3,Rate,2013,9919.45595352511,11138.37694862523,8822.20569493676
1,All Population,5,Prevalence,422,United States Virgin Islands,3,Both,27,Age-standardized,558,Mental disorders,2,Percent,2012,0.1456851979343864,0.1603558023175915,0.1310627267675922
1,All Population,5,Prevalence,422,United States Virgin Islands,3,Both,27,Age-standardized,558,Mental disorders,3,Rate,2012,13891.15307954371,15240.82001681418,12478.954959964041
1,All Population,5,Prevalence,81,Germany,3,Both,27,Age-standardized,558,Mental disorders,2,Percent,2012,0.1383530578581821,0.1494785103990246,0.1285446774515215
1,All Population,5,Prevalence,81,Germany,3,Both,27,Age-standardized,558,Mental disorders,3,Rate,2012,12544.935492074499,13550.858975789759,11629.110328908659
1,All Population,5,Prevalence,217,Sierra Leone,3,Both,27,Age-standardized,558,Mental disorders,2,Percent,2013,0.1257482924053581,0.1368899740382389,0.1113152065948158
1,All Population,5,Prevalence,217,Sierra Leone,3,Both,27,Age-standardized,558,Mental disorders,3,Rate,2013,12496.86779481224,13606.65288268155,11058.87436200823
1,All Population,5,Prevalence,12,Lao People's Democratic Republic,3,Both,27,Age-standardized,558,Mental disorders,2,Percent,2012,0.082392739790894,0.0918397673974096,0.073950083964183
1,All Population,5,Prevalence,12,Lao People's Democratic Republic,3,Both,27,Age-standardized,558,Mental disorders,3,Rate,2012,8028.925818614541,8945.71128765626,7219.2211871173695
1,All Population,5,Prevalence,58,Estonia,3,Both,27,Age-standardized,558,Mental disorders,2,Percent,2013,0.1177268484333161,0.130444918669102,0.105296940210869
1,All Population,5,Prevalence,58,Estonia,3,Both,27,Age-standardized,558,Mental disorders,3,Rate,2013,10898.523639188119,12074.60423311707,9752.127867756399
1,All Population,5,Prevalence,87,Luxembourg,3,Both,27,Age-standardized,558,Mental disorders,2,Percent,2013,0.1468287646487849,0.1574024528561512,0.1369645131195324
1,All Population,5,Prevalence,87,Luxembourg,3,Both,27,Age-standardized,558,Mental disorders,3,Rate,2013,13422.563361125589,14360.3081762287,12533.29077287985
1,All Population,5,Prevalence,153,Syrian Arab Republic,3,Both,27,Age-standardized,558,Mental disorders,2,Percent,2013,0.1636133058402315,0.180615136515641,0.1459142254396787
1,All Population,5,Prevalence,153,Syrian Arab Republic,3,Both,27,Age-standardized,558,Mental disorders,3,Rate,2013,15894.139603063151,17523.816349215347,14199.562901807662
1,All Population,5,Prevalence,168,Angola,3,Both,27,Age-standardized,558,Mental disorders,2,Percent,2013,0.1446699402489141,0.1629297245839751,0.1264195467593932
1,All Population,5,Prevalence,168,Angola,3,Both,27,Age-standardized,558,Mental disorders,3,Rate,2013,14296.09956114595,16082.49763816508,12480.82642105421
1,All Population,5,Prevalence,127,El Salvador,3,Both,27,Age-standardized,558,Mental disorders,2,Percent,2013,0.119173441004375,0.1300544776759754,0.1088723059763933
1,All Population,5,Prevalence,127,El Salvador,3,Both,27,Age-standardized,558,Mental disorders,3,Rate,2013,11462.5443982647,12516.20886055712,10479.49308486054
1,All Population,5,Prevalence,205,Côte d'Ivoire,3,Both,27,Age-standardized,558,Mental disorders,2,Percent,2012,0.1210280388711969,0.1313602328363449,0.1066997368394279
1,All Population,5,Prevalence,205,Côte d'Ivoire,3,Both,27,Age-standardized,558,Mental disorders,3,Rate,2012,12009.2626596402,13037.14368190257,10594.32940005205
1,All Population,5,Prevalence,172,Equatorial Guinea,3,Both,27,Age-standardized,558,Mental disorders,2,Percent,2012,0.1356472588941926,0.151717423736431,0.1189627477949655
1,All Population,5,Prevalence,172,Equatorial Guinea,3,Both,27,Age-standardized,558,Mental disorders,3,Rate,2012,13273.75594990042,14855.65975764,11617.32007665072
1,All Population,5,Prevalence,196,South Africa,3,Both,27,Age-standardized,558,Mental disorders,2,Percent,2013,0.1125335810751755,0.1229944028546776,0.1010630539015711
1,All Population,5,Prevalence,196,South Africa,3,Both,27,Age-standardized,558,Mental disorders,3,Rate,2013,11095.69228252006,12135.709118967708,9979.041684448981
1,All Population,5,Prevalence,185,Rwanda,3,Both,27,Age-standardized,558,Mental disorders,2,Percent,2013,0.1062015701203057,0.1163453463608854,0.0954630331361568
1,All Population,5,Prevalence,185,Rwanda,3,Both,27,Age-standardized,558,Mental disorders,3,Rate,2013,10425.08692183715,11430.40104803616,9370.235098496769
1,All Population,5,Prevalence,385,Puerto Rico,3,Both,27,Age-standardized,558,Mental disorders,2,Percent,2013,0.1618391100270768,0.1763742441268537,0.14688651423371
1,All Population,5,Prevalence,385,Puerto Rico,3,Both,27,Age-standardized,558,Mental disorders,3,Rate,2013,15405.014740084642,16734.023520530918,13952.6094013366
1,All Population,5,Prevalence,94,Switzerland,3,Both,27,Age-standardized,558,Mental disorders,2,Percent,2013,0.1674923838104814,0.1838543041806643,0.1488558451999972
1,All Population,5,Prevalence,94,Switzerland,3,Both,27,Age-standardized,558,Mental disorders,3,Rate,2013,15315.07742867618,16837.76918222546,13625.486104243939
1,All Population,5,Prevalence,49,North Macedonia,3,Both,27,Age-standardized,558,Mental disorders,2,Percent,2013,0.1190428895243773,0.134784661887067,0.1044939767001458
1,All Population,5,Prevalence,49,North Macedonia,3,Both,27,Age-standardized,558,Mental disorders,3,Rate,2013,11233.91925599755,12759.20760926421,9899.89679719309
1,All Population,5,Prevalence,182,Malawi,3,Both,27,Age-standardized,558,Mental disorders,2,Percent,2013,0.1088246000180849,0.119339723199791,0.0970646456692221
1,All Population,5,Prevalence,182,Malawi,3,Both,27,Age-standardized,558,Mental disorders,3,Rate,2013,10703.28879863174,11717.27670262555,9553.893880605401
1,All Population,5,Prevalence,204,Chad,3,Both,27,Age-standardized,558,Mental disorders,2,Percent,2013,0.1312989578321736,0.1425125252178262,0.1165171914579075
1,All Population,5,Prevalence,204,Chad,3,Both,27,Age-standardized,558,Mental disorders,3,Rate,2013,13036.96651015352,14138.877127582238,11558.10099042926
1,All Population,5,Prevalence,127,El Salvador,3,Both,27,Age-standardized,558,Mental disorders,2,Percent,2012,0.1182364618273451,0.1286027511625157,0.1082542964316527
1,All Population,5,Prevalence,127,El Salvador,3,Both,27,Age-standardized,558,Mental disorders,3,Rate,2012,11385.68399798349,12380.56369866351,10428.01281220174
1,All Population,5,Prevalence,112,Grenada,3,Both,27,Age-standardized,558,Mental disorders,2,Percent,2013,0.1449260871067321,0.1593218244292533,0.1300762196931241
1,All Population,5,Prevalence,112,Grenada,3,Both,27,Age-standardized,558,Mental disorders,3,Rate,2013,14006.040701654249,15433.031329783711,12554.49453404113
1,All Population,5,Prevalence,203,Cabo Verde,3,Both,27,Age-standardized,558,Mental disorders,2,Percent,2013,0.1207740359541378,0.1315049625625217,0.1078209201130814
1,All Population,5,Prevalence,203,Cabo Verde,3,Both,27,Age-standardized,558,Mental disorders,3,Rate,2013,11618.85113771477,12610.06403401621,10364.00130685767
1,All Population,5,Prevalence,422,United States Virgin Islands,3,Both,27,Age-standardized,558,Mental disorders,2,Percent,2013,0.1459719348226537,0.1606043549324561,0.1310390778544642
1,All Population,5,Prevalence,422,United States Virgin Islands,3,Both,27,Age-standardized,558,Mental disorders,3,Rate,2013,13916.82755130483,15276.45454877452,12491.7646817408
1,All Population,5,Prevalence,522,Sudan,3,Both,27,Age-standardized,558,Mental disorders,2,Percent,2013,0.1317909150609357,0.142544236047472,0.1199071515037261
1,All Population,5,Prevalence,522,Sudan,3,Both,27,Age-standardized,558,Mental disorders,3,Rate,2013,12967.93280738785,14023.87567363671,11798.06463595475
1,All Population,5,Prevalence,135,Brazil,3,Both,27,Age-standardized,558,Mental disorders,2,Percent,2014,0.164784237755666,0.1792155621821638,0.1512172820163607
1,All Population,5,Prevalence,135,Brazil,3,Both,27,Age-standardized,558,Mental disorders,3,Rate,2014,15891.66903116343,17274.98803545143,14592.76828336458
1,All Population,5,Prevalence,27,Samoa,3,Both,27,Age-standardized,558,Mental disorders,2,Percent,2013,0.101073020984256,0.1119506584181175,0.0877044950518057
1,All Population,5,Prevalence,27,Samoa,3,Both,27,Age-standardized,558,Mental disorders,3,Rate,2013,9824.8852109897,10898.18217672802,8507.96837286407
1,All Population,5,Prevalence,164,Nepal,3,Both,27,Age-standardized,558,Mental disorders,2,Percent,2013,0.1052174593521157,0.1161316566147469,0.0962588349257566
1,All Population,5,Prevalence,164,Nepal,3,Both,27,Age-standardized,558,Mental disorders,3,Rate,2013,10187.54786842754,11272.29785253637,9327.0623084667
1,All Population,5,Prevalence,206,Gambia,3,Both,27,Age-standardized,558,Mental disorders,2,Percent,2013,0.1183626384636896,0.1287886636495042,0.1047854844188019
1,All Population,5,Prevalence,206,Gambia,3,Both,27,Age-standardized,558,Mental disorders,3,Rate,2013,11670.02384823468,12698.12953299241,10334.25886558105
1,All Population,5,Prevalence,179,Ethiopia,3,Both,27,Age-standardized,558,Mental disorders,2,Percent,2013,0.1162110857789597,0.1266925607509599,0.1049492097618789
1,All Population,5,Prevalence,179,Ethiopia,3,Both,27,Age-standardized,558,Mental disorders,3,Rate,2013,11506.64921270841,12544.132926174101,10389.85165849413
1,All Population,5,Prevalence,210,Liberia,3,Both,27,Age-standardized,558,Mental disorders,2,Percent,2013,0.1242607491616751,0.1351145880620849,0.1099052810668765
1,All Population,5,Prevalence,210,Liberia,3,Both,27,Age-standardized,558,Mental disorders,3,Rate,2013,12346.69702755552,13430.07028311116,10923.891593539991
1,All Population,5,Prevalence,135,Brazil,3,Both,27,Age-standardized,558,Mental disorders,2,Percent,2012,0.1630369955538507,0.1762319790470853,0.1497361246684798
1,All Population,5,Prevalence,135,Brazil,3,Both,27,Age-standardized,558,Mental disorders,3,Rate,2012,15745.07142346492,17020.57893792689,14473.6879185064
1,All Population,5,Prevalence,107,Barbados,3,Both,27,Age-standardized,558,Mental disorders,2,Percent,2014,0.1472850148222794,0.1623574293546162,0.1329947582535608
1,All Population,5,Prevalence,107,Barbados,3,Both,27,Age-standardized,558,Mental disorders,3,Rate,2014,14156.1481057118,15579.41560623541,12726.27924787176
1,All Population,5,Prevalence,214,Nigeria,3,Both,27,Age-standardized,558,Mental disorders,2,Percent,2013,0.1174543513472941,0.1290363049553596,0.1048674974479134
1,All Population,5,Prevalence,214,Nigeria,3,Both,27,Age-standardized,558,Mental disorders,3,Rate,2013,11660.555934737451,12802.962516414202,10401.658428988909
1,All Population,5,Prevalence,108,Belize,3,Both,27,Age-standardized,558,Mental disorders,2,Percent,2013,0.1394839666734366,0.1532310605996205,0.1253575730746916
1,All Population,5,Prevalence,108,Belize,3,Both,27,Age-standardized,558,Mental disorders,3,Rate,2013,13548.434883030111,14910.95512337061,12147.12444125078
1,All Population,5,Prevalence,176,Comoros,3,Both,27,Age-standardized,558,Mental disorders,2,Percent,2014,0.1131374667026441,0.1247395524974332,0.1018909152180999
1,All Population,5,Prevalence,176,Comoros,3,Both,27,Age-standardized,558,Mental disorders,3,Rate,2014,11054.389577290349,12264.0152861712,9937.73799948998
1,All Population,5,Prevalence,148,Morocco,3,Both,27,Age-standardized,558,Mental disorders,2,Percent,2013,0.1298574317048252,0.1394254942239609,0.1193962217292052
1,All Population,5,Prevalence,148,Morocco,3,Both,27,Age-standardized,558,Mental disorders,3,Rate,2013,12494.568331907629,13381.60548988944,11470.7456388511
1,All Population,5,Prevalence,45,Bulgaria,3,Both,27,Age-standardized,558,Mental disorders,2,Percent,2014,0.1141977202861093,0.1273718101362239,0.1026605663562576
1,All Population,5,Prevalence,45,Bulgaria,3,Both,27,Age-standardized,558,Mental disorders,3,Rate,2014,10840.00953240556,12126.28047462954,9763.18446064355
1,All Population,5,Prevalence,22,Fiji,3,Both,27,Age-standardized,558,Mental disorders,2,Percent,2014,0.099459339567822,0.1104974255249501,0.0870836798299391
1,All Population,5,Prevalence,22,Fiji,3,Both,27,Age-standardized,558,Mental disorders,3,Rate,2014,9732.46315366465,10789.129235958859,8524.686136588889
1,All Population,5,Prevalence,13,Malaysia,3,Both,27,Age-standardized,558,Mental disorders,2,Percent,2014,0.0916689598523281,0.1001397167593413,0.0834768479868794
1,All Population,5,Prevalence,13,Malaysia,3,Both,27,Age-standardized,558,Mental disorders,3,Rate,2014,8746.44707799967,9583.0246349197,7945.415424319351
1,All Population,5,Prevalence,7,Democratic People's Republic of Korea,3,Both,27,Age-standardized,558,Mental disorders,2,Percent,2014,0.103708429175036,0.1141403031616788,0.0943492211867264
1,All Population,5,Prevalence,7,Democratic People's Republic of Korea,3,Both,27,Age-standardized,558,Mental disorders,3,Rate,2014,9955.88190729618,10977.70896014494,9068.88529392787
1,All Population,5,Prevalence,161,Bangladesh,3,Both,27,Age-standardized,558,Mental disorders,2,Percent,2014,0.1147508391633292,0.1280422462506476,0.1018959244022591
1,All Population,5,Prevalence,161,Bangladesh,3,Both,27,Age-standardized,558,Mental disorders,3,Rate,2014,11145.41352269624,12436.82658492217,9877.470480961389
1,All Population,5,Prevalence,54,Slovakia,3,Both,27,Age-standardized,558,Mental disorders,2,Percent,2014,0.1165198812197299,0.1307127380325815,0.1030237326481391
1,All Population,5,Prevalence,54,Slovakia,3,Both,27,Age-standardized,558,Mental disorders,3,Rate,2014,10976.07982489131,12337.53225590269,9679.185151092159
1,All Population,5,Prevalence,83,Iceland,3,Both,27,Age-standardized,558,Mental disorders,2,Percent,2014,0.1513373802132621,0.1621334004201623,0.1411068523845416
1,All Population,5,Prevalence,83,Iceland,3,Both,27,Age-standardized,558,Mental disorders,3,Rate,2014,13950.57451536665,14922.77454162388,12969.122538515501
1,All Population,5,Prevalence,98,Chile,3,Both,27,Age-standardized,558,Mental disorders,2,Percent,2014,0.1611959369088428,0.1804628363929759,0.1402290959873053
1,All Population,5,Prevalence,98,Chile,3,Both,27,Age-standardized,558,Mental disorders,3,Rate,2014,15248.263304055528,17076.15553275202,13277.76697646264
1,All Population,5,Prevalence,132,Panama,3,Both,27,Age-standardized,558,Mental disorders,2,Percent,2013,0.1106667093310469,0.1212632619188275,0.1016277536076658
1,All Population,5,Prevalence,132,Panama,3,Both,27,Age-standardized,558,Mental disorders,3,Rate,2013,10559.37819447355,11547.14215180413,9673.662280246199
1,All Population,5,Prevalence,119,Trinidad and Tobago,3,Both,27,Age-standardized,558,Mental disorders,2,Percent,2014,0.1370066286617658,0.1504663572130324,0.1233983170647
1,All Population,5,Prevalence,119,Trinidad and Tobago,3,Both,27,Age-standardized,558,Mental disorders,3,Rate,2014,13109.82046662722,14360.93374623236,11793.13661463804
1,All Population,5,Prevalence,117,Saint Vincent and the Grenadines,3,Both,27,Age-standardized,558,Mental disorders,2,Percent,2013,0.1444339777868284,0.1588430674752423,0.1299013980836068
1,All Population,5,Prevalence,117,Saint Vincent and the Grenadines,3,Both,27,Age-standardized,558,Mental disorders,3,Rate,2013,13984.50193152705,15400.9740608158,12534.880481188471
1,All Population,5,Prevalence,28,Solomon Islands,3,Both,27,Age-standardized,558,Mental disorders,2,Percent,2014,0.1030981459574506,0.1149530167696405,0.0894858407570852
1,All Population,5,Prevalence,28,Solomon Islands,3,Both,27,Age-standardized,558,Mental disorders,3,Rate,2014,10126.84963541377,11285.72294059267,8771.10933656611
1,All Population,5,Prevalence,23,Kiribati,3,Both,27,Age-standardized,558,Mental disorders,2,Percent,2014,0.1036956125874957,0.116937997244463,0.0899833279787629
1,All Population,5,Prevalence,23,Kiribati,3,Both,27,Age-standardized,558,Mental disorders,3,Rate,2014,10279.08681551312,11607.2092240297,8917.28689410063
1,All Population,5,Prevalence,20,Viet Nam,3,Both,27,Age-standardized,558,Mental disorders,2,Percent,2012,0.0778197312650408,0.0849809333896907,0.0704377890070014
1,All Population,5,Prevalence,20,Viet Nam,3,Both,27,Age-standardized,558,Mental disorders,3,Rate,2012,7655.88119823382,8356.62717957267,6936.483967312421
1,All Population,5,Prevalence,112,Grenada,3,Both,27,Age-standardized,558,Mental disorders,2,Percent,2012,0.1445104942639335,0.1587978256680909,0.1296691090109412
1,All Population,5,Prevalence,112,Grenada,3,Both,27,Age-standardized,558,Mental disorders,3,Rate,2012,13972.10860183028,15370.69635023666,12525.8469954325
1,All Population,5,Prevalence,187,Somalia,3,Both,27,Age-standardized,558,Mental disorders,2,Percent,2013,0.1079367847549784,0.1183927216527186,0.0966770431139709
1,All Population,5,Prevalence,187,Somalia,3,Both,27,Age-standardized,558,Mental disorders,3,Rate,2013,10726.74439173813,11759.11938063394,9613.56838412904
1,All Population,5,Prevalence,154,Tunisia,3,Both,27,Age-standardized,558,Mental disorders,2,Percent,2014,0.1457101671569058,0.1579264219091718,0.1330369932228929
1,All Population,5,Prevalence,154,Tunisia,3,Both,27,Age-standardized,558,Mental disorders,3,Rate,2014,13907.59418608084,15057.999111100129,12652.341281925288
1,All Population,5,Prevalence,122,Ecuador,3,Both,27,Age-standardized,558,Mental disorders,2,Percent,2014,0.1407338398312548,0.1552604903409627,0.1266207335648076
1,All Population,5,Prevalence,122,Ecuador,3,Both,27,Age-standardized,558,Mental disorders,3,Rate,2014,13605.8719257587,15004.13143232239,12227.54550054335
1,All Population,5,Prevalence,114,Haiti,3,Both,27,Age-standardized,558,Mental disorders,2,Percent,2014,0.1423733374615131,0.157102814014282,0.1272932097201426
1,All Population,5,Prevalence,114,Haiti,3,Both,27,Age-standardized,558,Mental disorders,3,Rate,2014,14024.546356011699,15497.05992944139,12519.329828426009
1,All Population,5,Prevalence,41,Uzbekistan,3,Both,27,Age-standardized,558,Mental disorders,2,Percent,2014,0.1036233101782772,0.1164721061156776,0.0919636181363491
1,All Population,5,Prevalence,41,Uzbekistan,3,Both,27,Age-standardized,558,Mental disorders,3,Rate,2014,9915.33431500505,11148.14619584208,8784.378114766921
1,All Population,5,Prevalence,67,Japan,3,Both,27,Age-standardized,558,Mental disorders,2,Percent,2014,0.1280412932662847,0.1423560243467051,0.114035501055037
1,All Population,5,Prevalence,67,Japan,3,Both,27,Age-standardized,558,Mental disorders,3,Rate,2014,11582.80591030648,12861.43472788015,10227.88713472439
1,All Population,5,Prevalence,25,Micronesia (Federated States of),3,Both,27,Age-standardized,558,Mental disorders,2,Percent,2014,0.1011090831748091,0.1125590908944546,0.0881102553682028
1,All Population,5,Prevalence,25,Micronesia (Federated States of),3,Both,27,Age-standardized,558,Mental disorders,3,Rate,2014,9927.095643744049,11029.751072319561,8631.6532677983
1,All Population,5,Prevalence,36,Kazakhstan,3,Both,27,Age-standardized,558,Mental disorders,2,Percent,2014,0.1025912069403405,0.1141019814929074,0.0920839986184751
1,All Population,5,Prevalence,36,Kazakhstan,3,Both,27,Age-standardized,558,Mental disorders,3,Rate,2014,9756.23199531773,10903.34993846994,8754.68554683321
1,All Population,5,Prevalence,51,Poland,3,Both,27,Age-standardized,558,Mental disorders,2,Percent,2014,0.1142682682117699,0.1268471215707814,0.1024004939988003
1,All Population,5,Prevalence,51,Poland,3,Both,27,Age-standardized,558,Mental disorders,3,Rate,2014,10732.89731644542,11925.837931476011,9641.4974137171
1,All Population,5,Prevalence,68,Republic of Korea,3,Both,27,Age-standardized,558,Mental disorders,2,Percent,2014,0.1263401707868173,0.1405242182888637,0.112197784778398
1,All Population,5,Prevalence,68,Republic of Korea,3,Both,27,Age-standardized,558,Mental disorders,3,Rate,2014,11627.01999890164,12909.89597623044,10282.44899102496
1,All Population,5,Prevalence,72,New Zealand,3,Both,27,Age-standardized,558,Mental disorders,2,Percent,2014,0.1974245779369946,0.2174258059300288,0.176051099290551
1,All Population,5,Prevalence,72,New Zealand,3,Both,27,Age-standardized,558,Mental disorders,3,Rate,2014,18065.59642913728,19900.4749810606,16082.48667176461
1,All Population,5,Prevalence,109,Cuba,3,Both,27,Age-standardized,558,Mental disorders,2,Percent,2013,0.1569459556236514,0.1723170064504031,0.1402402626511013
1,All Population,5,Prevalence,109,Cuba,3,Both,27,Age-standardized,558,Mental disorders,3,Rate,2013,15152.001584259051,16641.00288689733,13538.093055463049
1,All Population,5,Prevalence,49,North Macedonia,3,Both,27,Age-standardized,558,Mental disorders,2,Percent,2014,0.1197526974794086,0.1350952436965978,0.1054697044379658
1,All Population,5,Prevalence,49,North Macedonia,3,Both,27,Age-standardized,558,Mental disorders,3,Rate,2014,11290.76793096238,12751.6554402759,9978.22563843138
1,All Population,5,Prevalence,75,Austria,3,Both,27,Age-standardized,558,Mental disorders,2,Percent,2014,0.1374658109094213,0.1518138433982029,0.1221364724038319
1,All Population,5,Prevalence,75,Austria,3,Both,27,Age-standardized,558,Mental disorders,3,Rate,2014,12643.00702059107,14014.36982166053,11229.403610771651
1,All Population,5,Prevalence,6,China,3,Both,27,Age-standardized,558,Mental disorders,2,Percent,2014,0.1190541731055398,0.1293939036778954,0.1090433967268415
1,All Population,5,Prevalence,6,China,3,Both,27,Age-standardized,558,Mental disorders,3,Rate,2014,11335.52534767914,12307.29867460855,10404.20407729032
1,All Population,5,Prevalence,105,Antigua and Barbuda,3,Both,27,Age-standardized,558,Mental disorders,2,Percent,2014,0.1471215558510323,0.162288310265099,0.1321823724930391
1,All Population,5,Prevalence,105,Antigua and Barbuda,3,Both,27,Age-standardized,558,Mental disorders,3,Rate,2014,14199.79211588903,15633.53014572507,12775.97719352307
1,All Population,5,Prevalence,66,Brunei Darussalam,3,Both,27,Age-standardized,558,Mental disorders,2,Percent,2013,0.120390577386753,0.1337950803650376,0.1082389051608796
1,All Population,5,Prevalence,66,Brunei Darussalam,3,Both,27,Age-standardized,558,Mental disorders,3,Rate,2013,11135.754732623129,12329.09134914845,9994.97524084242
1,All Population,5,Prevalence,35,Georgia,3,Both,27,Age-standardized,558,Mental disorders,2,Percent,2013,0.1176763361301382,0.1300356160443102,0.1051496331931439
1,All Population,5,Prevalence,35,Georgia,3,Both,27,Age-standardized,558,Mental disorders,3,Rate,2013,11215.26062373401,12410.696874918189,10027.67960053262
1,All Population,5,Prevalence,80,France,3,Both,27,Age-standardized,558,Mental disorders,2,Percent,2013,0.1627272410597464,0.1790824877953878,0.1450677914524327
1,All Population,5,Prevalence,80,France,3,Both,27,Age-standardized,558,Mental disorders,3,Rate,2013,14769.60912655054,16289.40265737002,13144.88235009167
1,All Population,5,Prevalence,211,Mali,3,Both,27,Age-standardized,558,Mental disorders,2,Percent,2013,0.1148842398258382,0.124900843821354,0.1019976375038822
1,All Population,5,Prevalence,211,Mali,3,Both,27,Age-standardized,558,Mental disorders,3,Rate,2013,11405.73177237377,12392.7239891702,10128.9984361746
1,All Population,5,Prevalence,88,Malta,3,Both,27,Age-standardized,558,Mental disorders,2,Percent,2014,0.1668474572833233,0.1804423023553983,0.1554038215518102
1,All Population,5,Prevalence,88,Malta,3,Both,27,Age-standardized,558,Mental disorders,3,Rate,2014,15346.76969936451,16586.68039813799,14185.93301987574
1,All Population,5,Prevalence,148,Morocco,3,Both,27,Age-standardized,558,Mental disorders,2,Percent,2014,0.1296426894105065,0.1396009630713396,0.1194305605375423
1,All Population,5,Prevalence,148,Morocco,3,Both,27,Age-standardized,558,Mental disorders,3,Rate,2014,12462.51203760452,13386.44268192028,11449.19412514281
1,All Population,5,Prevalence,82,Greece,3,Both,27,Age-standardized,558,Mental disorders,2,Percent,2014,0.1689147591846518,0.1855210590435009,0.1494763457574346
1,All Population,5,Prevalence,82,Greece,3,Both,27,Age-standardized,558,Mental disorders,3,Rate,2014,15647.14936363274,17230.46907622875,13856.25965722576
1,All Population,5,Prevalence,218,Togo,3,Both,27,Age-standardized,558,Mental disorders,2,Percent,2013,0.1431819424033589,0.1625885430120585,0.1225947697661819
1,All Population,5,Prevalence,218,Togo,3,Both,27,Age-standardized,558,Mental disorders,3,Rate,2013,14241.365334161099,16191.2806318415,12187.69084214061
1,All Population,5,Prevalence,195,Namibia,3,Both,27,Age-standardized,558,Mental disorders,2,Percent,2013,0.104641569588261,0.1144355285402759,0.09349914728836
1,All Population,5,Prevalence,195,Namibia,3,Both,27,Age-standardized,558,Mental disorders,3,Rate,2013,10230.96030483315,11169.81019874933,9133.4862788448
1,All Population,5,Prevalence,113,Guyana,3,Both,27,Age-standardized,558,Mental disorders,2,Percent,2014,0.1418095048681293,0.1555832970518554,0.1270851153978754
1,All Population,5,Prevalence,113,Guyana,3,Both,27,Age-standardized,558,Mental disorders,3,Rate,2014,13811.73031633971,15208.99737900311,12375.74605864363
1,All Population,5,Prevalence,40,Turkmenistan,3,Both,27,Age-standardized,558,Mental disorders,2,Percent,2013,0.1038050286213595,0.1156979439597448,0.0928867310181717
1,All Population,5,Prevalence,40,Turkmenistan,3,Both,27,Age-standardized,558,Mental disorders,3,Rate,2013,9837.3126512771,10982.40663092574,8777.351059440069
1,All Population,5,Prevalence,143,Iraq,3,Both,27,Age-standardized,558,Mental disorders,2,Percent,2013,0.1357194930987117,0.147418704397061,0.1225862509556982
1,All Population,5,Prevalence,143,Iraq,3,Both,27,Age-standardized,558,Mental disorders,3,Rate,2013,13119.921971879989,14255.3473235815,11833.806245894279
1,All Population,5,Prevalence,169,Central African Republic,3,Both,27,Age-standardized,558,Mental disorders,2,Percent,2014,0.1392338288497167,0.1567750183923088,0.1215062487868291
1,All Population,5,Prevalence,169,Central African Republic,3,Both,27,Age-standardized,558,Mental disorders,3,Rate,2014,13892.24597935555,15640.943477378769,12124.871196038479
1,All Population,5,Prevalence,139,Algeria,3,Both,27,Age-standardized,558,Mental disorders,2,Percent,2014,0.1342764776804529,0.1448962714666371,0.1230112001757193
1,All Population,5,Prevalence,139,Algeria,3,Both,27,Age-standardized,558,Mental disorders,3,Rate,2014,12869.857684026128,13830.008501328899,11795.18680077417
1,All Population,5,Prevalence,60,Lithuania,3,Both,27,Age-standardized,558,Mental disorders,2,Percent,2014,0.1243218235638306,0.1389833402752294,0.1090707983448692
1,All Population,5,Prevalence,60,Lithuania,3,Both,27,Age-standardized,558,Mental disorders,3,Rate,2014,11752.50224372521,13115.32572503669,10282.23654342131
1,All Population,5,Prevalence,90,Norway,3,Both,27,Age-standardized,558,Mental disorders,2,Percent,2014,0.1461647194718208,0.1617287793736832,0.1292068754979311
1,All Population,5,Prevalence,90,Norway,3,Both,27,Age-standardized,558,Mental disorders,3,Rate,2014,13452.60348722438,14895.13692199993,11942.2714886263
1,All Population,5,Prevalence,143,Iraq,3,Both,27,Age-standardized,558,Mental disorders,2,Percent,2014,0.1364708987450661,0.1479737505235784,0.1232292347345666
1,All Population,5,Prevalence,143,Iraq,3,Both,27,Age-standardized,558,Mental disorders,3,Rate,2014,13188.25107207769,14308.375273442109,11904.65260398707
1,All Population,5,Prevalence,156,United Arab Emirates,3,Both,27,Age-standardized,558,Mental disorders,2,Percent,2013,0.1174658793585073,0.1276693388070103,0.1052382879750726
1,All Population,5,Prevalence,156,United Arab Emirates,3,Both,27,Age-standardized,558,Mental disorders,3,Rate,2013,11283.42232940653,12284.97752563342,10104.95959962886
1,All Population,5,Prevalence,182,Malawi,3,Both,27,Age-standardized,558,Mental disorders,2,Percent,2014,0.1097070875740491,0.1205432272131513,0.0980516803212916
1,All Population,5,Prevalence,182,Malawi,3,Both,27,Age-standardized,558,Mental disorders,3,Rate,2014,10773.755729807861,11832.130327039431,9615.304470476289
1,All Population,5,Prevalence,48,Hungary,3,Both,27,Age-standardized,558,Mental disorders,2,Percent,2013,0.1206295120745281,0.1344877364310243,0.1066214835904956
1,All Population,5,Prevalence,48,Hungary,3,Both,27,Age-standardized,558,Mental disorders,3,Rate,2013,11376.48721058852,12787.809077611759,10072.911624246279
1,All Population,5,Prevalence,349,Greenland,3,Both,27,Age-standardized,558,Mental disorders,2,Percent,2013,0.161375114860869,0.178558243597794,0.1469437848412504
1,All Population,5,Prevalence,349,Greenland,3,Both,27,Age-standardized,558,Mental disorders,3,Rate,2013,14946.347314404931,16542.47909679705,13478.185948555141
1,All Population,5,Prevalence,198,Zimbabwe,3,Both,27,Age-standardized,558,Mental disorders,2,Percent,2014,0.1137848755858995,0.1251697922360608,0.1003360752222585
1,All Population,5,Prevalence,198,Zimbabwe,3,Both,27,Age-standardized,558,Mental disorders,3,Rate,2014,11080.99584780429,12190.315819743599,9764.180727819099
1,All Population,5,Prevalence,95,United Kingdom,3,Both,27,Age-standardized,558,Mental disorders,2,Percent,2013,0.1735925414807594,0.1877919310317466,0.1588649024204141
1,All Population,5,Prevalence,95,United Kingdom,3,Both,27,Age-standardized,558,Mental disorders,3,Rate,2013,15796.38830651579,17089.94894077088,14461.69864002724
1,All Population,5,Prevalence,20,Viet Nam,3,Both,27,Age-standardized,558,Mental disorders,2,Percent,2013,0.0778498662396112,0.0851871943805139,0.0704525652144242
1,All Population,5,Prevalence,20,Viet Nam,3,Both,27,Age-standardized,558,Mental disorders,3,Rate,2013,7648.98849475472,8368.74048878458,6926.6127485946
1,All Population,5,Prevalence,157,Yemen,3,Both,27,Age-standardized,558,Mental disorders,2,Percent,2012,0.1318126641337968,0.1426464298386971,0.1208882498306646
1,All Population,5,Prevalence,157,Yemen,3,Both,27,Age-standardized,558,Mental disorders,3,Rate,2012,13039.94524787225,14108.72941892023,11973.24781715192
1,All Population,5,Prevalence,111,Dominican Republic,3,Both,27,Age-standardized,558,Mental disorders,2,Percent,2013,0.1588017798270307,0.1745911988148842,0.1416969913786337
1,All Population,5,Prevalence,111,Dominican Republic,3,Both,27,Age-standardized,558,Mental disorders,3,Rate,2013,15385.74826720833,16867.57177705722,13753.358063503349
1,All Population,5,Prevalence,155,Türkiye,3,Both,27,Age-standardized,558,Mental disorders,2,Percent,2013,0.1364375678571649,0.1475178725950749,0.1245585582786443
1,All Population,5,Prevalence,155,Türkiye,3,Both,27,Age-standardized,558,Mental disorders,3,Rate,2013,13122.149819285789,14205.855630495389,11966.26487275577
1,All Population,5,Prevalence,190,Uganda,3,Both,27,Age-standardized,558,Mental disorders,2,Percent,2013,0.1110461952850193,0.1210531414728315,0.0995650917833457
1,All Population,5,Prevalence,190,Uganda,3,Both,27,Age-standardized,558,Mental disorders,3,Rate,2013,11016.26142412345,11999.908863667259,9876.123231063979
1,All Population,5,Prevalence,121,Bolivia (Plurinational State of),3,Both,27,Age-standardized,558,Mental disorders,2,Percent,2013,0.1476171382612555,0.1635268601392261,0.1313287864675857
1,All Population,5,Prevalence,121,Bolivia (Plurinational State of),3,Both,27,Age-standardized,558,Mental disorders,3,Rate,2013,14301.28250079448,15820.698411907972,12717.614143694082
1,All Population,5,Prevalence,130,Mexico,3,Both,27,Age-standardized,558,Mental disorders,2,Percent,2014,0.1247509413663887,0.1364848346604887,0.112503252587248
1,All Population,5,Prevalence,130,Mexico,3,Both,27,Age-standardized,558,Mental disorders,3,Rate,2014,11900.06556044563,13015.70738331101,10756.0595639202
1,All Population,5,Prevalence,396,San Marino,3,Both,27,Age-standardized,558,Mental disorders,2,Percent,2013,0.1525735306779002,0.1642252838723503,0.1427523173941712
1,All Population,5,Prevalence,396,San Marino,3,Both,27,Age-standardized,558,Mental disorders,3,Rate,2013,13968.08252991239,14924.018876967199,12987.154371781071
1,All Population,5,Prevalence,24,Marshall Islands,3,Both,27,Age-standardized,558,Mental disorders,2,Percent,2014,0.1013704957063399,0.1135771233570511,0.0881404239814114
1,All Population,5,Prevalence,24,Marshall Islands,3,Both,27,Age-standardized,558,Mental disorders,3,Rate,2014,9937.2878478243,11146.21165958897,8619.549001248699
1,All Population,5,Prevalence,101,Canada,3,Both,27,Age-standardized,558,Mental disorders,2,Percent,2014,0.1510045129742563,0.1657238571833056,0.1344069497762662
1,All Population,5,Prevalence,101,Canada,3,Both,27,Age-standardized,558,Mental disorders,3,Rate,2014,13967.490132362178,15363.56943368902,12392.536831494072
1,All Population,5,Prevalence,43,Albania,3,Both,27,Age-standardized,558,Mental disorders,2,Percent,2013,0.1165569271084152,0.1313478794893952,0.1027857936077685
1,All Population,5,Prevalence,43,Albania,3,Both,27,Age-standardized,558,Mental disorders,3,Rate,2013,11057.8021820142,12492.312944196441,9765.556509748249
1,All Population,5,Prevalence,37,Kyrgyzstan,3,Both,27,Age-standardized,558,Mental disorders,2,Percent,2014,0.1021437674327045,0.1145927237698066,0.0914611655570183
1,All Population,5,Prevalence,37,Kyrgyzstan,3,Both,27,Age-standardized,558,Mental disorders,3,Rate,2014,9857.5534564469,11062.37357177983,8797.40860536111
1,All Population,5,Prevalence,89,Netherlands,3,Both,27,Age-standardized,558,Mental disorders,2,Percent,2013,0.1794239643392849,0.1906303713539931,0.1666910581991047
1,All Population,5,Prevalence,89,Netherlands,3,Both,27,Age-standardized,558,Mental disorders,3,Rate,2013,16914.501952365878,17987.84515052122,15710.249659237548
1,All Population,5,Prevalence,145,Kuwait,3,Both,27,Age-standardized,558,Mental disorders,2,Percent,2014,0.1271820478748109,0.1365737366013385,0.1175230476936086
1,All Population,5,Prevalence,145,Kuwait,3,Both,27,Age-standardized,558,Mental disorders,3,Rate,2014,12041.14387731886,12895.19643680935,11138.564898917271
1,All Population,5,Prevalence,160,Afghanistan,3,Both,27,Age-standardized,558,Mental disorders,2,Percent,2014,0.1294143645208786,0.139575105737725,0.1185200984424693
1,All Population,5,Prevalence,160,Afghanistan,3,Both,27,Age-standardized,558,Mental disorders,3,Rate,2014,12828.54187765627,13837.573803354311,11777.81990588714
1,All Population,5,Prevalence,19,Timor-Leste,3,Both,27,Age-standardized,558,Mental disorders,2,Percent,2013,0.086988661409309,0.097462549074266,0.0782287291893418
1,All Population,5,Prevalence,19,Timor-Leste,3,Both,27,Age-standardized,558,Mental disorders,3,Rate,2013,8534.84239675575,9559.98751018778,7676.8948844182605
1,All Population,5,Prevalence,144,Jordan,3,Both,27,Age-standardized,558,Mental disorders,2,Percent,2014,0.1335084582361516,0.1444064311867549,0.1223563063904698
1,All Population,5,Prevalence,144,Jordan,3,Both,27,Age-standardized,558,Mental disorders,3,Rate,2014,12765.253210692501,13828.934561265898,11685.3191542973
1,All Population,5,Prevalence,129,Honduras,3,Both,27,Age-standardized,558,Mental disorders,2,Percent,2014,0.1163791908063166,0.1276717638273585,0.1062776143623362
1,All Population,5,Prevalence,129,Honduras,3,Both,27,Age-standardized,558,Mental disorders,3,Rate,2014,11351.83786950053,12445.53456960199,10373.554004697471
1,All Population,5,Prevalence,119,Trinidad and Tobago,3,Both,27,Age-standardized,558,Mental disorders,2,Percent,2013,0.1364147012509462,0.1496844795192493,0.1226333363893633
1,All Population,5,Prevalence,119,Trinidad and Tobago,3,Both,27,Age-standardized,558,Mental disorders,3,Rate,2013,13057.27439534751,14346.34694726652,11716.574791141391
1,All Population,5,Prevalence,212,Mauritania,3,Both,27,Age-standardized,558,Mental disorders,2,Percent,2013,0.1072274641617948,0.1165311759181224,0.0965322614350154
1,All Population,5,Prevalence,212,Mauritania,3,Both,27,Age-standardized,558,Mental disorders,3,Rate,2013,10533.35985403914,11444.50207171,9487.62972830358
1,All Population,5,Prevalence,212,Mauritania,3,Both,27,Age-standardized,558,Mental disorders,2,Percent,2012,0.1068405850037389,0.1158149796954725,0.0961160964312478
1,All Population,5,Prevalence,212,Mauritania,3,Both,27,Age-standardized,558,Mental disorders,3,Rate,2012,10504.92848986129,11383.32433507908,9449.43109320118
1,All Population,5,Prevalence,33,Armenia,3,Both,27,Age-standardized,558,Mental disorders,2,Percent,2014,0.1335787396454554,0.149391645608656,0.1173149073947319
1,All Population,5,Prevalence,33,Armenia,3,Both,27,Age-standardized,558,Mental disorders,3,Rate,2014,12658.46548912865,14200.52667525364,11126.37595097392
1,All Population,5,Prevalence,97,Argentina,3,Both,27,Age-standardized,558,Mental disorders,2,Percent,2013,0.1459410389375924,0.1628154787096618,0.1277846948364029
1,All Population,5,Prevalence,97,Argentina,3,Both,27,Age-standardized,558,Mental disorders,3,Rate,2013,13778.75739091837,15338.261111380341,12031.07329146242
1,All Population,5,Prevalence,178,Eritrea,3,Both,27,Age-standardized,558,Mental disorders,2,Percent,2014,0.1116730398865467,0.122617775097799,0.1003823952393733
1,All Population,5,Prevalence,178,Eritrea,3,Both,27,Age-standardized,558,Mental disorders,3,Rate,2014,10950.83127842614,12007.042294379431,9831.24901199291
1,All Population,5,Prevalence,109,Cuba,3,Both,27,Age-standardized,558,Mental disorders,2,Percent,2014,0.1563560796446009,0.1723784478678402,0.1397206906267078
1,All Population,5,Prevalence,109,Cuba,3,Both,27,Age-standardized,558,Mental disorders,3,Rate,2014,15084.139419861081,16615.91294960372,13475.04397263998
1,All Population,5,Prevalence,30,Vanuatu,3,Both,27,Age-standardized,558,Mental disorders,2,Percent,2014,0.1005610774718589,0.1123284040697712,0.0877010754534787
1,All Population,5,Prevalence,30,Vanuatu,3,Both,27,Age-standardized,558,Mental disorders,3,Rate,2014,9918.6951320494,11070.73526475415,8647.413977688891
1,All Population,5,Prevalence,50,Montenegro,3,Both,27,Age-standardized,558,Mental disorders,2,Percent,2013,0.127649812765725,0.1443032758714709,0.1115122060212248
1,All Population,5,Prevalence,50,Montenegro,3,Both,27,Age-standardized,558,Mental disorders,3,Rate,2013,12004.09354243933,13632.897836462509,10519.02677093212
1,All Population,5,Prevalence,38,Mongolia,3,Both,27,Age-standardized,558,Mental disorders,2,Percent,2014,0.1105661243205159,0.1228912201763144,0.0979994138113482
1,All Population,5,Prevalence,38,Mongolia,3,Both,27,Age-standardized,558,Mental disorders,3,Rate,2014,10558.085044142459,11738.32469260703,9369.13528962136
1,All Population,5,Prevalence,11,Indonesia,3,Both,27,Age-standardized,558,Mental disorders,2,Percent,2014,0.0822782998461036,0.0912683015962505,0.074164938591341
1,All Population,5,Prevalence,11,Indonesia,3,Both,27,Age-standardized,558,Mental disorders,3,Rate,2014,8019.01727274585,8887.21095028455,7234.213703061209
1,All Population,5,Prevalence,416,Tuvalu,3,Both,27,Age-standardized,558,Mental disorders,2,Percent,2013,0.1011900106819724,0.1128474568126142,0.0878664246251909
1,All Population,5,Prevalence,416,Tuvalu,3,Both,27,Age-standardized,558,Mental disorders,3,Rate,2013,9884.84649749214,11041.14121522443,8597.505601319259
1,All Population,5,Prevalence,163,India,3,Both,27,Age-standardized,558,Mental disorders,2,Percent,2014,0.1163297328023571,0.129425820401203,0.1053549614194795
1,All Population,5,Prevalence,163,India,3,Both,27,Age-standardized,558,Mental disorders,3,Rate,2014,11437.59868231354,12709.57655516988,10357.66344587499
1,All Population,5,Prevalence,150,Oman,3,Both,27,Age-standardized,558,Mental disorders,2,Percent,2013,0.1248387873693043,0.13460740055965,0.1148881222221794
1,All Population,5,Prevalence,150,Oman,3,Both,27,Age-standardized,558,Mental disorders,3,Rate,2013,12143.69186288043,13061.570403827041,11154.40190921075
1,All Population,5,Prevalence,47,Czechia,3,Both,27,Age-standardized,558,Mental disorders,2,Percent,2014,0.1248766616523156,0.1385429613204304,0.1098702882010798
1,All Population,5,Prevalence,47,Czechia,3,Both,27,Age-standardized,558,Mental disorders,3,Rate,2014,11742.558862563621,13060.95356697441,10314.16270125069
1,All Population,5,Prevalence,26,Papua New Guinea,3,Both,27,Age-standardized,558,Mental disorders,2,Percent,2014,0.1005785008559353,0.1123143992486538,0.0874505464536262
1,All Population,5,Prevalence,26,Papua New Guinea,3,Both,27,Age-standardized,558,Mental disorders,3,Rate,2014,9987.60332414267,11161.52192426974,8675.36867607078
1,All Population,5,Prevalence,126,Costa Rica,3,Both,27,Age-standardized,558,Mental disorders,2,Percent,2014,0.1234869087494003,0.1353534038243397,0.1132861100323364
1,All Population,5,Prevalence,126,Costa Rica,3,Both,27,Age-standardized,558,Mental disorders,3,Rate,2014,11776.92098524111,12919.34801769786,10781.32831550188
1,All Population,5,Prevalence,156,United Arab Emirates,3,Both,27,Age-standardized,558,Mental disorders,2,Percent,2014,0.1184727188436644,0.129210928522762,0.1061290673419307
1,All Population,5,Prevalence,156,United Arab Emirates,3,Both,27,Age-standardized,558,Mental disorders,3,Rate,2014,11376.73058982087,12406.95558098256,10183.533453413509
1,All Population,5,Prevalence,181,Madagascar,3,Both,27,Age-standardized,558,Mental disorders,2,Percent,2013,0.1098425417805896,0.1201821919947579,0.0983988897531324
1,All Population,5,Prevalence,181,Madagascar,3,Both,27,Age-standardized,558,Mental disorders,3,Rate,2013,10893.40480584131,11923.841978754741,9766.35767957497
1,All Population,5,Prevalence,115,Jamaica,3,Both,27,Age-standardized,558,Mental disorders,2,Percent,2014,0.1380657611966502,0.1517950314568217,0.1243832215279391
1,All Population,5,Prevalence,115,Jamaica,3,Both,27,Age-standardized,558,Mental disorders,3,Rate,2014,13410.72722413833,14715.136251693239,12036.96167022697
1,All Population,5,Prevalence,128,Guatemala,3,Both,27,Age-standardized,558,Mental disorders,2,Percent,2014,0.1254938673906664,0.1369129212331077,0.1149999752129371
1,All Population,5,Prevalence,128,Guatemala,3,Both,27,Age-standardized,558,Mental disorders,3,Rate,2014,12165.19761021601,13326.7634543828,11158.82890154201
1,All Population,5,Prevalence,15,Myanmar,3,Both,27,Age-standardized,558,Mental disorders,2,Percent,2014,0.0867501070179675,0.0954326787990517,0.0783105753024614
1,All Population,5,Prevalence,15,Myanmar,3,Both,27,Age-standardized,558,Mental disorders,3,Rate,2014,8455.72937427865,9297.11699352121,7618.019312087281
1,All Population,5,Prevalence,39,Tajikistan,3,Both,27,Age-standardized,558,Mental disorders,2,Percent,2014,0.1072295996428526,0.1207739544013134,0.0949903522860445
1,All Population,5,Prevalence,39,Tajikistan,3,Both,27,Age-standardized,558,Mental disorders,3,Rate,2014,10335.95105705785,11660.09120304078,9172.247618726979
1,All Population,5,Prevalence,58,Estonia,3,Both,27,Age-standardized,558,Mental disorders,2,Percent,2014,0.1172851170278587,0.1299063066381521,0.1048439490385289
1,All Population,5,Prevalence,58,Estonia,3,Both,27,Age-standardized,558,Mental disorders,3,Rate,2014,10847.50687332701,12013.624202552519,9695.38798229482
1,All Population,5,Prevalence,150,Oman,3,Both,27,Age-standardized,558,Mental disorders,2,Percent,2014,0.1246973448616528,0.1342379862128419,0.1146629505314105
1,All Population,5,Prevalence,150,Oman,3,Both,27,Age-standardized,558,Mental disorders,3,Rate,2014,12125.82505597289,13069.73144697766,11152.65138512767
1,All Population,5,Prevalence,80,France,3,Both,27,Age-standardized,558,Mental disorders,2,Percent,2014,0.1633440281133722,0.1794203586913861,0.1455351546988963
1,All Population,5,Prevalence,80,France,3,Both,27,Age-standardized,558,Mental disorders,3,Rate,2014,14835.29872687125,16365.90384105669,13191.01382266487
1,All Population,5,Prevalence,171,Democratic Republic of the Congo,3,Both,27,Age-standardized,558,Mental disorders,2,Percent,2014,0.1274597198623425,0.1436734514241747,0.1113124396613272
1,All Population,5,Prevalence,171,Democratic Republic of the Congo,3,Both,27,Age-standardized,558,Mental disorders,3,Rate,2014,12710.13086940776,14327.730042688969,11104.76752823087
1,All Population,5,Prevalence,77,Cyprus,3,Both,27,Age-standardized,558,Mental disorders,2,Percent,2014,0.157529949939751,0.1701809715963544,0.1464320350950917
1,All Population,5,Prevalence,77,Cyprus,3,Both,27,Age-standardized,558,Mental disorders,3,Rate,2014,14633.49824387333,15734.86642648362,13575.10703132473
1,All Population,5,Prevalence,102,United States of America,3,Both,27,Age-standardized,558,Mental disorders,2,Percent,2014,0.1629723771678031,0.1764302480320529,0.1517360994879365
1,All Population,5,Prevalence,102,United States of America,3,Both,27,Age-standardized,558,Mental disorders,3,Rate,2014,14858.96195805258,16122.5940686128,13749.12438123555
1,All Population,5,Prevalence,8,Taiwan,3,Both,27,Age-standardized,558,Mental disorders,2,Percent,2014,0.1042468197393508,0.1137070769769499,0.0943867356995145
1,All Population,5,Prevalence,8,Taiwan,3,Both,27,Age-standardized,558,Mental disorders,3,Rate,2014,9822.80336667654,10727.12763462381,8842.62835366907
1,All Population,5,Prevalence,27,Samoa,3,Both,27,Age-standardized,558,Mental disorders,2,Percent,2014,0.101744109902277,0.1137604441490798,0.0888258088625272
1,All Population,5,Prevalence,27,Samoa,3,Both,27,Age-standardized,558,Mental disorders,3,Rate,2014,9889.30420451079,11024.58392812459,8615.97696865296
1,All Population,5,Prevalence,85,Israel,3,Both,27,Age-standardized,558,Mental disorders,2,Percent,2014,0.1459760666544682,0.1597286128660529,0.1311412828569015
1,All Population,5,Prevalence,85,Israel,3,Both,27,Age-standardized,558,Mental disorders,3,Rate,2014,13572.40447792892,14889.66222925284,12170.323657035071
1,All Population,5,Prevalence,132,Panama,3,Both,27,Age-standardized,558,Mental disorders,2,Percent,2014,0.1114876215928349,0.1219978096575834,0.102487278587808
1,All Population,5,Prevalence,132,Panama,3,Both,27,Age-standardized,558,Mental disorders,3,Rate,2014,10624.577364390569,11635.01249124285,9728.678488327661
1,All Population,5,Prevalence,184,Mozambique,3,Both,27,Age-standardized,558,Mental disorders,2,Percent,2014,0.1220859004584731,0.1343857065515915,0.1084903618376856
1,All Population,5,Prevalence,184,Mozambique,3,Both,27,Age-standardized,558,Mental disorders,3,Rate,2014,12113.02204942167,13344.56729931134,10763.9053656057
1,All Population,5,Prevalence,200,Benin,3,Both,27,Age-standardized,558,Mental disorders,2,Percent,2014,0.1270067502354281,0.1388921509762684,0.1123600849348828
1,All Population,5,Prevalence,200,Benin,3,Both,27,Age-standardized,558,Mental disorders,3,Rate,2014,12602.25634581971,13783.91617877785,11145.34306283006
1,All Population,5,Prevalence,46,Croatia,3,Both,27,Age-standardized,558,Mental disorders,2,Percent,2014,0.1265517629999482,0.1429009603595406,0.1102350387127664
1,All Population,5,Prevalence,46,Croatia,3,Both,27,Age-standardized,558,Mental disorders,3,Rate,2014,12025.51466907274,13610.11961021715,10486.99265550981
1,All Population,5,Prevalence,69,Singapore,3,Both,27,Age-standardized,558,Mental disorders,2,Percent,2014,0.1141540473739376,0.1267760208414742,0.1029942093381863
1,All Population,5,Prevalence,69,Singapore,3,Both,27,Age-standardized,558,Mental disorders,3,Rate,2014,10223.76561478863,11342.86360329737,9173.725336944539
1,All Population,5,Prevalence,84,Ireland,3,Both,27,Age-standardized,558,Mental disorders,2,Percent,2014,0.167655973235097,0.1833651100152563,0.1507582788719414
1,All Population,5,Prevalence,84,Ireland,3,Both,27,Age-standardized,558,Mental disorders,3,Rate,2014,15482.130459248061,16889.46970024125,13874.511367998099
1,All Population,5,Prevalence,116,Saint Lucia,3,Both,27,Age-standardized,558,Mental disorders,2,Percent,2014,0.1458840612178123,0.16059741396253,0.1316419354807184
1,All Population,5,Prevalence,116,Saint Lucia,3,Both,27,Age-standardized,558,Mental disorders,3,Rate,2014,14078.341241798089,15539.136693471888,12644.31142288417
1,All Population,5,Prevalence,207,Ghana,3,Both,27,Age-standardized,558,Mental disorders,2,Percent,2014,0.1211319415733259,0.1318279636651124,0.1089927186244916
1,All Population,5,Prevalence,207,Ghana,3,Both,27,Age-standardized,558,Mental disorders,3,Rate,2014,11979.90557368816,13016.35325623967,10783.97785726332
1,All Population,5,Prevalence,43,Albania,3,Both,27,Age-standardized,558,Mental disorders,2,Percent,2014,0.1177026903526118,0.1322343289721342,0.1040639310597828
1,All Population,5,Prevalence,43,Albania,3,Both,27,Age-standardized,558,Mental disorders,3,Rate,2014,11153.98434606266,12568.08223972018,9877.395281548539
1,All Population,5,Prevalence,162,Bhutan,3,Both,27,Age-standardized,558,Mental disorders,2,Percent,2014,0.1120367050417304,0.122925141899162,0.1015729540900442
1,All Population,5,Prevalence,162,Bhutan,3,Both,27,Age-standardized,558,Mental disorders,3,Rate,2014,10678.5222581043,11718.68892635535,9707.87516521351
1,All Population,5,Prevalence,147,Libya,3,Both,27,Age-standardized,558,Mental disorders,2,Percent,2014,0.1385921568491818,0.1488051321341052,0.1273699406625845
1,All Population,5,Prevalence,147,Libya,3,Both,27,Age-standardized,558,Mental disorders,3,Rate,2014,13406.37487990915,14360.021080409499,12310.51100036282
1,All Population,5,Prevalence,53,Serbia,3,Both,27,Age-standardized,558,Mental disorders,2,Percent,2014,0.1309632210978372,0.1480188426856998,0.1150303955314883
1,All Population,5,Prevalence,53,Serbia,3,Both,27,Age-standardized,558,Mental disorders,3,Rate,2014,12436.968637291,14015.731031808678,10889.71727721521
1,All Population,5,Prevalence,196,South Africa,3,Both,27,Age-standardized,558,Mental disorders,2,Percent,2014,0.1133899059229339,0.1241254113388902,0.1020402560735655
1,All Population,5,Prevalence,196,South Africa,3,Both,27,Age-standardized,558,Mental disorders,3,Rate,2014,11174.10975418099,12233.693942114909,10066.51471473454
1,All Population,5,Prevalence,141,Egypt,3,Both,27,Age-standardized,558,Mental disorders,2,Percent,2014,0.1393489392697892,0.1517909860631451,0.1252742458923064
1,All Population,5,Prevalence,141,Egypt,3,Both,27,Age-standardized,558,Mental disorders,3,Rate,2014,13473.551883569959,14666.280916003449,12108.59606788124
1,All Population,5,Prevalence,92,Spain,3,Both,27,Age-standardized,558,Mental disorders,2,Percent,2014,0.1615753734857808,0.1769818282336719,0.1456086123374425
1,All Population,5,Prevalence,92,Spain,3,Both,27,Age-standardized,558,Mental disorders,3,Rate,2014,14852.05414233129,16306.79069042406,13366.271737251769
1,All Population,5,Prevalence,215,Sao Tome and Principe,3,Both,27,Age-standardized,558,Mental disorders,2,Percent,2014,0.1178711158603567,0.1283037662855835,0.1045732626390841
1,All Population,5,Prevalence,215,Sao Tome and Principe,3,Both,27,Age-standardized,558,Mental disorders,3,Rate,2014,11685.07332060896,12706.8652331159,10386.267463182961
1,All Population,5,Prevalence,127,El Salvador,3,Both,27,Age-standardized,558,Mental disorders,2,Percent,2014,0.1200068843614796,0.1316300405856519,0.1096175991841675
1,All Population,5,Prevalence,127,El Salvador,3,Both,27,Age-standardized,558,Mental disorders,3,Rate,2014,11531.60726116251,12617.00804906307,10528.07857590866
1,All Population,5,Prevalence,93,Sweden,3,Both,27,Age-standardized,558,Mental disorders,2,Percent,2014,0.1431034024361667,0.1542903829192098,0.132487464819642
1,All Population,5,Prevalence,93,Sweden,3,Both,27,Age-standardized,558,Mental disorders,3,Rate,2014,13183.886665983111,14194.64575102114,12157.604062702709
1,All Population,5,Prevalence,59,Latvia,3,Both,27,Age-standardized,558,Mental disorders,2,Percent,2014,0.1200892841987566,0.1325349501033653,0.1079257702102199
1,All Population,5,Prevalence,59,Latvia,3,Both,27,Age-standardized,558,Mental disorders,3,Rate,2014,11144.46786006551,12256.28855945428,9984.09094471537
1,All Population,5,Prevalence,40,Turkmenistan,3,Both,27,Age-standardized,558,Mental disorders,2,Percent,2014,0.1045655400117759,0.1168327015645034,0.0935648713341072
1,All Population,5,Prevalence,40,Turkmenistan,3,Both,27,Age-standardized,558,Mental disorders,3,Rate,2014,9900.31522987908,11076.23081013465,8853.99944072103
1,All Population,5,Prevalence,380,Palau,3,Both,27,Age-standardized,558,Mental disorders,2,Percent,2014,0.1033397076191093,0.1152097395985934,0.0904248259698361
1,All Population,5,Prevalence,380,Palau,3,Both,27,Age-standardized,558,Mental disorders,3,Rate,2014,9980.16241936396,11111.95613513619,8705.26201937397
1,All Population,5,Prevalence,175,Burundi,3,Both,27,Age-standardized,558,Mental disorders,2,Percent,2014,0.1127917015696166,0.1236064764190633,0.1008936009992901
1,All Population,5,Prevalence,175,Burundi,3,Both,27,Age-standardized,558,Mental disorders,3,Rate,2014,11118.652863324189,12187.243603111328,9933.34117737419
1,All Population,5,Prevalence,177,Djibouti,3,Both,27,Age-standardized,558,Mental disorders,2,Percent,2014,0.1056097893906694,0.1157811607096655,0.0952955378605234
1,All Population,5,Prevalence,177,Djibouti,3,Both,27,Age-standardized,558,Mental disorders,3,Rate,2014,10315.58236568575,11274.64370997369,9311.61069742211
1,All Population,5,Prevalence,191,Zambia,3,Both,27,Age-standardized,558,Mental disorders,2,Percent,2014,0.1123763528872103,0.1232009291833388,0.1003065193589408
1,All Population,5,Prevalence,191,Zambia,3,Both,27,Age-standardized,558,Mental disorders,3,Rate,2014,11142.514468281619,12224.28112228311,9958.269930441329
1,All Population,5,Prevalence,152,Saudi Arabia,3,Both,27,Age-standardized,558,Mental disorders,2,Percent,2014,0.1446491459163774,0.1585554027171437,0.1280715872849768
1,All Population,5,Prevalence,152,Saudi Arabia,3,Both,27,Age-standardized,558,Mental disorders,3,Rate,2014,13965.7837053276,15304.79636448786,12359.16965924918
1,All Population,5,Prevalence,202,Cameroon,3,Both,27,Age-standardized,558,Mental disorders,2,Percent,2014,0.1259483210422523,0.1374405320271751,0.1113225076556007
1,All Population,5,Prevalence,202,Cameroon,3,Both,27,Age-standardized,558,Mental disorders,3,Rate,2014,12454.19949606364,13606.98393288402,11010.14105613628
1,All Population,5,Prevalence,422,United States Virgin Islands,3,Both,27,Age-standardized,558,Mental disorders,2,Percent,2014,0.1462317251004601,0.1608422323377013,0.1314678652765376
1,All Population,5,Prevalence,422,United States Virgin Islands,3,Both,27,Age-standardized,558,Mental disorders,3,Rate,2014,13939.96428264136,15288.91118222924,12525.18442539876
1,All Population,5,Prevalence,106,Bahamas,3,Both,27,Age-standardized,558,Mental disorders,2,Percent,2014,0.1476639137099362,0.1625572173246149,0.1331027305386897
1,All Population,5,Prevalence,106,Bahamas,3,Both,27,Age-standardized,558,Mental disorders,3,Rate,2014,14204.023032503841,15661.51395989815,12775.8711947805
1,All Population,5,Prevalence,14,Maldives,3,Both,27,Age-standardized,558,Mental disorders,2,Percent,2014,0.0860278642560669,0.0948154250529127,0.078572857024854
1,All Population,5,Prevalence,14,Maldives,3,Both,27,Age-standardized,558,Mental disorders,3,Rate,2014,8261.798402952809,9080.72126719978,7539.801759289439
1,All Population,5,Prevalence,74,Andorra,3,Both,27,Age-standardized,558,Mental disorders,2,Percent,2014,0.1524669890455076,0.1638581711977154,0.1420585598873264
1,All Population,5,Prevalence,74,Andorra,3,Both,27,Age-standardized,558,Mental disorders,3,Rate,2014,13957.02616785262,14953.46677458721,12924.590955747059
1,All Population,5,Prevalence,62,Russian Federation,3,Both,27,Age-standardized,558,Mental disorders,2,Percent,2014,0.1157582654784424,0.1268857636376931,0.1040870259141442
1,All Population,5,Prevalence,62,Russian Federation,3,Both,27,Age-standardized,558,Mental disorders,3,Rate,2014,10807.84847277093,11856.79894256409,9712.51232375914
1,All Population,5,Prevalence,111,Dominican Republic,3,Both,27,Age-standardized,558,Mental disorders,2,Percent,2014,0.1577764677173807,0.1738456483740396,0.1409263984285199
1,All Population,5,Prevalence,111,Dominican Republic,3,Both,27,Age-standardized,558,Mental disorders,3,Rate,2014,15281.867467602831,16814.28134757402,13662.25444975232
1,All Population,5,Prevalence,298,American Samoa,3,Both,27,Age-standardized,558,Mental disorders,2,Percent,2014,0.1032083830501422,0.115343702238487,0.0902798843892728
1,All Population,5,Prevalence,298,American Samoa,3,Both,27,Age-standardized,558,Mental disorders,3,Rate,2014,9937.82770747335,11073.24453085182,8674.1966999097
1,All Population,5,Prevalence,131,Nicaragua,3,Both,27,Age-standardized,558,Mental disorders,2,Percent,2014,0.1224570376554079,0.1337834601206103,0.111900009388669
1,All Population,5,Prevalence,131,Nicaragua,3,Both,27,Age-standardized,558,Mental disorders,3,Rate,2014,11822.40859431366,12907.992132710819,10812.89679644371
1,All Population,5,Prevalence,146,Lebanon,3,Both,27,Age-standardized,558,Mental disorders,2,Percent,2014,0.1514636636649379,0.1650864784389429,0.1355949796557626
1,All Population,5,Prevalence,146,Lebanon,3,Both,27,Age-standardized,558,Mental disorders,3,Rate,2014,14470.955066433711,15792.62527110638,12905.20868954456
1,All Population,5,Prevalence,99,Uruguay,3,Both,27,Age-standardized,558,Mental disorders,2,Percent,2014,0.1525589946499623,0.1696217544855292,0.1337433135953069
1,All Population,5,Prevalence,99,Uruguay,3,Both,27,Age-standardized,558,Mental disorders,3,Rate,2014,14316.81785713162,15869.24157030096,12617.38489766187
1,All Population,5,Prevalence,209,Guinea-Bissau,3,Both,27,Age-standardized,558,Mental disorders,2,Percent,2014,0.1197148907954715,0.1301769324690887,0.1060550324039096
1,All Population,5,Prevalence,209,Guinea-Bissau,3,Both,27,Age-standardized,558,Mental disorders,3,Rate,2014,11886.18394307506,12908.24501235076,10533.27471698327
1,All Population,5,Prevalence,367,Monaco,3,Both,27,Age-standardized,558,Mental disorders,2,Percent,2014,0.1550004579564945,0.1664350471816996,0.1448942614029101
1,All Population,5,Prevalence,367,Monaco,3,Both,27,Age-standardized,558,Mental disorders,3,Rate,2014,14175.99261527725,15191.830607179068,13140.76884012981
1,All Population,5,Prevalence,180,Kenya,3,Both,27,Age-standardized,558,Mental disorders,2,Percent,2014,0.1077946500411273,0.1179071349464667,0.0977019643079389
1,All Population,5,Prevalence,180,Kenya,3,Both,27,Age-standardized,558,Mental disorders,3,Rate,2014,10582.03865909215,11573.37857882121,9597.54199555139
1,All Population,5,Prevalence,206,Gambia,3,Both,27,Age-standardized,558,Mental disorders,2,Percent,2014,0.1198854498297764,0.1306870763825678,0.1061278123912712
1,All Population,5,Prevalence,206,Gambia,3,Both,27,Age-standardized,558,Mental disorders,3,Rate,2014,11808.73707432521,12868.3434643827,10456.70177525356
1,All Population,5,Prevalence,10,Cambodia,3,Both,27,Age-standardized,558,Mental disorders,2,Percent,2014,0.093691155998759,0.1030255339804369,0.0848849182450373
1,All Population,5,Prevalence,10,Cambodia,3,Both,27,Age-standardized,558,Mental disorders,3,Rate,2014,9189.44297220725,10101.329092446811,8316.6012281646
1,All Population,5,Prevalence,117,Saint Vincent and the Grenadines,3,Both,27,Age-standardized,558,Mental disorders,2,Percent,2014,0.1448109956906391,0.1593206540963257,0.1303885388416332
1,All Population,5,Prevalence,117,Saint Vincent and the Grenadines,3,Both,27,Age-standardized,558,Mental disorders,3,Rate,2014,14017.92650460144,15446.082047554099,12581.732254050981
1,All Population,5,Prevalence,151,Qatar,3,Both,27,Age-standardized,558,Mental disorders,2,Percent,2014,0.1171803322888302,0.1260802805042186,0.1068294415337563
1,All Population,5,Prevalence,151,Qatar,3,Both,27,Age-standardized,558,Mental disorders,3,Rate,2014,11173.835145823099,12047.89374076121,10175.453373941009
1,All Population,5,Prevalence,140,Bahrain,3,Both,27,Age-standardized,558,Mental disorders,2,Percent,2014,0.1405310428449001,0.151031814063367,0.1299238687378261
1,All Population,5,Prevalence,140,Bahrain,3,Both,27,Age-standardized,558,Mental disorders,3,Rate,2014,13588.679894948518,14528.70498025162,12604.90788232927
1,All Population,5,Prevalence,187,Somalia,3,Both,27,Age-standardized,558,Mental disorders,2,Percent,2014,0.1078756015788,0.1180088130223941,0.0964331078081081
1,All Population,5,Prevalence,187,Somalia,3,Both,27,Age-standardized,558,Mental disorders,3,Rate,2014,10713.76298297383,11729.335384304131,9585.23811165531
1,All Population,5,Prevalence,29,Tonga,3,Both,27,Age-standardized,558,Mental disorders,2,Percent,2014,0.1158241055921042,0.1366011810943712,0.0960207501004249
1,All Population,5,Prevalence,29,Tonga,3,Both,27,Age-standardized,558,Mental disorders,3,Rate,2014,11224.648537431869,13263.98656609131,9306.842286400339
1,All Population,5,Prevalence,369,Nauru,3,Both,27,Age-standardized,558,Mental disorders,2,Percent,2014,0.1015423946271771,0.1138017481684437,0.0884301747267689
1,All Population,5,Prevalence,369,Nauru,3,Both,27,Age-standardized,558,Mental disorders,3,Rate,2014,9911.759104112,11129.81823025579,8606.85009488321
1,All Population,5,Prevalence,35,Georgia,3,Both,27,Age-standardized,558,Mental disorders,2,Percent,2014,0.1179217364132109,0.1308978374848584,0.1050967232191904
1,All Population,5,Prevalence,35,Georgia,3,Both,27,Age-standardized,558,Mental disorders,3,Rate,2014,11232.360635213989,12464.61686408117,10036.55659207347
1,All Population,5,Prevalence,168,Angola,3,Both,27,Age-standardized,558,Mental disorders,2,Percent,2014,0.1426674280964539,0.1601703556337353,0.1247497899971385
1,All Population,5,Prevalence,168,Angola,3,Both,27,Age-standardized,558,Mental disorders,3,Rate,2014,14084.99830373872,15791.76766550921,12304.12556252225
1,All Population,5,Prevalence,393,Saint Kitts and Nevis,3,Both,27,Age-standardized,558,Mental disorders,2,Percent,2014,0.1475026706784169,0.1627115003894108,0.1330816321739896
1,All Population,5,Prevalence,393,Saint Kitts and Nevis,3,Both,27,Age-standardized,558,Mental disorders,3,Rate,2014,14131.09792710648,15548.716897407749,12697.67601454184
1,All Population,5,Prevalence,194,Lesotho,3,Both,27,Age-standardized,558,Mental disorders,2,Percent,2014,0.1047123074509748,0.1141134230405669,0.0931416591270281
1,All Population,5,Prevalence,194,Lesotho,3,Both,27,Age-standardized,558,Mental disorders,3,Rate,2014,10381.45749220489,11308.77927184411,9254.1308657926
1,All Population,5,Prevalence,121,Bolivia (Plurinational State of),3,Both,27,Age-standardized,558,Mental disorders,2,Percent,2014,0.147659271049711,0.1634536851996194,0.1314317747283451
1,All Population,5,Prevalence,121,Bolivia (Plurinational State of),3,Both,27,Age-standardized,558,Mental disorders,3,Rate,2014,14296.14895192116,15790.866627835801,12705.92573104615
1,All Population,5,Prevalence,214,Nigeria,3,Both,27,Age-standardized,558,Mental disorders,2,Percent,2014,0.1192805256693559,0.130630583081773,0.1057923750579411
1,All Population,5,Prevalence,214,Nigeria,3,Both,27,Age-standardized,558,Mental disorders,3,Rate,2014,11838.81529075482,12957.539353517961,10488.09859211686
1,All Population,5,Prevalence,183,Mauritius,3,Both,27,Age-standardized,558,Mental disorders,2,Percent,2014,0.0976621535423027,0.1099675768995447,0.0877020317514498
1,All Population,5,Prevalence,183,Mauritius,3,Both,27,Age-standardized,558,Mental disorders,3,Rate,2014,9448.50942426744,10602.34649919766,8430.667019057279
1,All Population,5,Prevalence,201,Burkina Faso,3,Both,27,Age-standardized,558,Mental disorders,2,Percent,2014,0.129031166256832,0.1402836620860692,0.1143324854249202
1,All Population,5,Prevalence,201,Burkina Faso,3,Both,27,Age-standardized,558,Mental disorders,3,Rate,2014,12829.98942798286,13938.54134020241,11365.366994796761
1,All Population,5,Prevalence,48,Hungary,3,Both,27,Age-standardized,558,Mental disorders,2,Percent,2014,0.1204700149457406,0.1345651629113016,0.1066102932506311
1,All Population,5,Prevalence,48,Hungary,3,Both,27,Age-standardized,558,Mental disorders,3,Rate,2014,11336.62165471813,12675.92808812263,10054.544229797679
1,All Population,5,Prevalence,217,Sierra Leone,3,Both,27,Age-standardized,558,Mental disorders,2,Percent,2014,0.1263792803364386,0.1378482543697336,0.1117576568314406
1,All Population,5,Prevalence,217,Sierra Leone,3,Both,27,Age-standardized,558,Mental disorders,3,Rate,2014,12547.71373464609,13690.35720080009,11090.66905847243
1,All Population,5,Prevalence,87,Luxembourg,3,Both,27,Age-standardized,558,Mental disorders,2,Percent,2014,0.1483953773235101,0.159184199263238,0.1383525671410494
1,All Population,5,Prevalence,87,Luxembourg,3,Both,27,Age-standardized,558,Mental disorders,3,Rate,2014,13564.428053641788,14518.951385226008,12642.62838991593
1,All Population,5,Prevalence,164,Nepal,3,Both,27,Age-standardized,558,Mental disorders,2,Percent,2014,0.1059391612700304,0.116605049642531,0.0970326587975358
1,All Population,5,Prevalence,164,Nepal,3,Both,27,Age-standardized,558,Mental disorders,3,Rate,2014,10228.81016852666,11267.00415236759,9369.17620787781
1,All Population,5,Prevalence,149,Palestine,3,Both,27,Age-standardized,558,Mental disorders,2,Percent,2014,0.1437078462673213,0.1542690755077069,0.1318949517306645
1,All Population,5,Prevalence,149,Palestine,3,Both,27,Age-standardized,558,Mental disorders,3,Rate,2014,13929.720423569941,14941.093211290421,12795.781333834031
1,All Population,5,Prevalence,61,Republic of Moldova,3,Both,27,Age-standardized,558,Mental disorders,2,Percent,2014,0.1197562612894326,0.1322651896549135,0.1066911774119547
1,All Population,5,Prevalence,61,Republic of Moldova,3,Both,27,Age-standardized,558,Mental disorders,3,Rate,2014,11235.0858867354,12422.682077528769,9997.81394028633
1,All Population,5,Prevalence,17,Sri Lanka,3,Both,27,Age-standardized,558,Mental disorders,2,Percent,2014,0.090711150720001,0.1006809386391238,0.0822484273093677
1,All Population,5,Prevalence,17,Sri Lanka,3,Both,27,Age-standardized,558,Mental disorders,3,Rate,2014,8707.75767427025,9664.20062980661,7900.952377895231
1,All Population,5,Prevalence,165,Pakistan,3,Both,27,Age-standardized,558,Mental disorders,2,Percent,2014,0.1206733196481999,0.132325159165245,0.1092593713649962
1,All Population,5,Prevalence,165,Pakistan,3,Both,27,Age-standardized,558,Mental disorders,3,Rate,2014,11660.13678774645,12741.054748811432,10538.890653283139
1,All Population,5,Prevalence,34,Azerbaijan,3,Both,27,Age-standardized,558,Mental disorders,2,Percent,2014,0.1169321322991537,0.1313956238485645,0.1034801286965038
1,All Population,5,Prevalence,34,Azerbaijan,3,Both,27,Age-standardized,558,Mental disorders,3,Rate,2014,11141.654573023641,12501.76726820102,9858.68899556653
1,All Population,5,Prevalence,305,Bermuda,3,Both,27,Age-standardized,558,Mental disorders,2,Percent,2014,0.1512106747802438,0.1668203778796654,0.1363650765366455
1,All Population,5,Prevalence,305,Bermuda,3,Both,27,Age-standardized,558,Mental disorders,3,Rate,2014,14396.092070360812,15833.95786486822,12961.503543529421
1,All Population,5,Prevalence,55,Slovenia,3,Both,27,Age-standardized,558,Mental disorders,2,Percent,2014,0.130195394505483,0.1462987366216781,0.1142316953067565
1,All Population,5,Prevalence,55,Slovenia,3,Both,27,Age-standardized,558,Mental disorders,3,Rate,2014,12198.720580589501,13699.50636451193,10743.524745770499
1,All Population,5,Prevalence,211,Mali,3,Both,27,Age-standardized,558,Mental disorders,2,Percent,2014,0.115570084402661,0.125852200359201,0.1025066382451908
1,All Population,5,Prevalence,211,Mali,3,Both,27,Age-standardized,558,Mental disorders,3,Rate,2014,11469.05586667066,12503.767146432909,10171.5642898839
1,All Population,5,Prevalence,89,Netherlands,3,Both,27,Age-standardized,558,Mental disorders,2,Percent,2015,0.1834074512165624,0.1959365164781095,0.1697969596641869
1,All Population,5,Prevalence,89,Netherlands,3,Both,27,Age-standardized,558,Mental disorders,3,Rate,2015,17122.83282453356,18276.83732580812,15890.95438613696
1,All Population,5,Prevalence,349,Greenland,3,Both,27,Age-standardized,558,Mental disorders,2,Percent,2014,0.1622086712233075,0.1789327860418008,0.1474456735922919
1,All Population,5,Prevalence,349,Greenland,3,Both,27,Age-standardized,558,Mental disorders,3,Rate,2014,15007.1052082936,16550.052047435922,13509.64852610104
1,All Population,5,Prevalence,396,San Marino,3,Both,27,Age-standardized,558,Mental disorders,2,Percent,2014,0.155432195630594,0.1667436013753074,0.1451044854927498
1,All Population,5,Prevalence,396,San Marino,3,Both,27,Age-standardized,558,Mental disorders,3,Rate,2014,14231.56169035677,15201.17084827423,13212.51242905257
1,All Population,5,Prevalence,142,Iran (Islamic Republic of),3,Both,27,Age-standardized,558,Mental disorders,2,Percent,2014,0.1759486613365337,0.1893457237251259,0.161608237966582
1,All Population,5,Prevalence,142,Iran (Islamic Republic of),3,Both,27,Age-standardized,558,Mental disorders,3,Rate,2014,17017.376009090298,18288.03979311445,15610.18736373436
1,All Population,5,Prevalence,153,Syrian Arab Republic,3,Both,27,Age-standardized,558,Mental disorders,2,Percent,2014,0.1662918807971099,0.1844485929472933,0.1486553595715515
1,All Population,5,Prevalence,153,Syrian Arab Republic,3,Both,27,Age-standardized,558,Mental disorders,3,Rate,2014,16188.187372025432,17923.06634539192,14464.95593790192
1,All Population,5,Prevalence,37,Kyrgyzstan,3,Both,27,Age-standardized,558,Mental disorders,2,Percent,2015,0.1017198790667759,0.1139812067083982,0.0912201177056349
1,All Population,5,Prevalence,37,Kyrgyzstan,3,Both,27,Age-standardized,558,Mental disorders,3,Rate,2015,9812.31910072544,11021.93871776327,8747.42472840975
1,All Population,5,Prevalence,52,Romania,3,Both,27,Age-standardized,558,Mental disorders,2,Percent,2015,0.1145997771716663,0.1284364613455769,0.1016250013555602
1,All Population,5,Prevalence,52,Romania,3,Both,27,Age-standardized,558,Mental disorders,3,Rate,2015,10901.56918441258,12246.75276225246,9653.78379034863
1,All Population,5,Prevalence,7,Democratic People's Republic of Korea,3,Both,27,Age-standardized,558,Mental disorders,2,Percent,2015,0.1050630166104972,0.1157820002221635,0.0955809271145831
1,All Population,5,Prevalence,7,Democratic People's Republic of Korea,3,Both,27,Age-standardized,558,Mental disorders,3,Rate,2015,10077.72511288525,11120.18800419194,9187.48011895362
1,All Population,5,Prevalence,204,Chad,3,Both,27,Age-standardized,558,Mental disorders,2,Percent,2014,0.1326943940579191,0.1439872406255753,0.1171908558874454
1,All Population,5,Prevalence,204,Chad,3,Both,27,Age-standardized,558,Mental disorders,3,Rate,2014,13167.16760062621,14263.15704882834,11634.97861234665
1,All Population,5,Prevalence,320,Cook Islands,3,Both,27,Age-standardized,558,Mental disorders,2,Percent,2014,0.1039798704552874,0.1159979741799801,0.0909390399867855
1,All Population,5,Prevalence,320,Cook Islands,3,Both,27,Age-standardized,558,Mental disorders,3,Rate,2014,9963.76958930702,11065.61235250979,8716.39212119882
1,All Population,5,Prevalence,68,Republic of Korea,3,Both,27,Age-standardized,558,Mental disorders,2,Percent,2015,0.1269948927477918,0.1417339917554776,0.1121946547540724
1,All Population,5,Prevalence,68,Republic of Korea,3,Both,27,Age-standardized,558,Mental disorders,3,Rate,2015,11676.22381137684,13017.790233690448,10277.21939080465
1,All Population,5,Prevalence,8,Taiwan,3,Both,27,Age-standardized,558,Mental disorders,2,Percent,2015,0.1058267003654394,0.1149885281071053,0.0956284708311428
1,All Population,5,Prevalence,8,Taiwan,3,Both,27,Age-standardized,558,Mental disorders,3,Rate,2015,9968.40168396496,10852.36739641011,8989.419323823531
1,All Population,5,Prevalence,23,Kiribati,3,Both,27,Age-standardized,558,Mental disorders,2,Percent,2015,0.1045353182087717,0.1178535627423606,0.0909917773062668
1,All Population,5,Prevalence,23,Kiribati,3,Both,27,Age-standardized,558,Mental disorders,3,Rate,2015,10360.46466061394,11704.763173064292,9022.15841059365
1,All Population,5,Prevalence,91,Portugal,3,Both,27,Age-standardized,558,Mental disorders,2,Percent,2014,0.1876471906802485,0.2095816429141028,0.1629206487738871
1,All Population,5,Prevalence,91,Portugal,3,Both,27,Age-standardized,558,Mental disorders,3,Rate,2014,17197.40900969141,19232.45035051753,14891.01788376376
1,All Population,5,Prevalence,522,Sudan,3,Both,27,Age-standardized,558,Mental disorders,2,Percent,2014,0.1322440382302565,0.1434682260826469,0.1202447674362758
1,All Population,5,Prevalence,522,Sudan,3,Both,27,Age-standardized,558,Mental disorders,3,Rate,2014,13001.47348082403,14100.04844830976,11833.29826484366
1,All Population,5,Prevalence,30,Vanuatu,3,Both,27,Age-standardized,558,Mental disorders,2,Percent,2015,0.1013696502078074,0.1138043774780988,0.0884538485740474
1,All Population,5,Prevalence,30,Vanuatu,3,Both,27,Age-standardized,558,Mental disorders,3,Rate,2015,9994.41404195117,11233.68590258963,8715.33687686743
1,All Population,5,Prevalence,22,Fiji,3,Both,27,Age-standardized,558,Mental disorders,2,Percent,2015,0.1002156278770363,0.1123539332089837,0.0878263098447187
1,All Population,5,Prevalence,22,Fiji,3,Both,27,Age-standardized,558,Mental disorders,3,Rate,2015,9800.97157859782,10973.02437246583,8561.83944087767
1,All Population,5,Prevalence,52,Romania,3,Both,27,Age-standardized,558,Mental disorders,2,Percent,2014,0.1145978653366781,0.1289992325998096,0.1016040802607393
1,All Population,5,Prevalence,52,Romania,3,Both,27,Age-standardized,558,Mental disorders,3,Rate,2014,10907.38664114432,12306.56409770514,9660.38887423033
1,All Population,5,Prevalence,118,Suriname,3,Both,27,Age-standardized,558,Mental disorders,2,Percent,2015,0.1410794238767901,0.1552002219768565,0.1265962011845074
1,All Population,5,Prevalence,118,Suriname,3,Both,27,Age-standardized,558,Mental disorders,3,Rate,2015,13719.989059134672,15083.68049433149,12274.75397221804
1,All Population,5,Prevalence,24,Marshall Islands,3,Both,27,Age-standardized,558,Mental disorders,2,Percent,2015,0.1021767120754531,0.1147453329434075,0.0888822140030537
1,All Population,5,Prevalence,24,Marshall Islands,3,Both,27,Age-standardized,558,Mental disorders,3,Rate,2015,10012.75047640828,11270.246995038211,8692.03018475582
1,All Population,5,Prevalence,114,Haiti,3,Both,27,Age-standardized,558,Mental disorders,2,Percent,2015,0.1428740308953602,0.1575427792674448,0.1278705525309291
1,All Population,5,Prevalence,114,Haiti,3,Both,27,Age-standardized,558,Mental disorders,3,Rate,2015,14069.03017890645,15519.707019333831,12568.65625536098
1,All Population,5,Prevalence,71,Australia,3,Both,27,Age-standardized,558,Mental disorders,2,Percent,2015,0.2038287586818332,0.2175962698912952,0.1904609511815848
1,All Population,5,Prevalence,71,Australia,3,Both,27,Age-standardized,558,Mental disorders,3,Rate,2015,18641.97697468973,19972.59336164292,17455.82833722249
1,All Population,5,Prevalence,179,Ethiopia,3,Both,27,Age-standardized,558,Mental disorders,2,Percent,2014,0.116616236611709,0.1272826944987065,0.105484036329258
1,All Population,5,Prevalence,179,Ethiopia,3,Both,27,Age-standardized,558,Mental disorders,3,Rate,2014,11534.39979208126,12616.116553912721,10430.57740190898
1,All Population,5,Prevalence,193,Botswana,3,Both,27,Age-standardized,558,Mental disorders,2,Percent,2014,0.1090791929757799,0.1191871872903036,0.0976202617758402
1,All Population,5,Prevalence,193,Botswana,3,Both,27,Age-standardized,558,Mental disorders,3,Rate,2014,10686.49323824685,11654.26251021883,9562.443508281849
1,All Population,5,Prevalence,102,United States of America,3,Both,27,Age-standardized,558,Mental disorders,2,Percent,2015,0.162658909884914,0.1765589917511053,0.151203114060948
1,All Population,5,Prevalence,102,United States of America,3,Both,27,Age-standardized,558,Mental disorders,3,Rate,2015,14835.269300167689,16122.11669019574,13734.74558776176
1,All Population,5,Prevalence,113,Guyana,3,Both,27,Age-standardized,558,Mental disorders,2,Percent,2015,0.1426460908872868,0.1567606646035642,0.1278335113693819
1,All Population,5,Prevalence,113,Guyana,3,Both,27,Age-standardized,558,Mental disorders,3,Rate,2015,13885.91654024206,15257.569600135359,12427.25536772335
1,All Population,5,Prevalence,19,Timor-Leste,3,Both,27,Age-standardized,558,Mental disorders,2,Percent,2015,0.0881605226038223,0.0988405183729808,0.0789417362144468
1,All Population,5,Prevalence,19,Timor-Leste,3,Both,27,Age-standardized,558,Mental disorders,3,Rate,2015,8635.78438538414,9686.63056711433,7746.38883884855
1,All Population,5,Prevalence,413,Tokelau,3,Both,27,Age-standardized,558,Mental disorders,2,Percent,2014,0.1025907920301208,0.1145543291773284,0.0897196020773345
1,All Population,5,Prevalence,413,Tokelau,3,Both,27,Age-standardized,558,Mental disorders,3,Rate,2014,9936.833230273689,11058.19656301853,8656.83570508223
1,All Population,5,Prevalence,105,Antigua and Barbuda,3,Both,27,Age-standardized,558,Mental disorders,2,Percent,2015,0.1477500051899034,0.1626823280370873,0.1326887306405586
1,All Population,5,Prevalence,105,Antigua and Barbuda,3,Both,27,Age-standardized,558,Mental disorders,3,Rate,2015,14257.262303132582,15691.10411977999,12817.779909570689
1,All Population,5,Prevalence,79,Finland,3,Both,27,Age-standardized,558,Mental disorders,2,Percent,2014,0.1315436252665818,0.1441120912293963,0.1174738923363138
1,All Population,5,Prevalence,79,Finland,3,Both,27,Age-standardized,558,Mental disorders,3,Rate,2014,12080.03121515358,13215.128776962982,10761.14449663968
1,All Population,5,Prevalence,173,Gabon,3,Both,27,Age-standardized,558,Mental disorders,2,Percent,2014,0.1315041581391976,0.147415498198517,0.1151982464014472
1,All Population,5,Prevalence,173,Gabon,3,Both,27,Age-standardized,558,Mental disorders,3,Rate,2014,13018.01036763986,14581.618359330861,11400.44604991087
1,All Population,5,Prevalence,186,Seychelles,3,Both,27,Age-standardized,558,Mental disorders,2,Percent,2014,0.0862188865914622,0.0951076790662482,0.0786627591949227
1,All Population,5,Prevalence,186,Seychelles,3,Both,27,Age-standardized,558,Mental disorders,3,Rate,2014,8245.14156101112,9080.54546910909,7505.46952585458
1,All Population,5,Prevalence,126,Costa Rica,3,Both,27,Age-standardized,558,Mental disorders,2,Percent,2015,0.1240221892166783,0.1356651284822735,0.1135407189374368
1,All Population,5,Prevalence,126,Costa Rica,3,Both,27,Age-standardized,558,Mental disorders,3,Rate,2015,11822.57464068552,12957.301499974541,10805.65273075568
1,All Population,5,Prevalence,144,Jordan,3,Both,27,Age-standardized,558,Mental disorders,2,Percent,2015,0.1341422208757923,0.1451186545991067,0.1225680907052141
1,All Population,5,Prevalence,144,Jordan,3,Both,27,Age-standardized,558,Mental disorders,3,Rate,2015,12821.021197236909,13890.85943770562,11725.72628522619
1,All Population,5,Prevalence,67,Japan,3,Both,27,Age-standardized,558,Mental disorders,2,Percent,2015,0.1297175913922316,0.1442832627725364,0.1157560855795021
1,All Population,5,Prevalence,67,Japan,3,Both,27,Age-standardized,558,Mental disorders,3,Rate,2015,11726.626105286161,13013.92852669546,10369.46999956188
1,All Population,5,Prevalence,82,Greece,3,Both,27,Age-standardized,558,Mental disorders,2,Percent,2015,0.1733149330817351,0.1900318073940502,0.1534020223953054
1,All Population,5,Prevalence,82,Greece,3,Both,27,Age-standardized,558,Mental disorders,3,Rate,2015,16044.629766900409,17589.76120256446,14221.24337243581
1,All Population,5,Prevalence,50,Montenegro,3,Both,27,Age-standardized,558,Mental disorders,2,Percent,2014,0.1277924249966732,0.1446364278055756,0.1117198285800381
1,All Population,5,Prevalence,50,Montenegro,3,Both,27,Age-standardized,558,Mental disorders,3,Rate,2014,12006.69968220241,13599.38841181396,10490.67878428828
1,All Population,5,Prevalence,63,Ukraine,3,Both,27,Age-standardized,558,Mental disorders,2,Percent,2014,0.1297840885452888,0.1438970895551214,0.1150162477187921
1,All Population,5,Prevalence,63,Ukraine,3,Both,27,Age-standardized,558,Mental disorders,3,Rate,2014,12172.942119413881,13523.5252081381,10750.86904032442
1,All Population,5,Prevalence,208,Guinea,3,Both,27,Age-standardized,558,Mental disorders,2,Percent,2014,0.1300592762961565,0.1420887944270574,0.1150261461653357
1,All Population,5,Prevalence,208,Guinea,3,Both,27,Age-standardized,558,Mental disorders,3,Rate,2014,12916.458889729149,14123.53977229763,11424.22862999636
1,All Population,5,Prevalence,12,Lao People's Democratic Republic,3,Both,27,Age-standardized,558,Mental disorders,2,Percent,2014,0.0839820507239351,0.0938641055754095,0.0756855942741457
1,All Population,5,Prevalence,12,Lao People's Democratic Republic,3,Both,27,Age-standardized,558,Mental disorders,3,Rate,2014,8152.64687704637,9115.12395835255,7336.36511083612
1,All Population,5,Prevalence,83,Iceland,3,Both,27,Age-standardized,558,Mental disorders,2,Percent,2015,0.152599717971491,0.1637332789478616,0.1419301592341887
1,All Population,5,Prevalence,83,Iceland,3,Both,27,Age-standardized,558,Mental disorders,3,Rate,2015,14061.485270892621,15016.14058369321,13074.826913493951
1,All Population,5,Prevalence,155,Türkiye,3,Both,27,Age-standardized,558,Mental disorders,2,Percent,2014,0.136754855677612,0.1480726542503347,0.1249490347488335
1,All Population,5,Prevalence,155,Türkiye,3,Both,27,Age-standardized,558,Mental disorders,3,Rate,2014,13147.83086110341,14211.836626636708,12006.046211793291
1,All Population,5,Prevalence,95,United Kingdom,3,Both,27,Age-standardized,558,Mental disorders,2,Percent,2014,0.177111909969503,0.191180941535343,0.1622809094485672
1,All Population,5,Prevalence,95,United Kingdom,3,Both,27,Age-standardized,558,Mental disorders,3,Rate,2014,16114.68461649859,17377.68034118649,14779.716473961222
1,All Population,5,Prevalence,108,Belize,3,Both,27,Age-standardized,558,Mental disorders,2,Percent,2014,0.1401612665020867,0.153917607771056,0.1261302880911043
1,All Population,5,Prevalence,108,Belize,3,Both,27,Age-standardized,558,Mental disorders,3,Rate,2014,13609.154569486289,14968.253219194381,12224.49469143026
1,All Population,5,Prevalence,76,Belgium,3,Both,27,Age-standardized,558,Mental disorders,2,Percent,2014,0.1493305867375348,0.1641821648284786,0.1314370275754023
1,All Population,5,Prevalence,76,Belgium,3,Both,27,Age-standardized,558,Mental disorders,3,Rate,2014,13657.216458695259,15027.22978977707,12025.57235404252
1,All Population,5,Prevalence,213,Niger,3,Both,27,Age-standardized,558,Mental disorders,2,Percent,2014,0.1106681480120045,0.1205308900954716,0.0989026546608024
1,All Population,5,Prevalence,213,Niger,3,Both,27,Age-standardized,558,Mental disorders,3,Rate,2014,11004.18619907468,11975.68147634004,9846.36452056123
1,All Population,5,Prevalence,118,Suriname,3,Both,27,Age-standardized,558,Mental disorders,2,Percent,2014,0.1409709568182665,0.1546743780494142,0.1266458290518488
1,All Population,5,Prevalence,118,Suriname,3,Both,27,Age-standardized,558,Mental disorders,3,Rate,2014,13713.16873605102,15094.84682158909,12277.524484410771
1,All Population,5,Prevalence,86,Italy,3,Both,27,Age-standardized,558,Mental disorders,2,Percent,2014,0.138256834165254,0.1525292906628636,0.1219241897723351
1,All Population,5,Prevalence,86,Italy,3,Both,27,Age-standardized,558,Mental disorders,3,Rate,2014,12678.233292908139,14015.1061697977,11154.85340211091
1,All Population,5,Prevalence,99,Uruguay,3,Both,27,Age-standardized,558,Mental disorders,2,Percent,2015,0.1531752718705172,0.1709996741084415,0.1341057436946649
1,All Population,5,Prevalence,99,Uruguay,3,Both,27,Age-standardized,558,Mental disorders,3,Rate,2015,14367.62110813086,16006.879158676371,12639.007186680708
1,All Population,5,Prevalence,165,Pakistan,3,Both,27,Age-standardized,558,Mental disorders,2,Percent,2015,0.1208820958747895,0.1324835779267864,0.1096446522181291
1,All Population,5,Prevalence,165,Pakistan,3,Both,27,Age-standardized,558,Mental disorders,3,Rate,2015,11668.39584918945,12762.534443516548,10559.10474392532
1,All Population,5,Prevalence,71,Australia,3,Both,27,Age-standardized,558,Mental disorders,2,Percent,2014,0.2020414374840665,0.2162891950451013,0.1887109768682647
1,All Population,5,Prevalence,71,Australia,3,Both,27,Age-standardized,558,Mental disorders,3,Rate,2014,18480.75068817705,19806.05065854065,17264.78612734188
1,All Population,5,Prevalence,435,South Sudan,3,Both,27,Age-standardized,558,Mental disorders,2,Percent,2014,0.1218391922958449,0.133904405760434,0.108820597107418
1,All Population,5,Prevalence,435,South Sudan,3,Both,27,Age-standardized,558,Mental disorders,3,Rate,2014,12064.51356084576,13270.40402332661,10789.092366205461
1,All Population,5,Prevalence,77,Cyprus,3,Both,27,Age-standardized,558,Mental disorders,2,Percent,2015,0.1608976234465152,0.1736340904508029,0.1494037572933167
1,All Population,5,Prevalence,77,Cyprus,3,Both,27,Age-standardized,558,Mental disorders,3,Rate,2015,14947.26133296353,16023.95036315499,13855.10942664249
1,All Population,5,Prevalence,139,Algeria,3,Both,27,Age-standardized,558,Mental disorders,2,Percent,2015,0.1342079544019518,0.1443035900343975,0.1229155176922698
1,All Population,5,Prevalence,139,Algeria,3,Both,27,Age-standardized,558,Mental disorders,3,Rate,2015,12855.2428427694,13818.09341395403,11791.264640757041
1,All Population,5,Prevalence,13,Malaysia,3,Both,27,Age-standardized,558,Mental disorders,2,Percent,2015,0.0933582347102002,0.1018677630474871,0.0850234339385649
1,All Population,5,Prevalence,13,Malaysia,3,Both,27,Age-standardized,558,Mental disorders,3,Rate,2015,8896.0565168427,9717.6533309527,8079.7946818253595
1,All Population,5,Prevalence,66,Brunei Darussalam,3,Both,27,Age-standardized,558,Mental disorders,2,Percent,2015,0.1222606254490761,0.1368577516287528,0.1094036691185586
1,All Population,5,Prevalence,66,Brunei Darussalam,3,Both,27,Age-standardized,558,Mental disorders,3,Rate,2015,11293.14561876512,12631.13666312814,10044.23144401688
1,All Population,5,Prevalence,45,Bulgaria,3,Both,27,Age-standardized,558,Mental disorders,2,Percent,2015,0.1131742092684384,0.1270237191753975,0.1017540503279557
1,All Population,5,Prevalence,45,Bulgaria,3,Both,27,Age-standardized,558,Mental disorders,3,Rate,2015,10735.86628725234,12042.689811580221,9644.91650260314
1,All Population,5,Prevalence,90,Norway,3,Both,27,Age-standardized,558,Mental disorders,2,Percent,2015,0.1466212730998609,0.1623409794053233,0.1299438972599154
1,All Population,5,Prevalence,90,Norway,3,Both,27,Age-standardized,558,Mental disorders,3,Rate,2015,13495.504889727012,14906.903453260382,12028.25566089201
1,All Population,5,Prevalence,122,Ecuador,3,Both,27,Age-standardized,558,Mental disorders,2,Percent,2015,0.1415353659818093,0.1560152707899829,0.1272416482035595
1,All Population,5,Prevalence,122,Ecuador,3,Both,27,Age-standardized,558,Mental disorders,3,Rate,2015,13671.381864685769,15038.629952221192,12270.62692883619
1,All Population,5,Prevalence,60,Lithuania,3,Both,27,Age-standardized,558,Mental disorders,2,Percent,2015,0.124684486784451,0.1392884292796895,0.1090860271699595
1,All Population,5,Prevalence,60,Lithuania,3,Both,27,Age-standardized,558,Mental disorders,3,Rate,2015,11779.31709948164,13154.61546031618,10318.812627703599
1,All Population,5,Prevalence,351,Guam,3,Both,27,Age-standardized,558,Mental disorders,2,Percent,2014,0.1043117334386911,0.1162881912531561,0.0915531075829699
1,All Population,5,Prevalence,351,Guam,3,Both,27,Age-standardized,558,Mental disorders,3,Rate,2014,9988.74333021154,11076.946612571679,8729.69212285074
1,All Population,5,Prevalence,94,Switzerland,3,Both,27,Age-standardized,558,Mental disorders,2,Percent,2014,0.1681625838774154,0.184373817421605,0.1497753123992876
1,All Population,5,Prevalence,94,Switzerland,3,Both,27,Age-standardized,558,Mental disorders,3,Rate,2014,15365.886996859199,16863.91289226686,13679.28716892278
1,All Population,5,Prevalence,51,Poland,3,Both,27,Age-standardized,558,Mental disorders,2,Percent,2015,0.1141215329799783,0.1269661424124397,0.1024246981662564
1,All Population,5,Prevalence,51,Poland,3,Both,27,Age-standardized,558,Mental disorders,3,Rate,2015,10710.94547678404,11904.02518237289,9607.83080649508
1,All Population,5,Prevalence,195,Namibia,3,Both,27,Age-standardized,558,Mental disorders,2,Percent,2015,0.1079555016299362,0.1180201460697174,0.0967402672202105
1,All Population,5,Prevalence,195,Namibia,3,Both,27,Age-standardized,558,Mental disorders,3,Rate,2015,10530.09526521142,11515.93836116113,9428.09677096115
1,All Population,5,Prevalence,36,Kazakhstan,3,Both,27,Age-standardized,558,Mental disorders,2,Percent,2015,0.1027352450353803,0.114356631268462,0.0923615979285306
1,All Population,5,Prevalence,36,Kazakhstan,3,Both,27,Age-standardized,558,Mental disorders,3,Rate,2015,9758.73798542049,10922.84900992152,8741.88277924004
1,All Population,5,Prevalence,55,Slovenia,3,Both,27,Age-standardized,558,Mental disorders,2,Percent,2015,0.1301247874884618,0.1462707986626419,0.1141603608213564
1,All Population,5,Prevalence,55,Slovenia,3,Both,27,Age-standardized,558,Mental disorders,3,Rate,2015,12180.757912226569,13699.371657431919,10685.03307126511
1,All Population,5,Prevalence,208,Guinea,3,Both,27,Age-standardized,558,Mental disorders,2,Percent,2015,0.1306613631481345,0.1429790424417013,0.1154783155441407
1,All Population,5,Prevalence,208,Guinea,3,Both,27,Age-standardized,558,Mental disorders,3,Rate,2015,12969.43937100207,14191.0356638522,11459.41498098119
1,All Population,5,Prevalence,169,Central African Republic,3,Both,27,Age-standardized,558,Mental disorders,2,Percent,2015,0.1406704818119853,0.1586520237423682,0.1227404189191635
1,All Population,5,Prevalence,169,Central African Republic,3,Both,27,Age-standardized,558,Mental disorders,3,Rate,2015,14033.93929729355,15819.415191881631,12247.34342527783
1,All Population,5,Prevalence,16,Philippines,3,Both,27,Age-standardized,558,Mental disorders,2,Percent,2014,0.0883897610056661,0.0971116226379933,0.0804920482592503
1,All Population,5,Prevalence,16,Philippines,3,Both,27,Age-standardized,558,Mental disorders,3,Rate,2014,8538.202221855221,9379.920512014241,7775.5608993048
1,All Population,5,Prevalence,63,Ukraine,3,Both,27,Age-standardized,558,Mental disorders,2,Percent,2015,0.1295358388008538,0.1440791967497483,0.115021179327951
1,All Population,5,Prevalence,63,Ukraine,3,Both,27,Age-standardized,558,Mental disorders,3,Rate,2015,12145.93603081089,13524.643269272801,10757.43356911107
1,All Population,5,Prevalence,176,Comoros,3,Both,27,Age-standardized,558,Mental disorders,2,Percent,2015,0.1118224663064625,0.1234245424809896,0.1009523086468533
1,All Population,5,Prevalence,176,Comoros,3,Both,27,Age-standardized,558,Mental disorders,3,Rate,2015,10919.23999504496,12064.91050563859,9814.81625658024
1,All Population,5,Prevalence,133,Venezuela (Bolivarian Republic of),3,Both,27,Age-standardized,558,Mental disorders,2,Percent,2014,0.1293280261447979,0.1446472791905984,0.1168909057568108
1,All Population,5,Prevalence,133,Venezuela (Bolivarian Republic of),3,Both,27,Age-standardized,558,Mental disorders,3,Rate,2014,12482.14062633719,13946.013415428928,11302.81196273625
1,All Population,5,Prevalence,194,Lesotho,3,Both,27,Age-standardized,558,Mental disorders,2,Percent,2015,0.1062929173130448,0.1164291791380792,0.0948016815473956
1,All Population,5,Prevalence,194,Lesotho,3,Both,27,Age-standardized,558,Mental disorders,3,Rate,2015,10531.40729346337,11531.64773061706,9405.35821768417
1,All Population,5,Prevalence,161,Bangladesh,3,Both,27,Age-standardized,558,Mental disorders,2,Percent,2015,0.1143935832269482,0.1281635051446711,0.101540195172882
1,All Population,5,Prevalence,161,Bangladesh,3,Both,27,Age-standardized,558,Mental disorders,3,Rate,2015,11096.64788124132,12397.02646218755,9852.82590847597
1,All Population,5,Prevalence,6,China,3,Both,27,Age-standardized,558,Mental disorders,2,Percent,2015,0.1197925428550319,0.1301706583973922,0.1092444744965962
1,All Population,5,Prevalence,6,China,3,Both,27,Age-standardized,558,Mental disorders,3,Rate,2015,11398.205898446551,12373.99288982299,10416.78689622689
1,All Population,5,Prevalence,171,Democratic Republic of the Congo,3,Both,27,Age-standardized,558,Mental disorders,2,Percent,2015,0.1277650664596548,0.1447069456037751,0.1117356526463967
1,All Population,5,Prevalence,171,Democratic Republic of the Congo,3,Both,27,Age-standardized,558,Mental disorders,3,Rate,2015,12733.99225024037,14403.230083564238,11141.938303739329
1,All Population,5,Prevalence,149,Palestine,3,Both,27,Age-standardized,558,Mental disorders,2,Percent,2015,0.142601422633386,0.1534797287603033,0.1308856894005059
1,All Population,5,Prevalence,149,Palestine,3,Both,27,Age-standardized,558,Mental disorders,3,Rate,2015,13815.61433522162,14840.000775316308,12694.79946728007
1,All Population,5,Prevalence,213,Niger,3,Both,27,Age-standardized,558,Mental disorders,2,Percent,2015,0.1122545582538892,0.1224539282141347,0.0999033236645235
1,All Population,5,Prevalence,213,Niger,3,Both,27,Age-standardized,558,Mental disorders,3,Rate,2015,11157.39158239673,12189.88637913511,9951.48179964781
1,All Population,5,Prevalence,374,Niue,3,Both,27,Age-standardized,558,Mental disorders,2,Percent,2014,0.1035032209558765,0.115424700269869,0.090333264110918
1,All Population,5,Prevalence,374,Niue,3,Both,27,Age-standardized,558,Mental disorders,3,Rate,2014,9933.81338249153,11044.09100342187,8661.37297922279
1,All Population,5,Prevalence,184,Mozambique,3,Both,27,Age-standardized,558,Mental disorders,2,Percent,2015,0.123217616104896,0.1359709498832676,0.1098489766911439
1,All Population,5,Prevalence,184,Mozambique,3,Both,27,Age-standardized,558,Mental disorders,3,Rate,2015,12218.828379436029,13504.022439116688,10905.21267082469
1,All Population,5,Prevalence,152,Saudi Arabia,3,Both,27,Age-standardized,558,Mental disorders,2,Percent,2015,0.1451241296629276,0.1595129126930251,0.1286126133357825
1,All Population,5,Prevalence,152,Saudi Arabia,3,Both,27,Age-standardized,558,Mental disorders,3,Rate,2015,13998.879094497901,15384.54018729892,12399.68346186944
1,All Population,5,Prevalence,215,Sao Tome and Principe,3,Both,27,Age-standardized,558,Mental disorders,2,Percent,2015,0.1189964005941573,0.1299189412690579,0.1057288777403725
1,All Population,5,Prevalence,215,Sao Tome and Principe,3,Both,27,Age-standardized,558,Mental disorders,3,Rate,2015,11786.679839756089,12867.863890368139,10473.64984408235
1,All Population,5,Prevalence,207,Ghana,3,Both,27,Age-standardized,558,Mental disorders,2,Percent,2015,0.1221023027584424,0.132765312746465,0.1096355812010503
1,All Population,5,Prevalence,207,Ghana,3,Both,27,Age-standardized,558,Mental disorders,3,Rate,2015,12059.11492009417,13101.58200076671,10831.70552405359
1,All Population,5,Prevalence,66,Brunei Darussalam,3,Both,27,Age-standardized,558,Mental disorders,2,Percent,2014,0.121243311099231,0.1355367044425037,0.1088104078678863
1,All Population,5,Prevalence,66,Brunei Darussalam,3,Both,27,Age-standardized,558,Mental disorders,3,Rate,2014,11205.567528428579,12502.98318429447,10019.30568811026
1,All Population,5,Prevalence,198,Zimbabwe,3,Both,27,Age-standardized,558,Mental disorders,2,Percent,2015,0.1140326986970702,0.1256549405102063,0.1008823446944493
1,All Population,5,Prevalence,198,Zimbabwe,3,Both,27,Age-standardized,558,Mental disorders,3,Rate,2015,11091.65817814953,12231.87669120618,9797.54270732318
1,All Population,5,Prevalence,136,Paraguay,3,Both,27,Age-standardized,558,Mental disorders,2,Percent,2014,0.1500614821396085,0.1647816010002655,0.1373681337534756
1,All Population,5,Prevalence,136,Paraguay,3,Both,27,Age-standardized,558,Mental disorders,3,Rate,2014,14505.20712915068,15953.21002423454,13283.12867680449
1,All Population,5,Prevalence,29,Tonga,3,Both,27,Age-standardized,558,Mental disorders,2,Percent,2015,0.116775374708034,0.1387097352764223,0.0970176801914231
1,All Population,5,Prevalence,29,Tonga,3,Both,27,Age-standardized,558,Mental disorders,3,Rate,2015,11314.1856675481,13446.01060431604,9404.33081405442
1,All Population,5,Prevalence,170,Congo,3,Both,27,Age-standardized,558,Mental disorders,2,Percent,2014,0.1370805782048282,0.1525187334228279,0.1207393605055527
1,All Population,5,Prevalence,170,Congo,3,Both,27,Age-standardized,558,Mental disorders,3,Rate,2014,13573.343140620662,15081.16067274671,11953.68609037623
1,All Population,5,Prevalence,16,Philippines,3,Both,27,Age-standardized,558,Mental disorders,2,Percent,2015,0.0887015989586356,0.0973458935688895,0.080812994497038
1,All Population,5,Prevalence,16,Philippines,3,Both,27,Age-standardized,558,Mental disorders,3,Rate,2015,8561.43910310432,9385.18408097022,7796.75692784133
1,All Population,5,Prevalence,44,Bosnia and Herzegovina,3,Both,27,Age-standardized,558,Mental disorders,2,Percent,2015,0.126507785352645,0.1416860542709181,0.1104256685231366
1,All Population,5,Prevalence,44,Bosnia and Herzegovina,3,Both,27,Age-standardized,558,Mental disorders,3,Rate,2015,11985.38863529942,13405.94542758368,10470.92898880326
1,All Population,5,Prevalence,74,Andorra,3,Both,27,Age-standardized,558,Mental disorders,2,Percent,2015,0.1555938983249934,0.167432426086101,0.1446659479024173
1,All Population,5,Prevalence,74,Andorra,3,Both,27,Age-standardized,558,Mental disorders,3,Rate,2015,14242.61427236678,15210.6379380675,13185.4531613364
1,All Population,5,Prevalence,376,Northern Mariana Islands,3,Both,27,Age-standardized,558,Mental disorders,2,Percent,2015,0.1044675959058007,0.1172831977124698,0.0912759434445794
1,All Population,5,Prevalence,376,Northern Mariana Islands,3,Both,27,Age-standardized,558,Mental disorders,3,Rate,2015,10034.23918128056,11266.511394890851,8731.768858994
1,All Population,5,Prevalence,160,Afghanistan,3,Both,27,Age-standardized,558,Mental disorders,2,Percent,2015,0.1299744420253892,0.1403818415988908,0.1190706569883146
1,All Population,5,Prevalence,160,Afghanistan,3,Both,27,Age-standardized,558,Mental disorders,3,Rate,2015,12875.78912370383,13911.00508220614,11825.01098833972
1,All Population,5,Prevalence,175,Burundi,3,Both,27,Age-standardized,558,Mental disorders,2,Percent,2015,0.1134537414651896,0.1240187166276466,0.1019710405733976
1,All Population,5,Prevalence,175,Burundi,3,Both,27,Age-standardized,558,Mental disorders,3,Rate,2015,11177.1213570547,12257.03266151852,10034.19249458076
1,All Population,5,Prevalence,369,Nauru,3,Both,27,Age-standardized,558,Mental disorders,2,Percent,2015,0.1024098369479865,0.1151782816743426,0.0892474957745316
1,All Population,5,Prevalence,369,Nauru,3,Both,27,Age-standardized,558,Mental disorders,3,Rate,2015,9988.52366003918,11240.87317798804,8676.036612784561
1,All Population,5,Prevalence,128,Guatemala,3,Both,27,Age-standardized,558,Mental disorders,2,Percent,2015,0.1260082164670141,0.1378457415160486,0.1154160110077019
1,All Population,5,Prevalence,128,Guatemala,3,Both,27,Age-standardized,558,Mental disorders,3,Rate,2015,12203.91672486292,13411.82920600372,11186.14386528836
1,All Population,5,Prevalence,298,American Samoa,3,Both,27,Age-standardized,558,Mental disorders,2,Percent,2015,0.1047544037624684,0.1174481942330947,0.0915421011584875
1,All Population,5,Prevalence,298,American Samoa,3,Both,27,Age-standardized,558,Mental disorders,3,Rate,2015,10085.73336500418,11332.64162180309,8789.72097971932
1,All Population,5,Prevalence,185,Rwanda,3,Both,27,Age-standardized,558,Mental disorders,2,Percent,2014,0.1073372513594596,0.1176335659630002,0.096649526695606
1,All Population,5,Prevalence,185,Rwanda,3,Both,27,Age-standardized,558,Mental disorders,3,Rate,2014,10525.90634491842,11539.66522652218,9474.360503355949
1,All Population,5,Prevalence,157,Yemen,3,Both,27,Age-standardized,558,Mental disorders,2,Percent,2014,0.131334314973973,0.1422431743604926,0.1200592132395171
1,All Population,5,Prevalence,157,Yemen,3,Both,27,Age-standardized,558,Mental disorders,3,Rate,2014,12979.757849698339,14088.62305121851,11893.42774923095
1,All Population,5,Prevalence,44,Bosnia and Herzegovina,3,Both,27,Age-standardized,558,Mental disorders,2,Percent,2014,0.1253653156956993,0.139935752456025,0.1096274646775787
1,All Population,5,Prevalence,44,Bosnia and Herzegovina,3,Both,27,Age-standardized,558,Mental disorders,3,Rate,2014,11884.64673217302,13321.40210412685,10407.66766710238
1,All Population,5,Prevalence,190,Uganda,3,Both,27,Age-standardized,558,Mental disorders,2,Percent,2014,0.1119208056039925,0.1218466577167085,0.1004561935258281
1,All Population,5,Prevalence,190,Uganda,3,Both,27,Age-standardized,558,Mental disorders,3,Rate,2014,11092.80157399181,12081.21475713683,9957.61504707839
1,All Population,5,Prevalence,376,Northern Mariana Islands,3,Both,27,Age-standardized,558,Mental disorders,2,Percent,2014,0.103687164970236,0.1159272962166882,0.0906485542878327
1,All Population,5,Prevalence,376,Northern Mariana Islands,3,Both,27,Age-standardized,558,Mental disorders,3,Rate,2014,9958.159593586239,11114.86927303785,8680.411826450669
1,All Population,5,Prevalence,57,Belarus,3,Both,27,Age-standardized,558,Mental disorders,2,Percent,2014,0.1165879063879411,0.1281998114492154,0.1040819262858617
1,All Population,5,Prevalence,57,Belarus,3,Both,27,Age-standardized,558,Mental disorders,3,Rate,2014,10847.79647279096,11922.96975219103,9717.80132764628
1,All Population,5,Prevalence,145,Kuwait,3,Both,27,Age-standardized,558,Mental disorders,2,Percent,2015,0.1286903535602414,0.1384583609732277,0.1189360877699371
1,All Population,5,Prevalence,145,Kuwait,3,Both,27,Age-standardized,558,Mental disorders,3,Rate,2015,12182.13767285897,13104.38165677138,11271.608854989081
1,All Population,5,Prevalence,191,Zambia,3,Both,27,Age-standardized,558,Mental disorders,2,Percent,2015,0.1136563655209206,0.1247887433128625,0.1016233462247198
1,All Population,5,Prevalence,191,Zambia,3,Both,27,Age-standardized,558,Mental disorders,3,Rate,2015,11262.90710217845,12386.37990707287,10061.55401900902
1,All Population,5,Prevalence,19,Timor-Leste,3,Both,27,Age-standardized,558,Mental disorders,2,Percent,2014,0.0873995547504447,0.0979487047192672,0.0783232081646581
1,All Population,5,Prevalence,19,Timor-Leste,3,Both,27,Age-standardized,558,Mental disorders,3,Rate,2014,8566.66160859213,9596.38117231657,7682.93041771443
1,All Population,5,Prevalence,203,Cabo Verde,3,Both,27,Age-standardized,558,Mental disorders,2,Percent,2014,0.1217623420403877,0.1328758481932387,0.1083530109515306
1,All Population,5,Prevalence,203,Cabo Verde,3,Both,27,Age-standardized,558,Mental disorders,3,Rate,2014,11702.531819977261,12725.771652653531,10422.20687974099
1,All Population,5,Prevalence,14,Maldives,3,Both,27,Age-standardized,558,Mental disorders,2,Percent,2015,0.0869418003514987,0.0956746903304692,0.0794551504180045
1,All Population,5,Prevalence,14,Maldives,3,Both,27,Age-standardized,558,Mental disorders,3,Rate,2015,8344.17239945952,9153.44360516792,7623.60850343265
1,All Population,5,Prevalence,121,Bolivia (Plurinational State of),3,Both,27,Age-standardized,558,Mental disorders,2,Percent,2015,0.1477322256488389,0.16347443628843,0.1315732911454272
1,All Population,5,Prevalence,121,Bolivia (Plurinational State of),3,Both,27,Age-standardized,558,Mental disorders,3,Rate,2015,14293.84216617092,15775.80886547815,12712.06699562589
1,All Population,5,Prevalence,59,Latvia,3,Both,27,Age-standardized,558,Mental disorders,2,Percent,2015,0.1202681747106333,0.1334715587859478,0.1075663574990639
1,All Population,5,Prevalence,59,Latvia,3,Both,27,Age-standardized,558,Mental disorders,3,Rate,2015,11152.61765781372,12388.83685662347,9963.68457917733
1,All Population,5,Prevalence,98,Chile,3,Both,27,Age-standardized,558,Mental disorders,2,Percent,2015,0.1609299353686609,0.1811850803885759,0.1401259264038135
1,All Population,5,Prevalence,98,Chile,3,Both,27,Age-standardized,558,Mental disorders,3,Rate,2015,15210.72449164019,17138.88762612079,13229.18344134509
1,All Population,5,Prevalence,10,Cambodia,3,Both,27,Age-standardized,558,Mental disorders,2,Percent,2015,0.0943304019189721,0.1042432974631004,0.0854927572109436
1,All Population,5,Prevalence,10,Cambodia,3,Both,27,Age-standardized,558,Mental disorders,3,Rate,2015,9244.31319103637,10221.01389314718,8367.79347883099
1,All Population,5,Prevalence,72,New Zealand,3,Both,27,Age-standardized,558,Mental disorders,2,Percent,2015,0.196786795117417,0.2169466939736379,0.1755382764301284
1,All Population,5,Prevalence,72,New Zealand,3,Both,27,Age-standardized,558,Mental disorders,3,Rate,2015,18004.10684270966,19893.91649898844,16047.243461613938
1,All Population,5,Prevalence,106,Bahamas,3,Both,27,Age-standardized,558,Mental disorders,2,Percent,2015,0.1482901132602031,0.1633496391932763,0.1336335503061109
1,All Population,5,Prevalence,106,Bahamas,3,Both,27,Age-standardized,558,Mental disorders,3,Rate,2015,14263.531405240221,15670.98810555115,12816.78036319959
1,All Population,5,Prevalence,91,Portugal,3,Both,27,Age-standardized,558,Mental disorders,2,Percent,2015,0.1884987265959655,0.2096989656229234,0.1631041406164864
1,All Population,5,Prevalence,91,Portugal,3,Both,27,Age-standardized,558,Mental disorders,3,Rate,2015,17271.94599219099,19277.85493498053,14905.56718482596
1,All Population,5,Prevalence,123,Peru,3,Both,27,Age-standardized,558,Mental disorders,2,Percent,2014,0.1516946246149854,0.1656978573519081,0.1359824208395265
1,All Population,5,Prevalence,123,Peru,3,Both,27,Age-standardized,558,Mental disorders,3,Rate,2014,14870.63216018973,16243.52533562049,13314.41781478816
1,All Population,5,Prevalence,216,Senegal,3,Both,27,Age-standardized,558,Mental disorders,2,Percent,2014,0.1163188486150243,0.1264422342842097,0.1034983166520022
1,All Population,5,Prevalence,216,Senegal,3,Both,27,Age-standardized,558,Mental disorders,3,Rate,2014,11490.02835908899,12488.43187767352,10220.36505297758
1,All Population,5,Prevalence,54,Slovakia,3,Both,27,Age-standardized,558,Mental disorders,2,Percent,2015,0.1164659580414486,0.1308101379332122,0.1030377945744267
1,All Population,5,Prevalence,54,Slovakia,3,Both,27,Age-standardized,558,Mental disorders,3,Rate,2015,10963.370736383731,12340.36595097624,9669.86192713627
1,All Population,5,Prevalence,367,Monaco,3,Both,27,Age-standardized,558,Mental disorders,2,Percent,2015,0.1573310294741639,0.1691261333160618,0.1467861117511529
1,All Population,5,Prevalence,367,Monaco,3,Both,27,Age-standardized,558,Mental disorders,3,Rate,2015,14389.88674429666,15387.37582730877,13331.18285532616
1,All Population,5,Prevalence,39,Tajikistan,3,Both,27,Age-standardized,558,Mental disorders,2,Percent,2015,0.1070394292927849,0.1206746853612344,0.0950847160290815
1,All Population,5,Prevalence,39,Tajikistan,3,Both,27,Age-standardized,558,Mental disorders,3,Rate,2015,10309.22801799466,11617.40049242057,9160.99330929198
1,All Population,5,Prevalence,435,South Sudan,3,Both,27,Age-standardized,558,Mental disorders,2,Percent,2015,0.1230832899783693,0.1352998432536232,0.1101763749718622
1,All Population,5,Prevalence,435,South Sudan,3,Both,27,Age-standardized,558,Mental disorders,3,Rate,2015,12181.82597180403,13408.529792417321,10916.91855442009
1,All Population,5,Prevalence,11,Indonesia,3,Both,27,Age-standardized,558,Mental disorders,2,Percent,2015,0.0829343277383648,0.0921509316825129,0.0746930057454909
1,All Population,5,Prevalence,11,Indonesia,3,Both,27,Age-standardized,558,Mental disorders,3,Rate,2015,8075.648549909541,8959.86299684148,7289.87419442485
1,All Population,5,Prevalence,129,Honduras,3,Both,27,Age-standardized,558,Mental disorders,2,Percent,2015,0.1186850281307624,0.1302605836257499,0.1083991668776192
1,All Population,5,Prevalence,129,Honduras,3,Both,27,Age-standardized,558,Mental disorders,3,Rate,2015,11568.14562667976,12699.948392064009,10563.09798180103
1,All Population,5,Prevalence,69,Singapore,3,Both,27,Age-standardized,558,Mental disorders,2,Percent,2015,0.1151448634767783,0.1285516823565205,0.1034793622735795
1,All Population,5,Prevalence,69,Singapore,3,Both,27,Age-standardized,558,Mental disorders,3,Rate,2015,10307.839832341779,11499.93889917585,9212.30223242064
1,All Population,5,Prevalence,107,Barbados,3,Both,27,Age-standardized,558,Mental disorders,2,Percent,2015,0.1479524721718436,0.1629010053604723,0.1336353775133086
1,All Population,5,Prevalence,107,Barbados,3,Both,27,Age-standardized,558,Mental disorders,3,Rate,2015,14215.456300741062,15627.55349273951,12764.655156768838
1,All Population,5,Prevalence,209,Guinea-Bissau,3,Both,27,Age-standardized,558,Mental disorders,2,Percent,2015,0.1187137626652967,0.1298855573486667,0.1053517488638046
1,All Population,5,Prevalence,209,Guinea-Bissau,3,Both,27,Age-standardized,558,Mental disorders,3,Rate,2015,11780.82819657102,12870.46920253973,10461.450942171501
1,All Population,5,Prevalence,163,India,3,Both,27,Age-standardized,558,Mental disorders,2,Percent,2015,0.1172833321622973,0.1301116584862491,0.1061646425325879
1,All Population,5,Prevalence,163,India,3,Both,27,Age-standardized,558,Mental disorders,3,Rate,2015,11524.4374545438,12784.822187759479,10431.87693287933
1,All Population,5,Prevalence,84,Ireland,3,Both,27,Age-standardized,558,Mental disorders,2,Percent,2015,0.1692658947400619,0.1853928695209241,0.1523297893824535
1,All Population,5,Prevalence,84,Ireland,3,Both,27,Age-standardized,558,Mental disorders,3,Rate,2015,15627.50130740045,17071.43270821153,14019.544643411791
1,All Population,5,Prevalence,116,Saint Lucia,3,Both,27,Age-standardized,558,Mental disorders,2,Percent,2015,0.1465519516469921,0.1614471004843715,0.1322271294427994
1,All Population,5,Prevalence,116,Saint Lucia,3,Both,27,Age-standardized,558,Mental disorders,3,Rate,2015,14139.630114171201,15573.788588134928,12692.99166020513
1,All Population,5,Prevalence,25,Micronesia (Federated States of),3,Both,27,Age-standardized,558,Mental disorders,2,Percent,2015,0.1019140586290948,0.1141700606652673,0.0888816029953513
1,All Population,5,Prevalence,25,Micronesia (Federated States of),3,Both,27,Age-standardized,558,Mental disorders,3,Rate,2015,10003.6587144248,11214.19126131437,8700.059499256678
1,All Population,5,Prevalence,34,Azerbaijan,3,Both,27,Age-standardized,558,Mental disorders,2,Percent,2015,0.1165800872141395,0.1311940573293113,0.1029838980777739
1,All Population,5,Prevalence,34,Azerbaijan,3,Both,27,Age-standardized,558,Mental disorders,3,Rate,2015,11099.27832117379,12476.227285523,9809.375872434379
1,All Population,5,Prevalence,393,Saint Kitts and Nevis,3,Both,27,Age-standardized,558,Mental disorders,2,Percent,2015,0.148201283484947,0.1632281170358913,0.1335336004834342
1,All Population,5,Prevalence,393,Saint Kitts and Nevis,3,Both,27,Age-standardized,558,Mental disorders,3,Rate,2015,14196.30071071159,15591.35863857938,12735.01547067708
1,All Population,5,Prevalence,189,United Republic of Tanzania,3,Both,27,Age-standardized,558,Mental disorders,2,Percent,2014,0.1042072220736947,0.1139202033183424,0.0938891358999921
1,All Population,5,Prevalence,189,United Republic of Tanzania,3,Both,27,Age-standardized,558,Mental disorders,3,Rate,2014,10278.44888779199,11231.402249589819,9268.964490525499
1,All Population,5,Prevalence,81,Germany,3,Both,27,Age-standardized,558,Mental disorders,2,Percent,2014,0.1390960940702164,0.1496462433260494,0.1290216707652325
1,All Population,5,Prevalence,81,Germany,3,Both,27,Age-standardized,558,Mental disorders,3,Rate,2014,12595.44841770971,13590.81568888484,11670.16748931194
1,All Population,5,Prevalence,115,Jamaica,3,Both,27,Age-standardized,558,Mental disorders,2,Percent,2015,0.1395079168045818,0.1535654879567985,0.1256631509939602
1,All Population,5,Prevalence,115,Jamaica,3,Both,27,Age-standardized,558,Mental disorders,3,Rate,2015,13548.45029705531,14885.64388188715,12158.16860772345
1,All Population,5,Prevalence,28,Solomon Islands,3,Both,27,Age-standardized,558,Mental disorders,2,Percent,2015,0.1039536523739539,0.1163771441271177,0.0904487378861873
1,All Population,5,Prevalence,28,Solomon Islands,3,Both,27,Age-standardized,558,Mental disorders,3,Rate,2015,10206.52777269012,11447.49462279791,8862.0805833496
1,All Population,5,Prevalence,62,Russian Federation,3,Both,27,Age-standardized,558,Mental disorders,2,Percent,2015,0.1154698005121877,0.1269710532951291,0.1040468164694495
1,All Population,5,Prevalence,62,Russian Federation,3,Both,27,Age-standardized,558,Mental disorders,3,Rate,2015,10769.54271607829,11846.679128988171,9679.73074515171
1,All Population,5,Prevalence,79,Finland,3,Both,27,Age-standardized,558,Mental disorders,2,Percent,2015,0.1313612865300232,0.144168536840689,0.1173229507037084
1,All Population,5,Prevalence,79,Finland,3,Both,27,Age-standardized,558,Mental disorders,3,Rate,2015,12059.24420657452,13207.078845709591,10773.650371963631
1,All Population,5,Prevalence,92,Spain,3,Both,27,Age-standardized,558,Mental disorders,2,Percent,2015,0.1629954751447168,0.1783969283638718,0.146409510924032
1,All Population,5,Prevalence,92,Spain,3,Both,27,Age-standardized,558,Mental disorders,3,Rate,2015,14980.36937629702,16448.46255308717,13465.19374690292
1,All Population,5,Prevalence,181,Madagascar,3,Both,27,Age-standardized,558,Mental disorders,2,Percent,2014,0.1103471433502625,0.1207274115755024,0.0989516726268213
1,All Population,5,Prevalence,181,Madagascar,3,Both,27,Age-standardized,558,Mental disorders,3,Rate,2014,10937.7141650799,11963.65539849778,9814.77443149251
1,All Population,5,Prevalence,195,Namibia,3,Both,27,Age-standardized,558,Mental disorders,2,Percent,2014,0.1070639231363342,0.116862536287911,0.0957837399671408
1,All Population,5,Prevalence,195,Namibia,3,Both,27,Age-standardized,558,Mental disorders,3,Rate,2014,10454.9973875784,11414.80348372642,9345.32404929458
1,All Population,5,Prevalence,89,Netherlands,3,Both,27,Age-standardized,558,Mental disorders,2,Percent,2014,0.1829277519142418,0.1946261066019589,0.1690075495155593
1,All Population,5,Prevalence,89,Netherlands,3,Both,27,Age-standardized,558,Mental disorders,3,Rate,2014,17150.105673885042,18211.67499951481,15942.40993982424
1,All Population,5,Prevalence,110,Dominica,3,Both,27,Age-standardized,558,Mental disorders,2,Percent,2015,0.1461227828148863,0.1608527175996549,0.1317323382199687
1,All Population,5,Prevalence,110,Dominica,3,Both,27,Age-standardized,558,Mental disorders,3,Rate,2015,14104.58141562905,15524.98512355705,12647.77275782793
1,All Population,5,Prevalence,26,Papua New Guinea,3,Both,27,Age-standardized,558,Mental disorders,2,Percent,2015,0.1013175681946929,0.1135404325553837,0.0881040706069405
1,All Population,5,Prevalence,26,Papua New Guinea,3,Both,27,Age-standardized,558,Mental disorders,3,Rate,2015,10059.01355771027,11266.90802458544,8737.64548498636
1,All Population,5,Prevalence,385,Puerto Rico,3,Both,27,Age-standardized,558,Mental disorders,2,Percent,2014,0.1618478893514789,0.1772083264977117,0.1466678906301075
1,All Population,5,Prevalence,385,Puerto Rico,3,Both,27,Age-standardized,558,Mental disorders,3,Rate,2014,15401.870749115209,16787.0088000036,13938.805603782
1,All Population,5,Prevalence,416,Tuvalu,3,Both,27,Age-standardized,558,Mental disorders,2,Percent,2014,0.1019076043963632,0.1139176045651818,0.0889170012430168
1,All Population,5,Prevalence,416,Tuvalu,3,Both,27,Age-standardized,558,Mental disorders,3,Rate,2014,9951.221437263259,11145.45173176007,8715.57700694629
1,All Population,5,Prevalence,146,Lebanon,3,Both,27,Age-standardized,558,Mental disorders,2,Percent,2015,0.1513834920336844,0.1648103949247262,0.1357385948085643
1,All Population,5,Prevalence,146,Lebanon,3,Both,27,Age-standardized,558,Mental disorders,3,Rate,2015,14454.47217079794,15782.734375763268,12904.19122201616
1,All Population,5,Prevalence,211,Mali,3,Both,27,Age-standardized,558,Mental disorders,2,Percent,2015,0.1170490678348897,0.1281378485357722,0.1039492329254802
1,All Population,5,Prevalence,211,Mali,3,Both,27,Age-standardized,558,Mental disorders,3,Rate,2015,11610.39581515236,12713.15675247021,10297.858432455261
1,All Population,5,Prevalence,15,Myanmar,3,Both,27,Age-standardized,558,Mental disorders,2,Percent,2015,0.087588962994225,0.0961815359253339,0.0790876451393225
1,All Population,5,Prevalence,15,Myanmar,3,Both,27,Age-standardized,558,Mental disorders,3,Rate,2015,8528.02161280448,9342.87165176189,7682.26230000385
1,All Population,5,Prevalence,320,Cook Islands,3,Both,27,Age-standardized,558,Mental disorders,2,Percent,2015,0.1047758259642253,0.1174240404778443,0.0916872434128432
1,All Population,5,Prevalence,320,Cook Islands,3,Both,27,Age-standardized,558,Mental disorders,3,Rate,2015,10040.17936389265,11250.58622690449,8767.56324462211
1,All Population,5,Prevalence,47,Czechia,3,Both,27,Age-standardized,558,Mental disorders,2,Percent,2015,0.1239514435022566,0.1375098319548852,0.1093077457648721
1,All Population,5,Prevalence,47,Czechia,3,Both,27,Age-standardized,558,Mental disorders,3,Rate,2015,11648.58796736732,12945.29770569772,10288.86607341957
1,All Population,5,Prevalence,210,Liberia,3,Both,27,Age-standardized,558,Mental disorders,2,Percent,2014,0.1259100875082461,0.1374752038126833,0.1112208291822629
1,All Population,5,Prevalence,210,Liberia,3,Both,27,Age-standardized,558,Mental disorders,3,Rate,2014,12506.27645112548,13636.61110467749,11061.28112352254
1,All Population,5,Prevalence,85,Israel,3,Both,27,Age-standardized,558,Mental disorders,2,Percent,2015,0.1464750052571153,0.1603621941838294,0.1312635982702531
1,All Population,5,Prevalence,85,Israel,3,Both,27,Age-standardized,558,Mental disorders,3,Rate,2015,13618.611836909538,14946.22904918892,12220.1723407149
1,All Population,5,Prevalence,53,Serbia,3,Both,27,Age-standardized,558,Mental disorders,2,Percent,2015,0.1302150056707271,0.1473331232369668,0.1142534883424456
1,All Population,5,Prevalence,53,Serbia,3,Both,27,Age-standardized,558,Mental disorders,3,Rate,2015,12354.17243190372,13958.07818846782,10805.62336798956
1,All Population,5,Prevalence,151,Qatar,3,Both,27,Age-standardized,558,Mental disorders,2,Percent,2015,0.1160616779076232,0.1254733377212164,0.1056830736051363
1,All Population,5,Prevalence,151,Qatar,3,Both,27,Age-standardized,558,Mental disorders,3,Rate,2015,11062.05478474731,11966.11671090517,10068.94978197416
1,All Population,5,Prevalence,136,Paraguay,3,Both,27,Age-standardized,558,Mental disorders,2,Percent,2015,0.1507477497978637,0.165641808064812,0.1379229382209368
1,All Population,5,Prevalence,136,Paraguay,3,Both,27,Age-standardized,558,Mental disorders,3,Rate,2015,14566.14250386683,16013.110467665689,13314.203451636338
1,All Population,5,Prevalence,97,Argentina,3,Both,27,Age-standardized,558,Mental disorders,2,Percent,2014,0.1468999461427424,0.1643956940258706,0.1287457889126785
1,All Population,5,Prevalence,97,Argentina,3,Both,27,Age-standardized,558,Mental disorders,3,Rate,2014,13858.12270401911,15479.92132074647,12122.851830179341
1,All Population,5,Prevalence,157,Yemen,3,Both,27,Age-standardized,558,Mental disorders,2,Percent,2015,0.1310258282056613,0.1424918361053705,0.1199506178411292
1,All Population,5,Prevalence,157,Yemen,3,Both,27,Age-standardized,558,Mental disorders,3,Rate,2015,12947.89575887276,14066.263829409589,11867.088705040469
1,All Population,5,Prevalence,178,Eritrea,3,Both,27,Age-standardized,558,Mental disorders,2,Percent,2015,0.1124809969982148,0.1229300745836479,0.1011292756606769
1,All Population,5,Prevalence,178,Eritrea,3,Both,27,Age-standardized,558,Mental disorders,3,Rate,2015,11022.372916607861,12061.72996137214,9919.200456659211
1,All Population,5,Prevalence,196,South Africa,3,Both,27,Age-standardized,558,Mental disorders,2,Percent,2015,0.1136034514777151,0.1242206127406024,0.1023843021191178
1,All Population,5,Prevalence,196,South Africa,3,Both,27,Age-standardized,558,Mental disorders,3,Rate,2015,11189.646708018761,12232.92648802412,10081.95327041544
1,All Population,5,Prevalence,141,Egypt,3,Both,27,Age-standardized,558,Mental disorders,2,Percent,2015,0.1395071697095729,0.1520258045423918,0.1253697792424876
1,All Population,5,Prevalence,141,Egypt,3,Both,27,Age-standardized,558,Mental disorders,3,Rate,2015,13476.174493944,14679.95954113375,12109.44644110888
1,All Population,5,Prevalence,75,Austria,3,Both,27,Age-standardized,558,Mental disorders,2,Percent,2015,0.1393029282375261,0.1541955059616089,0.1231627161510703
1,All Population,5,Prevalence,75,Austria,3,Both,27,Age-standardized,558,Mental disorders,3,Rate,2015,12809.48412037389,14173.59864938589,11355.930227053961
1,All Population,5,Prevalence,38,Mongolia,3,Both,27,Age-standardized,558,Mental disorders,2,Percent,2015,0.1112074628564871,0.1239112031955811,0.0984147583202223
1,All Population,5,Prevalence,38,Mongolia,3,Both,27,Age-standardized,558,Mental disorders,3,Rate,2015,10607.82606312939,11818.78569010775,9401.07449493113
1,All Population,5,Prevalence,57,Belarus,3,Both,27,Age-standardized,558,Mental disorders,2,Percent,2015,0.1151654411427404,0.1269922069269265,0.1026689025538393
1,All Population,5,Prevalence,57,Belarus,3,Both,27,Age-standardized,558,Mental disorders,3,Rate,2015,10706.33519748934,11808.7906754626,9573.89992925369
1,All Population,5,Prevalence,197,Eswatini,3,Both,27,Age-standardized,558,Mental disorders,2,Percent,2015,0.1141190846388878,0.1253877914729984,0.1020359886442961
1,All Population,5,Prevalence,197,Eswatini,3,Both,27,Age-standardized,558,Mental disorders,3,Rate,2015,11118.42225536561,12199.21574568243,9908.00054463481
1,All Population,5,Prevalence,173,Gabon,3,Both,27,Age-standardized,558,Mental disorders,2,Percent,2015,0.1319418817607447,0.1479820839460605,0.1157243803002873
1,All Population,5,Prevalence,173,Gabon,3,Both,27,Age-standardized,558,Mental disorders,3,Rate,2015,13056.11658491444,14628.38422847979,11449.569380066061
1,All Population,5,Prevalence,200,Benin,3,Both,27,Age-standardized,558,Mental disorders,2,Percent,2015,0.1290036643315298,0.1411123560664474,0.1139820904096487
1,All Population,5,Prevalence,200,Benin,3,Both,27,Age-standardized,558,Mental disorders,3,Rate,2015,12792.69610996119,13993.525191284682,11296.36382133612
1,All Population,5,Prevalence,101,Canada,3,Both,27,Age-standardized,558,Mental disorders,2,Percent,2015,0.1515551497198674,0.1667484889577786,0.134995866276581
1,All Population,5,Prevalence,101,Canada,3,Both,27,Age-standardized,558,Mental disorders,3,Rate,2015,14018.77559611818,15463.14122329552,12418.54504360212
1,All Population,5,Prevalence,41,Uzbekistan,3,Both,27,Age-standardized,558,Mental disorders,2,Percent,2016,0.1022162788755138,0.1148318129227016,0.0908752588779824
1,All Population,5,Prevalence,41,Uzbekistan,3,Both,27,Age-standardized,558,Mental disorders,3,Rate,2016,9766.55069693031,10996.21408555639,8655.099882556271
1,All Population,5,Prevalence,22,Fiji,3,Both,27,Age-standardized,558,Mental disorders,2,Percent,2016,0.1008722141149772,0.1126135589430659,0.0884326241035331
1,All Population,5,Prevalence,22,Fiji,3,Both,27,Age-standardized,558,Mental disorders,3,Rate,2016,9862.28493905014,11017.14235170544,8622.48900112322
1,All Population,5,Prevalence,46,Croatia,3,Both,27,Age-standardized,558,Mental disorders,2,Percent,2015,0.1277005418509194,0.144163232925718,0.1111033655869445
1,All Population,5,Prevalence,46,Croatia,3,Both,27,Age-standardized,558,Mental disorders,3,Rate,2015,12127.38166650752,13683.93347223082,10577.97817547574
1,All Population,5,Prevalence,168,Angola,3,Both,27,Age-standardized,558,Mental disorders,2,Percent,2015,0.1443814943423177,0.1624058250377052,0.1264454744973409
1,All Population,5,Prevalence,168,Angola,3,Both,27,Age-standardized,558,Mental disorders,3,Rate,2015,14242.546790241131,15991.734852909509,12461.52551656229
1,All Population,5,Prevalence,18,Thailand,3,Both,27,Age-standardized,558,Mental disorders,2,Percent,2014,0.0862158180251057,0.0962059207210968,0.0783797001585657
1,All Population,5,Prevalence,18,Thailand,3,Both,27,Age-standardized,558,Mental disorders,3,Rate,2014,8269.95523706252,9228.788738063271,7475.280547930201
1,All Population,5,Prevalence,110,Dominica,3,Both,27,Age-standardized,558,Mental disorders,2,Percent,2014,0.145498045090802,0.1598662660557407,0.1311970576550744
1,All Population,5,Prevalence,110,Dominica,3,Both,27,Age-standardized,558,Mental disorders,3,Rate,2014,14043.02071504657,15446.086683736501,12598.21578281074
1,All Population,5,Prevalence,193,Botswana,3,Both,27,Age-standardized,558,Mental disorders,2,Percent,2015,0.1096735116483608,0.120225540211564,0.0984409184344659
1,All Population,5,Prevalence,193,Botswana,3,Both,27,Age-standardized,558,Mental disorders,3,Rate,2015,10737.84319702307,11777.89419147508,9618.301904786771
1,All Population,5,Prevalence,177,Djibouti,3,Both,27,Age-standardized,558,Mental disorders,2,Percent,2015,0.1067455484153813,0.1167849208332491,0.0966241913226586
1,All Population,5,Prevalence,177,Djibouti,3,Both,27,Age-standardized,558,Mental disorders,3,Rate,2015,10418.208809506701,11368.91830709695,9410.96886026671
1,All Population,5,Prevalence,210,Liberia,3,Both,27,Age-standardized,558,Mental disorders,2,Percent,2015,0.1267703797596736,0.1384281594629608,0.1120937618589398
1,All Population,5,Prevalence,210,Liberia,3,Both,27,Age-standardized,558,Mental disorders,3,Rate,2015,12587.5623041851,13745.616237404129,11120.401646306149
1,All Population,5,Prevalence,217,Sierra Leone,3,Both,27,Age-standardized,558,Mental disorders,2,Percent,2015,0.1268163590728755,0.1387699298317661,0.1121522682025142
1,All Population,5,Prevalence,217,Sierra Leone,3,Both,27,Age-standardized,558,Mental disorders,3,Rate,2015,12581.18985149572,13763.27446667853,11123.43872554148
1,All Population,5,Prevalence,28,Solomon Islands,3,Both,27,Age-standardized,558,Mental disorders,2,Percent,2016,0.1046611055743039,0.1173817433953196,0.0914620764206227
1,All Population,5,Prevalence,28,Solomon Islands,3,Both,27,Age-standardized,558,Mental disorders,3,Rate,2016,10273.32507259922,11528.97115543554,8958.21074321306
1,All Population,5,Prevalence,154,Tunisia,3,Both,27,Age-standardized,558,Mental disorders,2,Percent,2015,0.1461858444696769,0.1583741989168207,0.1332411886415618
1,All Population,5,Prevalence,154,Tunisia,3,Both,27,Age-standardized,558,Mental disorders,3,Rate,2015,13947.93409747078,15117.88296837813,12684.132248791979
1,All Population,5,Prevalence,45,Bulgaria,3,Both,27,Age-standardized,558,Mental disorders,2,Percent,2016,0.1127807355758204,0.1264942018278248,0.1012345897933432
1,All Population,5,Prevalence,45,Bulgaria,3,Both,27,Age-standardized,558,Mental disorders,3,Rate,2016,10692.511217520741,11990.48759738461,9613.635063242069
1,All Population,5,Prevalence,130,Mexico,3,Both,27,Age-standardized,558,Mental disorders,2,Percent,2015,0.1252505165164099,0.1372269175908674,0.1129183814792922
1,All Population,5,Prevalence,130,Mexico,3,Both,27,Age-standardized,558,Mental disorders,3,Rate,2015,11935.08748236728,13082.71895758063,10758.11776750501
1,All Population,5,Prevalence,162,Bhutan,3,Both,27,Age-standardized,558,Mental disorders,2,Percent,2015,0.112322472643599,0.1231819505885818,0.1019165059058181
1,All Population,5,Prevalence,162,Bhutan,3,Both,27,Age-standardized,558,Mental disorders,3,Rate,2015,10693.09135234562,11727.7744746146,9717.31775097446
1,All Population,5,Prevalence,52,Romania,3,Both,27,Age-standardized,558,Mental disorders,2,Percent,2016,0.1140892441282806,0.128208928137339,0.1008716651532316
1,All Population,5,Prevalence,52,Romania,3,Both,27,Age-standardized,558,Mental disorders,3,Rate,2016,10848.648840789921,12188.34518473639,9607.37107834973
1,All Population,5,Prevalence,88,Malta,3,Both,27,Age-standardized,558,Mental disorders,2,Percent,2016,0.1726255635949136,0.1859480700235752,0.1604476885219557
1,All Population,5,Prevalence,88,Malta,3,Both,27,Age-standardized,558,Mental disorders,3,Rate,2016,15869.029609845109,17083.3277824841,14669.970619171441
1,All Population,5,Prevalence,78,Denmark,3,Both,27,Age-standardized,558,Mental disorders,2,Percent,2014,0.1444523454879021,0.154966671814178,0.135303819771026
1,All Population,5,Prevalence,78,Denmark,3,Both,27,Age-standardized,558,Mental disorders,3,Rate,2014,13148.740485596969,14092.568013288359,12308.13162680206
1,All Population,5,Prevalence,76,Belgium,3,Both,27,Age-standardized,558,Mental disorders,2,Percent,2015,0.1491191695289075,0.1645317515121723,0.1315888864369835
1,All Population,5,Prevalence,76,Belgium,3,Both,27,Age-standardized,558,Mental disorders,3,Rate,2015,13636.716062107651,15021.164939420289,12058.471739679639
1,All Population,5,Prevalence,7,Democratic People's Republic of Korea,3,Both,27,Age-standardized,558,Mental disorders,2,Percent,2016,0.106969098713221,0.1179706809588358,0.0973886424746162
1,All Population,5,Prevalence,7,Democratic People's Republic of Korea,3,Both,27,Age-standardized,558,Mental disorders,3,Rate,2016,10251.54179618148,11305.3006907528,9337.4859731377
1,All Population,5,Prevalence,186,Seychelles,3,Both,27,Age-standardized,558,Mental disorders,2,Percent,2015,0.0869411423576178,0.0957276707379865,0.0794479936424984
1,All Population,5,Prevalence,186,Seychelles,3,Both,27,Age-standardized,558,Mental disorders,3,Rate,2015,8310.12844040068,9139.61316534234,7572.312953943409
1,All Population,5,Prevalence,351,Guam,3,Both,27,Age-standardized,558,Mental disorders,2,Percent,2015,0.1058581461579679,0.1184941337502774,0.0927967678362258
1,All Population,5,Prevalence,351,Guam,3,Both,27,Age-standardized,558,Mental disorders,3,Rate,2015,10137.54640395309,11351.49498918226,8830.235935498009
1,All Population,5,Prevalence,125,Colombia,3,Both,27,Age-standardized,558,Mental disorders,2,Percent,2014,0.1132487460395787,0.1219224867635266,0.1038778906408887
1,All Population,5,Prevalence,125,Colombia,3,Both,27,Age-standardized,558,Mental disorders,3,Rate,2014,10846.1463096516,11661.679400910829,9933.92079781841
1,All Population,5,Prevalence,37,Kyrgyzstan,3,Both,27,Age-standardized,558,Mental disorders,2,Percent,2016,0.1016949256643395,0.1139507025457865,0.0912228553682296
1,All Population,5,Prevalence,37,Kyrgyzstan,3,Both,27,Age-standardized,558,Mental disorders,3,Rate,2016,9804.838095704179,10996.42741258858,8731.645576580691
1,All Population,5,Prevalence,47,Czechia,3,Both,27,Age-standardized,558,Mental disorders,2,Percent,2016,0.1243013472389339,0.1374653200669022,0.1097765004980694
1,All Population,5,Prevalence,47,Czechia,3,Both,27,Age-standardized,558,Mental disorders,3,Rate,2016,11673.96114026354,12898.49338996325,10331.30667904072
1,All Population,5,Prevalence,61,Republic of Moldova,3,Both,27,Age-standardized,558,Mental disorders,2,Percent,2015,0.11982060203416,0.1326222654176924,0.1070178739601927
1,All Population,5,Prevalence,61,Republic of Moldova,3,Both,27,Age-standardized,558,Mental disorders,3,Rate,2015,11231.44922925219,12488.7468682572,9983.27376338431
1,All Population,5,Prevalence,13,Malaysia,3,Both,27,Age-standardized,558,Mental disorders,2,Percent,2016,0.0941790745224993,0.103104179651296,0.0859440939561925
1,All Population,5,Prevalence,13,Malaysia,3,Both,27,Age-standardized,558,Mental disorders,3,Rate,2016,8969.20939920339,9812.67143267939,8154.92504801589
1,All Population,5,Prevalence,218,Togo,3,Both,27,Age-standardized,558,Mental disorders,2,Percent,2014,0.1425571094809211,0.1624847569614664,0.1224488003095475
1,All Population,5,Prevalence,218,Togo,3,Both,27,Age-standardized,558,Mental disorders,3,Rate,2014,14166.77106021057,16158.173373892041,12153.554738727671
1,All Population,5,Prevalence,67,Japan,3,Both,27,Age-standardized,558,Mental disorders,2,Percent,2016,0.129943470863744,0.145666348851209,0.1160843651987192
1,All Population,5,Prevalence,67,Japan,3,Both,27,Age-standardized,558,Mental disorders,3,Rate,2016,11738.89362363641,13124.238381020781,10388.02512474123
1,All Population,5,Prevalence,131,Nicaragua,3,Both,27,Age-standardized,558,Mental disorders,2,Percent,2015,0.1216871012597443,0.1324978183645747,0.111117638077488
1,All Population,5,Prevalence,131,Nicaragua,3,Both,27,Age-standardized,558,Mental disorders,3,Rate,2015,11735.406901076529,12771.395699916111,10702.14166598374
1,All Population,5,Prevalence,99,Uruguay,3,Both,27,Age-standardized,558,Mental disorders,2,Percent,2016,0.1554568745678222,0.1729421908817207,0.1364408300214298
1,All Population,5,Prevalence,99,Uruguay,3,Both,27,Age-standardized,558,Mental disorders,3,Rate,2016,14577.59056760293,16227.26589631359,12823.05338738613
1,All Population,5,Prevalence,374,Niue,3,Both,27,Age-standardized,558,Mental disorders,2,Percent,2015,0.1042913539420827,0.1168480432923622,0.0910838884831728
1,All Population,5,Prevalence,374,Niue,3,Both,27,Age-standardized,558,Mental disorders,3,Rate,2015,10008.421043996039,11232.84189101799,8729.78068632728
1,All Population,5,Prevalence,48,Hungary,3,Both,27,Age-standardized,558,Mental disorders,2,Percent,2015,0.1205194870825004,0.1346629246351865,0.1066659983391521
1,All Population,5,Prevalence,48,Hungary,3,Both,27,Age-standardized,558,Mental disorders,3,Rate,2015,11327.18974515643,12662.94440697183,10038.138119947589
1,All Population,5,Prevalence,58,Estonia,3,Both,27,Age-standardized,558,Mental disorders,2,Percent,2015,0.1168242403803623,0.1294242032951712,0.1046236064090941
1,All Population,5,Prevalence,58,Estonia,3,Both,27,Age-standardized,558,Mental disorders,3,Rate,2015,10797.217937338239,11966.6038610451,9636.17633786563
1,All Population,5,Prevalence,60,Lithuania,3,Both,27,Age-standardized,558,Mental disorders,2,Percent,2016,0.1248912325339356,0.1397404313680952,0.1097765531505439
1,All Population,5,Prevalence,60,Lithuania,3,Both,27,Age-standardized,558,Mental disorders,3,Rate,2016,11792.387411395699,13150.593920807749,10326.85441908557
1,All Population,5,Prevalence,86,Italy,3,Both,27,Age-standardized,558,Mental disorders,2,Percent,2015,0.1406139425822999,0.1552610347578309,0.1236829904712051
1,All Population,5,Prevalence,86,Italy,3,Both,27,Age-standardized,558,Mental disorders,3,Rate,2015,12893.51571175775,14276.15744576673,11307.56278845765
1,All Population,5,Prevalence,94,Switzerland,3,Both,27,Age-standardized,558,Mental disorders,2,Percent,2016,0.1693997288998707,0.1857340258387137,0.1518046706434603
1,All Population,5,Prevalence,94,Switzerland,3,Both,27,Age-standardized,558,Mental disorders,3,Rate,2016,15455.78096108937,16933.27836501679,13866.599169602032
1,All Population,5,Prevalence,107,Barbados,3,Both,27,Age-standardized,558,Mental disorders,2,Percent,2016,0.1485927914740457,0.1637048373491398,0.1343954946409994
1,All Population,5,Prevalence,107,Barbados,3,Both,27,Age-standardized,558,Mental disorders,3,Rate,2016,14273.88078510079,15681.469943307871,12837.98653584754
1,All Population,5,Prevalence,90,Norway,3,Both,27,Age-standardized,558,Mental disorders,2,Percent,2016,0.147863354815012,0.163914309364354,0.1316975501958559
1,All Population,5,Prevalence,90,Norway,3,Both,27,Age-standardized,558,Mental disorders,3,Rate,2016,13603.15432202572,15060.823263116461,12104.34799299379
1,All Population,5,Prevalence,205,Côte d'Ivoire,3,Both,27,Age-standardized,558,Mental disorders,2,Percent,2014,0.1242352793133713,0.1350531733494573,0.1093577589462209
1,All Population,5,Prevalence,205,Côte d'Ivoire,3,Both,27,Age-standardized,558,Mental disorders,3,Rate,2014,12284.79044019518,13372.7221644172,10809.31712024606
1,All Population,5,Prevalence,33,Armenia,3,Both,27,Age-standardized,558,Mental disorders,2,Percent,2015,0.1336257237010675,0.1499491386346531,0.1167978845066295
1,All Population,5,Prevalence,33,Armenia,3,Both,27,Age-standardized,558,Mental disorders,3,Rate,2015,12655.783106329949,14197.014496800839,11106.30772742896
1,All Population,5,Prevalence,172,Equatorial Guinea,3,Both,27,Age-standardized,558,Mental disorders,2,Percent,2014,0.1331470654378115,0.1492123442588446,0.1170546976378179
1,All Population,5,Prevalence,172,Equatorial Guinea,3,Both,27,Age-standardized,558,Mental disorders,3,Rate,2014,13020.26419105696,14568.88242151084,11418.83938281821
1,All Population,5,Prevalence,123,Peru,3,Both,27,Age-standardized,558,Mental disorders,2,Percent,2015,0.1513449657177556,0.1652245565098896,0.13550764436029
1,All Population,5,Prevalence,123,Peru,3,Both,27,Age-standardized,558,Mental disorders,3,Rate,2015,14831.31705155768,16183.17336124675,13284.24317319355
1,All Population,5,Prevalence,108,Belize,3,Both,27,Age-standardized,558,Mental disorders,2,Percent,2015,0.14081016452228,0.1548407325421485,0.1267398125226058
1,All Population,5,Prevalence,108,Belize,3,Both,27,Age-standardized,558,Mental disorders,3,Rate,2015,13664.6034658227,15045.47794419576,12260.30657930687
1,All Population,5,Prevalence,18,Thailand,3,Both,27,Age-standardized,558,Mental disorders,2,Percent,2015,0.0866914612530649,0.0969920989411334,0.0788789007559955
1,All Population,5,Prevalence,18,Thailand,3,Both,27,Age-standardized,558,Mental disorders,3,Rate,2015,8311.20072717779,9296.98437385214,7521.83617057435
1,All Population,5,Prevalence,82,Greece,3,Both,27,Age-standardized,558,Mental disorders,2,Percent,2016,0.1727698478996361,0.1905387017777006,0.1529589993562791
1,All Population,5,Prevalence,82,Greece,3,Both,27,Age-standardized,558,Mental disorders,3,Rate,2016,15976.130855979009,17691.26208297438,14137.8718198785
1,All Population,5,Prevalence,114,Haiti,3,Both,27,Age-standardized,558,Mental disorders,2,Percent,2016,0.1454705643471365,0.1602005017594047,0.1304329429569101
1,All Population,5,Prevalence,114,Haiti,3,Both,27,Age-standardized,558,Mental disorders,3,Rate,2016,14320.283016318968,15767.85481140786,12816.12702842831
1,All Population,5,Prevalence,41,Uzbekistan,3,Both,27,Age-standardized,558,Mental disorders,2,Percent,2015,0.1034941444359248,0.1165138607683853,0.0918068137345449
1,All Population,5,Prevalence,41,Uzbekistan,3,Both,27,Age-standardized,558,Mental disorders,3,Rate,2015,9895.881304405491,11143.77515174942,8761.31674624442
1,All Population,5,Prevalence,147,Libya,3,Both,27,Age-standardized,558,Mental disorders,2,Percent,2015,0.1382314507277781,0.1486294371411409,0.1267572581914633
1,All Population,5,Prevalence,147,Libya,3,Both,27,Age-standardized,558,Mental disorders,3,Rate,2015,13376.403895604699,14336.56686784357,12296.72227417255
1,All Population,5,Prevalence,176,Comoros,3,Both,27,Age-standardized,558,Mental disorders,2,Percent,2016,0.1138762128453988,0.1253034204821446,0.1028392254322475
1,All Population,5,Prevalence,176,Comoros,3,Both,27,Age-standardized,558,Mental disorders,3,Rate,2016,11113.13691133214,12272.3588419845,9987.53573600595
1,All Population,5,Prevalence,75,Austria,3,Both,27,Age-standardized,558,Mental disorders,2,Percent,2016,0.1409920297514946,0.1561347363215748,0.1249461525396195
1,All Population,5,Prevalence,75,Austria,3,Both,27,Age-standardized,558,Mental disorders,3,Rate,2016,12960.635049366121,14352.85104546124,11501.39756681625
1,All Population,5,Prevalence,154,Tunisia,3,Both,27,Age-standardized,558,Mental disorders,2,Percent,2016,0.1465203666332481,0.1586556105282046,0.1336584181986577
1,All Population,5,Prevalence,154,Tunisia,3,Both,27,Age-standardized,558,Mental disorders,3,Rate,2016,13973.047368455591,15167.22461751778,12719.56984810663
1,All Population,5,Prevalence,117,Saint Vincent and the Grenadines,3,Both,27,Age-standardized,558,Mental disorders,2,Percent,2015,0.1454696772009766,0.1601615433285939,0.1309297571792579
1,All Population,5,Prevalence,117,Saint Vincent and the Grenadines,3,Both,27,Age-standardized,558,Mental disorders,3,Rate,2015,14078.561517415439,15485.568650387399,12624.28272862203
1,All Population,5,Prevalence,135,Brazil,3,Both,27,Age-standardized,558,Mental disorders,2,Percent,2016,0.1655028906398993,0.1805733706593045,0.1515417186066853
1,All Population,5,Prevalence,135,Brazil,3,Both,27,Age-standardized,558,Mental disorders,3,Rate,2016,15953.909816902858,17407.03484426231,14617.85866293725
1,All Population,5,Prevalence,146,Lebanon,3,Both,27,Age-standardized,558,Mental disorders,2,Percent,2016,0.1510724579442305,0.1652402500599843,0.135768217310463
1,All Population,5,Prevalence,146,Lebanon,3,Both,27,Age-standardized,558,Mental disorders,3,Rate,2016,14417.89428309446,15750.89877766155,12918.68762629726
1,All Population,5,Prevalence,12,Lao People's Democratic Republic,3,Both,27,Age-standardized,558,Mental disorders,2,Percent,2015,0.0848628803951778,0.0949591483714141,0.0764274751158514
1,All Population,5,Prevalence,12,Lao People's Democratic Republic,3,Both,27,Age-standardized,558,Mental disorders,3,Rate,2015,8225.181983361721,9206.76071741388,7392.4638562605005
1,All Population,5,Prevalence,27,Samoa,3,Both,27,Age-standardized,558,Mental disorders,2,Percent,2015,0.1025356839881839,0.1151174074429086,0.0896216226018281
1,All Population,5,Prevalence,27,Samoa,3,Both,27,Age-standardized,558,Mental disorders,3,Rate,2015,9964.77429137521,11211.84701095012,8692.1036666863
1,All Population,5,Prevalence,12,Lao People's Democratic Republic,3,Both,27,Age-standardized,558,Mental disorders,2,Percent,2016,0.0858496543580638,0.0961134533329956,0.0771775895439617
1,All Population,5,Prevalence,12,Lao People's Democratic Republic,3,Both,27,Age-standardized,558,Mental disorders,3,Rate,2016,8308.51923795035,9311.08270550622,7453.09495515806
1,All Population,5,Prevalence,6,China,3,Both,27,Age-standardized,558,Mental disorders,2,Percent,2016,0.1211295024780931,0.1317152016724733,0.1100086528974413
1,All Population,5,Prevalence,6,China,3,Both,27,Age-standardized,558,Mental disorders,3,Rate,2016,11513.92966670069,12510.075214494402,10479.54118158484
1,All Population,5,Prevalence,197,Eswatini,3,Both,27,Age-standardized,558,Mental disorders,2,Percent,2014,0.1139301343462134,0.124449533721028,0.1015302652081355
1,All Population,5,Prevalence,197,Eswatini,3,Both,27,Age-standardized,558,Mental disorders,3,Rate,2014,11110.19195508833,12168.20822235916,9873.482659943591
1,All Population,5,Prevalence,109,Cuba,3,Both,27,Age-standardized,558,Mental disorders,2,Percent,2015,0.156019848187696,0.1717844504952166,0.1394910017572315
1,All Population,5,Prevalence,109,Cuba,3,Both,27,Age-standardized,558,Mental disorders,3,Rate,2015,15042.349620561828,16554.55238910747,13461.289736225199
1,All Population,5,Prevalence,212,Mauritania,3,Both,27,Age-standardized,558,Mental disorders,2,Percent,2014,0.1068144138149511,0.1164539871939109,0.0956524720348055
1,All Population,5,Prevalence,212,Mauritania,3,Both,27,Age-standardized,558,Mental disorders,3,Rate,2014,10483.63602126277,11429.689173673189,9383.395869790109
1,All Population,5,Prevalence,25,Micronesia (Federated States of),3,Both,27,Age-standardized,558,Mental disorders,2,Percent,2016,0.102616849863777,0.1146787438891117,0.0895714293954503
1,All Population,5,Prevalence,25,Micronesia (Federated States of),3,Both,27,Age-standardized,558,Mental disorders,3,Rate,2016,10068.69525112036,11265.7214187442,8774.39907223245
1,All Population,5,Prevalence,87,Luxembourg,3,Both,27,Age-standardized,558,Mental disorders,2,Percent,2015,0.150082853645268,0.1608464398560917,0.1397951937779747
1,All Population,5,Prevalence,87,Luxembourg,3,Both,27,Age-standardized,558,Mental disorders,3,Rate,2015,13717.44322862524,14688.45413873934,12777.04352242587
1,All Population,5,Prevalence,36,Kazakhstan,3,Both,27,Age-standardized,558,Mental disorders,2,Percent,2016,0.1028520693165656,0.1141467344764929,0.0923466512345737
1,All Population,5,Prevalence,36,Kazakhstan,3,Both,27,Age-standardized,558,Mental disorders,3,Rate,2016,9761.15622063214,10888.99513049955,8730.24123928125
1,All Population,5,Prevalence,93,Sweden,3,Both,27,Age-standardized,558,Mental disorders,2,Percent,2015,0.1462537523725655,0.1574952141080817,0.1353654893090511
1,All Population,5,Prevalence,93,Sweden,3,Both,27,Age-standardized,558,Mental disorders,3,Rate,2015,13479.76253795573,14484.565734104652,12414.52397574372
1,All Population,5,Prevalence,305,Bermuda,3,Both,27,Age-standardized,558,Mental disorders,2,Percent,2015,0.1518866693052027,0.1668823926709461,0.1369320020899836
1,All Population,5,Prevalence,305,Bermuda,3,Both,27,Age-standardized,558,Mental disorders,3,Rate,2015,14458.003008909809,15909.771105449281,13018.79668382869
1,All Population,5,Prevalence,183,Mauritius,3,Both,27,Age-standardized,558,Mental disorders,2,Percent,2015,0.0983010822293012,0.1108101397040717,0.0881270143453937
1,All Population,5,Prevalence,183,Mauritius,3,Both,27,Age-standardized,558,Mental disorders,3,Rate,2015,9505.9744270463,10686.074568762551,8468.226467971359
1,All Population,5,Prevalence,201,Burkina Faso,3,Both,27,Age-standardized,558,Mental disorders,2,Percent,2015,0.1302985677584805,0.1420271753703532,0.1154147218228769
1,All Population,5,Prevalence,201,Burkina Faso,3,Both,27,Age-standardized,558,Mental disorders,3,Rate,2015,12947.03372605154,14123.925565779611,11465.04896603645
1,All Population,5,Prevalence,161,Bangladesh,3,Both,27,Age-standardized,558,Mental disorders,2,Percent,2016,0.114740748021385,0.1289319154798648,0.1020514139533617
1,All Population,5,Prevalence,161,Bangladesh,3,Both,27,Age-standardized,558,Mental disorders,3,Rate,2016,11117.41156348831,12458.673151320989,9888.29252743125
1,All Population,5,Prevalence,148,Morocco,3,Both,27,Age-standardized,558,Mental disorders,2,Percent,2015,0.1297412948095679,0.1399855529528098,0.1197521500173681
1,All Population,5,Prevalence,148,Morocco,3,Both,27,Age-standardized,558,Mental disorders,3,Rate,2015,12462.01511652238,13399.126546318272,11464.01436928494
1,All Population,5,Prevalence,180,Kenya,3,Both,27,Age-standardized,558,Mental disorders,2,Percent,2015,0.1068814955131698,0.1170846436489216,0.0970535497314927
1,All Population,5,Prevalence,180,Kenya,3,Both,27,Age-standardized,558,Mental disorders,3,Rate,2015,10483.66904492957,11474.74490203348,9528.925276368951
1,All Population,5,Prevalence,141,Egypt,3,Both,27,Age-standardized,558,Mental disorders,2,Percent,2016,0.1394241876312252,0.1522201035145275,0.1255169876163964
1,All Population,5,Prevalence,141,Egypt,3,Both,27,Age-standardized,558,Mental disorders,3,Rate,2016,13454.2881736262,14700.14817989487,12086.85028382965
1,All Population,5,Prevalence,94,Switzerland,3,Both,27,Age-standardized,558,Mental disorders,2,Percent,2015,0.1683818894192378,0.1845139305106612,0.1506277271466209
1,All Population,5,Prevalence,94,Switzerland,3,Both,27,Age-standardized,558,Mental disorders,3,Rate,2015,15375.34977840983,16845.8648465083,13705.9937300445
1,All Population,5,Prevalence,83,Iceland,3,Both,27,Age-standardized,558,Mental disorders,2,Percent,2016,0.1541587377268014,0.1653184842898938,0.1433419701574056
1,All Population,5,Prevalence,83,Iceland,3,Both,27,Age-standardized,558,Mental disorders,3,Rate,2016,14201.656302740608,15126.62777189977,13205.64506617902
1,All Population,5,Prevalence,113,Guyana,3,Both,27,Age-standardized,558,Mental disorders,2,Percent,2016,0.1434680380508526,0.1575793746750618,0.1288428089769659
1,All Population,5,Prevalence,113,Guyana,3,Both,27,Age-standardized,558,Mental disorders,3,Rate,2016,13959.7718996049,15352.753872046851,12519.07778680012
1,All Population,5,Prevalence,98,Chile,3,Both,27,Age-standardized,558,Mental disorders,2,Percent,2016,0.163269931962744,0.1832951984032085,0.1429235511268844
1,All Population,5,Prevalence,98,Chile,3,Both,27,Age-standardized,558,Mental disorders,3,Rate,2016,15422.789341277821,17305.63419949311,13460.07896474351
1,All Population,5,Prevalence,68,Republic of Korea,3,Both,27,Age-standardized,558,Mental disorders,2,Percent,2016,0.1269537862991282,0.1419965896128556,0.1119233036865095
1,All Population,5,Prevalence,68,Republic of Korea,3,Both,27,Age-standardized,558,Mental disorders,3,Rate,2016,11659.04494699055,13040.281484639429,10252.80910484212
1,All Population,5,Prevalence,205,Côte d'Ivoire,3,Both,27,Age-standardized,558,Mental disorders,2,Percent,2015,0.1250776349585964,0.1370480474129425,0.1102442177653326
1,All Population,5,Prevalence,205,Côte d'Ivoire,3,Both,27,Age-standardized,558,Mental disorders,3,Rate,2015,12355.0752805098,13541.94373428059,10897.2122222632
1,All Population,5,Prevalence,216,Senegal,3,Both,27,Age-standardized,558,Mental disorders,2,Percent,2015,0.117199586582222,0.1280740182297846,0.1039945528103213
1,All Population,5,Prevalence,216,Senegal,3,Both,27,Age-standardized,558,Mental disorders,3,Rate,2015,11566.55962259309,12609.40407182197,10256.28466371652
1,All Population,5,Prevalence,51,Poland,3,Both,27,Age-standardized,558,Mental disorders,2,Percent,2016,0.1137228202917667,0.1266894214590864,0.1021266105318391
1,All Population,5,Prevalence,51,Poland,3,Both,27,Age-standardized,558,Mental disorders,3,Rate,2016,10667.49183470563,11916.84366149706,9561.34372533933
1,All Population,5,Prevalence,179,Ethiopia,3,Both,27,Age-standardized,558,Mental disorders,2,Percent,2015,0.1174201669402395,0.1282133006790909,0.1062859551768686
1,All Population,5,Prevalence,179,Ethiopia,3,Both,27,Age-standardized,558,Mental disorders,3,Rate,2015,11603.57137737932,12684.613966197769,10505.04000502726
1,All Population,5,Prevalence,207,Ghana,3,Both,27,Age-standardized,558,Mental disorders,2,Percent,2016,0.1231815876545992,0.1347650857429506,0.1106716522371927
1,All Population,5,Prevalence,207,Ghana,3,Both,27,Age-standardized,558,Mental disorders,3,Rate,2016,12147.7322904924,13260.042484292711,10916.39711885451
1,All Population,5,Prevalence,194,Lesotho,3,Both,27,Age-standardized,558,Mental disorders,2,Percent,2016,0.1065732396832207,0.1167863070089401,0.0952544932526756
1,All Population,5,Prevalence,194,Lesotho,3,Both,27,Age-standardized,558,Mental disorders,3,Rate,2016,10551.8217417472,11554.87097389253,9442.3550205613
1,All Population,5,Prevalence,374,Niue,3,Both,27,Age-standardized,558,Mental disorders,2,Percent,2016,0.104969611705796,0.1171681722507465,0.0918049886562818
1,All Population,5,Prevalence,374,Niue,3,Both,27,Age-standardized,558,Mental disorders,3,Rate,2016,10071.71829548524,11272.04171656558,8786.383515545449
1,All Population,5,Prevalence,139,Algeria,3,Both,27,Age-standardized,558,Mental disorders,2,Percent,2016,0.133936931593425,0.144004004906815,0.1228832854811208
1,All Population,5,Prevalence,139,Algeria,3,Both,27,Age-standardized,558,Mental disorders,3,Rate,2016,12822.06044877648,13787.806478553468,11751.21279064253
1,All Population,5,Prevalence,81,Germany,3,Both,27,Age-standardized,558,Mental disorders,2,Percent,2015,0.1396614910182896,0.1497395458200925,0.1294646095310266
1,All Population,5,Prevalence,81,Germany,3,Both,27,Age-standardized,558,Mental disorders,3,Rate,2015,12641.833573565289,13602.56268084668,11740.64687798649
1,All Population,5,Prevalence,122,Ecuador,3,Both,27,Age-standardized,558,Mental disorders,2,Percent,2016,0.1429037023328391,0.1571286529703564,0.1286276917205127
1,All Population,5,Prevalence,122,Ecuador,3,Both,27,Age-standardized,558,Mental disorders,3,Rate,2016,13794.60946009766,15203.0413103446,12389.03422255276
1,All Population,5,Prevalence,160,Afghanistan,3,Both,27,Age-standardized,558,Mental disorders,2,Percent,2016,0.1304095020793299,0.1409386717767515,0.1192366876438054
1,All Population,5,Prevalence,160,Afghanistan,3,Both,27,Age-standardized,558,Mental disorders,3,Rate,2016,12911.95203225352,13940.583017767618,11841.627101396509
1,All Population,5,Prevalence,145,Kuwait,3,Both,27,Age-standardized,558,Mental disorders,2,Percent,2016,0.130064288500553,0.1399359830549355,0.1198594971194213
1,All Population,5,Prevalence,145,Kuwait,3,Both,27,Age-standardized,558,Mental disorders,3,Rate,2016,12308.2971138068,13227.010894804182,11380.12284804894
1,All Population,5,Prevalence,72,New Zealand,3,Both,27,Age-standardized,558,Mental disorders,2,Percent,2016,0.1964755194163154,0.2178465086562334,0.1751528589141794
1,All Population,5,Prevalence,72,New Zealand,3,Both,27,Age-standardized,558,Mental disorders,3,Rate,2016,17978.52377143175,19943.5180369576,16005.6117362026
1,All Population,5,Prevalence,130,Mexico,3,Both,27,Age-standardized,558,Mental disorders,2,Percent,2016,0.1256443073955109,0.1378388111541545,0.1132910280497492
1,All Population,5,Prevalence,130,Mexico,3,Both,27,Age-standardized,558,Mental disorders,3,Rate,2016,11962.64670378223,13126.368658430729,10799.054383786979
1,All Population,5,Prevalence,112,Grenada,3,Both,27,Age-standardized,558,Mental disorders,2,Percent,2015,0.1460341155601923,0.160512366233866,0.1311411996105462
1,All Population,5,Prevalence,112,Grenada,3,Both,27,Age-standardized,558,Mental disorders,3,Rate,2015,14102.248812804319,15523.22685469435,12640.16611388585
1,All Population,5,Prevalence,50,Montenegro,3,Both,27,Age-standardized,558,Mental disorders,2,Percent,2015,0.1280309360991589,0.1449252404353845,0.1118922175502093
1,All Population,5,Prevalence,50,Montenegro,3,Both,27,Age-standardized,558,Mental disorders,3,Rate,2015,12021.53911104589,13608.61047074513,10500.58065814214
1,All Population,5,Prevalence,385,Puerto Rico,3,Both,27,Age-standardized,558,Mental disorders,2,Percent,2015,0.1623169312653777,0.1774876827240657,0.1467358047836522
1,All Population,5,Prevalence,385,Puerto Rico,3,Both,27,Age-standardized,558,Mental disorders,3,Rate,2015,15443.378725154369,16822.7629320189,13930.72781156172
1,All Population,5,Prevalence,175,Burundi,3,Both,27,Age-standardized,558,Mental disorders,2,Percent,2016,0.1138449002495701,0.1247600416687562,0.1023530896446489
1,All Population,5,Prevalence,175,Burundi,3,Both,27,Age-standardized,558,Mental disorders,3,Rate,2016,11209.349450522841,12305.68420367464,10070.58577059596
1,All Population,5,Prevalence,153,Syrian Arab Republic,3,Both,27,Age-standardized,558,Mental disorders,2,Percent,2015,0.1674885157000533,0.1868936434793805,0.1500038236657668
1,All Population,5,Prevalence,153,Syrian Arab Republic,3,Both,27,Age-standardized,558,Mental disorders,3,Rate,2015,16331.03913577081,18139.78076586681,14632.235780922809
1,All Population,5,Prevalence,140,Bahrain,3,Both,27,Age-standardized,558,Mental disorders,2,Percent,2015,0.1398581742615451,0.1501057640828584,0.128827045831346
1,All Population,5,Prevalence,140,Bahrain,3,Both,27,Age-standardized,558,Mental disorders,3,Rate,2015,13518.67000041716,14484.81178223763,12500.076043666619
1,All Population,5,Prevalence,522,Sudan,3,Both,27,Age-standardized,558,Mental disorders,2,Percent,2015,0.1324995276409125,0.1443317483351088,0.1209697859280014
1,All Population,5,Prevalence,522,Sudan,3,Both,27,Age-standardized,558,Mental disorders,3,Rate,2015,13016.195068254721,14149.507730299321,11857.38677678384
1,All Population,5,Prevalence,24,Marshall Islands,3,Both,27,Age-standardized,558,Mental disorders,2,Percent,2016,0.1028803371802993,0.1151404634163145,0.0898375995295708
1,All Population,5,Prevalence,24,Marshall Islands,3,Both,27,Age-standardized,558,Mental disorders,3,Rate,2016,10076.96759524791,11307.602961721901,8785.56006624168
1,All Population,5,Prevalence,54,Slovakia,3,Both,27,Age-standardized,558,Mental disorders,2,Percent,2016,0.1162696376928039,0.1311032431243619,0.1031601068800909
1,All Population,5,Prevalence,54,Slovakia,3,Both,27,Age-standardized,558,Mental disorders,3,Rate,2016,10938.965921091689,12304.577042226909,9658.835235210669
1,All Population,5,Prevalence,367,Monaco,3,Both,27,Age-standardized,558,Mental disorders,2,Percent,2016,0.1597766181626678,0.1711290655380435,0.1493018396210827
1,All Population,5,Prevalence,367,Monaco,3,Both,27,Age-standardized,558,Mental disorders,3,Rate,2016,14612.50065050001,15636.84494627581,13545.3797796254
1,All Population,5,Prevalence,119,Trinidad and Tobago,3,Both,27,Age-standardized,558,Mental disorders,2,Percent,2016,0.1392585146513755,0.1524500880432148,0.1256396394853706
1,All Population,5,Prevalence,119,Trinidad and Tobago,3,Both,27,Age-standardized,558,Mental disorders,3,Rate,2016,13317.94162043138,14582.767335244378,11994.18450750956
1,All Population,5,Prevalence,212,Mauritania,3,Both,27,Age-standardized,558,Mental disorders,2,Percent,2015,0.1082191575218277,0.1180725310198396,0.0968845521441152
1,All Population,5,Prevalence,212,Mauritania,3,Both,27,Age-standardized,558,Mental disorders,3,Rate,2015,10612.87129166721,11556.0725384227,9471.91062895311
1,All Population,5,Prevalence,206,Gambia,3,Both,27,Age-standardized,558,Mental disorders,2,Percent,2015,0.1223071908615804,0.1336070736795881,0.1085289453696062
1,All Population,5,Prevalence,206,Gambia,3,Both,27,Age-standardized,558,Mental disorders,3,Rate,2015,12040.38575980036,13143.24643555617,10691.64220974913
1,All Population,5,Prevalence,177,Djibouti,3,Both,27,Age-standardized,558,Mental disorders,2,Percent,2016,0.1061877386152345,0.1158010533231416,0.096420724871649
1,All Population,5,Prevalence,177,Djibouti,3,Both,27,Age-standardized,558,Mental disorders,3,Rate,2016,10355.28675482882,11348.88423711826,9392.45490917052
1,All Population,5,Prevalence,189,United Republic of Tanzania,3,Both,27,Age-standardized,558,Mental disorders,2,Percent,2016,0.1059513886225809,0.1158701673709226,0.0959743390825159
1,All Population,5,Prevalence,189,United Republic of Tanzania,3,Both,27,Age-standardized,558,Mental disorders,3,Rate,2016,10427.20776203496,11415.62064042064,9453.25926763781
1,All Population,5,Prevalence,169,Central African Republic,3,Both,27,Age-standardized,558,Mental disorders,2,Percent,2016,0.1426105478643784,0.1607604535558566,0.1248837225356618
1,All Population,5,Prevalence,169,Central African Republic,3,Both,27,Age-standardized,558,Mental disorders,3,Rate,2016,14225.906191838849,16033.07618318332,12458.589574506721
1,All Population,5,Prevalence,49,North Macedonia,3,Both,27,Age-standardized,558,Mental disorders,2,Percent,2015,0.1201963221543589,0.1357744909942455,0.1058189663315028
1,All Population,5,Prevalence,49,North Macedonia,3,Both,27,Age-standardized,558,Mental disorders,3,Rate,2015,11324.46744711055,12793.335759432612,9973.06776020469
1,All Population,5,Prevalence,143,Iraq,3,Both,27,Age-standardized,558,Mental disorders,2,Percent,2015,0.1370844672558764,0.1492278725392277,0.1237454191692556
1,All Population,5,Prevalence,143,Iraq,3,Both,27,Age-standardized,558,Mental disorders,3,Rate,2015,13241.13575782176,14407.112803398051,11942.12017559021
1,All Population,5,Prevalence,17,Sri Lanka,3,Both,27,Age-standardized,558,Mental disorders,2,Percent,2015,0.0912961270502323,0.1010698680026453,0.0827422224227934
1,All Population,5,Prevalence,17,Sri Lanka,3,Both,27,Age-standardized,558,Mental disorders,3,Rate,2015,8753.85465045921,9663.73827340665,7936.318058042991
1,All Population,5,Prevalence,413,Tokelau,3,Both,27,Age-standardized,558,Mental disorders,2,Percent,2015,0.1034575002994204,0.1158273805916535,0.0904902545095193
1,All Population,5,Prevalence,413,Tokelau,3,Both,27,Age-standardized,558,Mental disorders,3,Rate,2015,10017.19257194162,11232.36802593291,8715.37766298217
1,All Population,5,Prevalence,182,Malawi,3,Both,27,Age-standardized,558,Mental disorders,2,Percent,2015,0.1103568342600106,0.1209960795584923,0.0989935620687926
1,All Population,5,Prevalence,182,Malawi,3,Both,27,Age-standardized,558,Mental disorders,3,Rate,2015,10825.33222637037,11898.02359240443,9696.74124158171
1,All Population,5,Prevalence,112,Grenada,3,Both,27,Age-standardized,558,Mental disorders,2,Percent,2014,0.1453457366993036,0.1597588341370168,0.1305291854465915
1,All Population,5,Prevalence,112,Grenada,3,Both,27,Age-standardized,558,Mental disorders,3,Rate,2014,14040.510539180981,15481.910127435089,12591.30708199394
1,All Population,5,Prevalence,20,Viet Nam,3,Both,27,Age-standardized,558,Mental disorders,2,Percent,2014,0.0779827227839287,0.0856292602188705,0.070605951939705
1,All Population,5,Prevalence,20,Viet Nam,3,Both,27,Age-standardized,558,Mental disorders,3,Rate,2014,7652.43491905195,8395.226033992589,6930.2817232853195
1,All Population,5,Prevalence,119,Trinidad and Tobago,3,Both,27,Age-standardized,558,Mental disorders,2,Percent,2015,0.1383898459661901,0.1519973582503639,0.1246504757783258
1,All Population,5,Prevalence,119,Trinidad and Tobago,3,Both,27,Age-standardized,558,Mental disorders,3,Rate,2015,13237.94119098375,14501.76678979038,11904.217874958491
1,All Population,5,Prevalence,40,Turkmenistan,3,Both,27,Age-standardized,558,Mental disorders,2,Percent,2015,0.1058163823506614,0.1182277776805944,0.0947746994986071
1,All Population,5,Prevalence,40,Turkmenistan,3,Both,27,Age-standardized,558,Mental disorders,3,Rate,2015,10011.61442697417,11199.50523197015,8953.56188279801
1,All Population,5,Prevalence,185,Rwanda,3,Both,27,Age-standardized,558,Mental disorders,2,Percent,2015,0.1082770507225872,0.1185088774875471,0.0976312127192334
1,All Population,5,Prevalence,185,Rwanda,3,Both,27,Age-standardized,558,Mental disorders,3,Rate,2015,10608.95103254453,11621.67320987196,9560.908391205709
1,All Population,5,Prevalence,349,Greenland,3,Both,27,Age-standardized,558,Mental disorders,2,Percent,2015,0.1628095175492315,0.1798269261782388,0.1478407700130554
1,All Population,5,Prevalence,349,Greenland,3,Both,27,Age-standardized,558,Mental disorders,3,Rate,2015,15052.69166456192,16542.95049788376,13545.209893046409
1,All Population,5,Prevalence,156,United Arab Emirates,3,Both,27,Age-standardized,558,Mental disorders,2,Percent,2015,0.1195997508468145,0.1309541754894332,0.1071828202109637
1,All Population,5,Prevalence,156,United Arab Emirates,3,Both,27,Age-standardized,558,Mental disorders,3,Rate,2015,11483.21969634027,12553.21942361906,10283.13503158328
1,All Population,5,Prevalence,170,Congo,3,Both,27,Age-standardized,558,Mental disorders,2,Percent,2015,0.1350821319086449,0.1504905323025756,0.1190717403709804
1,All Population,5,Prevalence,170,Congo,3,Both,27,Age-standardized,558,Mental disorders,3,Rate,2015,13367.1362127815,14883.98661601916,11783.674726753141
1,All Population,5,Prevalence,202,Cameroon,3,Both,27,Age-standardized,558,Mental disorders,2,Percent,2015,0.1263874970377285,0.1378759683489646,0.1117807103839579
1,All Population,5,Prevalence,202,Cameroon,3,Both,27,Age-standardized,558,Mental disorders,3,Rate,2015,12489.3640449556,13628.918741965821,11056.6527208198
1,All Population,5,Prevalence,215,Sao Tome and Principe,3,Both,27,Age-standardized,558,Mental disorders,2,Percent,2016,0.1201732496573905,0.1316681294620667,0.1064362593991761
1,All Population,5,Prevalence,215,Sao Tome and Principe,3,Both,27,Age-standardized,558,Mental disorders,3,Rate,2016,11893.0993631804,13033.872700237689,10536.75390217004
1,All Population,5,Prevalence,129,Honduras,3,Both,27,Age-standardized,558,Mental disorders,2,Percent,2016,0.1190000919541825,0.1305088804325734,0.1089105596034304
1,All Population,5,Prevalence,129,Honduras,3,Both,27,Age-standardized,558,Mental disorders,3,Rate,2016,11590.212903386091,12714.75314339449,10594.793671334419
1,All Population,5,Prevalence,202,Cameroon,3,Both,27,Age-standardized,558,Mental disorders,2,Percent,2016,0.1268864587020308,0.1392412658446128,0.1120807175725003
1,All Population,5,Prevalence,202,Cameroon,3,Both,27,Age-standardized,558,Mental disorders,3,Rate,2016,12528.718878280171,13757.1903129165,11082.76899364646
1,All Population,5,Prevalence,298,American Samoa,3,Both,27,Age-standardized,558,Mental disorders,2,Percent,2016,0.1054349100529096,0.1176757756726338,0.0923849501950632
1,All Population,5,Prevalence,298,American Samoa,3,Both,27,Age-standardized,558,Mental disorders,3,Rate,2016,10149.72227448507,11350.26159348241,8859.53830660126
1,All Population,5,Prevalence,189,United Republic of Tanzania,3,Both,27,Age-standardized,558,Mental disorders,2,Percent,2015,0.1049710901596267,0.1147409971210281,0.0947894761864112
1,All Population,5,Prevalence,189,United Republic of Tanzania,3,Both,27,Age-standardized,558,Mental disorders,3,Rate,2015,10341.73502827714,11303.96738430707,9346.97121452906
1,All Population,5,Prevalence,182,Malawi,3,Both,27,Age-standardized,558,Mental disorders,2,Percent,2016,0.112083713310399,0.1233295636375821,0.1005367743667658
1,All Population,5,Prevalence,182,Malawi,3,Both,27,Age-standardized,558,Mental disorders,3,Rate,2016,10985.43165095772,12095.97015735331,9849.079855382099
1,All Population,5,Prevalence,39,Tajikistan,3,Both,27,Age-standardized,558,Mental disorders,2,Percent,2016,0.108235727956252,0.1217959340384408,0.0960805125802829
1,All Population,5,Prevalence,39,Tajikistan,3,Both,27,Age-standardized,558,Mental disorders,3,Rate,2016,10416.466086748449,11728.857352210489,9235.7583232796
1,All Population,5,Prevalence,11,Indonesia,3,Both,27,Age-standardized,558,Mental disorders,2,Percent,2016,0.0832429719483901,0.0924075398904163,0.0749572503958585
1,All Population,5,Prevalence,11,Indonesia,3,Both,27,Age-standardized,558,Mental disorders,3,Rate,2016,8099.99303553155,8986.78777622516,7310.28723390912
1,All Population,5,Prevalence,132,Panama,3,Both,27,Age-standardized,558,Mental disorders,2,Percent,2015,0.1121688656923496,0.1224647148427283,0.1031616725878049
1,All Population,5,Prevalence,132,Panama,3,Both,27,Age-standardized,558,Mental disorders,3,Rate,2015,10678.98781725459,11673.893288552039,9774.40975610876
1,All Population,5,Prevalence,43,Albania,3,Both,27,Age-standardized,558,Mental disorders,2,Percent,2016,0.1186579522655177,0.1338007259121289,0.1051286537030712
1,All Population,5,Prevalence,43,Albania,3,Both,27,Age-standardized,558,Mental disorders,3,Rate,2016,11222.906190837099,12660.3203631155,9946.0500645739
1,All Population,5,Prevalence,203,Cabo Verde,3,Both,27,Age-standardized,558,Mental disorders,2,Percent,2015,0.1229022581081639,0.1346285249055633,0.109275014164786
1,All Population,5,Prevalence,203,Cabo Verde,3,Both,27,Age-standardized,558,Mental disorders,3,Rate,2015,11804.18522187835,12870.27188422597,10489.62932617079
1,All Population,5,Prevalence,78,Denmark,3,Both,27,Age-standardized,558,Mental disorders,2,Percent,2015,0.1476137657805129,0.1582522885829024,0.1381800784058535
1,All Population,5,Prevalence,78,Denmark,3,Both,27,Age-standardized,558,Mental disorders,3,Rate,2015,13435.16947128411,14373.90881826273,12595.28133147299
1,All Population,5,Prevalence,125,Colombia,3,Both,27,Age-standardized,558,Mental disorders,2,Percent,2015,0.1132383435435074,0.1219853208819944,0.1040116235838351
1,All Population,5,Prevalence,125,Colombia,3,Both,27,Age-standardized,558,Mental disorders,3,Rate,2015,10839.17678496449,11670.02882226193,9933.3033465722
1,All Population,5,Prevalence,20,Viet Nam,3,Both,27,Age-standardized,558,Mental disorders,2,Percent,2015,0.0785268040079396,0.0866089250986967,0.0711562108463336
1,All Population,5,Prevalence,20,Viet Nam,3,Both,27,Age-standardized,558,Mental disorders,3,Rate,2015,7698.75280875077,8486.66549051431,6969.538103195109
1,All Population,5,Prevalence,396,San Marino,3,Both,27,Age-standardized,558,Mental disorders,2,Percent,2015,0.1574064545120547,0.1691140970910442,0.146687337332273
1,All Population,5,Prevalence,396,San Marino,3,Both,27,Age-standardized,558,Mental disorders,3,Rate,2015,14413.54725676661,15353.82066978767,13375.758076652979
1,All Population,5,Prevalence,148,Morocco,3,Both,27,Age-standardized,558,Mental disorders,2,Percent,2016,0.1296718919882837,0.1396045405311096,0.1196073629922731
1,All Population,5,Prevalence,148,Morocco,3,Both,27,Age-standardized,558,Mental disorders,3,Rate,2016,12446.53140985497,13410.97507087685,11442.607440202079
1,All Population,5,Prevalence,69,Singapore,3,Both,27,Age-standardized,558,Mental disorders,2,Percent,2016,0.1161495109981246,0.1298572176543715,0.1040444897222645
1,All Population,5,Prevalence,69,Singapore,3,Both,27,Age-standardized,558,Mental disorders,3,Rate,2016,10402.35714279333,11658.01008847097,9276.33543267568
1,All Population,5,Prevalence,178,Eritrea,3,Both,27,Age-standardized,558,Mental disorders,2,Percent,2016,0.1139611917812356,0.1246900707005936,0.1026115702476882
1,All Population,5,Prevalence,178,Eritrea,3,Both,27,Age-standardized,558,Mental disorders,3,Rate,2016,11159.80440862214,12217.982062648069,10069.559717465661
1,All Population,5,Prevalence,133,Venezuela (Bolivarian Republic of),3,Both,27,Age-standardized,558,Mental disorders,2,Percent,2015,0.130321348119669,0.1460641430020369,0.1178522558391592
1,All Population,5,Prevalence,133,Venezuela (Bolivarian Republic of),3,Both,27,Age-standardized,558,Mental disorders,3,Rate,2015,12571.850243544399,14077.67698359879,11361.77553340086
1,All Population,5,Prevalence,380,Palau,3,Both,27,Age-standardized,558,Mental disorders,2,Percent,2015,0.104168426423975,0.1162611638903774,0.0911392238273739
1,All Population,5,Prevalence,380,Palau,3,Both,27,Age-standardized,558,Mental disorders,3,Rate,2015,10058.57267584094,11275.71524407044,8772.70786566265
1,All Population,5,Prevalence,88,Malta,3,Both,27,Age-standardized,558,Mental disorders,2,Percent,2015,0.1698576047378827,0.1829909172265688,0.1579623690984663
1,All Population,5,Prevalence,88,Malta,3,Both,27,Age-standardized,558,Mental disorders,3,Rate,2015,15621.71138899493,16738.98614962194,14443.438114238219
1,All Population,5,Prevalence,164,Nepal,3,Both,27,Age-standardized,558,Mental disorders,2,Percent,2015,0.1069064417701196,0.1174816861515357,0.0974992436682966
1,All Population,5,Prevalence,164,Nepal,3,Both,27,Age-standardized,558,Mental disorders,3,Rate,2015,10301.417555756321,11298.42132108178,9399.66965193012
1,All Population,5,Prevalence,191,Zambia,3,Both,27,Age-standardized,558,Mental disorders,2,Percent,2016,0.1145003738664316,0.1259736398471857,0.102765669525153
1,All Population,5,Prevalence,191,Zambia,3,Both,27,Age-standardized,558,Mental disorders,3,Rate,2016,11339.61286516715,12484.23346268608,10160.66969441557
1,All Population,5,Prevalence,35,Georgia,3,Both,27,Age-standardized,558,Mental disorders,2,Percent,2015,0.1179832501784774,0.1315077787403966,0.1053926209393164
1,All Population,5,Prevalence,35,Georgia,3,Both,27,Age-standardized,558,Mental disorders,3,Rate,2015,11232.20687119347,12466.085332244591,10028.25852127904
1,All Population,5,Prevalence,29,Tonga,3,Both,27,Age-standardized,558,Mental disorders,2,Percent,2016,0.117610113988773,0.1397351712823349,0.0979453899983235
1,All Population,5,Prevalence,29,Tonga,3,Both,27,Age-standardized,558,Mental disorders,3,Rate,2016,11390.894517141149,13581.4499726954,9491.43414048557
1,All Population,5,Prevalence,30,Vanuatu,3,Both,27,Age-standardized,558,Mental disorders,2,Percent,2016,0.102065201447156,0.114343595128501,0.089071636717259
1,All Population,5,Prevalence,30,Vanuatu,3,Both,27,Age-standardized,558,Mental disorders,3,Rate,2016,10058.77627233368,11284.938303708119,8769.23796230767
1,All Population,5,Prevalence,351,Guam,3,Both,27,Age-standardized,558,Mental disorders,2,Percent,2016,0.1065644761423761,0.1190802948562774,0.0934148768771558
1,All Population,5,Prevalence,351,Guam,3,Both,27,Age-standardized,558,Mental disorders,3,Rate,2016,10203.72839619168,11400.26730709619,8914.149297911119
1,All Population,5,Prevalence,49,North Macedonia,3,Both,27,Age-standardized,558,Mental disorders,2,Percent,2016,0.1201100730493814,0.1358787279460452,0.1057197351305218
1,All Population,5,Prevalence,49,North Macedonia,3,Both,27,Age-standardized,558,Mental disorders,3,Rate,2016,11310.00421055355,12822.85796147799,9960.89637391619
1,All Population,5,Prevalence,15,Myanmar,3,Both,27,Age-standardized,558,Mental disorders,2,Percent,2016,0.0879293012295748,0.0966918527293409,0.0794547049109726
1,All Population,5,Prevalence,15,Myanmar,3,Both,27,Age-standardized,558,Mental disorders,3,Rate,2016,8553.67107032812,9377.88017917284,7727.46176506329
1,All Population,5,Prevalence,84,Ireland,3,Both,27,Age-standardized,558,Mental disorders,2,Percent,2016,0.1725117551411075,0.1876647575322029,0.1553886733052928
1,All Population,5,Prevalence,84,Ireland,3,Both,27,Age-standardized,558,Mental disorders,3,Rate,2016,15920.240741113028,17348.79651827006,14302.25628117169
1,All Population,5,Prevalence,101,Canada,3,Both,27,Age-standardized,558,Mental disorders,2,Percent,2016,0.1521836298493081,0.1673096433298435,0.1358258768005493
1,All Population,5,Prevalence,101,Canada,3,Both,27,Age-standardized,558,Mental disorders,3,Rate,2016,14076.040037694309,15529.28636322149,12481.97961061983
1,All Population,5,Prevalence,27,Samoa,3,Both,27,Age-standardized,558,Mental disorders,2,Percent,2016,0.1032203190975275,0.1155283061639698,0.0903011581499382
1,All Population,5,Prevalence,27,Samoa,3,Both,27,Age-standardized,558,Mental disorders,3,Rate,2016,10028.792961430461,11258.07175651314,8764.13630158592
1,All Population,5,Prevalence,38,Mongolia,3,Both,27,Age-standardized,558,Mental disorders,2,Percent,2016,0.1115649412104441,0.1245784827711186,0.0986725255274444
1,All Population,5,Prevalence,38,Mongolia,3,Both,27,Age-standardized,558,Mental disorders,3,Rate,2016,10631.03088484666,11848.67980755918,9431.84132012836
1,All Population,5,Prevalence,206,Gambia,3,Both,27,Age-standardized,558,Mental disorders,2,Percent,2016,0.1212459358732134,0.1330537259315106,0.1072456915807763
1,All Population,5,Prevalence,206,Gambia,3,Both,27,Age-standardized,558,Mental disorders,3,Rate,2016,11923.736477346281,13050.684967048059,10574.10212548845
1,All Population,5,Prevalence,115,Jamaica,3,Both,27,Age-standardized,558,Mental disorders,2,Percent,2016,0.1406226008278208,0.154188332714155,0.1269386141430326
1,All Population,5,Prevalence,115,Jamaica,3,Both,27,Age-standardized,558,Mental disorders,3,Rate,2016,13654.67511852713,14996.870165257711,12274.58679061652
1,All Population,5,Prevalence,14,Maldives,3,Both,27,Age-standardized,558,Mental disorders,2,Percent,2016,0.0866768119683823,0.0954610262714686,0.0789704297151643
1,All Population,5,Prevalence,14,Maldives,3,Both,27,Age-standardized,558,Mental disorders,3,Rate,2016,8313.736174586269,9146.57869535889,7604.09808771032
1,All Population,5,Prevalence,109,Cuba,3,Both,27,Age-standardized,558,Mental disorders,2,Percent,2016,0.155707470763966,0.1714828188926854,0.1395005441176647
1,All Population,5,Prevalence,109,Cuba,3,Both,27,Age-standardized,558,Mental disorders,3,Rate,2016,15002.272440464409,16510.08536648943,13431.054122432559
1,All Population,5,Prevalence,62,Russian Federation,3,Both,27,Age-standardized,558,Mental disorders,2,Percent,2016,0.1157938556003897,0.1273764706265358,0.1041220307110282
1,All Population,5,Prevalence,62,Russian Federation,3,Both,27,Age-standardized,558,Mental disorders,3,Rate,2016,10790.88727873368,11880.38089861727,9716.52127025876
1,All Population,5,Prevalence,163,India,3,Both,27,Age-standardized,558,Mental disorders,2,Percent,2016,0.1180531185142007,0.1306740737487169,0.106603573891553
1,All Population,5,Prevalence,163,India,3,Both,27,Age-standardized,558,Mental disorders,3,Rate,2016,11591.959900852531,12843.69523919604,10480.28704337853
1,All Population,5,Prevalence,92,Spain,3,Both,27,Age-standardized,558,Mental disorders,2,Percent,2016,0.1644411368764579,0.1803724205559845,0.1476862084135048
1,All Population,5,Prevalence,92,Spain,3,Both,27,Age-standardized,558,Mental disorders,3,Rate,2016,15104.2649523439,16571.48648203383,13581.04812505377
1,All Population,5,Prevalence,116,Saint Lucia,3,Both,27,Age-standardized,558,Mental disorders,2,Percent,2016,0.1472021475717317,0.1621251253978451,0.1331898604548422
1,All Population,5,Prevalence,116,Saint Lucia,3,Both,27,Age-standardized,558,Mental disorders,3,Rate,2016,14199.420554037531,15629.903764897548,12774.62821212636
1,All Population,5,Prevalence,111,Dominican Republic,3,Both,27,Age-standardized,558,Mental disorders,2,Percent,2015,0.1588433646789735,0.1749274864876971,0.142237509120204
1,All Population,5,Prevalence,111,Dominican Republic,3,Both,27,Age-standardized,558,Mental disorders,3,Rate,2015,15381.30810994998,16918.75828011811,13747.210322864381
1,All Population,5,Prevalence,105,Antigua and Barbuda,3,Both,27,Age-standardized,558,Mental disorders,2,Percent,2016,0.1483635476557988,0.163556617157046,0.1334635641632086
1,All Population,5,Prevalence,105,Antigua and Barbuda,3,Both,27,Age-standardized,558,Mental disorders,3,Rate,2016,14313.54074439701,15728.03377061931,12884.84289102041
1,All Population,5,Prevalence,422,United States Virgin Islands,3,Both,27,Age-standardized,558,Mental disorders,2,Percent,2016,0.1473590839130188,0.1620024033194213,0.1328147623188268
1,All Population,5,Prevalence,422,United States Virgin Islands,3,Both,27,Age-standardized,558,Mental disorders,3,Rate,2016,14044.132562089659,15426.40059801415,12651.25950265566
1,All Population,5,Prevalence,85,Israel,3,Both,27,Age-standardized,558,Mental disorders,2,Percent,2016,0.1474169654651336,0.1609687913029229,0.1323639647648329
1,All Population,5,Prevalence,85,Israel,3,Both,27,Age-standardized,558,Mental disorders,3,Rate,2016,13699.734342529222,15065.6726228893,12293.32512107274
1,All Population,5,Prevalence,181,Madagascar,3,Both,27,Age-standardized,558,Mental disorders,2,Percent,2015,0.111393192631435,0.1217747792150652,0.100171919009848
1,All Population,5,Prevalence,181,Madagascar,3,Both,27,Age-standardized,558,Mental disorders,3,Rate,2015,11035.24772341858,12062.08425963253,9924.94403381529
1,All Population,5,Prevalence,102,United States of America,3,Both,27,Age-standardized,558,Mental disorders,2,Percent,2016,0.1625325127098681,0.1763380836290099,0.1507189854747235
1,All Population,5,Prevalence,102,United States of America,3,Both,27,Age-standardized,558,Mental disorders,3,Rate,2016,14823.959923030669,16131.46278572854,13742.99662424804
1,All Population,5,Prevalence,8,Taiwan,3,Both,27,Age-standardized,558,Mental disorders,2,Percent,2016,0.1065942050741785,0.1162596679295768,0.0964018240860502
1,All Population,5,Prevalence,8,Taiwan,3,Both,27,Age-standardized,558,Mental disorders,3,Rate,2016,10035.22652806827,10916.19948574939,9031.271027621291
1,All Population,5,Prevalence,23,Kiribati,3,Both,27,Age-standardized,558,Mental disorders,2,Percent,2016,0.1052447581440109,0.1186196705407352,0.0918293354297961
1,All Population,5,Prevalence,23,Kiribati,3,Both,27,Age-standardized,558,Mental disorders,3,Rate,2016,10428.15595499811,11745.14699445406,9110.05684211021
1,All Population,5,Prevalence,179,Ethiopia,3,Both,27,Age-standardized,558,Mental disorders,2,Percent,2016,0.1182879183088087,0.1293930965430287,0.1072361315271283
1,All Population,5,Prevalence,179,Ethiopia,3,Both,27,Age-standardized,558,Mental disorders,3,Rate,2016,11679.37736985991,12769.81072994367,10589.05678470595
1,All Population,5,Prevalence,147,Libya,3,Both,27,Age-standardized,558,Mental disorders,2,Percent,2016,0.1381828197612686,0.1480585112483769,0.1267578502936112
1,All Population,5,Prevalence,147,Libya,3,Both,27,Age-standardized,558,Mental disorders,3,Rate,2016,13375.77867805126,14345.1128597334,12264.63364296579
1,All Population,5,Prevalence,53,Serbia,3,Both,27,Age-standardized,558,Mental disorders,2,Percent,2016,0.1303303870653859,0.1473500207181912,0.1144272163804559
1,All Population,5,Prevalence,53,Serbia,3,Both,27,Age-standardized,558,Mental disorders,3,Rate,2016,12347.66896006752,13974.473577626808,10804.68040637981
1,All Population,5,Prevalence,77,Cyprus,3,Both,27,Age-standardized,558,Mental disorders,2,Percent,2016,0.1632519238081814,0.1756135738275295,0.1513533782564832
1,All Population,5,Prevalence,77,Cyprus,3,Both,27,Age-standardized,558,Mental disorders,3,Rate,2016,15164.40525775125,16241.38748047253,14069.66508416869
1,All Population,5,Prevalence,150,Oman,3,Both,27,Age-standardized,558,Mental disorders,2,Percent,2015,0.1248224899293015,0.1346731474223791,0.1145118086668149
1,All Population,5,Prevalence,150,Oman,3,Both,27,Age-standardized,558,Mental disorders,3,Rate,2015,12133.96919873975,13116.21391023721,11140.26201124086
1,All Population,5,Prevalence,144,Jordan,3,Both,27,Age-standardized,558,Mental disorders,2,Percent,2016,0.1344978555518103,0.145303814858234,0.1228772931303821
1,All Population,5,Prevalence,144,Jordan,3,Both,27,Age-standardized,558,Mental disorders,3,Rate,2016,12850.98804519838,13945.284392231879,11732.71639467435
1,All Population,5,Prevalence,43,Albania,3,Both,27,Age-standardized,558,Mental disorders,2,Percent,2015,0.1176197956023448,0.1322574839031565,0.1038794949797878
1,All Population,5,Prevalence,43,Albania,3,Both,27,Age-standardized,558,Mental disorders,3,Rate,2015,11135.009124573,12547.034123984298,9832.06270983331
1,All Population,5,Prevalence,143,Iraq,3,Both,27,Age-standardized,558,Mental disorders,2,Percent,2016,0.1375499601937372,0.1498135055361986,0.1246116817612861
1,All Population,5,Prevalence,143,Iraq,3,Both,27,Age-standardized,558,Mental disorders,3,Rate,2016,13278.93491703003,14454.22955367532,11999.30103467303
1,All Population,5,Prevalence,132,Panama,3,Both,27,Age-standardized,558,Mental disorders,2,Percent,2016,0.1129661736828505,0.1232755747308748,0.1038814052814627
1,All Population,5,Prevalence,132,Panama,3,Both,27,Age-standardized,558,Mental disorders,3,Rate,2016,10747.101975709531,11726.60811369693,9838.79486963736
1,All Population,5,Prevalence,369,Nauru,3,Both,27,Age-standardized,558,Mental disorders,2,Percent,2016,0.1031514393942168,0.1155462671834423,0.0900813070773075
1,All Population,5,Prevalence,369,Nauru,3,Both,27,Age-standardized,558,Mental disorders,3,Rate,2016,10053.32779585541,11270.86278415089,8768.892163001039
1,All Population,5,Prevalence,33,Armenia,3,Both,27,Age-standardized,558,Mental disorders,2,Percent,2016,0.1337840102397628,0.1502665454352359,0.1169044277139539
1,All Population,5,Prevalence,33,Armenia,3,Both,27,Age-standardized,558,Mental disorders,3,Rate,2016,12663.962120270819,14241.135231542909,11105.43300527992
1,All Population,5,Prevalence,106,Bahamas,3,Both,27,Age-standardized,558,Mental disorders,2,Percent,2016,0.1489246826295959,0.1641668761528212,0.1344646062581714
1,All Population,5,Prevalence,106,Bahamas,3,Both,27,Age-standardized,558,Mental disorders,3,Rate,2016,14322.55669536262,15753.96514204916,12901.925219110119
1,All Population,5,Prevalence,187,Somalia,3,Both,27,Age-standardized,558,Mental disorders,2,Percent,2015,0.107667345146363,0.1179985696939259,0.0964323019255146
1,All Population,5,Prevalence,187,Somalia,3,Both,27,Age-standardized,558,Mental disorders,3,Rate,2015,10686.145963611141,11716.70454403447,9590.42787552672
1,All Population,5,Prevalence,128,Guatemala,3,Both,27,Age-standardized,558,Mental disorders,2,Percent,2016,0.1258436117973798,0.1372807626395016,0.1155612109091611
1,All Population,5,Prevalence,128,Guatemala,3,Both,27,Age-standardized,558,Mental disorders,3,Rate,2016,12177.85785853486,13347.33853832284,11185.2259500915
1,All Population,5,Prevalence,156,United Arab Emirates,3,Both,27,Age-standardized,558,Mental disorders,2,Percent,2016,0.1200518372286564,0.1312073535300945,0.1080130022857168
1,All Population,5,Prevalence,156,United Arab Emirates,3,Both,27,Age-standardized,558,Mental disorders,3,Rate,2016,11526.83939348195,12616.29557137906,10351.44135530851
1,All Population,5,Prevalence,162,Bhutan,3,Both,27,Age-standardized,558,Mental disorders,2,Percent,2016,0.1129607777676363,0.1237689188983322,0.1027373635038709
1,All Population,5,Prevalence,162,Bhutan,3,Both,27,Age-standardized,558,Mental disorders,3,Rate,2016,10743.30673108128,11757.278427585461,9770.92857713882
1,All Population,5,Prevalence,209,Guinea-Bissau,3,Both,27,Age-standardized,558,Mental disorders,2,Percent,2016,0.1199179264257276,0.1317113073244065,0.1061662048174272
1,All Population,5,Prevalence,209,Guinea-Bissau,3,Both,27,Age-standardized,558,Mental disorders,3,Rate,2016,11894.28848981282,13046.69230175122,10537.53381702511
1,All Population,5,Prevalence,196,South Africa,3,Both,27,Age-standardized,558,Mental disorders,2,Percent,2016,0.1145283606582754,0.1255019710091928,0.103109712107122
1,All Population,5,Prevalence,196,South Africa,3,Both,27,Age-standardized,558,Mental disorders,3,Rate,2016,11275.74469744059,12363.92956492166,10142.05854452545
1,All Population,5,Prevalence,24,Marshall Islands,3,Both,27,Age-standardized,558,Mental disorders,2,Percent,2017,0.1036187599671643,0.1161965652882425,0.0907300021838596
1,All Population,5,Prevalence,24,Marshall Islands,3,Both,27,Age-standardized,558,Mental disorders,3,Rate,2017,10143.81145327334,11394.916230587169,8873.46731300887
1,All Population,5,Prevalence,52,Romania,3,Both,27,Age-standardized,558,Mental disorders,2,Percent,2017,0.1142720786471581,0.1284929641484949,0.1010972535893512
1,All Population,5,Prevalence,52,Romania,3,Both,27,Age-standardized,558,Mental disorders,3,Rate,2017,10862.67224149754,12199.03694547842,9643.12908193511
1,All Population,5,Prevalence,193,Botswana,3,Both,27,Age-standardized,558,Mental disorders,2,Percent,2016,0.1116229861921396,0.1222515067852615,0.1004156377356818
1,All Population,5,Prevalence,193,Botswana,3,Both,27,Age-standardized,558,Mental disorders,3,Rate,2016,10921.49630742238,11977.41208954951,9805.10518524441
1,All Population,5,Prevalence,11,Indonesia,3,Both,27,Age-standardized,558,Mental disorders,2,Percent,2017,0.0840203567751717,0.0931947799375745,0.0757550498629909
1,All Population,5,Prevalence,11,Indonesia,3,Both,27,Age-standardized,558,Mental disorders,3,Rate,2017,8170.21411843204,9058.51682922968,7364.626893793499
1,All Population,5,Prevalence,58,Estonia,3,Both,27,Age-standardized,558,Mental disorders,2,Percent,2017,0.116842196274641,0.1295105409883921,0.1046503157847207
1,All Population,5,Prevalence,58,Estonia,3,Both,27,Age-standardized,558,Mental disorders,3,Rate,2017,10788.50669070872,11962.91632945624,9634.565846700641
1,All Population,5,Prevalence,37,Kyrgyzstan,3,Both,27,Age-standardized,558,Mental disorders,2,Percent,2017,0.1018029255132248,0.1142676787566814,0.0909959740607665
1,All Population,5,Prevalence,37,Kyrgyzstan,3,Both,27,Age-standardized,558,Mental disorders,3,Rate,2017,9809.25336906599,10996.57680143702,8734.97051828908
1,All Population,5,Prevalence,126,Costa Rica,3,Both,27,Age-standardized,558,Mental disorders,2,Percent,2016,0.1244971992170817,0.1356066658951052,0.1141901083096705
1,All Population,5,Prevalence,126,Costa Rica,3,Both,27,Age-standardized,558,Mental disorders,3,Rate,2016,11863.00737286787,12982.459572025558,10851.2941032996
1,All Population,5,Prevalence,198,Zimbabwe,3,Both,27,Age-standardized,558,Mental disorders,2,Percent,2016,0.1141337998038068,0.1259500118315,0.1011409833246552
1,All Population,5,Prevalence,198,Zimbabwe,3,Both,27,Age-standardized,558,Mental disorders,3,Rate,2016,11090.12951393352,12255.499815705009,9817.11354763306
1,All Population,5,Prevalence,204,Chad,3,Both,27,Age-standardized,558,Mental disorders,2,Percent,2016,0.1361275273354339,0.1491284819721099,0.1204374241178923
1,All Population,5,Prevalence,204,Chad,3,Both,27,Age-standardized,558,Mental disorders,3,Rate,2016,13494.02460907905,14785.812332941021,11943.07023777217
1,All Population,5,Prevalence,422,United States Virgin Islands,3,Both,27,Age-standardized,558,Mental disorders,2,Percent,2015,0.146799964543695,0.1615589542574908,0.131960847261079
1,All Population,5,Prevalence,422,United States Virgin Islands,3,Both,27,Age-standardized,558,Mental disorders,3,Rate,2015,13992.445537630421,15360.969287160051,12577.334345175981
1,All Population,5,Prevalence,320,Cook Islands,3,Both,27,Age-standardized,558,Mental disorders,2,Percent,2016,0.1054913464907306,0.117882371727729,0.0922556880836594
1,All Population,5,Prevalence,320,Cook Islands,3,Both,27,Age-standardized,558,Mental disorders,3,Rate,2016,10107.23268226473,11309.276549100521,8821.26926091785
1,All Population,5,Prevalence,46,Croatia,3,Both,27,Age-standardized,558,Mental disorders,2,Percent,2016,0.1277575701848604,0.144523269421657,0.1113739641520479
1,All Population,5,Prevalence,46,Croatia,3,Both,27,Age-standardized,558,Mental disorders,3,Rate,2016,12121.7081217386,13706.72836391142,10572.83068773278
1,All Population,5,Prevalence,59,Latvia,3,Both,27,Age-standardized,558,Mental disorders,2,Percent,2016,0.120432768922522,0.1332134580683051,0.1079143877823652
1,All Population,5,Prevalence,59,Latvia,3,Both,27,Age-standardized,558,Mental disorders,3,Rate,2016,11161.1802915772,12393.171501040979,9982.79235040008
1,All Population,5,Prevalence,74,Andorra,3,Both,27,Age-standardized,558,Mental disorders,2,Percent,2016,0.1579260279607002,0.1689320936293707,0.1470424657425771
1,All Population,5,Prevalence,74,Andorra,3,Both,27,Age-standardized,558,Mental disorders,3,Rate,2016,14452.057962418041,15426.63828360128,13393.054250091342
1,All Population,5,Prevalence,93,Sweden,3,Both,27,Age-standardized,558,Mental disorders,2,Percent,2016,0.1469633811593136,0.1580176374137694,0.1362568985294371
1,All Population,5,Prevalence,93,Sweden,3,Both,27,Age-standardized,558,Mental disorders,3,Rate,2016,13544.27048994601,14537.75968985811,12507.44127620334
1,All Population,5,Prevalence,80,France,3,Both,27,Age-standardized,558,Mental disorders,2,Percent,2016,0.1658282208683514,0.1819618813974763,0.148027234873429
1,All Population,5,Prevalence,80,France,3,Both,27,Age-standardized,558,Mental disorders,3,Rate,2016,15071.79886032532,16598.7921254395,13440.23244141615
1,All Population,5,Prevalence,416,Tuvalu,3,Both,27,Age-standardized,558,Mental disorders,2,Percent,2015,0.1027312501398594,0.1153986872294036,0.089875187306655
1,All Population,5,Prevalence,416,Tuvalu,3,Both,27,Age-standardized,558,Mental disorders,3,Rate,2015,10028.216177840959,11257.78756094477,8770.19896760859
1,All Population,5,Prevalence,214,Nigeria,3,Both,27,Age-standardized,558,Mental disorders,2,Percent,2015,0.1212701506311236,0.1345926044872523,0.1069576627204688
1,All Population,5,Prevalence,214,Nigeria,3,Both,27,Age-standardized,558,Mental disorders,3,Rate,2015,12032.89003858724,13367.802253143322,10602.94915422347
1,All Population,5,Prevalence,58,Estonia,3,Both,27,Age-standardized,558,Mental disorders,2,Percent,2016,0.1169323840821539,0.1297592266480922,0.104734983077611
1,All Population,5,Prevalence,58,Estonia,3,Both,27,Age-standardized,558,Mental disorders,3,Rate,2016,10801.857910555571,11963.99155583856,9652.18632507745
1,All Population,5,Prevalence,121,Bolivia (Plurinational State of),3,Both,27,Age-standardized,558,Mental disorders,2,Percent,2016,0.1477629754670301,0.16308082315882,0.1322124996168976
1,All Population,5,Prevalence,121,Bolivia (Plurinational State of),3,Both,27,Age-standardized,558,Mental disorders,3,Rate,2016,14287.311863124089,15768.18597315826,12759.26500501674
1,All Population,5,Prevalence,218,Togo,3,Both,27,Age-standardized,558,Mental disorders,2,Percent,2015,0.1440665916189417,0.1646800154877613,0.1228224738737274
1,All Population,5,Prevalence,218,Togo,3,Both,27,Age-standardized,558,Mental disorders,3,Rate,2015,14306.006672765332,16347.83961200233,12178.48051224447
1,All Population,5,Prevalence,171,Democratic Republic of the Congo,3,Both,27,Age-standardized,558,Mental disorders,2,Percent,2016,0.1283643212507498,0.1455262660737687,0.1127008914855105
1,All Population,5,Prevalence,171,Democratic Republic of the Congo,3,Both,27,Age-standardized,558,Mental disorders,3,Rate,2016,12787.82267160372,14496.1547147896,11232.97316321932
1,All Population,5,Prevalence,184,Mozambique,3,Both,27,Age-standardized,558,Mental disorders,2,Percent,2016,0.124077720210247,0.1368781458571503,0.1107738932205123
1,All Population,5,Prevalence,184,Mozambique,3,Both,27,Age-standardized,558,Mental disorders,3,Rate,2016,12297.28708112391,13581.06157692506,10978.16606846482
1,All Population,5,Prevalence,217,Sierra Leone,3,Both,27,Age-standardized,558,Mental disorders,2,Percent,2016,0.1294629287780845,0.1419201528886436,0.1144660688582908
1,All Population,5,Prevalence,217,Sierra Leone,3,Both,27,Age-standardized,558,Mental disorders,3,Rate,2016,12835.658114020029,14089.37672396135,11364.746441439389
1,All Population,5,Prevalence,127,El Salvador,3,Both,27,Age-standardized,558,Mental disorders,2,Percent,2016,0.1212750932678351,0.1325313530775625,0.1107813839003799
1,All Population,5,Prevalence,127,El Salvador,3,Both,27,Age-standardized,558,Mental disorders,3,Rate,2016,11634.287409073011,12724.70412127975,10609.02406980062
1,All Population,5,Prevalence,208,Guinea,3,Both,27,Age-standardized,558,Mental disorders,2,Percent,2016,0.1318238434559331,0.1446405266753362,0.1164581584278522
1,All Population,5,Prevalence,208,Guinea,3,Both,27,Age-standardized,558,Mental disorders,3,Rate,2016,13075.82817349688,14337.797035848222,11549.53253782128
1,All Population,5,Prevalence,7,Democratic People's Republic of Korea,3,Both,27,Age-standardized,558,Mental disorders,2,Percent,2017,0.1073387319043817,0.1183483397503188,0.097733455842423
1,All Population,5,Prevalence,7,Democratic People's Republic of Korea,3,Both,27,Age-standardized,558,Mental disorders,3,Rate,2017,10275.01355056471,11307.755477976569,9350.629463046329
1,All Population,5,Prevalence,380,Palau,3,Both,27,Age-standardized,558,Mental disorders,2,Percent,2016,0.1048768753218207,0.1171332547400964,0.0917342527412321
1,All Population,5,Prevalence,380,Palau,3,Both,27,Age-standardized,558,Mental disorders,3,Rate,2016,10124.86857536239,11315.19816112689,8834.14097850842
1,All Population,5,Prevalence,36,Kazakhstan,3,Both,27,Age-standardized,558,Mental disorders,2,Percent,2017,0.1022363847458663,0.1133313026209355,0.0915046310608356
1,All Population,5,Prevalence,36,Kazakhstan,3,Both,27,Age-standardized,558,Mental disorders,3,Rate,2017,9693.86874249147,10768.18651047987,8654.60955869097
1,All Population,5,Prevalence,204,Chad,3,Both,27,Age-standardized,558,Mental disorders,2,Percent,2015,0.1349489740465198,0.1476365786859989,0.1193436079002903
1,All Population,5,Prevalence,204,Chad,3,Both,27,Age-standardized,558,Mental disorders,3,Rate,2015,13383.827897153518,14614.12347711393,11845.87001722224
1,All Population,5,Prevalence,140,Bahrain,3,Both,27,Age-standardized,558,Mental disorders,2,Percent,2016,0.1385635477430593,0.1490397027214378,0.1271856743298672
1,All Population,5,Prevalence,140,Bahrain,3,Both,27,Age-standardized,558,Mental disorders,3,Rate,2016,13388.80632954402,14399.52810868602,12333.360780546689
1,All Population,5,Prevalence,155,Türkiye,3,Both,27,Age-standardized,558,Mental disorders,2,Percent,2015,0.1370250608237088,0.1484061224429946,0.1252468374062106
1,All Population,5,Prevalence,155,Türkiye,3,Both,27,Age-standardized,558,Mental disorders,3,Rate,2015,13167.79973711736,14250.095700708329,12027.96769633097
1,All Population,5,Prevalence,151,Qatar,3,Both,27,Age-standardized,558,Mental disorders,2,Percent,2016,0.1168818664453114,0.1262457291673036,0.1067882514193061
1,All Population,5,Prevalence,151,Qatar,3,Both,27,Age-standardized,558,Mental disorders,3,Rate,2016,11136.185854893341,12067.16085231005,10164.02011855743
1,All Population,5,Prevalence,95,United Kingdom,3,Both,27,Age-standardized,558,Mental disorders,2,Percent,2015,0.1803286073263391,0.1943578965507807,0.1657187268017188
1,All Population,5,Prevalence,95,United Kingdom,3,Both,27,Age-standardized,558,Mental disorders,3,Rate,2015,16404.89465357188,17679.33974378774,15072.28991779404
1,All Population,5,Prevalence,142,Iran (Islamic Republic of),3,Both,27,Age-standardized,558,Mental disorders,2,Percent,2015,0.177143428266872,0.1910307176750204,0.162487966656968
1,All Population,5,Prevalence,142,Iran (Islamic Republic of),3,Both,27,Age-standardized,558,Mental disorders,3,Rate,2015,17123.38774535308,18476.86935102878,15712.49717503018
1,All Population,5,Prevalence,40,Turkmenistan,3,Both,27,Age-standardized,558,Mental disorders,2,Percent,2016,0.1054365416966267,0.1176949743545477,0.0942861973014993
1,All Population,5,Prevalence,40,Turkmenistan,3,Both,27,Age-standardized,558,Mental disorders,3,Rate,2016,9968.65506802309,11147.528029942549,8904.48196321904
1,All Population,5,Prevalence,150,Oman,3,Both,27,Age-standardized,558,Mental disorders,2,Percent,2016,0.1247660208830258,0.1347484364953513,0.1140704666004031
1,All Population,5,Prevalence,150,Oman,3,Both,27,Age-standardized,558,Mental disorders,3,Rate,2016,12123.618260851581,13092.47984473755,11097.71392358851
1,All Population,5,Prevalence,131,Nicaragua,3,Both,27,Age-standardized,558,Mental disorders,2,Percent,2016,0.1228519947378852,0.1338101730865039,0.1122702017587458
1,All Population,5,Prevalence,131,Nicaragua,3,Both,27,Age-standardized,558,Mental disorders,3,Rate,2016,11833.15779980788,12902.38896638857,10806.382997098719
1,All Population,5,Prevalence,168,Angola,3,Both,27,Age-standardized,558,Mental disorders,2,Percent,2016,0.1449139423561287,0.1629062617527951,0.1273223601837978
1,All Population,5,Prevalence,168,Angola,3,Both,27,Age-standardized,558,Mental disorders,3,Rate,2016,14285.392278101868,16030.606494444879,12538.99629321901
1,All Population,5,Prevalence,172,Equatorial Guinea,3,Both,27,Age-standardized,558,Mental disorders,2,Percent,2015,0.1334227869856331,0.1498263147756396,0.1176317534434746
1,All Population,5,Prevalence,172,Equatorial Guinea,3,Both,27,Age-standardized,558,Mental disorders,3,Rate,2015,13043.09523123026,14628.55739442414,11480.592611968179
1,All Population,5,Prevalence,190,Uganda,3,Both,27,Age-standardized,558,Mental disorders,2,Percent,2015,0.1126673670178076,0.1227984765463826,0.1014492260322641
1,All Population,5,Prevalence,190,Uganda,3,Both,27,Age-standardized,558,Mental disorders,3,Rate,2015,11158.15216263904,12163.10597253822,10044.11926620672
1,All Population,5,Prevalence,10,Cambodia,3,Both,27,Age-standardized,558,Mental disorders,2,Percent,2016,0.0948618607111187,0.1046623135437991,0.0858918016973436
1,All Population,5,Prevalence,10,Cambodia,3,Both,27,Age-standardized,558,Mental disorders,3,Rate,2016,9286.38477070356,10244.30531107603,8402.85967221009
1,All Population,5,Prevalence,117,Saint Vincent and the Grenadines,3,Both,27,Age-standardized,558,Mental disorders,2,Percent,2016,0.1461347664626105,0.1606917116602919,0.1318419180563327
1,All Population,5,Prevalence,117,Saint Vincent and the Grenadines,3,Both,27,Age-standardized,558,Mental disorders,3,Rate,2016,14140.03477144968,15558.443455384211,12695.893228694242
1,All Population,5,Prevalence,23,Kiribati,3,Both,27,Age-standardized,558,Mental disorders,2,Percent,2017,0.1059700393058993,0.119824148103915,0.0927142972974104
1,All Population,5,Prevalence,23,Kiribati,3,Both,27,Age-standardized,558,Mental disorders,3,Rate,2017,10496.48229814005,11874.71674842334,9193.78023225146
1,All Population,5,Prevalence,102,United States of America,3,Both,27,Age-standardized,558,Mental disorders,2,Percent,2017,0.1618654205909525,0.1756696876547719,0.1494598578550816
1,All Population,5,Prevalence,102,United States of America,3,Both,27,Age-standardized,558,Mental disorders,3,Rate,2017,14766.396690575351,16061.74670216698,13686.4959901901
1,All Population,5,Prevalence,181,Madagascar,3,Both,27,Age-standardized,558,Mental disorders,2,Percent,2016,0.1122085302219475,0.1227855812492215,0.1011888177327983
1,All Population,5,Prevalence,181,Madagascar,3,Both,27,Age-standardized,558,Mental disorders,3,Rate,2016,11108.30572843445,12158.453148343711,10013.89573334488
1,All Population,5,Prevalence,180,Kenya,3,Both,27,Age-standardized,558,Mental disorders,2,Percent,2016,0.1084479332628494,0.1188468147559463,0.0988468873348411
1,All Population,5,Prevalence,180,Kenya,3,Both,27,Age-standardized,558,Mental disorders,3,Rate,2016,10629.06880287861,11629.40796436164,9709.62486455734
1,All Population,5,Prevalence,71,Australia,3,Both,27,Age-standardized,558,Mental disorders,2,Percent,2016,0.2068272443258069,0.2207116546154907,0.1935267277022656
1,All Population,5,Prevalence,71,Australia,3,Both,27,Age-standardized,558,Mental disorders,3,Rate,2016,18912.90102088205,20221.61578657078,17698.67343756364
1,All Population,5,Prevalence,82,Greece,3,Both,27,Age-standardized,558,Mental disorders,2,Percent,2017,0.1738183316383908,0.1926545331563463,0.1540383112121918
1,All Population,5,Prevalence,82,Greece,3,Both,27,Age-standardized,558,Mental disorders,3,Rate,2017,16041.13031144406,17773.854721132,14200.20006785763
1,All Population,5,Prevalence,69,Singapore,3,Both,27,Age-standardized,558,Mental disorders,2,Percent,2017,0.1164013782739586,0.1309040999028078,0.1041086856049137
1,All Population,5,Prevalence,69,Singapore,3,Both,27,Age-standardized,558,Mental disorders,3,Rate,2017,10439.29247462254,11699.11164719679,9298.59618877463
1,All Population,5,Prevalence,135,Brazil,3,Both,27,Age-standardized,558,Mental disorders,2,Percent,2015,0.1653741065842769,0.1802187721424995,0.1517171936720278
1,All Population,5,Prevalence,135,Brazil,3,Both,27,Age-standardized,558,Mental disorders,3,Rate,2015,15942.993393189101,17382.592326258182,14626.948162464989
1,All Population,5,Prevalence,26,Papua New Guinea,3,Both,27,Age-standardized,558,Mental disorders,2,Percent,2016,0.1029733692775353,0.1154412300679142,0.0897401606768468
1,All Population,5,Prevalence,26,Papua New Guinea,3,Both,27,Age-standardized,558,Mental disorders,3,Rate,2016,10221.69464127097,11465.51982870525,8905.79098180411
1,All Population,5,Prevalence,34,Azerbaijan,3,Both,27,Age-standardized,558,Mental disorders,2,Percent,2016,0.1161797995147058,0.1302995375553855,0.1026510951588245
1,All Population,5,Prevalence,34,Azerbaijan,3,Both,27,Age-standardized,558,Mental disorders,3,Rate,2016,11053.51192723796,12383.54870549015,9787.35225039539
1,All Population,5,Prevalence,393,Saint Kitts and Nevis,3,Both,27,Age-standardized,558,Mental disorders,2,Percent,2016,0.1488751261563383,0.1641060638813822,0.1344716041243119
1,All Population,5,Prevalence,393,Saint Kitts and Nevis,3,Both,27,Age-standardized,558,Mental disorders,3,Rate,2016,14259.230484907539,15674.196628909329,12817.38956169359
1,All Population,5,Prevalence,86,Italy,3,Both,27,Age-standardized,558,Mental disorders,2,Percent,2016,0.1414457779897703,0.1565119894603103,0.1240393712786146
1,All Population,5,Prevalence,86,Italy,3,Both,27,Age-standardized,558,Mental disorders,3,Rate,2016,12976.85006299118,14390.54908008699,11333.02148035074
1,All Population,5,Prevalence,116,Saint Lucia,3,Both,27,Age-standardized,558,Mental disorders,2,Percent,2017,0.1476150237830668,0.1624227091678414,0.133448738244785
1,All Population,5,Prevalence,116,Saint Lucia,3,Both,27,Age-standardized,558,Mental disorders,3,Rate,2017,14234.96648155397,15711.68129335176,12799.59772511605
1,All Population,5,Prevalence,114,Haiti,3,Both,27,Age-standardized,558,Mental disorders,2,Percent,2017,0.1447284137440404,0.1599262231977664,0.1296298366107132
1,All Population,5,Prevalence,114,Haiti,3,Both,27,Age-standardized,558,Mental disorders,3,Rate,2017,14241.88257333999,15748.84193959201,12735.46004343982
1,All Population,5,Prevalence,183,Mauritius,3,Both,27,Age-standardized,558,Mental disorders,2,Percent,2016,0.0969838017121303,0.1093333876276573,0.0872414439647436
1,All Population,5,Prevalence,183,Mauritius,3,Both,27,Age-standardized,558,Mental disorders,3,Rate,2016,9374.6007692777,10552.37236583748,8390.63996066758
1,All Population,5,Prevalence,127,El Salvador,3,Both,27,Age-standardized,558,Mental disorders,2,Percent,2015,0.1207102845876626,0.1322868993559388,0.1103218243348858
1,All Population,5,Prevalence,127,El Salvador,3,Both,27,Age-standardized,558,Mental disorders,3,Rate,2015,11589.93785785704,12660.879950543998,10581.27732456695
1,All Population,5,Prevalence,17,Sri Lanka,3,Both,27,Age-standardized,558,Mental disorders,2,Percent,2016,0.0914547979886962,0.101257363269121,0.0831546738900658
1,All Population,5,Prevalence,17,Sri Lanka,3,Both,27,Age-standardized,558,Mental disorders,3,Rate,2016,8761.04344955865,9682.72437928725,7965.35278300744
1,All Population,5,Prevalence,80,France,3,Both,27,Age-standardized,558,Mental disorders,2,Percent,2015,0.1647176229904328,0.1809491071486438,0.1467613653286222
1,All Population,5,Prevalence,80,France,3,Both,27,Age-standardized,558,Mental disorders,3,Rate,2015,14967.75552484698,16469.788056940703,13316.49402118732
1,All Population,5,Prevalence,111,Dominican Republic,3,Both,27,Age-standardized,558,Mental disorders,2,Percent,2016,0.1590246884243568,0.1746509580021359,0.1424941779065441
1,All Population,5,Prevalence,111,Dominican Republic,3,Both,27,Age-standardized,558,Mental disorders,3,Rate,2016,15393.61499551753,16864.05137768728,13754.877150343938
1,All Population,5,Prevalence,187,Somalia,3,Both,27,Age-standardized,558,Mental disorders,2,Percent,2016,0.1076055024102274,0.1178294702388696,0.0967946573401836
1,All Population,5,Prevalence,187,Somalia,3,Both,27,Age-standardized,558,Mental disorders,3,Rate,2016,10672.64037815599,11678.4924697281,9621.66706850359
1,All Population,5,Prevalence,51,Poland,3,Both,27,Age-standardized,558,Mental disorders,2,Percent,2017,0.1135849954762933,0.1271990462283716,0.1022081127142513
1,All Population,5,Prevalence,51,Poland,3,Both,27,Age-standardized,558,Mental disorders,3,Rate,2017,10647.3053838998,11937.11599129712,9566.999929438489
1,All Population,5,Prevalence,6,China,3,Both,27,Age-standardized,558,Mental disorders,2,Percent,2017,0.1226150087389247,0.1345272633803167,0.1111218927525046
1,All Population,5,Prevalence,6,China,3,Both,27,Age-standardized,558,Mental disorders,3,Rate,2017,11637.41465917906,12751.827623959261,10552.97941518179
1,All Population,5,Prevalence,66,Brunei Darussalam,3,Both,27,Age-standardized,558,Mental disorders,2,Percent,2016,0.123268782703368,0.1380760510260098,0.1101507104597827
1,All Population,5,Prevalence,66,Brunei Darussalam,3,Both,27,Age-standardized,558,Mental disorders,3,Rate,2016,11380.25216212003,12777.624352542898,10099.02451188823
1,All Population,5,Prevalence,53,Serbia,3,Both,27,Age-standardized,558,Mental disorders,2,Percent,2017,0.1307429250803273,0.1479392148821424,0.1147921884744908
1,All Population,5,Prevalence,53,Serbia,3,Both,27,Age-standardized,558,Mental disorders,3,Rate,2017,12360.147212550859,13970.401561940778,10816.7206488163
1,All Population,5,Prevalence,87,Luxembourg,3,Both,27,Age-standardized,558,Mental disorders,2,Percent,2016,0.1514899152171518,0.1622464089098883,0.1410844339313937
1,All Population,5,Prevalence,87,Luxembourg,3,Both,27,Age-standardized,558,Mental disorders,3,Rate,2016,13842.74760723997,14811.49409866337,12917.73145988043
1,All Population,5,Prevalence,68,Republic of Korea,3,Both,27,Age-standardized,558,Mental disorders,2,Percent,2017,0.1284673589253066,0.1453739754764383,0.1133640443691049
1,All Population,5,Prevalence,68,Republic of Korea,3,Both,27,Age-standardized,558,Mental disorders,3,Rate,2017,11782.49896754755,13332.88911799721,10368.79950248597
1,All Population,5,Prevalence,89,Netherlands,3,Both,27,Age-standardized,558,Mental disorders,2,Percent,2017,0.1892298381673574,0.2013551742880407,0.1755659693713645
1,All Population,5,Prevalence,89,Netherlands,3,Both,27,Age-standardized,558,Mental disorders,3,Rate,2017,17558.89519990591,18722.505496966478,16326.4253695559
1,All Population,5,Prevalence,13,Malaysia,3,Both,27,Age-standardized,558,Mental disorders,2,Percent,2017,0.0941919349285542,0.1032117788414389,0.0857713167404633
1,All Population,5,Prevalence,13,Malaysia,3,Both,27,Age-standardized,558,Mental disorders,3,Rate,2017,8964.54495091,9797.39477253801,8145.315164178591
1,All Population,5,Prevalence,153,Syrian Arab Republic,3,Both,27,Age-standardized,558,Mental disorders,2,Percent,2016,0.1669449209031919,0.186824345018689,0.1498867009946193
1,All Population,5,Prevalence,153,Syrian Arab Republic,3,Both,27,Age-standardized,558,Mental disorders,3,Rate,2016,16295.266635663249,18172.07991380239,14637.71426777714
1,All Population,5,Prevalence,99,Uruguay,3,Both,27,Age-standardized,558,Mental disorders,2,Percent,2017,0.1547977765696334,0.1723279666215262,0.1362620887564638
1,All Population,5,Prevalence,99,Uruguay,3,Both,27,Age-standardized,558,Mental disorders,3,Rate,2017,14511.17795984451,16176.784498623409,12766.44121704517
1,All Population,5,Prevalence,165,Pakistan,3,Both,27,Age-standardized,558,Mental disorders,2,Percent,2016,0.1209498016920543,0.1326349638590007,0.109766305330132
1,All Population,5,Prevalence,165,Pakistan,3,Both,27,Age-standardized,558,Mental disorders,3,Rate,2016,11667.14911523448,12760.60807861402,10576.26720298665
1,All Population,5,Prevalence,105,Antigua and Barbuda,3,Both,27,Age-standardized,558,Mental disorders,2,Percent,2017,0.1487626921735199,0.1639697540390692,0.1336038437251076
1,All Population,5,Prevalence,105,Antigua and Barbuda,3,Both,27,Age-standardized,558,Mental disorders,3,Rate,2017,14346.97942525754,15819.46783028218,12900.30301473071
1,All Population,5,Prevalence,111,Dominican Republic,3,Both,27,Age-standardized,558,Mental disorders,2,Percent,2017,0.1598247565149715,0.1760707609704691,0.1431759248420336
1,All Population,5,Prevalence,111,Dominican Republic,3,Both,27,Age-standardized,558,Mental disorders,3,Rate,2017,15464.33445826993,17014.2240853737,13830.805589178492
1,All Population,5,Prevalence,79,Finland,3,Both,27,Age-standardized,558,Mental disorders,2,Percent,2016,0.1331793975493413,0.1462959958305116,0.1195461024870009
1,All Population,5,Prevalence,79,Finland,3,Both,27,Age-standardized,558,Mental disorders,3,Rate,2016,12221.350097783099,13416.749062443201,10961.08329610227
1,All Population,5,Prevalence,45,Bulgaria,3,Both,27,Age-standardized,558,Mental disorders,2,Percent,2017,0.1122751436952432,0.1256743611441418,0.1006404217489377
1,All Population,5,Prevalence,45,Bulgaria,3,Both,27,Age-standardized,558,Mental disorders,3,Rate,2017,10638.26369681051,11894.30935494524,9561.46768528766
1,All Population,5,Prevalence,66,Brunei Darussalam,3,Both,27,Age-standardized,558,Mental disorders,2,Percent,2017,0.1254476037946628,0.1415101403381025,0.1116409600206304
1,All Population,5,Prevalence,66,Brunei Darussalam,3,Both,27,Age-standardized,558,Mental disorders,3,Rate,2017,11574.71966643483,13017.082403801638,10260.2041500946
1,All Population,5,Prevalence,214,Nigeria,3,Both,27,Age-standardized,558,Mental disorders,2,Percent,2016,0.1231296552629357,0.1379776178202887,0.1084724433657012
1,All Population,5,Prevalence,214,Nigeria,3,Both,27,Age-standardized,558,Mental disorders,3,Rate,2016,12212.90417945444,13689.1361828169,10766.74930127017
1,All Population,5,Prevalence,19,Timor-Leste,3,Both,27,Age-standardized,558,Mental disorders,2,Percent,2017,0.0882187788832635,0.0988978491396738,0.0792533508408847
1,All Population,5,Prevalence,19,Timor-Leste,3,Both,27,Age-standardized,558,Mental disorders,3,Rate,2017,8635.05476988929,9680.89631517584,7759.855895184919
1,All Population,5,Prevalence,30,Vanuatu,3,Both,27,Age-standardized,558,Mental disorders,2,Percent,2017,0.1043679034852187,0.1175986832293942,0.0912332658600253
1,All Population,5,Prevalence,30,Vanuatu,3,Both,27,Age-standardized,558,Mental disorders,3,Rate,2017,10282.19591210852,11583.50099775422,8978.56529898539
1,All Population,5,Prevalence,118,Suriname,3,Both,27,Age-standardized,558,Mental disorders,2,Percent,2016,0.1415010535777038,0.1553637721820769,0.1271797257818814
1,All Population,5,Prevalence,118,Suriname,3,Both,27,Age-standardized,558,Mental disorders,3,Rate,2016,13752.78753355361,15122.607114637889,12324.82271914316
1,All Population,5,Prevalence,108,Belize,3,Both,27,Age-standardized,558,Mental disorders,2,Percent,2016,0.1414212955221365,0.1555907930900264,0.1275020806705321
1,All Population,5,Prevalence,108,Belize,3,Both,27,Age-standardized,558,Mental disorders,3,Rate,2016,13716.298578173111,15091.575385918659,12330.37583752663
1,All Population,5,Prevalence,201,Burkina Faso,3,Both,27,Age-standardized,558,Mental disorders,2,Percent,2016,0.1309804448723192,0.1436233331660141,0.115876188254825
1,All Population,5,Prevalence,201,Burkina Faso,3,Both,27,Age-standardized,558,Mental disorders,3,Rate,2016,13005.37558616198,14244.83800434088,11500.14336023288
1,All Population,5,Prevalence,16,Philippines,3,Both,27,Age-standardized,558,Mental disorders,2,Percent,2016,0.0888644483622652,0.0974475667814629,0.0809118712919381
1,All Population,5,Prevalence,16,Philippines,3,Both,27,Age-standardized,558,Mental disorders,3,Rate,2016,8573.23160327263,9406.64125280029,7809.845916234261
1,All Population,5,Prevalence,60,Lithuania,3,Both,27,Age-standardized,558,Mental disorders,2,Percent,2017,0.1247975047150349,0.1397695879535801,0.1101191252639413
1,All Population,5,Prevalence,60,Lithuania,3,Both,27,Age-standardized,558,Mental disorders,3,Rate,2017,11775.68859605173,13171.062371309212,10320.62582656055
1,All Population,5,Prevalence,126,Costa Rica,3,Both,27,Age-standardized,558,Mental disorders,2,Percent,2017,0.1250342198381024,0.1366658729847518,0.1145866389862022
1,All Population,5,Prevalence,126,Costa Rica,3,Both,27,Age-standardized,558,Mental disorders,3,Rate,2017,11907.45605971158,13037.112760903772,10886.724651472921
1,All Population,5,Prevalence,139,Algeria,3,Both,27,Age-standardized,558,Mental disorders,2,Percent,2017,0.1336919430027401,0.1439430206842251,0.1229600806642491
1,All Population,5,Prevalence,139,Algeria,3,Both,27,Age-standardized,558,Mental disorders,3,Rate,2017,12790.56198785529,13784.68997253805,11741.21654956367
1,All Population,5,Prevalence,144,Jordan,3,Both,27,Age-standardized,558,Mental disorders,2,Percent,2017,0.1343177041678312,0.1452053681966439,0.1227542309818617
1,All Population,5,Prevalence,144,Jordan,3,Both,27,Age-standardized,558,Mental disorders,3,Rate,2017,12828.877524381049,13907.628255066009,11687.81842212917
1,All Population,5,Prevalence,161,Bangladesh,3,Both,27,Age-standardized,558,Mental disorders,2,Percent,2017,0.1152325526255198,0.1293720347286891,0.1027497951061995
1,All Population,5,Prevalence,161,Bangladesh,3,Both,27,Age-standardized,558,Mental disorders,3,Rate,2017,11151.25524195809,12533.42344429032,9940.88264899559
1,All Population,5,Prevalence,376,Northern Mariana Islands,3,Both,27,Age-standardized,558,Mental disorders,2,Percent,2016,0.1051708757868527,0.1176484779321312,0.0919426402697344
1,All Population,5,Prevalence,376,Northern Mariana Islands,3,Both,27,Age-standardized,558,Mental disorders,3,Rate,2016,10099.91287741563,11303.731081317,8798.786044858869
1,All Population,5,Prevalence,147,Libya,3,Both,27,Age-standardized,558,Mental disorders,2,Percent,2017,0.1380176389389086,0.1483228545688935,0.1269903509906825
1,All Population,5,Prevalence,147,Libya,3,Both,27,Age-standardized,558,Mental disorders,3,Rate,2017,13358.338828338308,14352.85126658821,12262.64007475644
1,All Population,5,Prevalence,149,Palestine,3,Both,27,Age-standardized,558,Mental disorders,2,Percent,2016,0.1422128071866118,0.1528638422192342,0.1301797088625959
1,All Population,5,Prevalence,149,Palestine,3,Both,27,Age-standardized,558,Mental disorders,3,Rate,2016,13775.15254000487,14811.09840054708,12633.04255635721
1,All Population,5,Prevalence,195,Namibia,3,Both,27,Age-standardized,558,Mental disorders,2,Percent,2016,0.1077673920159835,0.1179965619041226,0.0966658372892202
1,All Population,5,Prevalence,195,Namibia,3,Both,27,Age-standardized,558,Mental disorders,3,Rate,2016,10498.71454336674,11491.57298867655,9403.27562094596
1,All Population,5,Prevalence,123,Peru,3,Both,27,Age-standardized,558,Mental disorders,2,Percent,2016,0.1507674397997257,0.16490181081296,0.1352245368635774
1,All Population,5,Prevalence,123,Peru,3,Both,27,Age-standardized,558,Mental disorders,3,Rate,2016,14771.69880625526,16152.059390505749,13260.0664422722
1,All Population,5,Prevalence,305,Bermuda,3,Both,27,Age-standardized,558,Mental disorders,2,Percent,2016,0.1525529403572467,0.167616746863321,0.1379081963835914
1,All Population,5,Prevalence,305,Bermuda,3,Both,27,Age-standardized,558,Mental disorders,3,Rate,2016,14519.12886400633,15967.62641659222,13105.191322782799
1,All Population,5,Prevalence,170,Congo,3,Both,27,Age-standardized,558,Mental disorders,2,Percent,2016,0.1388672430956098,0.1550243513970242,0.1227502739291678
1,All Population,5,Prevalence,170,Congo,3,Both,27,Age-standardized,558,Mental disorders,3,Rate,2016,13735.130872553469,15322.576052396338,12125.97020162809
1,All Population,5,Prevalence,83,Iceland,3,Both,27,Age-standardized,558,Mental disorders,2,Percent,2017,0.1561036602784456,0.1669323793032444,0.1453666787501008
1,All Population,5,Prevalence,83,Iceland,3,Both,27,Age-standardized,558,Mental disorders,3,Rate,2017,14374.61965085783,15283.921735362579,13358.5557524698
1,All Population,5,Prevalence,113,Guyana,3,Both,27,Age-standardized,558,Mental disorders,2,Percent,2017,0.1440613844013419,0.1582525061807804,0.1292412671065747
1,All Population,5,Prevalence,113,Guyana,3,Both,27,Age-standardized,558,Mental disorders,3,Rate,2017,14010.453171281939,15440.25215325725,12557.10469623731
1,All Population,5,Prevalence,90,Norway,3,Both,27,Age-standardized,558,Mental disorders,2,Percent,2017,0.1498690929905607,0.1666906940609427,0.1332858731405738
1,All Population,5,Prevalence,90,Norway,3,Both,27,Age-standardized,558,Mental disorders,3,Rate,2017,13775.48572174765,15339.49605922278,12261.87969064869
1,All Population,5,Prevalence,152,Saudi Arabia,3,Both,27,Age-standardized,558,Mental disorders,2,Percent,2017,0.1470184434053924,0.1620931506807785,0.1302268301450226
1,All Population,5,Prevalence,152,Saudi Arabia,3,Both,27,Age-standardized,558,Mental disorders,3,Rate,2017,14163.86414170672,15641.950178303521,12550.539666223201
1,All Population,5,Prevalence,200,Benin,3,Both,27,Age-standardized,558,Mental disorders,2,Percent,2016,0.1302775011938926,0.1432071312166169,0.1147292070912506
1,All Population,5,Prevalence,200,Benin,3,Both,27,Age-standardized,558,Mental disorders,3,Rate,2016,12909.716968476909,14194.9380762099,11380.12936448463
1,All Population,5,Prevalence,77,Cyprus,3,Both,27,Age-standardized,558,Mental disorders,2,Percent,2017,0.1649933924374963,0.1771519477119462,0.1530147012588175
1,All Population,5,Prevalence,77,Cyprus,3,Both,27,Age-standardized,558,Mental disorders,3,Rate,2017,15321.86101356083,16395.78300616699,14197.35664054359
1,All Population,5,Prevalence,152,Saudi Arabia,3,Both,27,Age-standardized,558,Mental disorders,2,Percent,2016,0.1461420853197437,0.1606192877794189,0.1294597965372437
1,All Population,5,Prevalence,152,Saudi Arabia,3,Both,27,Age-standardized,558,Mental disorders,3,Rate,2016,14088.59230015238,15507.583653653901,12476.282657681979
1,All Population,5,Prevalence,211,Mali,3,Both,27,Age-standardized,558,Mental disorders,2,Percent,2016,0.1186466038305645,0.1306875329643058,0.1050156218481297
1,All Population,5,Prevalence,211,Mali,3,Both,27,Age-standardized,558,Mental disorders,3,Rate,2016,11761.61957001952,12946.28933001564,10410.28687531759
1,All Population,5,Prevalence,176,Comoros,3,Both,27,Age-standardized,558,Mental disorders,2,Percent,2017,0.1174519851712718,0.1296163014255586,0.1060226596716628
1,All Population,5,Prevalence,176,Comoros,3,Both,27,Age-standardized,558,Mental disorders,3,Rate,2017,11453.617278639771,12688.47345628342,10314.49641983629
1,All Population,5,Prevalence,39,Tajikistan,3,Both,27,Age-standardized,558,Mental disorders,2,Percent,2017,0.1082194155169612,0.1218102030780407,0.0964698325854024
1,All Population,5,Prevalence,39,Tajikistan,3,Both,27,Age-standardized,558,Mental disorders,3,Rate,2017,10406.20731269141,11699.85419289421,9235.28924542077
1,All Population,5,Prevalence,67,Japan,3,Both,27,Age-standardized,558,Mental disorders,2,Percent,2017,0.1312258461604671,0.147237370977766,0.1174052800606319
1,All Population,5,Prevalence,67,Japan,3,Both,27,Age-standardized,558,Mental disorders,3,Rate,2017,11844.75946110278,13254.715842344942,10505.02847657345
1,All Population,5,Prevalence,54,Slovakia,3,Both,27,Age-standardized,558,Mental disorders,2,Percent,2017,0.1161062641748424,0.1312533692832644,0.1030573715465962
1,All Population,5,Prevalence,54,Slovakia,3,Both,27,Age-standardized,558,Mental disorders,3,Rate,2017,10918.06966298085,12311.1355094915,9667.00363894129
1,All Population,5,Prevalence,26,Papua New Guinea,3,Both,27,Age-standardized,558,Mental disorders,2,Percent,2017,0.1025640403386242,0.1151092344711998,0.0896183450445832
1,All Population,5,Prevalence,26,Papua New Guinea,3,Both,27,Age-standardized,558,Mental disorders,3,Rate,2017,10178.621266340091,11426.77419396183,8890.50374091625
1,All Population,5,Prevalence,22,Fiji,3,Both,27,Age-standardized,558,Mental disorders,2,Percent,2017,0.1016008945605571,0.1134634542135328,0.0889409053688687
1,All Population,5,Prevalence,22,Fiji,3,Both,27,Age-standardized,558,Mental disorders,3,Rate,2017,9930.22679195033,11098.20844666761,8676.65941604657
1,All Population,5,Prevalence,35,Georgia,3,Both,27,Age-standardized,558,Mental disorders,2,Percent,2016,0.1174502835818448,0.130742932496234,0.1048131001362575
1,All Population,5,Prevalence,35,Georgia,3,Both,27,Age-standardized,558,Mental disorders,3,Rate,2016,11174.11268948896,12433.62962115128,9963.33359585213
1,All Population,5,Prevalence,349,Greenland,3,Both,27,Age-standardized,558,Mental disorders,2,Percent,2016,0.163305454229104,0.1804468766647342,0.1485599072567024
1,All Population,5,Prevalence,349,Greenland,3,Both,27,Age-standardized,558,Mental disorders,3,Rate,2016,15093.51951423911,16570.67990954417,13615.89369812324
1,All Population,5,Prevalence,396,San Marino,3,Both,27,Age-standardized,558,Mental disorders,2,Percent,2016,0.1599063586143113,0.1708674321265251,0.148944218694185
1,All Population,5,Prevalence,396,San Marino,3,Both,27,Age-standardized,558,Mental disorders,3,Rate,2016,14641.39394122152,15610.487025517301,13588.27199354811
1,All Population,5,Prevalence,163,India,3,Both,27,Age-standardized,558,Mental disorders,2,Percent,2017,0.1186569884908217,0.1309982708676648,0.1070860919639254
1,All Population,5,Prevalence,163,India,3,Both,27,Age-standardized,558,Mental disorders,3,Rate,2017,11641.49151111289,12852.963867166009,10488.98911616072
1,All Population,5,Prevalence,164,Nepal,3,Both,27,Age-standardized,558,Mental disorders,2,Percent,2016,0.1078858605566738,0.1185124539925877,0.0984122279447164
1,All Population,5,Prevalence,164,Nepal,3,Both,27,Age-standardized,558,Mental disorders,3,Rate,2016,10374.668794154699,11359.537578620959,9495.398760903121
1,All Population,5,Prevalence,160,Afghanistan,3,Both,27,Age-standardized,558,Mental disorders,2,Percent,2017,0.1310120201011298,0.1420560142348705,0.120107299377006
1,All Population,5,Prevalence,160,Afghanistan,3,Both,27,Age-standardized,558,Mental disorders,3,Rate,2017,12965.35610418819,14053.61637815189,11886.91644535616
1,All Population,5,Prevalence,55,Slovenia,3,Both,27,Age-standardized,558,Mental disorders,2,Percent,2016,0.1312198714628015,0.1479717776512338,0.1153387733679818
1,All Population,5,Prevalence,55,Slovenia,3,Both,27,Age-standardized,558,Mental disorders,3,Rate,2016,12274.0348455813,13844.26341449361,10780.46659863531
1,All Population,5,Prevalence,145,Kuwait,3,Both,27,Age-standardized,558,Mental disorders,2,Percent,2017,0.1291708824079226,0.1387241333557355,0.1188459199167337
1,All Population,5,Prevalence,145,Kuwait,3,Both,27,Age-standardized,558,Mental disorders,3,Rate,2017,12218.60245514958,13141.13761673419,11276.46492512123
1,All Population,5,Prevalence,48,Hungary,3,Both,27,Age-standardized,558,Mental disorders,2,Percent,2016,0.1202183298474522,0.1345985810748392,0.106530903584564
1,All Population,5,Prevalence,48,Hungary,3,Both,27,Age-standardized,558,Mental disorders,3,Rate,2016,11293.01697058113,12619.47115983507,10012.65126821149
1,All Population,5,Prevalence,97,Argentina,3,Both,27,Age-standardized,558,Mental disorders,2,Percent,2015,0.1478887741127534,0.1656158324907138,0.1300028498534559
1,All Population,5,Prevalence,97,Argentina,3,Both,27,Age-standardized,558,Mental disorders,3,Rate,2015,13941.71575837407,15602.85255407986,12230.002175427659
1,All Population,5,Prevalence,155,Türkiye,3,Both,27,Age-standardized,558,Mental disorders,2,Percent,2016,0.1370434862775462,0.1482207751325068,0.1252096048650516
1,All Population,5,Prevalence,155,Türkiye,3,Both,27,Age-standardized,558,Mental disorders,3,Rate,2016,13162.56214559639,14238.17958718257,12023.32889694238
1,All Population,5,Prevalence,136,Paraguay,3,Both,27,Age-standardized,558,Mental disorders,2,Percent,2016,0.1501390802959527,0.1648580175250868,0.1369139800985847
1,All Population,5,Prevalence,136,Paraguay,3,Both,27,Age-standardized,558,Mental disorders,3,Rate,2016,14500.24496175697,15941.60706369131,13229.00234697206
1,All Population,5,Prevalence,95,United Kingdom,3,Both,27,Age-standardized,558,Mental disorders,2,Percent,2016,0.184014509236243,0.1980818229754304,0.1690405948691802
1,All Population,5,Prevalence,95,United Kingdom,3,Both,27,Age-standardized,558,Mental disorders,3,Rate,2016,16730.60749946852,17995.52995010716,15373.94270679136
1,All Population,5,Prevalence,76,Belgium,3,Both,27,Age-standardized,558,Mental disorders,2,Percent,2016,0.1526868343381767,0.1677623002842474,0.1349739123971273
1,All Population,5,Prevalence,76,Belgium,3,Both,27,Age-standardized,558,Mental disorders,3,Rate,2016,13952.1699635146,15311.18385519302,12343.48866637321
1,All Population,5,Prevalence,61,Republic of Moldova,3,Both,27,Age-standardized,558,Mental disorders,2,Percent,2016,0.1194110025043616,0.1323970183056549,0.1064625250510035
1,All Population,5,Prevalence,61,Republic of Moldova,3,Both,27,Age-standardized,558,Mental disorders,3,Rate,2016,11183.37097274773,12462.25393037262,9933.47940256077
1,All Population,5,Prevalence,91,Portugal,3,Both,27,Age-standardized,558,Mental disorders,2,Percent,2016,0.1898086898766636,0.2113787139501148,0.164505982698901
1,All Population,5,Prevalence,91,Portugal,3,Both,27,Age-standardized,558,Mental disorders,3,Rate,2016,17388.23106425284,19467.99798156533,15022.59877142574
1,All Population,5,Prevalence,173,Gabon,3,Both,27,Age-standardized,558,Mental disorders,2,Percent,2016,0.1325823690169914,0.1485233633608694,0.1165539778893438
1,All Population,5,Prevalence,173,Gabon,3,Both,27,Age-standardized,558,Mental disorders,3,Rate,2016,13113.67571850065,14673.595783976689,11523.011278855309
1,All Population,5,Prevalence,38,Mongolia,3,Both,27,Age-standardized,558,Mental disorders,2,Percent,2017,0.1119137113909809,0.1249504240442873,0.0991341545612579
1,All Population,5,Prevalence,38,Mongolia,3,Both,27,Age-standardized,558,Mental disorders,3,Rate,2017,10652.08106390954,11887.04720900053,9457.98821019193
1,All Population,5,Prevalence,128,Guatemala,3,Both,27,Age-standardized,558,Mental disorders,2,Percent,2017,0.1256307301583509,0.1371972927648516,0.1150984872521975
1,All Population,5,Prevalence,128,Guatemala,3,Both,27,Age-standardized,558,Mental disorders,3,Rate,2017,12146.2089830587,13297.028521046981,11127.562132990739
1,All Population,5,Prevalence,175,Burundi,3,Both,27,Age-standardized,558,Mental disorders,2,Percent,2017,0.1144176204646488,0.1256450444996976,0.1030529176191572
1,All Population,5,Prevalence,175,Burundi,3,Both,27,Age-standardized,558,Mental disorders,3,Rate,2017,11259.42174934224,12367.11439259478,10142.31262246099
1,All Population,5,Prevalence,210,Liberia,3,Both,27,Age-standardized,558,Mental disorders,2,Percent,2016,0.128023602109004,0.1406304662387628,0.1132934898908717
1,All Population,5,Prevalence,210,Liberia,3,Both,27,Age-standardized,558,Mental disorders,3,Rate,2016,12708.59188597154,13949.59977967819,11246.21081253827
1,All Population,5,Prevalence,194,Lesotho,3,Both,27,Age-standardized,558,Mental disorders,2,Percent,2017,0.1096781637759099,0.1204520824794962,0.0979219531321756
1,All Population,5,Prevalence,194,Lesotho,3,Both,27,Age-standardized,558,Mental disorders,3,Rate,2017,10850.49053081418,11926.37697477,9714.84819687224
1,All Population,5,Prevalence,191,Zambia,3,Both,27,Age-standardized,558,Mental disorders,2,Percent,2017,0.1154051220606314,0.1267837256479119,0.1038336627765715
1,All Population,5,Prevalence,191,Zambia,3,Both,27,Age-standardized,558,Mental disorders,3,Rate,2017,11420.20141506733,12541.3918896143,10258.31146338686
1,All Population,5,Prevalence,129,Honduras,3,Both,27,Age-standardized,558,Mental disorders,2,Percent,2017,0.1197156284164829,0.1313138546609847,0.1095405626595301
1,All Population,5,Prevalence,129,Honduras,3,Both,27,Age-standardized,558,Mental disorders,3,Rate,2017,11650.71933146753,12770.376501915958,10649.03556964442
1,All Population,5,Prevalence,133,Venezuela (Bolivarian Republic of),3,Both,27,Age-standardized,558,Mental disorders,2,Percent,2016,0.1319459216806849,0.1476188087447118,0.119541430304094
1,All Population,5,Prevalence,133,Venezuela (Bolivarian Republic of),3,Both,27,Age-standardized,558,Mental disorders,3,Rate,2016,12727.46096703434,14265.57370615285,11503.97991506474
1,All Population,5,Prevalence,435,South Sudan,3,Both,27,Age-standardized,558,Mental disorders,2,Percent,2016,0.124567408084868,0.1367999059830585,0.1117606208149824
1,All Population,5,Prevalence,435,South Sudan,3,Both,27,Age-standardized,558,Mental disorders,3,Rate,2016,12324.61779147094,13547.425925935,11061.48164788858
1,All Population,5,Prevalence,207,Ghana,3,Both,27,Age-standardized,558,Mental disorders,2,Percent,2017,0.1242132087822602,0.135722583556537,0.1117760221840339
1,All Population,5,Prevalence,207,Ghana,3,Both,27,Age-standardized,558,Mental disorders,3,Rate,2017,12227.39514424488,13325.364102124098,11003.13456882986
1,All Population,5,Prevalence,435,South Sudan,3,Both,27,Age-standardized,558,Mental disorders,2,Percent,2017,0.1256762211171478,0.1378324687179983,0.1129502713274689
1,All Population,5,Prevalence,435,South Sudan,3,Both,27,Age-standardized,558,Mental disorders,3,Rate,2017,12429.88999648641,13637.96665328924,11184.424444817601
1,All Population,5,Prevalence,25,Micronesia (Federated States of),3,Both,27,Age-standardized,558,Mental disorders,2,Percent,2017,0.1033553678558978,0.115770636301579,0.0905759443249343
1,All Population,5,Prevalence,25,Micronesia (Federated States of),3,Both,27,Age-standardized,558,Mental disorders,3,Rate,2017,10136.25308391957,11353.45261556565,8872.41721633827
1,All Population,5,Prevalence,195,Namibia,3,Both,27,Age-standardized,558,Mental disorders,2,Percent,2017,0.1100994646542593,0.120809065683074,0.0987428214358906
1,All Population,5,Prevalence,195,Namibia,3,Both,27,Age-standardized,558,Mental disorders,3,Rate,2017,10709.85044461352,11737.86800556346,9612.45607692994
1,All Population,5,Prevalence,186,Seychelles,3,Both,27,Age-standardized,558,Mental disorders,2,Percent,2016,0.0864916696803224,0.0952114862394154,0.0789474268534676
1,All Population,5,Prevalence,186,Seychelles,3,Both,27,Age-standardized,558,Mental disorders,3,Rate,2016,8263.5352379678,9097.559462049281,7529.48107308553
1,All Population,5,Prevalence,171,Democratic Republic of the Congo,3,Both,27,Age-standardized,558,Mental disorders,2,Percent,2017,0.1292881305415844,0.1461982675616692,0.1140047426893727
1,All Population,5,Prevalence,171,Democratic Republic of the Congo,3,Both,27,Age-standardized,558,Mental disorders,3,Rate,2017,12873.60756447167,14555.2988679818,11357.44145229904
1,All Population,5,Prevalence,182,Malawi,3,Both,27,Age-standardized,558,Mental disorders,2,Percent,2017,0.1132469439838967,0.1242195271360853,0.1017698468250061
1,All Population,5,Prevalence,182,Malawi,3,Both,27,Age-standardized,558,Mental disorders,3,Rate,2017,11089.40457084529,12163.634779734419,9968.04827155252
1,All Population,5,Prevalence,298,American Samoa,3,Both,27,Age-standardized,558,Mental disorders,2,Percent,2017,0.1053985516231775,0.1178195591327684,0.0925131925742618
1,All Population,5,Prevalence,298,American Samoa,3,Both,27,Age-standardized,558,Mental disorders,3,Rate,2017,10144.38288206327,11345.7206513627,8877.17120892604
1,All Population,5,Prevalence,393,Saint Kitts and Nevis,3,Both,27,Age-standardized,558,Mental disorders,2,Percent,2017,0.1493608720456826,0.1644873110134125,0.1346717714250221
1,All Population,5,Prevalence,393,Saint Kitts and Nevis,3,Both,27,Age-standardized,558,Mental disorders,3,Rate,2017,14300.40114127372,15749.57925569397,12838.606351493789
1,All Population,5,Prevalence,522,Sudan,3,Both,27,Age-standardized,558,Mental disorders,2,Percent,2016,0.1325803849573737,0.1445147637150779,0.1211258913504365
1,All Population,5,Prevalence,522,Sudan,3,Both,27,Age-standardized,558,Mental disorders,3,Rate,2016,13014.32261437952,14161.58819701036,11854.84880970684
1,All Population,5,Prevalence,142,Iran (Islamic Republic of),3,Both,27,Age-standardized,558,Mental disorders,2,Percent,2016,0.1773062356575411,0.1920971327307815,0.162479121282712
1,All Population,5,Prevalence,142,Iran (Islamic Republic of),3,Both,27,Age-standardized,558,Mental disorders,3,Rate,2016,17131.739867266628,18573.94224449963,15686.150924339781
1,All Population,5,Prevalence,172,Equatorial Guinea,3,Both,27,Age-standardized,558,Mental disorders,2,Percent,2016,0.1331293783624604,0.1489425593667742,0.1177095224667913
1,All Population,5,Prevalence,172,Equatorial Guinea,3,Both,27,Age-standardized,558,Mental disorders,3,Rate,2016,13006.391271100101,14519.73846866732,11473.82230064487
1,All Population,5,Prevalence,213,Niger,3,Both,27,Age-standardized,558,Mental disorders,2,Percent,2016,0.1142331333281519,0.1254094801315309,0.1017166262000453
1,All Population,5,Prevalence,213,Niger,3,Both,27,Age-standardized,558,Mental disorders,3,Rate,2016,11349.39845000952,12445.5306924443,10115.49248567412
1,All Population,5,Prevalence,211,Mali,3,Both,27,Age-standardized,558,Mental disorders,2,Percent,2017,0.1203174427882821,0.1328097083941535,0.1065524941949069
1,All Population,5,Prevalence,211,Mali,3,Both,27,Age-standardized,558,Mental disorders,3,Rate,2017,11918.33760709952,13129.807357416808,10551.25607281085
1,All Population,5,Prevalence,157,Yemen,3,Both,27,Age-standardized,558,Mental disorders,2,Percent,2016,0.1303914721188892,0.1415534443443486,0.1194328538292144
1,All Population,5,Prevalence,157,Yemen,3,Both,27,Age-standardized,558,Mental disorders,3,Rate,2016,12887.52952252225,14009.62950722984,11812.7762414029
1,All Population,5,Prevalence,169,Central African Republic,3,Both,27,Age-standardized,558,Mental disorders,2,Percent,2017,0.1439666677173635,0.1621536658594713,0.1264815861984665
1,All Population,5,Prevalence,169,Central African Republic,3,Both,27,Age-standardized,558,Mental disorders,3,Rate,2017,14359.476781209421,16167.80361770958,12615.01423887757
1,All Population,5,Prevalence,215,Sao Tome and Principe,3,Both,27,Age-standardized,558,Mental disorders,2,Percent,2017,0.1211428159793486,0.1332855893398379,0.1074315026572086
1,All Population,5,Prevalence,215,Sao Tome and Principe,3,Both,27,Age-standardized,558,Mental disorders,3,Rate,2017,11977.51203392766,13183.6762501018,10621.474410424
1,All Population,5,Prevalence,198,Zimbabwe,3,Both,27,Age-standardized,558,Mental disorders,2,Percent,2017,0.1138974128050462,0.1257619119726894,0.101091904344734
1,All Population,5,Prevalence,198,Zimbabwe,3,Both,27,Age-standardized,558,Mental disorders,3,Rate,2017,11057.022052688339,12218.06166603355,9803.95418555209
1,All Population,5,Prevalence,55,Slovenia,3,Both,27,Age-standardized,558,Mental disorders,2,Percent,2017,0.1305692913082796,0.1476973822546351,0.1144666960669338
1,All Population,5,Prevalence,55,Slovenia,3,Both,27,Age-standardized,558,Mental disorders,3,Rate,2017,12203.31177817882,13798.960510706958,10711.5463246293
1,All Population,5,Prevalence,8,Taiwan,3,Both,27,Age-standardized,558,Mental disorders,2,Percent,2017,0.1071297692987233,0.1168756252577894,0.0967026165239489
1,All Population,5,Prevalence,8,Taiwan,3,Both,27,Age-standardized,558,Mental disorders,3,Rate,2017,10078.297535084841,10980.42473840503,9061.27367853027
1,All Population,5,Prevalence,89,Netherlands,3,Both,27,Age-standardized,558,Mental disorders,2,Percent,2016,0.1896316230824193,0.2017559476224684,0.1758081862253239
1,All Population,5,Prevalence,89,Netherlands,3,Both,27,Age-standardized,558,Mental disorders,3,Rate,2016,17652.44518941001,18797.04145420472,16361.15122112751
1,All Population,5,Prevalence,84,Ireland,3,Both,27,Age-standardized,558,Mental disorders,2,Percent,2017,0.1732704673676649,0.1883667179561308,0.1556764936523459
1,All Population,5,Prevalence,84,Ireland,3,Both,27,Age-standardized,558,Mental disorders,3,Rate,2017,15976.721685585471,17369.84902826203,14296.478016613739
1,All Population,5,Prevalence,118,Suriname,3,Both,27,Age-standardized,558,Mental disorders,2,Percent,2017,0.1420593489610362,0.1557896145368572,0.1278486397449945
1,All Population,5,Prevalence,118,Suriname,3,Both,27,Age-standardized,558,Mental disorders,3,Rate,2017,13791.219095847779,15198.982519936118,12369.781631343101
1,All Population,5,Prevalence,71,Australia,3,Both,27,Age-standardized,558,Mental disorders,2,Percent,2017,0.2108535313523541,0.225363965956994,0.1973894173517
1,All Population,5,Prevalence,71,Australia,3,Both,27,Age-standardized,558,Mental disorders,3,Rate,2017,19279.07315565417,20640.57639366147,18045.41445161273
1,All Population,5,Prevalence,101,Canada,3,Both,27,Age-standardized,558,Mental disorders,2,Percent,2017,0.1533973979327436,0.1688973415994485,0.1374404755271166
1,All Population,5,Prevalence,101,Canada,3,Both,27,Age-standardized,558,Mental disorders,3,Rate,2017,14186.239016090549,15667.94754261458,12632.54124426713
1,All Population,5,Prevalence,41,Uzbekistan,3,Both,27,Age-standardized,558,Mental disorders,2,Percent,2017,0.1034346481532534,0.1158107129581709,0.0919982396435316
1,All Population,5,Prevalence,41,Uzbekistan,3,Both,27,Age-standardized,558,Mental disorders,3,Rate,2017,9874.77723421498,11056.17571509617,8752.6412329857
1,All Population,5,Prevalence,367,Monaco,3,Both,27,Age-standardized,558,Mental disorders,2,Percent,2017,0.1621126677829593,0.1734447643908684,0.1513647839039567
1,All Population,5,Prevalence,367,Monaco,3,Both,27,Age-standardized,558,Mental disorders,3,Rate,2017,14822.08480846935,15832.875560954559,13765.01746855752
1,All Population,5,Prevalence,149,Palestine,3,Both,27,Age-standardized,558,Mental disorders,2,Percent,2017,0.1417863816763471,0.1528494072897571,0.1295829825583088
1,All Population,5,Prevalence,149,Palestine,3,Both,27,Age-standardized,558,Mental disorders,3,Rate,2017,13732.668348136502,14760.79921680887,12588.55026701052
1,All Population,5,Prevalence,98,Chile,3,Both,27,Age-standardized,558,Mental disorders,2,Percent,2017,0.1612845029850274,0.1815973880798194,0.1412645755090416
1,All Population,5,Prevalence,98,Chile,3,Both,27,Age-standardized,558,Mental disorders,3,Rate,2017,15226.13797237694,17078.68005407219,13298.140663564789
1,All Population,5,Prevalence,197,Eswatini,3,Both,27,Age-standardized,558,Mental disorders,2,Percent,2016,0.1144464926527154,0.1256217845797299,0.1023837985841269
1,All Population,5,Prevalence,197,Eswatini,3,Both,27,Age-standardized,558,Mental disorders,3,Rate,2016,11139.6224742836,12246.110616693499,9943.27192587534
1,All Population,5,Prevalence,72,New Zealand,3,Both,27,Age-standardized,558,Mental disorders,2,Percent,2017,0.1962056124876962,0.2173740151848366,0.1748650491798914
1,All Population,5,Prevalence,72,New Zealand,3,Both,27,Age-standardized,558,Mental disorders,3,Rate,2017,17967.479442279942,19954.99993782138,15980.34496932032
1,All Population,5,Prevalence,206,Gambia,3,Both,27,Age-standardized,558,Mental disorders,2,Percent,2017,0.1240311482563755,0.1366561359131864,0.1098354996675229
1,All Population,5,Prevalence,206,Gambia,3,Both,27,Age-standardized,558,Mental disorders,3,Rate,2017,12182.56825259939,13390.26056798133,10794.41202542765
1,All Population,5,Prevalence,125,Colombia,3,Both,27,Age-standardized,558,Mental disorders,2,Percent,2016,0.1132676343929026,0.1221918840883548,0.1040019034642614
1,All Population,5,Prevalence,125,Colombia,3,Both,27,Age-standardized,558,Mental disorders,3,Rate,2016,10833.0336682246,11670.93552787131,9932.18961989481
1,All Population,5,Prevalence,110,Dominica,3,Both,27,Age-standardized,558,Mental disorders,2,Percent,2016,0.1467504357320925,0.1610594523030637,0.1325025766771437
1,All Population,5,Prevalence,110,Dominica,3,Both,27,Age-standardized,558,Mental disorders,3,Rate,2016,14163.30738718698,15576.78342642683,12726.00738946888
1,All Population,5,Prevalence,15,Myanmar,3,Both,27,Age-standardized,558,Mental disorders,2,Percent,2017,0.0887314814421433,0.0977262674691885,0.0802028166418568
1,All Population,5,Prevalence,15,Myanmar,3,Both,27,Age-standardized,558,Mental disorders,3,Rate,2017,8628.26694965864,9468.00300602047,7802.95050546356
1,All Population,5,Prevalence,47,Czechia,3,Both,27,Age-standardized,558,Mental disorders,2,Percent,2017,0.1234969026722704,0.1372197744728448,0.1092176207296326
1,All Population,5,Prevalence,47,Czechia,3,Both,27,Age-standardized,558,Mental disorders,3,Rate,2017,11588.11913598073,12837.665712435732,10260.29931892612
1,All Population,5,Prevalence,413,Tokelau,3,Both,27,Age-standardized,558,Mental disorders,2,Percent,2016,0.1042076026559604,0.1164037078305368,0.0911193283876033
1,All Population,5,Prevalence,413,Tokelau,3,Both,27,Age-standardized,558,Mental disorders,3,Rate,2016,10086.3435628143,11264.74659167689,8802.0876776473
1,All Population,5,Prevalence,75,Austria,3,Both,27,Age-standardized,558,Mental disorders,2,Percent,2017,0.1430118118984803,0.1587202527860036,0.1268032288404154
1,All Population,5,Prevalence,75,Austria,3,Both,27,Age-standardized,558,Mental disorders,3,Rate,2017,13139.92263747766,14536.85648438951,11658.134228875271
1,All Population,5,Prevalence,81,Germany,3,Both,27,Age-standardized,558,Mental disorders,2,Percent,2016,0.1401884994226745,0.1501426117876807,0.130277338765262
1,All Population,5,Prevalence,81,Germany,3,Both,27,Age-standardized,558,Mental disorders,3,Rate,2016,12686.33175487278,13610.77754569393,11788.21601273306
1,All Population,5,Prevalence,19,Timor-Leste,3,Both,27,Age-standardized,558,Mental disorders,2,Percent,2016,0.0877739115990275,0.0983887242471534,0.0787191347045253
1,All Population,5,Prevalence,19,Timor-Leste,3,Both,27,Age-standardized,558,Mental disorders,3,Rate,2016,8594.56536801925,9638.84228730656,7721.57750692269
1,All Population,5,Prevalence,165,Pakistan,3,Both,27,Age-standardized,558,Mental disorders,2,Percent,2017,0.1209518327063734,0.1328469167977352,0.1098392162557517
1,All Population,5,Prevalence,165,Pakistan,3,Both,27,Age-standardized,558,Mental disorders,3,Rate,2017,11663.06279279929,12792.179105754582,10566.17393320179
1,All Population,5,Prevalence,146,Lebanon,3,Both,27,Age-standardized,558,Mental disorders,2,Percent,2017,0.1507921604161427,0.1654024671378056,0.1355790018286462
1,All Population,5,Prevalence,146,Lebanon,3,Both,27,Age-standardized,558,Mental disorders,3,Rate,2017,14385.85497221047,15763.7373097295,12910.2968330198
1,All Population,5,Prevalence,178,Eritrea,3,Both,27,Age-standardized,558,Mental disorders,2,Percent,2017,0.1150343881281302,0.1259248801902311,0.1039583809397903
1,All Population,5,Prevalence,178,Eritrea,3,Both,27,Age-standardized,558,Mental disorders,3,Rate,2017,11256.15007637941,12333.805577672249,10195.42649285316
1,All Population,5,Prevalence,196,South Africa,3,Both,27,Age-standardized,558,Mental disorders,2,Percent,2017,0.1150404257825634,0.1264295395763527,0.1034741886624159
1,All Population,5,Prevalence,196,South Africa,3,Both,27,Age-standardized,558,Mental disorders,3,Rate,2017,11320.98551010505,12424.97404325917,10170.89415579388
1,All Population,5,Prevalence,209,Guinea-Bissau,3,Both,27,Age-standardized,558,Mental disorders,2,Percent,2017,0.1208336996513025,0.1332830998892945,0.1069224466309532
1,All Population,5,Prevalence,209,Guinea-Bissau,3,Both,27,Age-standardized,558,Mental disorders,3,Rate,2017,11978.14307665338,13183.95088305491,10603.60662283627
1,All Population,5,Prevalence,369,Nauru,3,Both,27,Age-standardized,558,Mental disorders,2,Percent,2017,0.1039198838287855,0.1169427023052582,0.0910671369298127
1,All Population,5,Prevalence,369,Nauru,3,Both,27,Age-standardized,558,Mental disorders,3,Rate,2017,10120.06841996432,11375.192005280609,8856.12748214837
1,All Population,5,Prevalence,18,Thailand,3,Both,27,Age-standardized,558,Mental disorders,2,Percent,2016,0.087327841812698,0.0972868774468699,0.0795542192025169
1,All Population,5,Prevalence,18,Thailand,3,Both,27,Age-standardized,558,Mental disorders,3,Rate,2016,8367.94764537913,9310.21710965676,7602.210395905
1,All Population,5,Prevalence,185,Rwanda,3,Both,27,Age-standardized,558,Mental disorders,2,Percent,2016,0.1105602421031076,0.1209884901725353,0.1000582484673005
1,All Population,5,Prevalence,185,Rwanda,3,Both,27,Age-standardized,558,Mental disorders,3,Rate,2016,10822.14819082841,11852.0368520769,9790.04036596717
1,All Population,5,Prevalence,203,Cabo Verde,3,Both,27,Age-standardized,558,Mental disorders,2,Percent,2016,0.1240641563561542,0.1363586848313207,0.1101281957539683
1,All Population,5,Prevalence,203,Cabo Verde,3,Both,27,Age-standardized,558,Mental disorders,3,Rate,2016,11910.26056163505,13041.62778261249,10548.52750577065
1,All Population,5,Prevalence,216,Senegal,3,Both,27,Age-standardized,558,Mental disorders,2,Percent,2016,0.117937792158799,0.1290635242496113,0.104521826632788
1,All Population,5,Prevalence,216,Senegal,3,Both,27,Age-standardized,558,Mental disorders,3,Rate,2016,11628.39587950801,12710.969671849989,10288.789016282419
1,All Population,5,Prevalence,376,Northern Mariana Islands,3,Both,27,Age-standardized,558,Mental disorders,2,Percent,2017,0.1059736668090576,0.1185454074849516,0.0928033960016996
1,All Population,5,Prevalence,376,Northern Mariana Islands,3,Both,27,Age-standardized,558,Mental disorders,3,Rate,2017,10172.97879534512,11373.99724512099,8885.07761568084
1,All Population,5,Prevalence,85,Israel,3,Both,27,Age-standardized,558,Mental disorders,2,Percent,2017,0.1483262914919462,0.1631116962137778,0.1332877366372701
1,All Population,5,Prevalence,85,Israel,3,Both,27,Age-standardized,558,Mental disorders,3,Rate,2017,13774.25956352717,15164.11411698016,12361.30580993221
1,All Population,5,Prevalence,107,Barbados,3,Both,27,Age-standardized,558,Mental disorders,2,Percent,2017,0.1490012368557135,0.164017741686878,0.1345959101769034
1,All Population,5,Prevalence,107,Barbados,3,Both,27,Age-standardized,558,Mental disorders,3,Rate,2017,14308.769728788851,15743.66904255031,12861.81413909153
1,All Population,5,Prevalence,131,Nicaragua,3,Both,27,Age-standardized,558,Mental disorders,2,Percent,2017,0.1232121636809054,0.1347064172414018,0.1125175846948975
1,All Population,5,Prevalence,131,Nicaragua,3,Both,27,Age-standardized,558,Mental disorders,3,Rate,2017,11860.457511917552,12990.18298533711,10800.47926157483
1,All Population,5,Prevalence,62,Russian Federation,3,Both,27,Age-standardized,558,Mental disorders,2,Percent,2017,0.1158725677072693,0.1275188942021275,0.1040380741905433
1,All Population,5,Prevalence,62,Russian Federation,3,Both,27,Age-standardized,558,Mental disorders,3,Rate,2017,10788.654431922689,11898.225679826919,9701.96221908258
1,All Population,5,Prevalence,28,Solomon Islands,3,Both,27,Age-standardized,558,Mental disorders,2,Percent,2017,0.1054012357199039,0.1188908839607495,0.0924286808926476
1,All Population,5,Prevalence,28,Solomon Islands,3,Both,27,Age-standardized,558,Mental disorders,3,Rate,2017,10342.29169261232,11658.855501325199,9049.20995000868
1,All Population,5,Prevalence,213,Niger,3,Both,27,Age-standardized,558,Mental disorders,2,Percent,2017,0.1158960691207713,0.1278280413334091,0.1031871080250312
1,All Population,5,Prevalence,213,Niger,3,Both,27,Age-standardized,558,Mental disorders,3,Rate,2017,11508.99833654683,12649.57992356893,10258.37937672623
1,All Population,5,Prevalence,141,Egypt,3,Both,27,Age-standardized,558,Mental disorders,2,Percent,2017,0.1398352022680123,0.1532411440490789,0.12610819655833
1,All Population,5,Prevalence,141,Egypt,3,Both,27,Age-standardized,558,Mental disorders,3,Rate,2017,13477.85319054757,14783.759145141139,12123.82319116462
1,All Population,5,Prevalence,34,Azerbaijan,3,Both,27,Age-standardized,558,Mental disorders,2,Percent,2017,0.1157673458078109,0.1296049777419524,0.1023049484764213
1,All Population,5,Prevalence,34,Azerbaijan,3,Both,27,Age-standardized,558,Mental disorders,3,Rate,2017,11006.5738334806,12310.29772615278,9741.64179469613
1,All Population,5,Prevalence,92,Spain,3,Both,27,Age-standardized,558,Mental disorders,2,Percent,2017,0.1672926524948117,0.182807554821347,0.1501978560971842
1,All Population,5,Prevalence,92,Spain,3,Both,27,Age-standardized,558,Mental disorders,3,Rate,2017,15349.82504229691,16780.48183360549,13775.77187231899
1,All Population,5,Prevalence,122,Ecuador,3,Both,27,Age-standardized,558,Mental disorders,2,Percent,2017,0.1418261609383373,0.1567628310341116,0.1277436040587021
1,All Population,5,Prevalence,122,Ecuador,3,Both,27,Age-standardized,558,Mental disorders,3,Rate,2017,13683.34747559741,15101.55238075214,12307.47573119958
1,All Population,5,Prevalence,79,Finland,3,Both,27,Age-standardized,558,Mental disorders,2,Percent,2017,0.1336854566123434,0.1474378742563473,0.1202575184789123
1,All Population,5,Prevalence,79,Finland,3,Both,27,Age-standardized,558,Mental disorders,3,Rate,2017,12259.26157349347,13485.717132653012,11011.58958925716
1,All Population,5,Prevalence,154,Tunisia,3,Both,27,Age-standardized,558,Mental disorders,2,Percent,2017,0.1465886150318689,0.1589176347902,0.1339498340884743
1,All Population,5,Prevalence,154,Tunisia,3,Both,27,Age-standardized,558,Mental disorders,3,Rate,2017,13969.22803069297,15182.94155173342,12740.128484537
1,All Population,5,Prevalence,40,Turkmenistan,3,Both,27,Age-standardized,558,Mental disorders,2,Percent,2017,0.1075980369212567,0.120453596235991,0.0960156260607277
1,All Population,5,Prevalence,40,Turkmenistan,3,Both,27,Age-standardized,558,Mental disorders,3,Rate,2017,10166.28374226511,11386.83839699252,9089.46880640093
1,All Population,5,Prevalence,212,Mauritania,3,Both,27,Age-standardized,558,Mental disorders,2,Percent,2016,0.1075435481956062,0.117949172647177,0.0959899366381922
1,All Population,5,Prevalence,212,Mauritania,3,Both,27,Age-standardized,558,Mental disorders,3,Rate,2016,10538.762056173,11502.18239334436,9405.710696219161
1,All Population,5,Prevalence,115,Jamaica,3,Both,27,Age-standardized,558,Mental disorders,2,Percent,2017,0.1410713963505514,0.1545141557888308,0.1272770747561139
1,All Population,5,Prevalence,115,Jamaica,3,Both,27,Age-standardized,558,Mental disorders,3,Rate,2017,13692.94494116005,15047.71849034993,12303.79501974045
1,All Population,5,Prevalence,162,Bhutan,3,Both,27,Age-standardized,558,Mental disorders,2,Percent,2017,0.113673620455751,0.1248165443080437,0.1036943393548513
1,All Population,5,Prevalence,162,Bhutan,3,Both,27,Age-standardized,558,Mental disorders,3,Rate,2017,10799.520296730141,11807.23630438382,9850.81343782607
1,All Population,5,Prevalence,190,Uganda,3,Both,27,Age-standardized,558,Mental disorders,2,Percent,2016,0.1142613279031355,0.1247683288654304,0.1029931634853791
1,All Population,5,Prevalence,190,Uganda,3,Both,27,Age-standardized,558,Mental disorders,3,Rate,2016,11307.49322037385,12349.34595873843,10184.317526469169
1,All Population,5,Prevalence,27,Samoa,3,Both,27,Age-standardized,558,Mental disorders,2,Percent,2017,0.1039406659552965,0.1162048636086851,0.0911087516462156
1,All Population,5,Prevalence,27,Samoa,3,Both,27,Age-standardized,558,Mental disorders,3,Rate,2017,10095.57722753615,11300.670885959651,8831.2503257579
1,All Population,5,Prevalence,130,Mexico,3,Both,27,Age-standardized,558,Mental disorders,2,Percent,2017,0.1262869553075062,0.1390446821027255,0.1136170356643888
1,All Population,5,Prevalence,130,Mexico,3,Both,27,Age-standardized,558,Mental disorders,3,Rate,2017,12013.37187009447,13218.33167192272,10843.712142415341
1,All Population,5,Prevalence,177,Djibouti,3,Both,27,Age-standardized,558,Mental disorders,2,Percent,2017,0.1087194354307165,0.1188185647275596,0.0989006616164342
1,All Population,5,Prevalence,177,Djibouti,3,Both,27,Age-standardized,558,Mental disorders,3,Rate,2017,10593.095338569141,11573.69904457643,9624.00629312247
1,All Population,5,Prevalence,193,Botswana,3,Both,27,Age-standardized,558,Mental disorders,2,Percent,2017,0.1110454363708304,0.122126690331218,0.0998551977213854
1,All Population,5,Prevalence,193,Botswana,3,Both,27,Age-standardized,558,Mental disorders,3,Rate,2017,10855.657214941079,11942.77537976659,9749.820043812719
1,All Population,5,Prevalence,208,Guinea,3,Both,27,Age-standardized,558,Mental disorders,2,Percent,2017,0.1330683407562062,0.1460574064259704,0.1174964494245306
1,All Population,5,Prevalence,208,Guinea,3,Both,27,Age-standardized,558,Mental disorders,3,Rate,2017,13186.9400382642,14498.63423705667,11647.326964941949
1,All Population,5,Prevalence,57,Belarus,3,Both,27,Age-standardized,558,Mental disorders,2,Percent,2016,0.1166854773324837,0.1287459750277705,0.1041118194788227
1,All Population,5,Prevalence,57,Belarus,3,Both,27,Age-standardized,558,Mental disorders,3,Rate,2016,10840.53663337565,11936.63689453811,9691.084815779719
1,All Population,5,Prevalence,320,Cook Islands,3,Both,27,Age-standardized,558,Mental disorders,2,Percent,2017,0.1062617999627612,0.1188561540118419,0.0931636625397387
1,All Population,5,Prevalence,320,Cook Islands,3,Both,27,Age-standardized,558,Mental disorders,3,Rate,2017,10179.13801901081,11369.059468580579,8906.587659515231
1,All Population,5,Prevalence,413,Tokelau,3,Both,27,Age-standardized,558,Mental disorders,2,Percent,2017,0.1049838372056424,0.117188544388606,0.0920708952893873
1,All Population,5,Prevalence,413,Tokelau,3,Both,27,Age-standardized,558,Mental disorders,3,Rate,2017,10157.94041274217,11350.33746565949,8894.7972310918
1,All Population,5,Prevalence,217,Sierra Leone,3,Both,27,Age-standardized,558,Mental disorders,2,Percent,2017,0.1284808654475875,0.1414497863066743,0.1135354110525168
1,All Population,5,Prevalence,217,Sierra Leone,3,Both,27,Age-standardized,558,Mental disorders,3,Rate,2017,12730.406440561981,14029.30059224759,11246.28033185331
1,All Population,5,Prevalence,86,Italy,3,Both,27,Age-standardized,558,Mental disorders,2,Percent,2017,0.1419762272475408,0.1575954319991576,0.1240028999852615
1,All Population,5,Prevalence,86,Italy,3,Both,27,Age-standardized,558,Mental disorders,3,Rate,2017,13042.45623142409,14483.76021941141,11378.371968566269
1,All Population,5,Prevalence,184,Mozambique,3,Both,27,Age-standardized,558,Mental disorders,2,Percent,2017,0.1246244440330635,0.1373882671533898,0.1113002758253946
1,All Population,5,Prevalence,184,Mozambique,3,Both,27,Age-standardized,558,Mental disorders,3,Rate,2017,12343.20073107254,13607.182604039719,11031.24904207188
1,All Population,5,Prevalence,74,Andorra,3,Both,27,Age-standardized,558,Mental disorders,2,Percent,2017,0.160682224688148,0.1716569829718665,0.149593892068381
1,All Population,5,Prevalence,74,Andorra,3,Both,27,Age-standardized,558,Mental disorders,3,Rate,2017,14697.0645315442,15670.66570127043,13646.93091838155
1,All Population,5,Prevalence,416,Tuvalu,3,Both,27,Age-standardized,558,Mental disorders,2,Percent,2016,0.1034374980872386,0.1159507226336934,0.0906987259363842
1,All Population,5,Prevalence,416,Tuvalu,3,Both,27,Age-standardized,558,Mental disorders,3,Rate,2016,10093.12756752626,11319.127817980761,8833.66986946181
1,All Population,5,Prevalence,44,Bosnia and Herzegovina,3,Both,27,Age-standardized,558,Mental disorders,2,Percent,2016,0.1255523390641575,0.1407272872661139,0.1097329107209526
1,All Population,5,Prevalence,44,Bosnia and Herzegovina,3,Both,27,Age-standardized,558,Mental disorders,3,Rate,2016,11887.62381141283,13326.49611200129,10383.787816208891
1,All Population,5,Prevalence,10,Cambodia,3,Both,27,Age-standardized,558,Mental disorders,2,Percent,2017,0.0954287539778069,0.1050879195450765,0.086519452483153
1,All Population,5,Prevalence,10,Cambodia,3,Both,27,Age-standardized,558,Mental disorders,3,Rate,2017,9328.28401650486,10269.55802044511,8458.20272640229
1,All Population,5,Prevalence,197,Eswatini,3,Both,27,Age-standardized,558,Mental disorders,2,Percent,2017,0.1147539409295979,0.1262568495012071,0.1026521798726637
1,All Population,5,Prevalence,197,Eswatini,3,Both,27,Age-standardized,558,Mental disorders,3,Rate,2017,11157.68117349796,12275.10593234702,9946.36840511495
1,All Population,5,Prevalence,385,Puerto Rico,3,Both,27,Age-standardized,558,Mental disorders,2,Percent,2016,0.1620524757692463,0.1770372659022391,0.1467917284599824
1,All Population,5,Prevalence,385,Puerto Rico,3,Both,27,Age-standardized,558,Mental disorders,3,Rate,2016,15415.675583548511,16764.516208473142,13940.84227837811
1,All Population,5,Prevalence,97,Argentina,3,Both,27,Age-standardized,558,Mental disorders,2,Percent,2016,0.1496551107940076,0.1677211630595583,0.1320298280213495
1,All Population,5,Prevalence,97,Argentina,3,Both,27,Age-standardized,558,Mental disorders,3,Rate,2016,14100.192115103871,15775.08111341424,12421.44927754142
1,All Population,5,Prevalence,57,Belarus,3,Both,27,Age-standardized,558,Mental disorders,2,Percent,2017,0.1152011132522059,0.1273721153110636,0.1028739962116101
1,All Population,5,Prevalence,57,Belarus,3,Both,27,Age-standardized,558,Mental disorders,3,Rate,2017,10693.31893863832,11820.32633688708,9535.79876310719
1,All Population,5,Prevalence,50,Montenegro,3,Both,27,Age-standardized,558,Mental disorders,2,Percent,2016,0.1284263768126037,0.1456824376965306,0.1122514962134394
1,All Population,5,Prevalence,50,Montenegro,3,Both,27,Age-standardized,558,Mental disorders,3,Rate,2016,12054.4479170272,13681.781795857889,10541.83465758903
1,All Population,5,Prevalence,63,Ukraine,3,Both,27,Age-standardized,558,Mental disorders,2,Percent,2016,0.1301578217474522,0.1446199623458809,0.1157322852228026
1,All Population,5,Prevalence,63,Ukraine,3,Both,27,Age-standardized,558,Mental disorders,3,Rate,2016,12197.60096791067,13565.714725509359,10806.14285324076
1,All Population,5,Prevalence,87,Luxembourg,3,Both,27,Age-standardized,558,Mental disorders,2,Percent,2017,0.1531400733835857,0.1638736513258063,0.1424499374523609
1,All Population,5,Prevalence,87,Luxembourg,3,Both,27,Age-standardized,558,Mental disorders,3,Rate,2017,13987.808014419381,14943.11141901541,13039.45231746263
1,All Population,5,Prevalence,52,Romania,3,Both,27,Age-standardized,558,Mental disorders,2,Percent,2018,0.113759709112573,0.1282958857002003,0.1007172013243984
1,All Population,5,Prevalence,52,Romania,3,Both,27,Age-standardized,558,Mental disorders,3,Rate,2018,10810.95603076303,12205.139898421261,9579.06890835952
1,All Population,5,Prevalence,22,Fiji,3,Both,27,Age-standardized,558,Mental disorders,2,Percent,2018,0.1022778818831866,0.1145266803668121,0.0899227049789881
1,All Population,5,Prevalence,22,Fiji,3,Both,27,Age-standardized,558,Mental disorders,3,Rate,2018,9992.15705744934,11192.077718740991,8768.26253247675
1,All Population,5,Prevalence,43,Albania,3,Both,27,Age-standardized,558,Mental disorders,2,Percent,2017,0.1190255054227118,0.1342481857048794,0.1050248236752893
1,All Population,5,Prevalence,43,Albania,3,Both,27,Age-standardized,558,Mental disorders,3,Rate,2017,11246.62352768252,12684.77022743926,9956.96849483914
1,All Population,5,Prevalence,374,Niue,3,Both,27,Age-standardized,558,Mental disorders,2,Percent,2017,0.1056842274127519,0.1181566376677653,0.0926872355448696
1,All Population,5,Prevalence,374,Niue,3,Both,27,Age-standardized,558,Mental disorders,3,Rate,2017,10138.04628635711,11328.54121102854,8866.87175233002
1,All Population,5,Prevalence,41,Uzbekistan,3,Both,27,Age-standardized,558,Mental disorders,2,Percent,2018,0.1034726077254215,0.1154992738725263,0.0922270887687377
1,All Population,5,Prevalence,41,Uzbekistan,3,Both,27,Age-standardized,558,Mental disorders,3,Rate,2018,9869.77922173668,11039.05661892248,8777.60186310411
1,All Population,5,Prevalence,49,North Macedonia,3,Both,27,Age-standardized,558,Mental disorders,2,Percent,2017,0.1201704664150448,0.1357586607109566,0.1057278213256424
1,All Population,5,Prevalence,49,North Macedonia,3,Both,27,Age-standardized,558,Mental disorders,3,Rate,2017,11309.75065347996,12778.03718303282,9954.34561891362
1,All Population,5,Prevalence,200,Benin,3,Both,27,Age-standardized,558,Mental disorders,2,Percent,2017,0.1316560530048985,0.1449382255119379,0.1166378205194122
1,All Population,5,Prevalence,200,Benin,3,Both,27,Age-standardized,558,Mental disorders,3,Rate,2017,13033.318707097971,14348.16714448585,11567.11061162946
1,All Population,5,Prevalence,173,Gabon,3,Both,27,Age-standardized,558,Mental disorders,2,Percent,2017,0.1330729503081954,0.149086802217392,0.1174431440954931
1,All Population,5,Prevalence,173,Gabon,3,Both,27,Age-standardized,558,Mental disorders,3,Rate,2017,13154.79336818314,14727.07057703862,11604.4240306845
1,All Population,5,Prevalence,17,Sri Lanka,3,Both,27,Age-standardized,558,Mental disorders,2,Percent,2017,0.0920995993686266,0.1020761886423054,0.0837542356230221
1,All Population,5,Prevalence,17,Sri Lanka,3,Both,27,Age-standardized,558,Mental disorders,3,Rate,2017,8815.34377080489,9750.54203508334,8024.3978188436395
1,All Population,5,Prevalence,29,Tonga,3,Both,27,Age-standardized,558,Mental disorders,2,Percent,2017,0.1184903504295952,0.1409318491265259,0.0990767436681512
1,All Population,5,Prevalence,29,Tonga,3,Both,27,Age-standardized,558,Mental disorders,3,Rate,2017,11470.53216995838,13688.49819978915,9580.72066058165
1,All Population,5,Prevalence,78,Denmark,3,Both,27,Age-standardized,558,Mental disorders,2,Percent,2016,0.1493477613080859,0.1598062948079227,0.1400468089772905
1,All Population,5,Prevalence,78,Denmark,3,Both,27,Age-standardized,558,Mental disorders,3,Rate,2016,13587.224173081799,14523.524668015969,12745.76862782118
1,All Population,5,Prevalence,210,Liberia,3,Both,27,Age-standardized,558,Mental disorders,2,Percent,2017,0.1285741163593387,0.14171901844602,0.1136988402376369
1,All Population,5,Prevalence,210,Liberia,3,Both,27,Age-standardized,558,Mental disorders,3,Rate,2017,12759.82187866886,14046.65643205397,11276.40361628925
1,All Population,5,Prevalence,16,Philippines,3,Both,27,Age-standardized,558,Mental disorders,2,Percent,2017,0.0891346130103132,0.098047550771162,0.0810421506407011
1,All Population,5,Prevalence,16,Philippines,3,Both,27,Age-standardized,558,Mental disorders,3,Rate,2017,8592.85510011704,9432.79412810277,7831.1667619460995
1,All Population,5,Prevalence,59,Latvia,3,Both,27,Age-standardized,558,Mental disorders,2,Percent,2017,0.1204065794408081,0.1327463401945051,0.1081631571260681
1,All Population,5,Prevalence,59,Latvia,3,Both,27,Age-standardized,558,Mental disorders,3,Rate,2017,11152.3237791888,12345.915434974131,9970.468776202
1,All Population,5,Prevalence,91,Portugal,3,Both,27,Age-standardized,558,Mental disorders,2,Percent,2017,0.1910204565614575,0.2129759433588291,0.1657223140892225
1,All Population,5,Prevalence,91,Portugal,3,Both,27,Age-standardized,558,Mental disorders,3,Rate,2017,17494.23580940369,19558.88446140815,15095.339655806009
1,All Population,5,Prevalence,44,Bosnia and Herzegovina,3,Both,27,Age-standardized,558,Mental disorders,2,Percent,2017,0.1259803819294203,0.1417991013318455,0.1105708936888391
1,All Population,5,Prevalence,44,Bosnia and Herzegovina,3,Both,27,Age-standardized,558,Mental disorders,3,Rate,2017,11921.21747111261,13396.90320687005,10448.87531866413
1,All Population,5,Prevalence,164,Nepal,3,Both,27,Age-standardized,558,Mental disorders,2,Percent,2017,0.1089767969298394,0.1200402285609105,0.0994080225057852
1,All Population,5,Prevalence,164,Nepal,3,Both,27,Age-standardized,558,Mental disorders,3,Rate,2017,10456.64986762252,11486.96878505556,9575.262966748991
1,All Population,5,Prevalence,82,Greece,3,Both,27,Age-standardized,558,Mental disorders,2,Percent,2018,0.1767255348060639,0.1963305875924681,0.1565388964418249
1,All Population,5,Prevalence,82,Greece,3,Both,27,Age-standardized,558,Mental disorders,3,Rate,2018,16277.201219971852,18081.00910563237,14429.651812995939
1,All Population,5,Prevalence,99,Uruguay,3,Both,27,Age-standardized,558,Mental disorders,2,Percent,2018,0.1576349728189624,0.1756505727417469,0.1392497189011321
1,All Population,5,Prevalence,99,Uruguay,3,Both,27,Age-standardized,558,Mental disorders,3,Rate,2018,14774.56520712169,16484.29875564588,13062.79698586927
1,All Population,5,Prevalence,117,Saint Vincent and the Grenadines,3,Both,27,Age-standardized,558,Mental disorders,2,Percent,2017,0.1465738142275712,0.1609616171739511,0.1320964779741129
1,All Population,5,Prevalence,117,Saint Vincent and the Grenadines,3,Both,27,Age-standardized,558,Mental disorders,3,Rate,2017,14177.884266855532,15643.695894992528,12718.97847710674
1,All Population,5,Prevalence,67,Japan,3,Both,27,Age-standardized,558,Mental disorders,2,Percent,2018,0.1323780240733986,0.1485185001551255,0.1185557215918137
1,All Population,5,Prevalence,67,Japan,3,Both,27,Age-standardized,558,Mental disorders,3,Rate,2018,11938.178213171619,13374.085921317519,10630.642086610791
1,All Population,5,Prevalence,7,Democratic People's Republic of Korea,3,Both,27,Age-standardized,558,Mental disorders,2,Percent,2018,0.1088176972020185,0.1203366118647628,0.0986309359663484
1,All Population,5,Prevalence,7,Democratic People's Republic of Korea,3,Both,27,Age-standardized,558,Mental disorders,3,Rate,2018,10404.52913993667,11502.558022325129,9418.94754169258
1,All Population,5,Prevalence,132,Panama,3,Both,27,Age-standardized,558,Mental disorders,2,Percent,2017,0.1138293288410395,0.124292852538562,0.1042608931269978
1,All Population,5,Prevalence,132,Panama,3,Both,27,Age-standardized,558,Mental disorders,3,Rate,2017,10819.74871517061,11806.601600002601,9892.33921205703
1,All Population,5,Prevalence,179,Ethiopia,3,Both,27,Age-standardized,558,Mental disorders,2,Percent,2017,0.1190985518278421,0.1298053016766338,0.108175979854072
1,All Population,5,Prevalence,179,Ethiopia,3,Both,27,Age-standardized,558,Mental disorders,3,Rate,2017,11747.48756997019,12814.1614790353,10681.85835332572
1,All Population,5,Prevalence,63,Ukraine,3,Both,27,Age-standardized,558,Mental disorders,2,Percent,2017,0.1314743094654632,0.1457661953133701,0.1173676729983846
1,All Population,5,Prevalence,63,Ukraine,3,Both,27,Age-standardized,558,Mental disorders,3,Rate,2017,12312.52026674543,13677.919865671109,10933.61931246859
1,All Population,5,Prevalence,110,Dominica,3,Both,27,Age-standardized,558,Mental disorders,2,Percent,2017,0.1471012189387242,0.1613491297954795,0.1325631168764898
1,All Population,5,Prevalence,110,Dominica,3,Both,27,Age-standardized,558,Mental disorders,3,Rate,2017,14199.17275836373,15642.975725961931,12738.78281636931
1,All Population,5,Prevalence,136,Paraguay,3,Both,27,Age-standardized,558,Mental disorders,2,Percent,2017,0.1493544118042001,0.1641679801456792,0.1364228351790262
1,All Population,5,Prevalence,136,Paraguay,3,Both,27,Age-standardized,558,Mental disorders,3,Rate,2017,14416.451242841491,15870.71209223539,13160.03643516025
1,All Population,5,Prevalence,14,Maldives,3,Both,27,Age-standardized,558,Mental disorders,2,Percent,2017,0.0883215087332491,0.0972276525632131,0.0803107655398972
1,All Population,5,Prevalence,14,Maldives,3,Both,27,Age-standardized,558,Mental disorders,3,Rate,2017,8466.00016190761,9320.397391249071,7722.41333196374
1,All Population,5,Prevalence,12,Lao People's Democratic Republic,3,Both,27,Age-standardized,558,Mental disorders,2,Percent,2017,0.0865634970066344,0.0969790992744205,0.0778524140865334
1,All Population,5,Prevalence,12,Lao People's Democratic Republic,3,Both,27,Age-standardized,558,Mental disorders,3,Rate,2017,8364.508464447299,9375.887286985959,7512.46490138215
1,All Population,5,Prevalence,146,Lebanon,3,Both,27,Age-standardized,558,Mental disorders,2,Percent,2018,0.1497976028067752,0.164819530068868,0.1346429407936885
1,All Population,5,Prevalence,146,Lebanon,3,Both,27,Age-standardized,558,Mental disorders,3,Rate,2018,14285.212667976099,15718.310934647408,12817.87227427814
1,All Population,5,Prevalence,114,Haiti,3,Both,27,Age-standardized,558,Mental disorders,2,Percent,2018,0.1482563787841028,0.1633880488588929,0.1331517999502516
1,All Population,5,Prevalence,114,Haiti,3,Both,27,Age-standardized,558,Mental disorders,3,Rate,2018,14583.80504974838,16112.54971782927,13077.16965674545
1,All Population,5,Prevalence,88,Malta,3,Both,27,Age-standardized,558,Mental disorders,2,Percent,2018,0.1778613785151178,0.1907157223396805,0.1647772644888474
1,All Population,5,Prevalence,88,Malta,3,Both,27,Age-standardized,558,Mental disorders,3,Rate,2018,16319.70339331488,17512.96517600754,15063.40050581569
1,All Population,5,Prevalence,148,Morocco,3,Both,27,Age-standardized,558,Mental disorders,2,Percent,2017,0.129705913677342,0.1398834369494643,0.1196576917059445
1,All Population,5,Prevalence,148,Morocco,3,Both,27,Age-standardized,558,Mental disorders,3,Rate,2017,12441.56385754617,13427.475151033921,11440.6562849328
1,All Population,5,Prevalence,212,Mauritania,3,Both,27,Age-standardized,558,Mental disorders,2,Percent,2017,0.1096009870111237,0.1204358253928713,0.0979873771427259
1,All Population,5,Prevalence,212,Mauritania,3,Both,27,Age-standardized,558,Mental disorders,3,Rate,2017,10731.35827222282,11770.11265238032,9578.79173338512
1,All Population,5,Prevalence,119,Trinidad and Tobago,3,Both,27,Age-standardized,558,Mental disorders,2,Percent,2017,0.139364433214197,0.1523170663472901,0.1256773794168774
1,All Population,5,Prevalence,119,Trinidad and Tobago,3,Both,27,Age-standardized,558,Mental disorders,3,Rate,2017,13324.34212585171,14585.813970508321,11998.27451451907
1,All Population,5,Prevalence,180,Kenya,3,Both,27,Age-standardized,558,Mental disorders,2,Percent,2017,0.1079789968519112,0.1182836026638705,0.0986201349252665
1,All Population,5,Prevalence,180,Kenya,3,Both,27,Age-standardized,558,Mental disorders,3,Rate,2017,10573.92816019334,11566.00411903373,9686.33276673253
1,All Population,5,Prevalence,13,Malaysia,3,Both,27,Age-standardized,558,Mental disorders,2,Percent,2018,0.0948291662915139,0.1040146927811499,0.086446491221063
1,All Population,5,Prevalence,13,Malaysia,3,Both,27,Age-standardized,558,Mental disorders,3,Rate,2018,9019.41519688819,9868.4686519486,8231.96972520885
1,All Population,5,Prevalence,106,Bahamas,3,Both,27,Age-standardized,558,Mental disorders,2,Percent,2017,0.1493245099471761,0.1644547803589937,0.1346373790732578
1,All Population,5,Prevalence,106,Bahamas,3,Both,27,Age-standardized,558,Mental disorders,3,Rate,2017,14358.530303873502,15822.38236666128,12918.281150980329
1,All Population,5,Prevalence,121,Bolivia (Plurinational State of),3,Both,27,Age-standardized,558,Mental disorders,2,Percent,2017,0.1478447238179584,0.1637411739897482,0.1321539398772445
1,All Population,5,Prevalence,121,Bolivia (Plurinational State of),3,Both,27,Age-standardized,558,Mental disorders,3,Rate,2017,14286.713477916019,15793.469726730618,12773.377161603561
1,All Population,5,Prevalence,28,Solomon Islands,3,Both,27,Age-standardized,558,Mental disorders,2,Percent,2018,0.1060684254934524,0.1199887210119519,0.0934959031811636
1,All Population,5,Prevalence,28,Solomon Islands,3,Both,27,Age-standardized,558,Mental disorders,3,Rate,2018,10402.87560395854,11772.01624796141,9167.24256154635
1,All Population,5,Prevalence,109,Cuba,3,Both,27,Age-standardized,558,Mental disorders,2,Percent,2017,0.1552686559179162,0.1709554785467315,0.139038141347239
1,All Population,5,Prevalence,109,Cuba,3,Both,27,Age-standardized,558,Mental disorders,3,Rate,2017,14947.971178755932,16471.87740806231,13376.80615918547
1,All Population,5,Prevalence,105,Antigua and Barbuda,3,Both,27,Age-standardized,558,Mental disorders,2,Percent,2018,0.148827015846023,0.163969079530034,0.1339160547828916
1,All Population,5,Prevalence,105,Antigua and Barbuda,3,Both,27,Age-standardized,558,Mental disorders,3,Rate,2018,14348.042394651051,15825.24284128432,12918.29388861766
1,All Population,5,Prevalence,135,Brazil,3,Both,27,Age-standardized,558,Mental disorders,2,Percent,2018,0.1668968463244222,0.1821885525467378,0.1522528934847288
1,All Population,5,Prevalence,135,Brazil,3,Both,27,Age-standardized,558,Mental disorders,3,Rate,2018,16088.608728282768,17589.54838699417,14688.745059125671
1,All Population,5,Prevalence,181,Madagascar,3,Both,27,Age-standardized,558,Mental disorders,2,Percent,2017,0.1124891303468435,0.1232260080784695,0.1015805721088263
1,All Population,5,Prevalence,181,Madagascar,3,Both,27,Age-standardized,558,Mental disorders,3,Rate,2017,11125.61195902153,12193.6406812892,10053.96701159155
1,All Population,5,Prevalence,205,Côte d'Ivoire,3,Both,27,Age-standardized,558,Mental disorders,2,Percent,2016,0.1257018469783004,0.138142401183837,0.1111295687208429
1,All Population,5,Prevalence,205,Côte d'Ivoire,3,Both,27,Age-standardized,558,Mental disorders,3,Rate,2016,12406.893878526911,13639.04921379426,10964.93544337624
1,All Population,5,Prevalence,218,Togo,3,Both,27,Age-standardized,558,Mental disorders,2,Percent,2016,0.1470781728384711,0.1687496962246339,0.1258444053710296
1,All Population,5,Prevalence,218,Togo,3,Both,27,Age-standardized,558,Mental disorders,3,Rate,2016,14594.12346865716,16739.39111777404,12469.956067788391
1,All Population,5,Prevalence,194,Lesotho,3,Both,27,Age-standardized,558,Mental disorders,2,Percent,2018,0.1086633634448684,0.1200744786130749,0.0973692340879676
1,All Population,5,Prevalence,194,Lesotho,3,Both,27,Age-standardized,558,Mental disorders,3,Rate,2018,10740.70755450268,11862.66637214853,9628.52251870199
1,All Population,5,Prevalence,81,Germany,3,Both,27,Age-standardized,558,Mental disorders,2,Percent,2017,0.1402859875725114,0.1507263234409754,0.130537126215045
1,All Population,5,Prevalence,81,Germany,3,Both,27,Age-standardized,558,Mental disorders,3,Rate,2017,12691.11146658568,13652.43548612173,11825.73591596469
1,All Population,5,Prevalence,156,United Arab Emirates,3,Both,27,Age-standardized,558,Mental disorders,2,Percent,2017,0.1209480326448428,0.1322150601705717,0.1088114475791947
1,All Population,5,Prevalence,156,United Arab Emirates,3,Both,27,Age-standardized,558,Mental disorders,3,Rate,2017,11614.18208186546,12735.5030808104,10476.41465093669
1,All Population,5,Prevalence,435,South Sudan,3,Both,27,Age-standardized,558,Mental disorders,2,Percent,2018,0.1267175412647015,0.138936257358018,0.1143232695815971
1,All Population,5,Prevalence,435,South Sudan,3,Both,27,Age-standardized,558,Mental disorders,3,Rate,2018,12529.147039665431,13713.637322545419,11311.33305900675
1,All Population,5,Prevalence,133,Venezuela (Bolivarian Republic of),3,Both,27,Age-standardized,558,Mental disorders,2,Percent,2017,0.1331559646315326,0.1492401026041802,0.1207673888205912
1,All Population,5,Prevalence,133,Venezuela (Bolivarian Republic of),3,Both,27,Age-standardized,558,Mental disorders,3,Rate,2017,12843.961661020789,14399.78398723328,11645.47987744959
1,All Population,5,Prevalence,47,Czechia,3,Both,27,Age-standardized,558,Mental disorders,2,Percent,2018,0.1236343002427747,0.1371096999241838,0.1094964926128658
1,All Population,5,Prevalence,47,Czechia,3,Both,27,Age-standardized,558,Mental disorders,3,Rate,2018,11591.16281529998,12831.37251231104,10256.311755464742
1,All Population,5,Prevalence,143,Iraq,3,Both,27,Age-standardized,558,Mental disorders,2,Percent,2017,0.1376943909202841,0.1503628234328398,0.1248578043431859
1,All Population,5,Prevalence,143,Iraq,3,Both,27,Age-standardized,558,Mental disorders,3,Rate,2017,13282.05853572633,14535.46469895659,12025.14436730731
1,All Population,5,Prevalence,61,Republic of Moldova,3,Both,27,Age-standardized,558,Mental disorders,2,Percent,2017,0.1197356871958448,0.1334332298921109,0.1061460041953221
1,All Population,5,Prevalence,61,Republic of Moldova,3,Both,27,Age-standardized,558,Mental disorders,3,Rate,2017,11203.688132302459,12514.289597826411,9935.66413116426
1,All Population,5,Prevalence,157,Yemen,3,Both,27,Age-standardized,558,Mental disorders,2,Percent,2017,0.130107864816635,0.1411374459613259,0.1191635638460191
1,All Population,5,Prevalence,157,Yemen,3,Both,27,Age-standardized,558,Mental disorders,3,Rate,2017,12862.98446966008,13973.97181302255,11785.789585629609
1,All Population,5,Prevalence,20,Viet Nam,3,Both,27,Age-standardized,558,Mental disorders,2,Percent,2016,0.0788350952850685,0.0871238380014391,0.0715341831204566
1,All Population,5,Prevalence,20,Viet Nam,3,Both,27,Age-standardized,558,Mental disorders,3,Rate,2016,7724.07220788407,8538.491634227361,7012.4137762891405
1,All Population,5,Prevalence,112,Grenada,3,Both,27,Age-standardized,558,Mental disorders,2,Percent,2016,0.1467127541169775,0.1615442131114113,0.132104668139927
1,All Population,5,Prevalence,112,Grenada,3,Both,27,Age-standardized,558,Mental disorders,3,Rate,2016,14163.435293416329,15608.117196801972,12718.29685338735
1,All Population,5,Prevalence,122,Ecuador,3,Both,27,Age-standardized,558,Mental disorders,2,Percent,2018,0.1440774209560045,0.1594153849487132,0.1301744982831129
1,All Population,5,Prevalence,122,Ecuador,3,Both,27,Age-standardized,558,Mental disorders,3,Rate,2018,13895.22628785879,15397.09028011273,12530.472781418819
1,All Population,5,Prevalence,101,Canada,3,Both,27,Age-standardized,558,Mental disorders,2,Percent,2018,0.1543439897440006,0.1706013868078061,0.1390161910013984
1,All Population,5,Prevalence,101,Canada,3,Both,27,Age-standardized,558,Mental disorders,3,Rate,2018,14271.00470285133,15707.54065923096,12778.03944690675
1,All Population,5,Prevalence,94,Switzerland,3,Both,27,Age-standardized,558,Mental disorders,2,Percent,2017,0.1717421731040289,0.1887278508753297,0.1536248301294404
1,All Population,5,Prevalence,94,Switzerland,3,Both,27,Age-standardized,558,Mental disorders,3,Rate,2017,15652.80412958143,17216.610376541368,14045.767465315632
1,All Population,5,Prevalence,141,Egypt,3,Both,27,Age-standardized,558,Mental disorders,2,Percent,2018,0.1398320321237976,0.153869817841828,0.1262192340956074
1,All Population,5,Prevalence,141,Egypt,3,Both,27,Age-standardized,558,Mental disorders,3,Rate,2018,13459.89605892766,14827.87212261448,12175.05497874219
1,All Population,5,Prevalence,75,Austria,3,Both,27,Age-standardized,558,Mental disorders,2,Percent,2018,0.1443523165832457,0.1604245961532973,0.1278902780036806
1,All Population,5,Prevalence,75,Austria,3,Both,27,Age-standardized,558,Mental disorders,3,Rate,2018,13255.952479677899,14663.360574165199,11767.71201923443
1,All Population,5,Prevalence,94,Switzerland,3,Both,27,Age-standardized,558,Mental disorders,2,Percent,2018,0.1709761903527163,0.1889527934208554,0.1528889641785919
1,All Population,5,Prevalence,94,Switzerland,3,Both,27,Age-standardized,558,Mental disorders,3,Rate,2018,15564.15698884916,17177.63909213624,13951.61893018938
1,All Population,5,Prevalence,45,Bulgaria,3,Both,27,Age-standardized,558,Mental disorders,2,Percent,2018,0.1113527835989752,0.1245155972557687,0.0994738953057676
1,All Population,5,Prevalence,45,Bulgaria,3,Both,27,Age-standardized,558,Mental disorders,3,Rate,2018,10544.59461119589,11745.976419617089,9445.977163664409
1,All Population,5,Prevalence,367,Monaco,3,Both,27,Age-standardized,558,Mental disorders,2,Percent,2018,0.1644710072935342,0.1760942317413576,0.1532798083680192
1,All Population,5,Prevalence,367,Monaco,3,Both,27,Age-standardized,558,Mental disorders,3,Rate,2018,15032.83099552519,16058.14443962548,13979.5835073766
1,All Population,5,Prevalence,76,Belgium,3,Both,27,Age-standardized,558,Mental disorders,2,Percent,2017,0.1538279679538251,0.1695550877377004,0.1362530043192963
1,All Population,5,Prevalence,76,Belgium,3,Both,27,Age-standardized,558,Mental disorders,3,Rate,2017,14037.74952043037,15474.28714982309,12443.84458464058
1,All Population,5,Prevalence,151,Qatar,3,Both,27,Age-standardized,558,Mental disorders,2,Percent,2017,0.1172831839887626,0.1270950861970426,0.1071494416052456
1,All Population,5,Prevalence,151,Qatar,3,Both,27,Age-standardized,558,Mental disorders,3,Rate,2017,11170.47657280487,12126.892401937519,10201.79554422809
1,All Population,5,Prevalence,374,Niue,3,Both,27,Age-standardized,558,Mental disorders,2,Percent,2018,0.106327848883977,0.1191228083925354,0.0935925608272274
1,All Population,5,Prevalence,374,Niue,3,Both,27,Age-standardized,558,Mental disorders,3,Rate,2018,10197.359748362931,11437.46073208822,8976.53965181943
1,All Population,5,Prevalence,161,Bangladesh,3,Both,27,Age-standardized,558,Mental disorders,2,Percent,2018,0.1157899738339749,0.1298364962456743,0.10366986075668
1,All Population,5,Prevalence,161,Bangladesh,3,Both,27,Age-standardized,558,Mental disorders,3,Rate,2018,11191.448821389351,12558.65538690246,10005.82715345061
1,All Population,5,Prevalence,176,Comoros,3,Both,27,Age-standardized,558,Mental disorders,2,Percent,2018,0.1177253137303841,0.1296308463590097,0.1063202610153937
1,All Population,5,Prevalence,176,Comoros,3,Both,27,Age-standardized,558,Mental disorders,3,Rate,2018,11469.46232382666,12642.222258935752,10356.842594860851
1,All Population,5,Prevalence,207,Ghana,3,Both,27,Age-standardized,558,Mental disorders,2,Percent,2018,0.1245192956504869,0.1369190655738747,0.1120784038304836
1,All Population,5,Prevalence,207,Ghana,3,Both,27,Age-standardized,558,Mental disorders,3,Rate,2018,12233.970995703341,13458.30212606487,11008.11497643302
1,All Population,5,Prevalence,88,Malta,3,Both,27,Age-standardized,558,Mental disorders,2,Percent,2017,0.1762207251701384,0.1896103909181213,0.163520668320544
1,All Population,5,Prevalence,88,Malta,3,Both,27,Age-standardized,558,Mental disorders,3,Rate,2017,16185.91256916298,17398.04469480683,14941.66497062129
1,All Population,5,Prevalence,37,Kyrgyzstan,3,Both,27,Age-standardized,558,Mental disorders,2,Percent,2018,0.1018494884429399,0.1145518040504452,0.0906710174167853
1,All Population,5,Prevalence,37,Kyrgyzstan,3,Both,27,Age-standardized,558,Mental disorders,3,Rate,2018,9807.478353304989,10992.0166718706,8754.89405810516
1,All Population,5,Prevalence,152,Saudi Arabia,3,Both,27,Age-standardized,558,Mental disorders,2,Percent,2018,0.1471227469704301,0.1623470554676036,0.1311206776368647
1,All Population,5,Prevalence,152,Saudi Arabia,3,Both,27,Age-standardized,558,Mental disorders,3,Rate,2018,14164.51406423773,15669.73755120972,12590.874180490342
1,All Population,5,Prevalence,182,Malawi,3,Both,27,Age-standardized,558,Mental disorders,2,Percent,2018,0.1139691532779266,0.1247811895205608,0.1027085277701404
1,All Population,5,Prevalence,182,Malawi,3,Both,27,Age-standardized,558,Mental disorders,3,Rate,2018,11149.72191427606,12183.73650656143,10055.761559780869
1,All Population,5,Prevalence,60,Lithuania,3,Both,27,Age-standardized,558,Mental disorders,2,Percent,2018,0.1245682412942056,0.1397029778012853,0.110379968354924
1,All Population,5,Prevalence,60,Lithuania,3,Both,27,Age-standardized,558,Mental disorders,3,Rate,2018,11745.338952958009,13136.90377151604,10357.72926575017
1,All Population,5,Prevalence,139,Algeria,3,Both,27,Age-standardized,558,Mental disorders,2,Percent,2018,0.1336930536035206,0.1442278369340975,0.1231285065785027
1,All Population,5,Prevalence,139,Algeria,3,Both,27,Age-standardized,558,Mental disorders,3,Rate,2018,12782.46045406235,13785.31135595446,11727.78627293898
1,All Population,5,Prevalence,189,United Republic of Tanzania,3,Both,27,Age-standardized,558,Mental disorders,2,Percent,2018,0.106608432021423,0.1166941397837044,0.0969955946886363
1,All Population,5,Prevalence,189,United Republic of Tanzania,3,Both,27,Age-standardized,558,Mental disorders,3,Rate,2018,10467.1656287028,11456.31601232732,9532.44746348935
1,All Population,5,Prevalence,168,Angola,3,Both,27,Age-standardized,558,Mental disorders,2,Percent,2017,0.1447876265887535,0.1628940877213647,0.1276921118854498
1,All Population,5,Prevalence,168,Angola,3,Both,27,Age-standardized,558,Mental disorders,3,Rate,2017,14264.425240207229,16034.18417885908,12568.27517535383
1,All Population,5,Prevalence,183,Mauritius,3,Both,27,Age-standardized,558,Mental disorders,2,Percent,2017,0.0971678333803749,0.1096217926544641,0.0876771444049546
1,All Population,5,Prevalence,183,Mauritius,3,Both,27,Age-standardized,558,Mental disorders,3,Rate,2017,9387.37805936157,10582.62420092866,8416.38479868758
1,All Population,5,Prevalence,46,Croatia,3,Both,27,Age-standardized,558,Mental disorders,2,Percent,2017,0.1280119003968791,0.1449627751993853,0.1117124346454133
1,All Population,5,Prevalence,46,Croatia,3,Both,27,Age-standardized,558,Mental disorders,3,Rate,2017,12129.02978419865,13732.138077506459,10605.380469755619
1,All Population,5,Prevalence,169,Central African Republic,3,Both,27,Age-standardized,558,Mental disorders,2,Percent,2018,0.1444808155862083,0.1626482593922551,0.1273631858835044
1,All Population,5,Prevalence,169,Central African Republic,3,Both,27,Age-standardized,558,Mental disorders,3,Rate,2018,14408.527029805979,16215.99781910661,12709.99071303098
1,All Population,5,Prevalence,90,Norway,3,Both,27,Age-standardized,558,Mental disorders,2,Percent,2018,0.1518692624064785,0.1692702251919322,0.1345405538840104
1,All Population,5,Prevalence,90,Norway,3,Both,27,Age-standardized,558,Mental disorders,3,Rate,2018,13945.35883144222,15517.72163613607,12358.278005263699
1,All Population,5,Prevalence,24,Marshall Islands,3,Both,27,Age-standardized,558,Mental disorders,2,Percent,2018,0.1042815372537652,0.1173559142582678,0.0916021746341991
1,All Population,5,Prevalence,24,Marshall Islands,3,Both,27,Age-standardized,558,Mental disorders,3,Rate,2018,10202.819719778481,11491.02974063379,8978.635968069699
1,All Population,5,Prevalence,380,Palau,3,Both,27,Age-standardized,558,Mental disorders,2,Percent,2017,0.1056134339272763,0.1177841681022235,0.0925468195254848
1,All Population,5,Prevalence,380,Palau,3,Both,27,Age-standardized,558,Mental disorders,3,Rate,2017,10193.73470528565,11403.68974852552,8922.49832027871
1,All Population,5,Prevalence,33,Armenia,3,Both,27,Age-standardized,558,Mental disorders,2,Percent,2017,0.1339299835951144,0.1505099161388637,0.1169915830065917
1,All Population,5,Prevalence,33,Armenia,3,Both,27,Age-standardized,558,Mental disorders,3,Rate,2017,12668.61241706034,14263.18316558848,11105.84376303978
1,All Population,5,Prevalence,201,Burkina Faso,3,Both,27,Age-standardized,558,Mental disorders,2,Percent,2017,0.1315249079866159,0.1445889559004373,0.1167269527910705
1,All Population,5,Prevalence,201,Burkina Faso,3,Both,27,Age-standardized,558,Mental disorders,3,Rate,2017,13047.173301691058,14329.72836331597,11586.57292183057
1,All Population,5,Prevalence,205,Côte d'Ivoire,3,Both,27,Age-standardized,558,Mental disorders,2,Percent,2017,0.1266398838187521,0.1394520004201704,0.1118945604968248
1,All Population,5,Prevalence,205,Côte d'Ivoire,3,Both,27,Age-standardized,558,Mental disorders,3,Rate,2017,12486.158356118282,13760.10902563894,11025.60293415666
1,All Population,5,Prevalence,18,Thailand,3,Both,27,Age-standardized,558,Mental disorders,2,Percent,2017,0.0879115953214185,0.098037286975647,0.0800260238921615
1,All Population,5,Prevalence,18,Thailand,3,Both,27,Age-standardized,558,Mental disorders,3,Rate,2017,8418.938177377331,9386.09736285982,7643.19588811434
1,All Population,5,Prevalence,93,Sweden,3,Both,27,Age-standardized,558,Mental disorders,2,Percent,2017,0.1501368976406654,0.1616349373628537,0.1390620433738374
1,All Population,5,Prevalence,93,Sweden,3,Both,27,Age-standardized,558,Mental disorders,3,Rate,2017,13835.28548469954,14829.40912670814,12790.72333416336
1,All Population,5,Prevalence,422,United States Virgin Islands,3,Both,27,Age-standardized,558,Mental disorders,2,Percent,2017,0.1476867894162656,0.1619682225224223,0.1332785561412807
1,All Population,5,Prevalence,422,United States Virgin Islands,3,Both,27,Age-standardized,558,Mental disorders,3,Rate,2017,14072.9521000768,15473.73366646044,12672.76453600906
1,All Population,5,Prevalence,215,Sao Tome and Principe,3,Both,27,Age-standardized,558,Mental disorders,2,Percent,2018,0.1222807746116808,0.1351651032824389,0.1084940352752995
1,All Population,5,Prevalence,215,Sao Tome and Principe,3,Both,27,Age-standardized,558,Mental disorders,3,Rate,2018,12078.08269894799,13326.11363893208,10719.0445379927
1,All Population,5,Prevalence,200,Benin,3,Both,27,Age-standardized,558,Mental disorders,2,Percent,2018,0.1332520242855579,0.1474280195575111,0.1178492787241769
1,All Population,5,Prevalence,200,Benin,3,Both,27,Age-standardized,558,Mental disorders,3,Rate,2018,13176.158022723019,14579.994292421869,11644.30506136166
1,All Population,5,Prevalence,202,Cameroon,3,Both,27,Age-standardized,558,Mental disorders,2,Percent,2017,0.127836582383032,0.1406077690218372,0.1129754754239121
1,All Population,5,Prevalence,202,Cameroon,3,Both,27,Age-standardized,558,Mental disorders,3,Rate,2017,12611.03346682806,13879.283737353659,11144.07326099356
1,All Population,5,Prevalence,351,Guam,3,Both,27,Age-standardized,558,Mental disorders,2,Percent,2017,0.1065823384796787,0.1190562985791253,0.0936779650386496
1,All Population,5,Prevalence,351,Guam,3,Both,27,Age-standardized,558,Mental disorders,3,Rate,2017,10202.30992157582,11383.812985024231,8937.00464813494
1,All Population,5,Prevalence,148,Morocco,3,Both,27,Age-standardized,558,Mental disorders,2,Percent,2018,0.1305930595617813,0.1407492432868646,0.1206907908597528
1,All Population,5,Prevalence,148,Morocco,3,Both,27,Age-standardized,558,Mental disorders,3,Rate,2018,12519.040392439048,13507.07307835087,11503.19979762402
1,All Population,5,Prevalence,43,Albania,3,Both,27,Age-standardized,558,Mental disorders,2,Percent,2018,0.1187590780397651,0.1338352822577016,0.1045071543641016
1,All Population,5,Prevalence,43,Albania,3,Both,27,Age-standardized,558,Mental disorders,3,Rate,2018,11211.02347910916,12681.09981536271,9913.82495117724
1,All Population,5,Prevalence,69,Singapore,3,Both,27,Age-standardized,558,Mental disorders,2,Percent,2018,0.1162055530246437,0.1312014872872049,0.1037007275823621
1,All Population,5,Prevalence,69,Singapore,3,Both,27,Age-standardized,558,Mental disorders,3,Rate,2018,10436.09069739111,11742.30339405588,9273.9756763177
1,All Population,5,Prevalence,54,Slovakia,3,Both,27,Age-standardized,558,Mental disorders,2,Percent,2018,0.1168929378153082,0.1314388932444647,0.1036568814141605
1,All Population,5,Prevalence,54,Slovakia,3,Both,27,Age-standardized,558,Mental disorders,3,Rate,2018,10987.45755443535,12325.53099784845,9724.316878130081
1,All Population,5,Prevalence,84,Ireland,3,Both,27,Age-standardized,558,Mental disorders,2,Percent,2018,0.1756191377409684,0.1915507481374015,0.1579541498834824
1,All Population,5,Prevalence,84,Ireland,3,Both,27,Age-standardized,558,Mental disorders,3,Rate,2018,16179.676770854152,17664.00568269136,14508.63899107547
1,All Population,5,Prevalence,11,Indonesia,3,Both,27,Age-standardized,558,Mental disorders,2,Percent,2018,0.0846191117869751,0.0936905306165233,0.076422820161514
1,All Population,5,Prevalence,11,Indonesia,3,Both,27,Age-standardized,558,Mental disorders,3,Rate,2018,8223.277009890111,9099.20700627993,7421.07406655565
1,All Population,5,Prevalence,216,Senegal,3,Both,27,Age-standardized,558,Mental disorders,2,Percent,2017,0.118511113093389,0.1303147596037621,0.1052783181032327
1,All Population,5,Prevalence,216,Senegal,3,Both,27,Age-standardized,558,Mental disorders,3,Rate,2017,11673.45471446549,12840.66590109213,10357.1882256419
1,All Population,5,Prevalence,385,Puerto Rico,3,Both,27,Age-standardized,558,Mental disorders,2,Percent,2017,0.1627677181538745,0.1778335234601037,0.147626182296158
1,All Population,5,Prevalence,385,Puerto Rico,3,Both,27,Age-standardized,558,Mental disorders,3,Rate,2017,15483.894831589101,16857.35079765554,14007.093127533379
1,All Population,5,Prevalence,140,Bahrain,3,Both,27,Age-standardized,558,Mental disorders,2,Percent,2017,0.138109741789883,0.1485639789532458,0.126456567306771
1,All Population,5,Prevalence,140,Bahrain,3,Both,27,Age-standardized,558,Mental disorders,3,Rate,2017,13340.18500985039,14369.384351959548,12254.671292465031
1,All Population,5,Prevalence,112,Grenada,3,Both,27,Age-standardized,558,Mental disorders,2,Percent,2017,0.147161742553452,0.1619721990223296,0.1323968953241794
1,All Population,5,Prevalence,112,Grenada,3,Both,27,Age-standardized,558,Mental disorders,3,Rate,2017,14201.27023769181,15665.731722350709,12746.92179926954
1,All Population,5,Prevalence,305,Bermuda,3,Both,27,Age-standardized,558,Mental disorders,2,Percent,2017,0.1529847428034903,0.168552579677942,0.1381960910176145
1,All Population,5,Prevalence,305,Bermuda,3,Both,27,Age-standardized,558,Mental disorders,3,Rate,2017,14556.93403298334,16030.9835048633,13122.00306256989
1,All Population,5,Prevalence,153,Syrian Arab Republic,3,Both,27,Age-standardized,558,Mental disorders,2,Percent,2017,0.1665189911221855,0.1865632767681073,0.1498537442504304
1,All Population,5,Prevalence,153,Syrian Arab Republic,3,Both,27,Age-standardized,558,Mental disorders,3,Rate,2017,16260.83226095975,18189.26234332135,14635.13459177456
1,All Population,5,Prevalence,351,Guam,3,Both,27,Age-standardized,558,Mental disorders,2,Percent,2018,0.107225429271951,0.119838049109725,0.09450537561152
1,All Population,5,Prevalence,351,Guam,3,Both,27,Age-standardized,558,Mental disorders,3,Rate,2018,10260.35696079532,11469.99845789111,9039.120392980669
1,All Population,5,Prevalence,186,Seychelles,3,Both,27,Age-standardized,558,Mental disorders,2,Percent,2017,0.0870906464676344,0.095751072193041,0.0793607148301601
1,All Population,5,Prevalence,186,Seychelles,3,Both,27,Age-standardized,558,Mental disorders,3,Rate,2017,8316.28996301734,9140.31448932717,7579.3662790755
1,All Population,5,Prevalence,298,American Samoa,3,Both,27,Age-standardized,558,Mental disorders,2,Percent,2018,0.1060541987000869,0.118877905933783,0.0935874816953651
1,All Population,5,Prevalence,298,American Samoa,3,Both,27,Age-standardized,558,Mental disorders,3,Rate,2018,10205.48767882233,11445.60381385377,8976.94072789184
1,All Population,5,Prevalence,150,Oman,3,Both,27,Age-standardized,558,Mental disorders,2,Percent,2017,0.1246496704046611,0.1348987804276,0.113532083151008
1,All Population,5,Prevalence,150,Oman,3,Both,27,Age-standardized,558,Mental disorders,3,Rate,2017,12105.95947061125,13113.67810263323,11056.53151169241
1,All Population,5,Prevalence,116,Saint Lucia,3,Both,27,Age-standardized,558,Mental disorders,2,Percent,2018,0.1476921970102842,0.1621659556179684,0.1336901889984244
1,All Population,5,Prevalence,116,Saint Lucia,3,Both,27,Age-standardized,558,Mental disorders,3,Rate,2018,14238.21717926386,15723.70140699423,12820.9237258539
1,All Population,5,Prevalence,129,Honduras,3,Both,27,Age-standardized,558,Mental disorders,2,Percent,2018,0.1204833273872494,0.1323505296537717,0.1101396057753517
1,All Population,5,Prevalence,129,Honduras,3,Both,27,Age-standardized,558,Mental disorders,3,Rate,2018,11716.21492246174,12882.87396510546,10674.674221566389
1,All Population,5,Prevalence,15,Myanmar,3,Both,27,Age-standardized,558,Mental disorders,2,Percent,2018,0.0894720942558018,0.0987965788864947,0.0809487128185565
1,All Population,5,Prevalence,15,Myanmar,3,Both,27,Age-standardized,558,Mental disorders,3,Rate,2018,8690.8823577835,9565.17049367306,7888.86223908582
1,All Population,5,Prevalence,107,Barbados,3,Both,27,Age-standardized,558,Mental disorders,2,Percent,2018,0.1490729650730604,0.1636987472791267,0.1347459363371406
1,All Population,5,Prevalence,107,Barbados,3,Both,27,Age-standardized,558,Mental disorders,3,Rate,2018,14311.079229098788,15781.01048789954,12883.36509043505
1,All Population,5,Prevalence,126,Costa Rica,3,Both,27,Age-standardized,558,Mental disorders,2,Percent,2018,0.1257405625776932,0.1379932351285194,0.1150061410164266
1,All Population,5,Prevalence,126,Costa Rica,3,Both,27,Age-standardized,558,Mental disorders,3,Rate,2018,11968.08366433877,13146.665537653329,10922.36001552808
1,All Population,5,Prevalence,413,Tokelau,3,Both,27,Age-standardized,558,Mental disorders,2,Percent,2018,0.1056727995949241,0.1184164418994271,0.0931225874715989
1,All Population,5,Prevalence,413,Tokelau,3,Both,27,Age-standardized,558,Mental disorders,3,Rate,2018,10221.2493069999,11457.25504018076,9010.27357656912
1,All Population,5,Prevalence,196,South Africa,3,Both,27,Age-standardized,558,Mental disorders,2,Percent,2018,0.1157510993408622,0.1273983248205568,0.1042797048303844
1,All Population,5,Prevalence,196,South Africa,3,Both,27,Age-standardized,558,Mental disorders,3,Rate,2018,11385.846145250409,12529.460711113368,10243.48204946197
1,All Population,5,Prevalence,144,Jordan,3,Both,27,Age-standardized,558,Mental disorders,2,Percent,2018,0.133882327442515,0.1451646305210413,0.122439428704903
1,All Population,5,Prevalence,144,Jordan,3,Both,27,Age-standardized,558,Mental disorders,3,Rate,2018,12781.99042433674,13874.08574972323,11648.932686522361
1,All Population,5,Prevalence,108,Belize,3,Both,27,Age-standardized,558,Mental disorders,2,Percent,2017,0.1419968731127908,0.1560049582893697,0.1277998853079091
1,All Population,5,Prevalence,108,Belize,3,Both,27,Age-standardized,558,Mental disorders,3,Rate,2017,13766.86235407179,15157.59902509656,12365.069520286159
1,All Population,5,Prevalence,123,Peru,3,Both,27,Age-standardized,558,Mental disorders,2,Percent,2017,0.1506239562025498,0.164658094059473,0.1354396923965793
1,All Population,5,Prevalence,123,Peru,3,Both,27,Age-standardized,558,Mental disorders,3,Rate,2017,14755.586775765289,16133.42066748588,13269.709650092429
1,All Population,5,Prevalence,12,Lao People's Democratic Republic,3,Both,27,Age-standardized,558,Mental disorders,2,Percent,2018,0.0865505727228449,0.0967626444325098,0.0776659759306168
1,All Population,5,Prevalence,12,Lao People's Democratic Republic,3,Both,27,Age-standardized,558,Mental disorders,3,Rate,2018,8350.04787686681,9331.76805210355,7518.881984211511
1,All Population,5,Prevalence,23,Kiribati,3,Both,27,Age-standardized,558,Mental disorders,2,Percent,2018,0.1066090781400252,0.1211287598315073,0.0935170285061681
1,All Population,5,Prevalence,23,Kiribati,3,Both,27,Age-standardized,558,Mental disorders,3,Rate,2018,10555.799441301391,12014.5109087748,9278.74515938222
1,All Population,5,Prevalence,48,Hungary,3,Both,27,Age-standardized,558,Mental disorders,2,Percent,2017,0.1197041666373495,0.1343181540444366,0.1059947815366867
1,All Population,5,Prevalence,48,Hungary,3,Both,27,Age-standardized,558,Mental disorders,3,Rate,2017,11239.17588903922,12583.682888429179,9990.1320970459
1,All Population,5,Prevalence,135,Brazil,3,Both,27,Age-standardized,558,Mental disorders,2,Percent,2017,0.1660908360230469,0.1812692821223562,0.1518148477042689
1,All Population,5,Prevalence,135,Brazil,3,Both,27,Age-standardized,558,Mental disorders,3,Rate,2017,16009.32449759986,17537.0007262498,14650.921186160302
1,All Population,5,Prevalence,36,Kazakhstan,3,Both,27,Age-standardized,558,Mental disorders,2,Percent,2018,0.1029435160320475,0.1141932802305231,0.0918349365807342
1,All Population,5,Prevalence,36,Kazakhstan,3,Both,27,Age-standardized,558,Mental disorders,3,Rate,2018,9752.98192733858,10825.18148095405,8687.4483017989
1,All Population,5,Prevalence,22,Fiji,3,Both,27,Age-standardized,558,Mental disorders,2,Percent,2019,0.1028293386897302,0.1159381729146936,0.0907070746166568
1,All Population,5,Prevalence,22,Fiji,3,Both,27,Age-standardized,558,Mental disorders,3,Rate,2019,10042.39303532984,11329.54896476532,8864.391354620591
1,All Population,5,Prevalence,52,Romania,3,Both,27,Age-standardized,558,Mental disorders,2,Percent,2019,0.1129209387696645,0.1276450157842068,0.1002202083065315
1,All Population,5,Prevalence,52,Romania,3,Both,27,Age-standardized,558,Mental disorders,3,Rate,2019,10728.45706355825,12114.78032516643,9517.20067593478
1,All Population,5,Prevalence,49,North Macedonia,3,Both,27,Age-standardized,558,Mental disorders,2,Percent,2018,0.1202103563850083,0.135586194462763,0.1059459920213512
1,All Population,5,Prevalence,49,North Macedonia,3,Both,27,Age-standardized,558,Mental disorders,3,Rate,2018,11308.048025153721,12754.86690945512,9945.59637769167
1,All Population,5,Prevalence,30,Vanuatu,3,Both,27,Age-standardized,558,Mental disorders,2,Percent,2018,0.1034411833377167,0.1165581953049951,0.0909565780538204
1,All Population,5,Prevalence,30,Vanuatu,3,Both,27,Age-standardized,558,Mental disorders,3,Rate,2018,10185.44270169832,11487.43685457105,8943.21684325101
1,All Population,5,Prevalence,155,Türkiye,3,Both,27,Age-standardized,558,Mental disorders,2,Percent,2017,0.1364866798213552,0.1471779686195962,0.1249765642409749
1,All Population,5,Prevalence,155,Türkiye,3,Both,27,Age-standardized,558,Mental disorders,3,Rate,2017,13100.90648669594,14122.53376125616,11962.3345425183
1,All Population,5,Prevalence,78,Denmark,3,Both,27,Age-standardized,558,Mental disorders,2,Percent,2017,0.1517689149106641,0.161769870153086,0.142304411894247
1,All Population,5,Prevalence,78,Denmark,3,Both,27,Age-standardized,558,Mental disorders,3,Rate,2017,13796.69518234748,14724.168619142369,12926.198988474269
1,All Population,5,Prevalence,72,New Zealand,3,Both,27,Age-standardized,558,Mental disorders,2,Percent,2018,0.1960998849797045,0.2179123432366431,0.1741491504448155
1,All Population,5,Prevalence,72,New Zealand,3,Both,27,Age-standardized,558,Mental disorders,3,Rate,2018,17975.63496507815,19952.587900793562,16054.161988712378
1,All Population,5,Prevalence,143,Iraq,3,Both,27,Age-standardized,558,Mental disorders,2,Percent,2018,0.1375743577672825,0.1511137309849245,0.12444355734558
1,All Population,5,Prevalence,143,Iraq,3,Both,27,Age-standardized,558,Mental disorders,3,Rate,2018,13250.545969529909,14584.7118092708,12044.03806740353
1,All Population,5,Prevalence,77,Cyprus,3,Both,27,Age-standardized,558,Mental disorders,2,Percent,2018,0.1675900363355515,0.1798332641423654,0.1554475727142949
1,All Population,5,Prevalence,77,Cyprus,3,Both,27,Age-standardized,558,Mental disorders,3,Rate,2018,15558.37135962119,16677.43789100207,14376.643294324782
1,All Population,5,Prevalence,51,Poland,3,Both,27,Age-standardized,558,Mental disorders,2,Percent,2018,0.1132495267435635,0.1268038550676545,0.102023252285307
1,All Population,5,Prevalence,51,Poland,3,Both,27,Age-standardized,558,Mental disorders,3,Rate,2018,10608.75048096776,11904.99471935252,9552.45687687561
1,All Population,5,Prevalence,20,Viet Nam,3,Both,27,Age-standardized,558,Mental disorders,2,Percent,2017,0.079019146386299,0.0874329289101392,0.071683994490191
1,All Population,5,Prevalence,20,Viet Nam,3,Both,27,Age-standardized,558,Mental disorders,3,Rate,2017,7737.23271158846,8563.71522858024,7029.66894904752
1,All Population,5,Prevalence,522,Sudan,3,Both,27,Age-standardized,558,Mental disorders,2,Percent,2017,0.1325389757366238,0.1445058049668236,0.1212800556428817
1,All Population,5,Prevalence,522,Sudan,3,Both,27,Age-standardized,558,Mental disorders,3,Rate,2017,12998.32938208227,14152.507973377858,11871.47860109322
1,All Population,5,Prevalence,6,China,3,Both,27,Age-standardized,558,Mental disorders,2,Percent,2018,0.1240075907863968,0.1372801284800756,0.1121416360380768
1,All Population,5,Prevalence,6,China,3,Both,27,Age-standardized,558,Mental disorders,3,Rate,2018,11750.13104236429,13021.445800310941,10629.134916602501
1,All Population,5,Prevalence,62,Russian Federation,3,Both,27,Age-standardized,558,Mental disorders,2,Percent,2018,0.1156573868325613,0.1276935720499726,0.1038928912802823
1,All Population,5,Prevalence,62,Russian Federation,3,Both,27,Age-standardized,558,Mental disorders,3,Rate,2018,10759.41813635104,11891.75981887872,9679.75250917627
1,All Population,5,Prevalence,171,Democratic Republic of the Congo,3,Both,27,Age-standardized,558,Mental disorders,2,Percent,2018,0.1288621931324288,0.145888675080248,0.1138187139637221
1,All Population,5,Prevalence,171,Democratic Republic of the Congo,3,Both,27,Age-standardized,558,Mental disorders,3,Rate,2018,12824.58468038211,14512.81218521033,11333.32331629355
1,All Population,5,Prevalence,184,Mozambique,3,Both,27,Age-standardized,558,Mental disorders,2,Percent,2018,0.125850265293569,0.1381967751038686,0.1126395498883658
1,All Population,5,Prevalence,184,Mozambique,3,Both,27,Age-standardized,558,Mental disorders,3,Rate,2018,12455.6648700131,13666.13363687098,11138.98898609581
1,All Population,5,Prevalence,11,Indonesia,3,Both,27,Age-standardized,558,Mental disorders,2,Percent,2019,0.0849612477072353,0.093903924902182,0.0770647122790861
1,All Population,5,Prevalence,11,Indonesia,3,Both,27,Age-standardized,558,Mental disorders,3,Rate,2019,8251.71118116469,9112.2566787437,7472.18058737207
1,All Population,5,Prevalence,7,Democratic People's Republic of Korea,3,Both,27,Age-standardized,558,Mental disorders,2,Percent,2019,0.1114225605959852,0.1240386811443602,0.1006479272860263
1,All Population,5,Prevalence,7,Democratic People's Republic of Korea,3,Both,27,Age-standardized,558,Mental disorders,3,Rate,2019,10644.00992964285,11819.16097293111,9591.24338082882
1,All Population,5,Prevalence,37,Kyrgyzstan,3,Both,27,Age-standardized,558,Mental disorders,2,Percent,2019,0.1020079235402354,0.1145612507226166,0.0911701927978897
1,All Population,5,Prevalence,37,Kyrgyzstan,3,Both,27,Age-standardized,558,Mental disorders,3,Rate,2019,9817.29266966228,11022.55781673465,8775.40378951976
1,All Population,5,Prevalence,39,Tajikistan,3,Both,27,Age-standardized,558,Mental disorders,2,Percent,2018,0.1087343516540208,0.1222803870848128,0.0969418279656526
1,All Population,5,Prevalence,39,Tajikistan,3,Both,27,Age-standardized,558,Mental disorders,3,Rate,2018,10447.33507737243,11730.84427405423,9299.28064218606
1,All Population,5,Prevalence,35,Georgia,3,Both,27,Age-standardized,558,Mental disorders,2,Percent,2017,0.1164264419049056,0.1292239393276171,0.1040253597121033
1,All Population,5,Prevalence,35,Georgia,3,Both,27,Age-standardized,558,Mental disorders,3,Rate,2017,11067.49874273434,12316.87590897641,9841.97314717131
1,All Population,5,Prevalence,170,Congo,3,Both,27,Age-standardized,558,Mental disorders,2,Percent,2017,0.1376554929688422,0.1530233666588407,0.122095881654988
1,All Population,5,Prevalence,170,Congo,3,Both,27,Age-standardized,558,Mental disorders,3,Rate,2017,13608.757555051328,15085.05597597265,12059.98901976599
1,All Population,5,Prevalence,203,Cabo Verde,3,Both,27,Age-standardized,558,Mental disorders,2,Percent,2017,0.1250091415663416,0.137850360760832,0.1111030816466431
1,All Population,5,Prevalence,203,Cabo Verde,3,Both,27,Age-standardized,558,Mental disorders,3,Rate,2017,11994.61384363731,13210.269028899049,10634.65578883935
1,All Population,5,Prevalence,25,Micronesia (Federated States of),3,Both,27,Age-standardized,558,Mental disorders,2,Percent,2018,0.1040158196976142,0.116716738003698,0.0915658339635125
1,All Population,5,Prevalence,25,Micronesia (Federated States of),3,Both,27,Age-standardized,558,Mental disorders,3,Rate,2018,10195.80461752126,11449.0924432377,8989.14613569778
1,All Population,5,Prevalence,185,Rwanda,3,Both,27,Age-standardized,558,Mental disorders,2,Percent,2017,0.1118035863929852,0.1221622096174715,0.1013650438830702
1,All Population,5,Prevalence,185,Rwanda,3,Both,27,Age-standardized,558,Mental disorders,3,Rate,2017,10929.097326480689,11954.219488448101,9918.472234852728
1,All Population,5,Prevalence,83,Iceland,3,Both,27,Age-standardized,558,Mental disorders,2,Percent,2018,0.1604193691974067,0.171291009933617,0.149693549863156
1,All Population,5,Prevalence,83,Iceland,3,Both,27,Age-standardized,558,Mental disorders,3,Rate,2018,14766.0954196037,15711.98011365672,13744.27425942062
1,All Population,5,Prevalence,38,Mongolia,3,Both,27,Age-standardized,558,Mental disorders,2,Percent,2018,0.1120144461696674,0.1250879248997228,0.0998053799383219
1,All Population,5,Prevalence,38,Mongolia,3,Both,27,Age-standardized,558,Mental disorders,3,Rate,2018,10649.94975856217,11903.24624589975,9477.3989655894
1,All Population,5,Prevalence,117,Saint Vincent and the Grenadines,3,Both,27,Age-standardized,558,Mental disorders,2,Percent,2018,0.1467020174847975,0.160953775253462,0.1325395364353849
1,All Population,5,Prevalence,117,Saint Vincent and the Grenadines,3,Both,27,Age-standardized,558,Mental disorders,3,Rate,2018,14185.51121975502,15628.95754002601,12744.77264483333
1,All Population,5,Prevalence,178,Eritrea,3,Both,27,Age-standardized,558,Mental disorders,2,Percent,2018,0.1161406731035475,0.127403487177276,0.1050312542986712
1,All Population,5,Prevalence,178,Eritrea,3,Both,27,Age-standardized,558,Mental disorders,3,Rate,2018,11355.18528323102,12420.08527002305,10287.03049414982
1,All Population,5,Prevalence,144,Jordan,3,Both,27,Age-standardized,558,Mental disorders,2,Percent,2019,0.1337370219504585,0.1453846200944882,0.1223902495809918
1,All Population,5,Prevalence,144,Jordan,3,Both,27,Age-standardized,558,Mental disorders,3,Rate,2019,12763.52966657811,13858.35523627272,11624.26547317599
1,All Population,5,Prevalence,209,Guinea-Bissau,3,Both,27,Age-standardized,558,Mental disorders,2,Percent,2018,0.1212348452997244,0.134384461308732,0.1076702652216282
1,All Population,5,Prevalence,209,Guinea-Bissau,3,Both,27,Age-standardized,558,Mental disorders,3,Rate,2018,12010.58900460175,13253.01139426705,10651.78721796227
1,All Population,5,Prevalence,163,India,3,Both,27,Age-standardized,558,Mental disorders,2,Percent,2018,0.1190151040283189,0.131118193737731,0.1073733820582509
1,All Population,5,Prevalence,163,India,3,Both,27,Age-standardized,558,Mental disorders,3,Rate,2018,11666.827217295011,12838.897267910299,10519.81457466803
1,All Population,5,Prevalence,349,Greenland,3,Both,27,Age-standardized,558,Mental disorders,2,Percent,2017,0.1638729413975063,0.1817086894864059,0.1490499098483862
1,All Population,5,Prevalence,349,Greenland,3,Both,27,Age-standardized,558,Mental disorders,3,Rate,2017,15141.40774494058,16695.72211873484,13722.41794705398
1,All Population,5,Prevalence,214,Nigeria,3,Both,27,Age-standardized,558,Mental disorders,2,Percent,2017,0.1245594369152497,0.1402078419114877,0.1096810922171017
1,All Population,5,Prevalence,214,Nigeria,3,Both,27,Age-standardized,558,Mental disorders,3,Rate,2017,12349.3693147734,13894.39900820483,10865.68163332171
1,All Population,5,Prevalence,98,Chile,3,Both,27,Age-standardized,558,Mental disorders,2,Percent,2018,0.1632614215855992,0.1843326505083955,0.1429431268963513
1,All Population,5,Prevalence,98,Chile,3,Both,27,Age-standardized,558,Mental disorders,3,Rate,2018,15406.46889895417,17297.111411567752,13536.956063749281
1,All Population,5,Prevalence,380,Palau,3,Both,27,Age-standardized,558,Mental disorders,2,Percent,2018,0.1062640239958351,0.1189721337205624,0.093597550052132
1,All Population,5,Prevalence,380,Palau,3,Both,27,Age-standardized,558,Mental disorders,3,Rate,2018,10254.3693136169,11494.07417881575,9029.541402278379
1,All Population,5,Prevalence,58,Estonia,3,Both,27,Age-standardized,558,Mental disorders,2,Percent,2019,0.1165083764006615,0.1298706341350105,0.1042956448496101
1,All Population,5,Prevalence,58,Estonia,3,Both,27,Age-standardized,558,Mental disorders,3,Rate,2019,10748.75485731319,12007.37999703297,9581.2203704281
1,All Population,5,Prevalence,26,Papua New Guinea,3,Both,27,Age-standardized,558,Mental disorders,2,Percent,2018,0.1036146476231888,0.1164623762271869,0.0910730706821547
1,All Population,5,Prevalence,26,Papua New Guinea,3,Both,27,Age-standardized,558,Mental disorders,3,Rate,2018,10280.323759784731,11552.16351343425,9034.93993210434
1,All Population,5,Prevalence,99,Uruguay,3,Both,27,Age-standardized,558,Mental disorders,2,Percent,2019,0.156562316012341,0.1752778974385185,0.1378032279113601
1,All Population,5,Prevalence,99,Uruguay,3,Both,27,Age-standardized,558,Mental disorders,3,Rate,2019,14669.86388501033,16504.85970115707,12951.196768507358
1,All Population,5,Prevalence,69,Singapore,3,Both,27,Age-standardized,558,Mental disorders,2,Percent,2019,0.1166293483228541,0.1315141435554676,0.1037106965349075
1,All Population,5,Prevalence,69,Singapore,3,Both,27,Age-standardized,558,Mental disorders,3,Rate,2019,10479.96496687527,11757.10885077029,9283.10424133636
1,All Population,5,Prevalence,116,Saint Lucia,3,Both,27,Age-standardized,558,Mental disorders,2,Percent,2019,0.1475242389160504,0.1621794041520635,0.1333984883924677
1,All Population,5,Prevalence,116,Saint Lucia,3,Both,27,Age-standardized,558,Mental disorders,3,Rate,2019,14218.065317718858,15696.919131350009,12808.068419816951
1,All Population,5,Prevalence,114,Haiti,3,Both,27,Age-standardized,558,Mental disorders,2,Percent,2019,0.1486465177008062,0.1635695964764608,0.1336412052064335
1,All Population,5,Prevalence,114,Haiti,3,Both,27,Age-standardized,558,Mental disorders,3,Rate,2019,14616.70176150652,16112.822563294249,13121.4446318487
1,All Population,5,Prevalence,198,Zimbabwe,3,Both,27,Age-standardized,558,Mental disorders,2,Percent,2018,0.1138573183102315,0.1260540262228387,0.1009053496831286
1,All Population,5,Prevalence,198,Zimbabwe,3,Both,27,Age-standardized,558,Mental disorders,3,Rate,2018,11040.95255916141,12223.30528654861,9790.36770455051
1,All Population,5,Prevalence,154,Tunisia,3,Both,27,Age-standardized,558,Mental disorders,2,Percent,2018,0.1469270076906096,0.1592765943654495,0.1340722579573789
1,All Population,5,Prevalence,154,Tunisia,3,Both,27,Age-standardized,558,Mental disorders,3,Rate,2018,13992.28395312248,15197.06621870743,12747.929170550959
1,All Population,5,Prevalence,128,Guatemala,3,Both,27,Age-standardized,558,Mental disorders,2,Percent,2018,0.1281902612674413,0.1410569110444959,0.1169314100701492
1,All Population,5,Prevalence,128,Guatemala,3,Both,27,Age-standardized,558,Mental disorders,3,Rate,2018,12383.28584900911,13595.144452841902,11279.85411568004
1,All Population,5,Prevalence,53,Serbia,3,Both,27,Age-standardized,558,Mental disorders,2,Percent,2018,0.1300159182594759,0.1476027406635041,0.1143955696515588
1,All Population,5,Prevalence,53,Serbia,3,Both,27,Age-standardized,558,Mental disorders,3,Rate,2018,12264.10447529933,13908.70701597251,10764.96696070036
1,All Population,5,Prevalence,396,San Marino,3,Both,27,Age-standardized,558,Mental disorders,2,Percent,2017,0.1620951791122308,0.1729032691993353,0.1507996050589241
1,All Population,5,Prevalence,396,San Marino,3,Both,27,Age-standardized,558,Mental disorders,3,Rate,2017,14837.48662351309,15822.8510916856,13805.28857170345
1,All Population,5,Prevalence,95,United Kingdom,3,Both,27,Age-standardized,558,Mental disorders,2,Percent,2017,0.1859936635267951,0.1999998994072889,0.1710176858429907
1,All Population,5,Prevalence,95,United Kingdom,3,Both,27,Age-standardized,558,Mental disorders,3,Rate,2017,16889.40187592432,18200.0227158328,15539.766903503441
1,All Population,5,Prevalence,218,Togo,3,Both,27,Age-standardized,558,Mental disorders,2,Percent,2017,0.1473825817907346,0.1703308278374343,0.1262240092433627
1,All Population,5,Prevalence,218,Togo,3,Both,27,Age-standardized,558,Mental disorders,3,Rate,2017,14609.76645407461,16877.23154326648,12494.5623821712
1,All Population,5,Prevalence,142,Iran (Islamic Republic of),3,Both,27,Age-standardized,558,Mental disorders,2,Percent,2017,0.1776109851342872,0.1932103842425169,0.162019085641072
1,All Population,5,Prevalence,142,Iran (Islamic Republic of),3,Both,27,Age-standardized,558,Mental disorders,3,Rate,2017,17153.54378560269,18693.2112421991,15634.731472165538
1,All Population,5,Prevalence,13,Malaysia,3,Both,27,Age-standardized,558,Mental disorders,2,Percent,2019,0.094805411812708,0.1042053052367121,0.0865151491783391
1,All Population,5,Prevalence,13,Malaysia,3,Both,27,Age-standardized,558,Mental disorders,3,Rate,2019,9012.4006108579,9861.66328100387,8238.986080365079
1,All Population,5,Prevalence,66,Brunei Darussalam,3,Both,27,Age-standardized,558,Mental disorders,2,Percent,2019,0.1265470877558611,0.143679828071456,0.1122053432894625
1,All Population,5,Prevalence,66,Brunei Darussalam,3,Both,27,Age-standardized,558,Mental disorders,3,Rate,2019,11657.88291642988,13182.93986474886,10287.96385612767
1,All Population,5,Prevalence,217,Sierra Leone,3,Both,27,Age-standardized,558,Mental disorders,2,Percent,2018,0.1303405835444646,0.1441836202950907,0.1151995734434673
1,All Population,5,Prevalence,217,Sierra Leone,3,Both,27,Age-standardized,558,Mental disorders,3,Rate,2018,12906.201125049349,14279.585175467699,11399.560577827859
1,All Population,5,Prevalence,17,Sri Lanka,3,Both,27,Age-standardized,558,Mental disorders,2,Percent,2019,0.0937827278357374,0.1032691086051773,0.0854869240088668
1,All Population,5,Prevalence,17,Sri Lanka,3,Both,27,Age-standardized,558,Mental disorders,3,Rate,2019,8961.1771088605,9855.37458716513,8165.28256952819
1,All Population,5,Prevalence,75,Austria,3,Both,27,Age-standardized,558,Mental disorders,2,Percent,2019,0.1450833141046148,0.1614673455633873,0.1283726572852054
1,All Population,5,Prevalence,75,Austria,3,Both,27,Age-standardized,558,Mental disorders,3,Rate,2019,13317.055944618089,14812.812154622809,11782.60651252882
1,All Population,5,Prevalence,202,Cameroon,3,Both,27,Age-standardized,558,Mental disorders,2,Percent,2018,0.1288056687371143,0.1422544116066333,0.1142213733206756
1,All Population,5,Prevalence,202,Cameroon,3,Both,27,Age-standardized,558,Mental disorders,3,Rate,2018,12694.63877649318,14030.06963425404,11262.313292567851
1,All Population,5,Prevalence,68,Republic of Korea,3,Both,27,Age-standardized,558,Mental disorders,2,Percent,2018,0.1275287669489566,0.1458643588288516,0.1124630487468004
1,All Population,5,Prevalence,68,Republic of Korea,3,Both,27,Age-standardized,558,Mental disorders,3,Rate,2018,11680.17493994096,13335.0603550351,10244.6286811119
1,All Population,5,Prevalence,8,Taiwan,3,Both,27,Age-standardized,558,Mental disorders,2,Percent,2018,0.1071533240883833,0.1167571630926803,0.096336700089521
1,All Population,5,Prevalence,8,Taiwan,3,Both,27,Age-standardized,558,Mental disorders,3,Rate,2018,10072.489470876431,10955.153901150059,9039.72999781927
1,All Population,5,Prevalence,45,Bulgaria,3,Both,27,Age-standardized,558,Mental disorders,2,Percent,2019,0.1110504641350313,0.1241942000120678,0.0992326275556626
1,All Population,5,Prevalence,45,Bulgaria,3,Both,27,Age-standardized,558,Mental disorders,3,Rate,2019,10510.17695850557,11739.293029679571,9409.495556051339
1,All Population,5,Prevalence,92,Spain,3,Both,27,Age-standardized,558,Mental disorders,2,Percent,2018,0.1682153837479597,0.1843984576057851,0.1508278221351198
1,All Population,5,Prevalence,92,Spain,3,Both,27,Age-standardized,558,Mental disorders,3,Rate,2018,15415.718960036029,16916.873102508558,13840.389105217779
1,All Population,5,Prevalence,50,Montenegro,3,Both,27,Age-standardized,558,Mental disorders,2,Percent,2017,0.1288069510639979,0.1463147976936614,0.1126342222125029
1,All Population,5,Prevalence,50,Montenegro,3,Both,27,Age-standardized,558,Mental disorders,3,Rate,2017,12087.51576112507,13719.939621312318,10584.158823615531
1,All Population,5,Prevalence,125,Colombia,3,Both,27,Age-standardized,558,Mental disorders,2,Percent,2017,0.1135423546185211,0.1227903647432968,0.1042519126335911
1,All Population,5,Prevalence,125,Colombia,3,Both,27,Age-standardized,558,Mental disorders,3,Rate,2017,10847.57223690762,11723.59840068989,9941.64215704245
1,All Population,5,Prevalence,27,Samoa,3,Both,27,Age-standardized,558,Mental disorders,2,Percent,2018,0.1045854443141878,0.117341849796058,0.0918960050901253
1,All Population,5,Prevalence,27,Samoa,3,Both,27,Age-standardized,558,Mental disorders,3,Rate,2018,10154.48357908143,11385.71988197013,8930.34793454908
1,All Population,5,Prevalence,82,Greece,3,Both,27,Age-standardized,558,Mental disorders,2,Percent,2019,0.1768947124835509,0.1966119604172772,0.1568585547497334
1,All Population,5,Prevalence,82,Greece,3,Both,27,Age-standardized,558,Mental disorders,3,Rate,2019,16272.27145188072,18095.88259200833,14399.639541240991
1,All Population,5,Prevalence,150,Oman,3,Both,27,Age-standardized,558,Mental disorders,2,Percent,2018,0.1247186554877211,0.1353474401030065,0.1134347383272521
1,All Population,5,Prevalence,150,Oman,3,Both,27,Age-standardized,558,Mental disorders,3,Rate,2018,12105.66072951911,13131.286466956548,11025.44166945108
1,All Population,5,Prevalence,119,Trinidad and Tobago,3,Both,27,Age-standardized,558,Mental disorders,2,Percent,2018,0.1413663130272709,0.1543233890902169,0.1274442345735222
1,All Population,5,Prevalence,119,Trinidad and Tobago,3,Both,27,Age-standardized,558,Mental disorders,3,Rate,2018,13515.00636762063,14809.0215713304,12173.89667420371
1,All Population,5,Prevalence,85,Israel,3,Both,27,Age-standardized,558,Mental disorders,2,Percent,2018,0.1489117456763581,0.1632723826211032,0.133355993684243
1,All Population,5,Prevalence,85,Israel,3,Both,27,Age-standardized,558,Mental disorders,3,Rate,2018,13817.21472130774,15200.49771679311,12388.82729405112
1,All Population,5,Prevalence,40,Turkmenistan,3,Both,27,Age-standardized,558,Mental disorders,2,Percent,2018,0.109291527590055,0.1223998834634223,0.097799572671475
1,All Population,5,Prevalence,40,Turkmenistan,3,Both,27,Age-standardized,558,Mental disorders,3,Rate,2018,10319.66769760338,11560.55456384949,9244.64184121936
1,All Population,5,Prevalence,58,Estonia,3,Both,27,Age-standardized,558,Mental disorders,2,Percent,2018,0.1167103471455843,0.1296454149912661,0.1045282530231203
1,All Population,5,Prevalence,58,Estonia,3,Both,27,Age-standardized,558,Mental disorders,3,Rate,2018,10771.72043096106,11936.76716595782,9605.416838870751
1,All Population,5,Prevalence,71,Australia,3,Both,27,Age-standardized,558,Mental disorders,2,Percent,2018,0.2129666207976275,0.2277439083716454,0.1989856994345364
1,All Population,5,Prevalence,71,Australia,3,Both,27,Age-standardized,558,Mental disorders,3,Rate,2018,19479.97775781163,20835.88251242561,18230.17451453525
1,All Population,5,Prevalence,86,Italy,3,Both,27,Age-standardized,558,Mental disorders,2,Percent,2018,0.1428861171641967,0.1596055483650824,0.1248006968210358
1,All Population,5,Prevalence,86,Italy,3,Both,27,Age-standardized,558,Mental disorders,3,Rate,2018,13144.66590049371,14632.517077401599,11480.49322713171
1,All Population,5,Prevalence,111,Dominican Republic,3,Both,27,Age-standardized,558,Mental disorders,2,Percent,2019,0.1601888357197466,0.1766447109755789,0.1438351606888007
1,All Population,5,Prevalence,111,Dominican Republic,3,Both,27,Age-standardized,558,Mental disorders,3,Rate,2019,15485.87502988058,17054.73340467949,13898.88789937253
1,All Population,5,Prevalence,28,Solomon Islands,3,Both,27,Age-standardized,558,Mental disorders,2,Percent,2019,0.1066087146614159,0.120801865663526,0.0938691224927597
1,All Population,5,Prevalence,28,Solomon Islands,3,Both,27,Age-standardized,558,Mental disorders,3,Rate,2019,10452.29807018009,11853.63018895674,9210.41123275366
1,All Population,5,Prevalence,189,United Republic of Tanzania,3,Both,27,Age-standardized,558,Mental disorders,2,Percent,2017,0.1060594529208132,0.1159520328601526,0.0961840901899909
1,All Population,5,Prevalence,189,United Republic of Tanzania,3,Both,27,Age-standardized,558,Mental disorders,3,Rate,2017,10425.929193374419,11411.32055526984,9464.69079057867
1,All Population,5,Prevalence,90,Norway,3,Both,27,Age-standardized,558,Mental disorders,2,Percent,2019,0.15329546656001,0.1717159799445817,0.1361751090317642
1,All Population,5,Prevalence,90,Norway,3,Both,27,Age-standardized,558,Mental disorders,3,Rate,2019,14064.33119750026,15721.059667813688,12475.65415580165
1,All Population,5,Prevalence,204,Chad,3,Both,27,Age-standardized,558,Mental disorders,2,Percent,2017,0.1383058248193144,0.1513732064000576,0.1225494888153339
1,All Population,5,Prevalence,204,Chad,3,Both,27,Age-standardized,558,Mental disorders,3,Rate,2017,13702.72946768432,15015.33353121593,12132.62933634317
1,All Population,5,Prevalence,113,Guyana,3,Both,27,Age-standardized,558,Mental disorders,2,Percent,2018,0.1444829347495423,0.1587200385991932,0.1299441272245874
1,All Population,5,Prevalence,113,Guyana,3,Both,27,Age-standardized,558,Mental disorders,3,Rate,2018,14044.546698759239,15462.23734704934,12610.27357839108
1,All Population,5,Prevalence,60,Lithuania,3,Both,27,Age-standardized,558,Mental disorders,2,Percent,2019,0.1243986631019327,0.1396626288369091,0.1104966569101416
1,All Population,5,Prevalence,60,Lithuania,3,Both,27,Age-standardized,558,Mental disorders,3,Rate,2019,11720.63781096678,13120.09304732159,10364.030731259008
1,All Population,5,Prevalence,105,Antigua and Barbuda,3,Both,27,Age-standardized,558,Mental disorders,2,Percent,2019,0.1486331682604922,0.1636985153857779,0.1336778371915156
1,All Population,5,Prevalence,105,Antigua and Barbuda,3,Both,27,Age-standardized,558,Mental disorders,3,Rate,2019,14324.5364478608,15802.78616396097,12896.34650633566
1,All Population,5,Prevalence,44,Bosnia and Herzegovina,3,Both,27,Age-standardized,558,Mental disorders,2,Percent,2018,0.1256250109303592,0.1409899451004878,0.1103555036719676
1,All Population,5,Prevalence,44,Bosnia and Herzegovina,3,Both,27,Age-standardized,558,Mental disorders,3,Rate,2018,11880.91171523474,13327.82027212635,10455.89670313806
1,All Population,5,Prevalence,393,Saint Kitts and Nevis,3,Both,27,Age-standardized,558,Mental disorders,2,Percent,2018,0.1495018214268205,0.1642231833369085,0.1349960483538182
1,All Population,5,Prevalence,393,Saint Kitts and Nevis,3,Both,27,Age-standardized,558,Mental disorders,3,Rate,2018,14308.49121720141,15795.3037989079,12873.856478344369
1,All Population,5,Prevalence,164,Nepal,3,Both,27,Age-standardized,558,Mental disorders,2,Percent,2018,0.1097771296999527,0.1209367699476528,0.1000443517753842
1,All Population,5,Prevalence,164,Nepal,3,Both,27,Age-standardized,558,Mental disorders,3,Rate,2018,10511.40015645778,11562.40523259017,9601.32252790324
1,All Population,5,Prevalence,130,Mexico,3,Both,27,Age-standardized,558,Mental disorders,2,Percent,2018,0.1267936508069798,0.1396152819813286,0.1141179956255002
1,All Population,5,Prevalence,130,Mexico,3,Both,27,Age-standardized,558,Mental disorders,3,Rate,2018,12050.80698328292,13262.55560323662,10862.576258221201
1,All Population,5,Prevalence,175,Burundi,3,Both,27,Age-standardized,558,Mental disorders,2,Percent,2018,0.1152112298703618,0.1264402019853124,0.1038939150385237
1,All Population,5,Prevalence,175,Burundi,3,Both,27,Age-standardized,558,Mental disorders,3,Rate,2018,11332.03846824618,12423.06451826011,10236.47565410416
1,All Population,5,Prevalence,145,Kuwait,3,Both,27,Age-standardized,558,Mental disorders,2,Percent,2018,0.1306394269419115,0.1402322310150609,0.1202057716881211
1,All Population,5,Prevalence,145,Kuwait,3,Both,27,Age-standardized,558,Mental disorders,3,Rate,2018,12353.133357113149,13269.46207082819,11377.3117568085
1,All Population,5,Prevalence,102,United States of America,3,Both,27,Age-standardized,558,Mental disorders,2,Percent,2018,0.1612947416849367,0.1753334786506989,0.14879104358193
1,All Population,5,Prevalence,102,United States of America,3,Both,27,Age-standardized,558,Mental disorders,3,Rate,2018,14722.01232410551,15994.192728846829,13629.91927354507
1,All Population,5,Prevalence,55,Slovenia,3,Both,27,Age-standardized,558,Mental disorders,2,Percent,2018,0.1311166124948188,0.1484935122031868,0.1150254709290001
1,All Population,5,Prevalence,55,Slovenia,3,Both,27,Age-standardized,558,Mental disorders,3,Rate,2018,12246.26848282444,13889.77637278447,10721.66605123441
1,All Population,5,Prevalence,118,Suriname,3,Both,27,Age-standardized,558,Mental disorders,2,Percent,2019,0.1426773083324954,0.1564817226998424,0.1287363793306068
1,All Population,5,Prevalence,118,Suriname,3,Both,27,Age-standardized,558,Mental disorders,3,Rate,2019,13825.03652319169,15228.564355612989,12423.62921065506
1,All Population,5,Prevalence,54,Slovakia,3,Both,27,Age-standardized,558,Mental disorders,2,Percent,2019,0.1158404039136568,0.1304465428839588,0.1025304883323291
1,All Population,5,Prevalence,54,Slovakia,3,Both,27,Age-standardized,558,Mental disorders,3,Rate,2019,10884.238744281769,12273.37497438522,9620.56017678371
1,All Population,5,Prevalence,118,Suriname,3,Both,27,Age-standardized,558,Mental disorders,2,Percent,2018,0.1425144670455686,0.1562322569343048,0.1284463840884333
1,All Population,5,Prevalence,118,Suriname,3,Both,27,Age-standardized,558,Mental disorders,3,Rate,2018,13819.20167230378,15200.02798324632,12404.24556070928
1,All Population,5,Prevalence,131,Nicaragua,3,Both,27,Age-standardized,558,Mental disorders,2,Percent,2018,0.1244170789704741,0.1367845918345196,0.1132143804934047
1,All Population,5,Prevalence,131,Nicaragua,3,Both,27,Age-standardized,558,Mental disorders,3,Rate,2018,11967.80681013877,13157.925014257979,10894.172226602881
1,All Population,5,Prevalence,74,Andorra,3,Both,27,Age-standardized,558,Mental disorders,2,Percent,2018,0.1636564097359801,0.1752507875582427,0.1521390743195869
1,All Population,5,Prevalence,74,Andorra,3,Both,27,Age-standardized,558,Mental disorders,3,Rate,2018,14959.56489507329,15987.91648579348,13904.03075940389
1,All Population,5,Prevalence,29,Tonga,3,Both,27,Age-standardized,558,Mental disorders,2,Percent,2018,0.1192711113297707,0.1426571839900797,0.1000218519487773
1,All Population,5,Prevalence,29,Tonga,3,Both,27,Age-standardized,558,Mental disorders,3,Rate,2018,11539.8735461153,13815.70897394144,9678.79257598076
1,All Population,5,Prevalence,59,Latvia,3,Both,27,Age-standardized,558,Mental disorders,2,Percent,2018,0.1200748665787147,0.1323422169277103,0.1078629756241822
1,All Population,5,Prevalence,59,Latvia,3,Both,27,Age-standardized,558,Mental disorders,3,Rate,2018,11115.29076172126,12317.21518107032,9936.5520743942
1,All Population,5,Prevalence,80,France,3,Both,27,Age-standardized,558,Mental disorders,2,Percent,2018,0.1685375837937607,0.1862000214205272,0.1505789697397221
1,All Population,5,Prevalence,80,France,3,Both,27,Age-standardized,558,Mental disorders,3,Rate,2018,15318.88696073368,16878.77831780368,13655.331313223858
1,All Population,5,Prevalence,320,Cook Islands,3,Both,27,Age-standardized,558,Mental disorders,2,Percent,2018,0.1069613959003314,0.1196418316135742,0.0942617890548864
1,All Population,5,Prevalence,320,Cook Islands,3,Both,27,Age-standardized,558,Mental disorders,3,Rate,2018,10244.09776082276,11465.13638858181,9021.56784597407
1,All Population,5,Prevalence,139,Algeria,3,Both,27,Age-standardized,558,Mental disorders,2,Percent,2019,0.1328625611009697,0.1435598308175031,0.1221241578498084
1,All Population,5,Prevalence,139,Algeria,3,Both,27,Age-standardized,558,Mental disorders,3,Rate,2019,12695.211941769929,13691.26223892009,11629.73101263341
1,All Population,5,Prevalence,122,Ecuador,3,Both,27,Age-standardized,558,Mental disorders,2,Percent,2019,0.1444960598965404,0.1601919657371954,0.1305566074013206
1,All Population,5,Prevalence,122,Ecuador,3,Both,27,Age-standardized,558,Mental disorders,3,Rate,2019,13930.22161070757,15498.501369280379,12573.89632981113
1,All Population,5,Prevalence,10,Cambodia,3,Both,27,Age-standardized,558,Mental disorders,2,Percent,2018,0.096088231277698,0.1055945084930292,0.0869430926630106
1,All Population,5,Prevalence,10,Cambodia,3,Both,27,Age-standardized,558,Mental disorders,3,Rate,2018,9378.51329665807,10304.74493850018,8491.63042679002
1,All Population,5,Prevalence,109,Cuba,3,Both,27,Age-standardized,558,Mental disorders,2,Percent,2018,0.155685317385031,0.1711107617188149,0.1396939228527814
1,All Population,5,Prevalence,109,Cuba,3,Both,27,Age-standardized,558,Mental disorders,3,Rate,2018,14976.42688527491,16496.23203886086,13417.61256000277
1,All Population,5,Prevalence,80,France,3,Both,27,Age-standardized,558,Mental disorders,2,Percent,2017,0.1666549141601569,0.18347490690535,0.1489349427398972
1,All Population,5,Prevalence,80,France,3,Both,27,Age-standardized,558,Mental disorders,3,Rate,2017,15148.02361804364,16693.18909490959,13509.81721286166
1,All Population,5,Prevalence,191,Zambia,3,Both,27,Age-standardized,558,Mental disorders,2,Percent,2018,0.1167215455509666,0.1277103864563913,0.1055375543244161
1,All Population,5,Prevalence,191,Zambia,3,Both,27,Age-standardized,558,Mental disorders,3,Rate,2018,11540.60094272831,12619.0374937616,10418.4263451813
1,All Population,5,Prevalence,24,Marshall Islands,3,Both,27,Age-standardized,558,Mental disorders,2,Percent,2019,0.1048356195367574,0.1182097811493691,0.0920137839255848
1,All Population,5,Prevalence,24,Marshall Islands,3,Both,27,Age-standardized,558,Mental disorders,3,Rate,2019,10251.10595681246,11575.89639827826,9026.33111368233
1,All Population,5,Prevalence,39,Tajikistan,3,Both,27,Age-standardized,558,Mental disorders,2,Percent,2019,0.1092245193822188,0.12274623535912,0.0975628975011648
1,All Population,5,Prevalence,39,Tajikistan,3,Both,27,Age-standardized,558,Mental disorders,3,Rate,2019,10486.94989698885,11774.44636081804,9357.39414582155
1,All Population,5,Prevalence,422,United States Virgin Islands,3,Both,27,Age-standardized,558,Mental disorders,2,Percent,2018,0.1476813333597006,0.1619463540550121,0.1332299520426444
1,All Population,5,Prevalence,422,United States Virgin Islands,3,Both,27,Age-standardized,558,Mental disorders,3,Rate,2018,14069.15346384719,15504.82781743449,12677.0377207766
1,All Population,5,Prevalence,17,Sri Lanka,3,Both,27,Age-standardized,558,Mental disorders,2,Percent,2018,0.0929627429277366,0.1026612233493937,0.0846831138082949
1,All Population,5,Prevalence,17,Sri Lanka,3,Both,27,Age-standardized,558,Mental disorders,3,Rate,2018,8889.13942633471,9814.481045395949,8099.59457425424
1,All Population,5,Prevalence,106,Bahamas,3,Both,27,Age-standardized,558,Mental disorders,2,Percent,2018,0.1493895276089067,0.1641799017147222,0.1349749098705885
1,All Population,5,Prevalence,106,Bahamas,3,Both,27,Age-standardized,558,Mental disorders,3,Rate,2018,14362.205299763009,15857.57966706255,12945.692367916781
1,All Population,5,Prevalence,33,Armenia,3,Both,27,Age-standardized,558,Mental disorders,2,Percent,2018,0.1341044543205475,0.151115212964735,0.1173483497827612
1,All Population,5,Prevalence,33,Armenia,3,Both,27,Age-standardized,558,Mental disorders,3,Rate,2018,12676.033665277539,14320.75631134734,11126.76806210908
1,All Population,5,Prevalence,91,Portugal,3,Both,27,Age-standardized,558,Mental disorders,2,Percent,2018,0.1924791787412801,0.2150678487466537,0.1663320498814064
1,All Population,5,Prevalence,91,Portugal,3,Both,27,Age-standardized,558,Mental disorders,3,Rate,2018,17622.51897334542,19694.49173574177,15228.34864020983
1,All Population,5,Prevalence,172,Equatorial Guinea,3,Both,27,Age-standardized,558,Mental disorders,2,Percent,2017,0.1338136307223975,0.1500113134326613,0.1184699129896109
1,All Population,5,Prevalence,172,Equatorial Guinea,3,Both,27,Age-standardized,558,Mental disorders,3,Rate,2017,13062.15039263993,14629.27911993612,11550.879874327891
1,All Population,5,Prevalence,121,Bolivia (Plurinational State of),3,Both,27,Age-standardized,558,Mental disorders,2,Percent,2018,0.1490047079386841,0.1651365371601709,0.1333087161191432
1,All Population,5,Prevalence,121,Bolivia (Plurinational State of),3,Both,27,Age-standardized,558,Mental disorders,3,Rate,2018,14391.233968675191,15961.663803414438,12891.01525404336
1,All Population,5,Prevalence,212,Mauritania,3,Both,27,Age-standardized,558,Mental disorders,2,Percent,2018,0.1108837071638704,0.1223783282809869,0.0990805177651303
1,All Population,5,Prevalence,212,Mauritania,3,Both,27,Age-standardized,558,Mental disorders,3,Rate,2018,10848.10903936477,11959.828447797401,9694.98409944618
1,All Population,5,Prevalence,194,Lesotho,3,Both,27,Age-standardized,558,Mental disorders,2,Percent,2019,0.1094933320127671,0.1212175674477536,0.0980088215068661
1,All Population,5,Prevalence,194,Lesotho,3,Both,27,Age-standardized,558,Mental disorders,3,Rate,2019,10814.224973614491,11992.30310521644,9679.28276753609
1,All Population,5,Prevalence,176,Comoros,3,Both,27,Age-standardized,558,Mental disorders,2,Percent,2019,0.1204341760582875,0.1327682060602974,0.108870006872923
1,All Population,5,Prevalence,176,Comoros,3,Both,27,Age-standardized,558,Mental disorders,3,Rate,2019,11725.13911349935,12900.163363443071,10615.91920368882
1,All Population,5,Prevalence,161,Bangladesh,3,Both,27,Age-standardized,558,Mental disorders,2,Percent,2019,0.1160962600667301,0.1298528318968687,0.1040966061028746
1,All Population,5,Prevalence,161,Bangladesh,3,Both,27,Age-standardized,558,Mental disorders,3,Rate,2019,11208.49403178282,12552.112417526681,10065.76811593307
1,All Population,5,Prevalence,87,Luxembourg,3,Both,27,Age-standardized,558,Mental disorders,2,Percent,2018,0.1550563146656927,0.1658531162144544,0.1440079977104154
1,All Population,5,Prevalence,87,Luxembourg,3,Both,27,Age-standardized,558,Mental disorders,3,Rate,2018,14157.1056234262,15160.21850516136,13178.59304285582
1,All Population,5,Prevalence,147,Libya,3,Both,27,Age-standardized,558,Mental disorders,2,Percent,2018,0.1377034616299127,0.1480452385887233,0.1269094617330891
1,All Population,5,Prevalence,147,Libya,3,Both,27,Age-standardized,558,Mental disorders,3,Rate,2018,13325.10323911997,14324.749235674719,12268.44087524056
1,All Population,5,Prevalence,187,Somalia,3,Both,27,Age-standardized,558,Mental disorders,2,Percent,2017,0.1077899248423637,0.118033668324434,0.0971630074836049
1,All Population,5,Prevalence,187,Somalia,3,Both,27,Age-standardized,558,Mental disorders,3,Rate,2017,10682.553765422199,11675.99284680355,9653.406466685601
1,All Population,5,Prevalence,151,Qatar,3,Both,27,Age-standardized,558,Mental disorders,2,Percent,2018,0.1171530739432035,0.1276831098599765,0.1068578250998425
1,All Population,5,Prevalence,151,Qatar,3,Both,27,Age-standardized,558,Mental disorders,3,Rate,2018,11154.60905259627,12149.76880202433,10182.43963517683
1,All Population,5,Prevalence,127,El Salvador,3,Both,27,Age-standardized,558,Mental disorders,2,Percent,2018,0.1235044797533887,0.1358584885170669,0.1122055283194269
1,All Population,5,Prevalence,127,El Salvador,3,Both,27,Age-standardized,558,Mental disorders,3,Rate,2018,11830.40006336385,13018.86322285267,10754.210922675731
1,All Population,5,Prevalence,140,Bahrain,3,Both,27,Age-standardized,558,Mental disorders,2,Percent,2018,0.1354502330813751,0.1459360524623089,0.1242247818406787
1,All Population,5,Prevalence,140,Bahrain,3,Both,27,Age-standardized,558,Mental disorders,3,Rate,2018,13077.49690204881,14087.36363820976,11969.52896439325
1,All Population,5,Prevalence,129,Honduras,3,Both,27,Age-standardized,558,Mental disorders,2,Percent,2019,0.1205743229948883,0.1330742401131253,0.1096625726303984
1,All Population,5,Prevalence,129,Honduras,3,Both,27,Age-standardized,558,Mental disorders,3,Rate,2019,11716.97094893615,12916.796327611799,10640.920083558569
1,All Population,5,Prevalence,14,Maldives,3,Both,27,Age-standardized,558,Mental disorders,2,Percent,2018,0.087400850379921,0.0961197754612748,0.0794782280064503
1,All Population,5,Prevalence,14,Maldives,3,Both,27,Age-standardized,558,Mental disorders,3,Rate,2018,8372.64890563814,9223.90641444655,7638.745208872389
1,All Population,5,Prevalence,160,Afghanistan,3,Both,27,Age-standardized,558,Mental disorders,2,Percent,2018,0.1315275923676729,0.142719670060318,0.1208131636922736
1,All Population,5,Prevalence,160,Afghanistan,3,Both,27,Age-standardized,558,Mental disorders,3,Rate,2018,13011.472358234929,14098.3518559307,11912.22750504628
1,All Population,5,Prevalence,180,Kenya,3,Both,27,Age-standardized,558,Mental disorders,2,Percent,2018,0.1086354476183019,0.1191816214237204,0.0992278326491118
1,All Population,5,Prevalence,180,Kenya,3,Both,27,Age-standardized,558,Mental disorders,3,Rate,2018,10629.16062577913,11642.24289670365,9731.51183769997
1,All Population,5,Prevalence,207,Ghana,3,Both,27,Age-standardized,558,Mental disorders,2,Percent,2019,0.1247229505418077,0.1377504757674475,0.1123703984005028
1,All Population,5,Prevalence,207,Ghana,3,Both,27,Age-standardized,558,Mental disorders,3,Rate,2019,12232.641415481741,13516.382358692492,11017.48072454425
1,All Population,5,Prevalence,211,Mali,3,Both,27,Age-standardized,558,Mental disorders,2,Percent,2019,0.1230470316236603,0.1368131686924831,0.1093334603751582
1,All Population,5,Prevalence,211,Mali,3,Both,27,Age-standardized,558,Mental disorders,3,Rate,2019,12170.53584851128,13494.04124394707,10795.20463600355
1,All Population,5,Prevalence,163,India,3,Both,27,Age-standardized,558,Mental disorders,2,Percent,2019,0.1198010023717864,0.1318912129542525,0.1084381151118253
1,All Population,5,Prevalence,163,India,3,Both,27,Age-standardized,558,Mental disorders,3,Rate,2019,11735.937416981109,12917.454233425851,10602.941601109591
1,All Population,5,Prevalence,115,Jamaica,3,Both,27,Age-standardized,558,Mental disorders,2,Percent,2018,0.1426350882844541,0.156543115799513,0.1287465947635017
1,All Population,5,Prevalence,115,Jamaica,3,Both,27,Age-standardized,558,Mental disorders,3,Rate,2018,13840.10662601118,15224.68438165274,12443.64398406058
1,All Population,5,Prevalence,177,Djibouti,3,Both,27,Age-standardized,558,Mental disorders,2,Percent,2018,0.1108405972146727,0.1213820660078079,0.1006864074374704
1,All Population,5,Prevalence,177,Djibouti,3,Both,27,Age-standardized,558,Mental disorders,3,Rate,2018,10790.851661517541,11757.44977085648,9827.229197410079
1,All Population,5,Prevalence,71,Australia,3,Both,27,Age-standardized,558,Mental disorders,2,Percent,2019,0.2156781927207106,0.2312749108144154,0.2015459162450307
1,All Population,5,Prevalence,71,Australia,3,Both,27,Age-standardized,558,Mental disorders,3,Rate,2019,19757.22211074529,21128.93326575877,18450.99009648763
1,All Population,5,Prevalence,57,Belarus,3,Both,27,Age-standardized,558,Mental disorders,2,Percent,2018,0.1151938037296326,0.1274680962089112,0.102714215152227
1,All Population,5,Prevalence,57,Belarus,3,Both,27,Age-standardized,558,Mental disorders,3,Rate,2018,10683.61361318257,11816.29519940285,9484.57919599552
1,All Population,5,Prevalence,34,Azerbaijan,3,Both,27,Age-standardized,558,Mental disorders,2,Percent,2018,0.115272843217522,0.1292154514778153,0.1019510600891803
1,All Population,5,Prevalence,34,Azerbaijan,3,Both,27,Age-standardized,558,Mental disorders,3,Rate,2018,10952.6384733259,12265.38148888391,9689.525286422899
1,All Population,5,Prevalence,19,Timor-Leste,3,Both,27,Age-standardized,558,Mental disorders,2,Percent,2019,0.0882726058879327,0.0986866853229781,0.079509582003224
1,All Population,5,Prevalence,19,Timor-Leste,3,Both,27,Age-standardized,558,Mental disorders,3,Rate,2019,8634.10504381799,9660.8025944537,7776.981875791519
1,All Population,5,Prevalence,183,Mauritius,3,Both,27,Age-standardized,558,Mental disorders,2,Percent,2018,0.0968253327142955,0.1088798693120006,0.0874056438503335
1,All Population,5,Prevalence,183,Mauritius,3,Both,27,Age-standardized,558,Mental disorders,3,Rate,2018,9348.85879803371,10519.94634895453,8398.27254188389
1,All Population,5,Prevalence,168,Angola,3,Both,27,Age-standardized,558,Mental disorders,2,Percent,2018,0.1453223786732073,0.1631087746580815,0.12910241605225
1,All Population,5,Prevalence,168,Angola,3,Both,27,Age-standardized,558,Mental disorders,3,Rate,2018,14309.12253646192,16042.3627879724,12712.32813431555
1,All Population,5,Prevalence,185,Rwanda,3,Both,27,Age-standardized,558,Mental disorders,2,Percent,2018,0.1139314927690809,0.1242281211726243,0.1034788547849845
1,All Population,5,Prevalence,185,Rwanda,3,Both,27,Age-standardized,558,Mental disorders,3,Rate,2018,11120.01886499233,12127.1411336319,10092.65445901006
1,All Population,5,Prevalence,132,Panama,3,Both,27,Age-standardized,558,Mental disorders,2,Percent,2018,0.1155970769502063,0.1268552279146662,0.1060554872872039
1,All Population,5,Prevalence,132,Panama,3,Both,27,Age-standardized,558,Mental disorders,3,Rate,2018,10978.203936401349,12043.24853764272,10035.688395816229
1,All Population,5,Prevalence,173,Gabon,3,Both,27,Age-standardized,558,Mental disorders,2,Percent,2018,0.1334234353100878,0.1490136052626613,0.1181961856503808
1,All Population,5,Prevalence,173,Gabon,3,Both,27,Age-standardized,558,Mental disorders,3,Rate,2018,13180.94279412948,14728.25109873162,11679.02524003705
1,All Population,5,Prevalence,66,Brunei Darussalam,3,Both,27,Age-standardized,558,Mental disorders,2,Percent,2018,0.1248661277121808,0.1412324428152239,0.1108273938699125
1,All Population,5,Prevalence,66,Brunei Darussalam,3,Both,27,Age-standardized,558,Mental disorders,3,Rate,2018,11511.32070826526,12988.11784108575,10182.14462710806
1,All Population,5,Prevalence,79,Finland,3,Both,27,Age-standardized,558,Mental disorders,2,Percent,2018,0.1334851430830105,0.1474963847314394,0.1200962291688912
1,All Population,5,Prevalence,79,Finland,3,Both,27,Age-standardized,558,Mental disorders,3,Rate,2018,12231.500977770229,13478.30060061974,11010.74711709273
1,All Population,5,Prevalence,416,Tuvalu,3,Both,27,Age-standardized,558,Mental disorders,2,Percent,2017,0.1041841554301605,0.116958169845366,0.0914318407856337
1,All Population,5,Prevalence,416,Tuvalu,3,Both,27,Age-standardized,558,Mental disorders,3,Rate,2017,10160.64510693513,11411.22246003676,8906.45126351709
1,All Population,5,Prevalence,201,Burkina Faso,3,Both,27,Age-standardized,558,Mental disorders,2,Percent,2018,0.1322834274161907,0.1462303664350946,0.1177196655325668
1,All Population,5,Prevalence,201,Burkina Faso,3,Both,27,Age-standardized,558,Mental disorders,3,Rate,2018,13109.175822106712,14478.07921531232,11662.386736666249
1,All Population,5,Prevalence,97,Argentina,3,Both,27,Age-standardized,558,Mental disorders,2,Percent,2017,0.1493810013055151,0.1680596841149093,0.1313518929186079
1,All Population,5,Prevalence,97,Argentina,3,Both,27,Age-standardized,558,Mental disorders,3,Rate,2017,14065.25552466304,15806.43072781161,12365.82598323906
1,All Population,5,Prevalence,214,Nigeria,3,Both,27,Age-standardized,558,Mental disorders,2,Percent,2018,0.1249633296095898,0.1419495871661094,0.1098569471387776
1,All Population,5,Prevalence,214,Nigeria,3,Both,27,Age-standardized,558,Mental disorders,3,Rate,2018,12383.856537005911,14090.62955207444,10871.82460648738
1,All Population,5,Prevalence,165,Pakistan,3,Both,27,Age-standardized,558,Mental disorders,2,Percent,2018,0.1211857143091463,0.1334086907238335,0.1102669822952422
1,All Population,5,Prevalence,165,Pakistan,3,Both,27,Age-standardized,558,Mental disorders,3,Rate,2018,11681.283209880101,12841.635655872622,10624.49602812197
1,All Population,5,Prevalence,211,Mali,3,Both,27,Age-standardized,558,Mental disorders,2,Percent,2018,0.121903391234558,0.1351384746090903,0.1081181622603686
1,All Population,5,Prevalence,211,Mali,3,Both,27,Age-standardized,558,Mental disorders,3,Rate,2018,12065.95728446781,13349.093568762859,10709.822791419101
1,All Population,5,Prevalence,67,Japan,3,Both,27,Age-standardized,558,Mental disorders,2,Percent,2019,0.1342414754851514,0.1502928611732932,0.1204317074299879
1,All Population,5,Prevalence,67,Japan,3,Both,27,Age-standardized,558,Mental disorders,3,Rate,2019,12099.018068932759,13536.34394531782,10851.7716284621
1,All Population,5,Prevalence,146,Lebanon,3,Both,27,Age-standardized,558,Mental disorders,2,Percent,2019,0.150573868145249,0.1668120112017487,0.136029450010893
1,All Population,5,Prevalence,146,Lebanon,3,Both,27,Age-standardized,558,Mental disorders,3,Rate,2019,14355.04970161506,15883.31546869437,12918.664831465801
1,All Population,5,Prevalence,101,Canada,3,Both,27,Age-standardized,558,Mental disorders,2,Percent,2019,0.1541101560062052,0.1705369001470836,0.1389753177656776
1,All Population,5,Prevalence,101,Canada,3,Both,27,Age-standardized,558,Mental disorders,3,Rate,2019,14245.800163143142,15648.810632477689,12824.47321043908
1,All Population,5,Prevalence,127,El Salvador,3,Both,27,Age-standardized,558,Mental disorders,2,Percent,2017,0.1217101829898102,0.1332384833428685,0.1106465332388476
1,All Population,5,Prevalence,127,El Salvador,3,Both,27,Age-standardized,558,Mental disorders,3,Rate,2017,11666.69156040954,12761.40488987287,10615.69139601768
1,All Population,5,Prevalence,193,Botswana,3,Both,27,Age-standardized,558,Mental disorders,2,Percent,2018,0.1130019531203055,0.1243302141413335,0.1016352159889701
1,All Population,5,Prevalence,193,Botswana,3,Both,27,Age-standardized,558,Mental disorders,3,Rate,2018,11036.742199069311,12160.93632390046,9938.39586119246
1,All Population,5,Prevalence,206,Gambia,3,Both,27,Age-standardized,558,Mental disorders,2,Percent,2018,0.124905225258147,0.1383246483765699,0.1108293768266277
1,All Population,5,Prevalence,206,Gambia,3,Both,27,Age-standardized,558,Mental disorders,3,Rate,2018,12253.085106379789,13541.66001816759,10864.813331856241
1,All Population,5,Prevalence,186,Seychelles,3,Both,27,Age-standardized,558,Mental disorders,2,Percent,2018,0.087091504703359,0.0957242355326219,0.0794856172795772
1,All Population,5,Prevalence,186,Seychelles,3,Both,27,Age-standardized,558,Mental disorders,3,Rate,2018,8311.34516853191,9120.247699126361,7586.1150298048005
1,All Population,5,Prevalence,156,United Arab Emirates,3,Both,27,Age-standardized,558,Mental disorders,2,Percent,2018,0.1191897610975199,0.1301717456087364,0.1073174845240395
1,All Population,5,Prevalence,156,United Arab Emirates,3,Both,27,Age-standardized,558,Mental disorders,3,Rate,2018,11445.03161714455,12551.173269958721,10298.17375355554
1,All Population,5,Prevalence,15,Myanmar,3,Both,27,Age-standardized,558,Mental disorders,2,Percent,2019,0.0901198920646919,0.0993553306013653,0.0817007521881505
1,All Population,5,Prevalence,15,Myanmar,3,Both,27,Age-standardized,558,Mental disorders,3,Rate,2019,8747.01233396574,9624.66359186327,7965.54609191914
1,All Population,5,Prevalence,47,Czechia,3,Both,27,Age-standardized,558,Mental disorders,2,Percent,2019,0.1224190092858824,0.1362150769897367,0.1086177548403199
1,All Population,5,Prevalence,47,Czechia,3,Both,27,Age-standardized,558,Mental disorders,3,Rate,2019,11470.27275840196,12730.62100067599,10137.2956419125
1,All Population,5,Prevalence,367,Monaco,3,Both,27,Age-standardized,558,Mental disorders,2,Percent,2019,0.1668967195444685,0.1789757441174863,0.1552455918601861
1,All Population,5,Prevalence,367,Monaco,3,Both,27,Age-standardized,558,Mental disorders,3,Rate,2019,15250.99375353142,16328.541182220191,14186.406047381719
1,All Population,5,Prevalence,435,South Sudan,3,Both,27,Age-standardized,558,Mental disorders,2,Percent,2019,0.1276380557679933,0.1395221513984414,0.1155268045019632
1,All Population,5,Prevalence,435,South Sudan,3,Both,27,Age-standardized,558,Mental disorders,3,Rate,2019,12616.41306917446,13788.09086943659,11407.95089376135
1,All Population,5,Prevalence,204,Chad,3,Both,27,Age-standardized,558,Mental disorders,2,Percent,2018,0.1400784437478772,0.1541654043648132,0.1245984399177511
1,All Population,5,Prevalence,204,Chad,3,Both,27,Age-standardized,558,Mental disorders,3,Rate,2018,13870.91422191333,15262.401174555958,12313.713269952279
1,All Population,5,Prevalence,169,Central African Republic,3,Both,27,Age-standardized,558,Mental disorders,2,Percent,2019,0.1450873550924585,0.1636430971762159,0.1282865491976372
1,All Population,5,Prevalence,169,Central African Republic,3,Both,27,Age-standardized,558,Mental disorders,3,Rate,2019,14466.895840805779,16309.382668234652,12801.05836986169
1,All Population,5,Prevalence,152,Saudi Arabia,3,Both,27,Age-standardized,558,Mental disorders,2,Percent,2019,0.146880232689342,0.1631361256615683,0.1309255598864615
1,All Population,5,Prevalence,152,Saudi Arabia,3,Both,27,Age-standardized,558,Mental disorders,3,Rate,2019,14132.69149399539,15715.25497167413,12595.73081688963
1,All Population,5,Prevalence,89,Netherlands,3,Both,27,Age-standardized,558,Mental disorders,2,Percent,2018,0.1936336839905007,0.2063871614748669,0.1803016092720016
1,All Population,5,Prevalence,89,Netherlands,3,Both,27,Age-standardized,558,Mental disorders,3,Rate,2018,17919.325059206858,19101.84270420493,16725.04218003228
1,All Population,5,Prevalence,92,Spain,3,Both,27,Age-standardized,558,Mental disorders,2,Percent,2019,0.1695561636794069,0.1863561434905318,0.15236006986141
1,All Population,5,Prevalence,92,Spain,3,Both,27,Age-standardized,558,Mental disorders,3,Rate,2019,15526.21982505073,17052.81787388406,13957.660105494859
1,All Population,5,Prevalence,149,Palestine,3,Both,27,Age-standardized,558,Mental disorders,2,Percent,2018,0.1406515074306412,0.1516295848894887,0.1291853150581173
1,All Population,5,Prevalence,149,Palestine,3,Both,27,Age-standardized,558,Mental disorders,3,Rate,2018,13620.43392525191,14678.44283290094,12485.68867353884
1,All Population,5,Prevalence,369,Nauru,3,Both,27,Age-standardized,558,Mental disorders,2,Percent,2018,0.1046049803569511,0.1182691444170136,0.0921606397728637
1,All Population,5,Prevalence,369,Nauru,3,Both,27,Age-standardized,558,Mental disorders,3,Rate,2018,10178.71414936816,11463.96408592158,8967.652544297789
1,All Population,5,Prevalence,396,San Marino,3,Both,27,Age-standardized,558,Mental disorders,2,Percent,2018,0.1632311233898568,0.1749750137046978,0.152109830502526
1,All Population,5,Prevalence,396,San Marino,3,Both,27,Age-standardized,558,Mental disorders,3,Rate,2018,14936.64230181141,15977.94347914742,13894.80898453224
1,All Population,5,Prevalence,305,Bermuda,3,Both,27,Age-standardized,558,Mental disorders,2,Percent,2018,0.1530746365859939,0.1687603221663946,0.1386189389093574
1,All Population,5,Prevalence,305,Bermuda,3,Both,27,Age-standardized,558,Mental disorders,3,Rate,2018,14561.96712595303,16073.419144313111,13154.72411420817
1,All Population,5,Prevalence,522,Sudan,3,Both,27,Age-standardized,558,Mental disorders,2,Percent,2018,0.1328495905301692,0.1448031522709215,0.1215743460663402
1,All Population,5,Prevalence,522,Sudan,3,Both,27,Age-standardized,558,Mental disorders,3,Rate,2018,13017.472065225318,14172.54867695932,11889.24636433344
1,All Population,5,Prevalence,41,Uzbekistan,3,Both,27,Age-standardized,558,Mental disorders,2,Percent,2019,0.1032578954778686,0.1151472344228268,0.0923852267223168
1,All Population,5,Prevalence,41,Uzbekistan,3,Both,27,Age-standardized,558,Mental disorders,3,Rate,2019,9841.57601817461,10982.79043097497,8781.08307432019
1,All Population,5,Prevalence,84,Ireland,3,Both,27,Age-standardized,558,Mental disorders,2,Percent,2019,0.17749606582364,0.1950417293390534,0.1597590821584483
1,All Population,5,Prevalence,84,Ireland,3,Both,27,Age-standardized,558,Mental disorders,3,Rate,2019,16342.95292746546,17929.69795764411,14671.042424296
1,All Population,5,Prevalence,162,Bhutan,3,Both,27,Age-standardized,558,Mental disorders,2,Percent,2018,0.1138187713867269,0.125242514124107,0.1039686543748923
1,All Population,5,Prevalence,162,Bhutan,3,Both,27,Age-standardized,558,Mental disorders,3,Rate,2018,10801.30085618382,11843.31415822308,9870.20884906986
1,All Population,5,Prevalence,182,Malawi,3,Both,27,Age-standardized,558,Mental disorders,2,Percent,2019,0.1150722573078063,0.1261355654685984,0.1042905755790443
1,All Population,5,Prevalence,182,Malawi,3,Both,27,Age-standardized,558,Mental disorders,3,Rate,2019,11248.733978842889,12298.725849386661,10211.79583434266
1,All Population,5,Prevalence,217,Sierra Leone,3,Both,27,Age-standardized,558,Mental disorders,2,Percent,2019,0.1317110783120466,0.1459731798892831,0.1166085171046422
1,All Population,5,Prevalence,217,Sierra Leone,3,Both,27,Age-standardized,558,Mental disorders,3,Rate,2019,13033.735363349868,14451.67404904564,11517.44920568155
1,All Population,5,Prevalence,30,Vanuatu,3,Both,27,Age-standardized,558,Mental disorders,2,Percent,2019,0.1047316033388892,0.1186664277572205,0.0925284000030488
1,All Population,5,Prevalence,30,Vanuatu,3,Both,27,Age-standardized,558,Mental disorders,3,Rate,2019,10307.99022788408,11692.57221451544,9100.47981675433
1,All Population,5,Prevalence,77,Cyprus,3,Both,27,Age-standardized,558,Mental disorders,2,Percent,2019,0.1681748138217986,0.1811146719600963,0.1560658761741015
1,All Population,5,Prevalence,77,Cyprus,3,Both,27,Age-standardized,558,Mental disorders,3,Rate,2019,15608.024096942461,16776.475898985598,14405.06769804244
1,All Population,5,Prevalence,179,Ethiopia,3,Both,27,Age-standardized,558,Mental disorders,2,Percent,2018,0.1197215811365142,0.1308564141294933,0.1087629684583182
1,All Population,5,Prevalence,179,Ethiopia,3,Both,27,Age-standardized,558,Mental disorders,3,Rate,2018,11796.396853064189,12884.71869512627,10741.354460530569
1,All Population,5,Prevalence,107,Barbados,3,Both,27,Age-standardized,558,Mental disorders,2,Percent,2019,0.1488888230417211,0.1635185814722659,0.1343358984355235
1,All Population,5,Prevalence,107,Barbados,3,Both,27,Age-standardized,558,Mental disorders,3,Rate,2019,14289.238126526829,15732.286450404239,12862.471960100818
1,All Population,5,Prevalence,46,Croatia,3,Both,27,Age-standardized,558,Mental disorders,2,Percent,2018,0.1281663775252603,0.1456231560872168,0.1119108309320263
1,All Population,5,Prevalence,46,Croatia,3,Both,27,Age-standardized,558,Mental disorders,3,Rate,2018,12127.2199458132,13761.99919890353,10592.93518500553
1,All Population,5,Prevalence,76,Belgium,3,Both,27,Age-standardized,558,Mental disorders,2,Percent,2018,0.1553929379293492,0.1715244207075477,0.1381040197149129
1,All Population,5,Prevalence,76,Belgium,3,Both,27,Age-standardized,558,Mental disorders,3,Rate,2018,14161.1128314699,15658.42889645366,12561.498840229879
1,All Population,5,Prevalence,61,Republic of Moldova,3,Both,27,Age-standardized,558,Mental disorders,2,Percent,2018,0.120014647371265,0.1335715628049581,0.1059274141225597
1,All Population,5,Prevalence,61,Republic of Moldova,3,Both,27,Age-standardized,558,Mental disorders,3,Rate,2018,11219.98866413788,12501.248391291989,9930.38231069197
1,All Population,5,Prevalence,131,Nicaragua,3,Both,27,Age-standardized,558,Mental disorders,2,Percent,2019,0.1242519904534125,0.1368557424735073,0.1127355407756743
1,All Population,5,Prevalence,131,Nicaragua,3,Both,27,Age-standardized,558,Mental disorders,3,Rate,2019,11947.763701650048,13182.509198428168,10858.26424784048
1,All Population,5,Prevalence,133,Venezuela (Bolivarian Republic of),3,Both,27,Age-standardized,558,Mental disorders,2,Percent,2018,0.1344472205380883,0.1509778773422638,0.1219242415750757
1,All Population,5,Prevalence,133,Venezuela (Bolivarian Republic of),3,Both,27,Age-standardized,558,Mental disorders,3,Rate,2018,12969.196672863769,14567.90363692361,11770.41251670146
1,All Population,5,Prevalence,195,Namibia,3,Both,27,Age-standardized,558,Mental disorders,2,Percent,2018,0.1092245635918582,0.1205892471184305,0.0982031701557681
1,All Population,5,Prevalence,195,Namibia,3,Both,27,Age-standardized,558,Mental disorders,3,Rate,2018,10606.73518880731,11685.322598833991,9520.537045632429
1,All Population,5,Prevalence,35,Georgia,3,Both,27,Age-standardized,558,Mental disorders,2,Percent,2018,0.1178441614566987,0.1307308811937829,0.1053581412755387
1,All Population,5,Prevalence,35,Georgia,3,Both,27,Age-standardized,558,Mental disorders,3,Rate,2018,11193.10906882494,12454.25336146829,9958.96584795331
1,All Population,5,Prevalence,108,Belize,3,Both,27,Age-standardized,558,Mental disorders,2,Percent,2018,0.1446455203047588,0.1590382103015364,0.1301650547163441
1,All Population,5,Prevalence,108,Belize,3,Both,27,Age-standardized,558,Mental disorders,3,Rate,2018,14018.391105954039,15429.291412498731,12581.01888198469
1,All Population,5,Prevalence,93,Sweden,3,Both,27,Age-standardized,558,Mental disorders,2,Percent,2018,0.1511781278478705,0.1624600539887015,0.1395984136397338
1,All Population,5,Prevalence,93,Sweden,3,Both,27,Age-standardized,558,Mental disorders,3,Rate,2018,13928.056567742162,14930.419407470092,12879.40351037124
1,All Population,5,Prevalence,298,American Samoa,3,Both,27,Age-standardized,558,Mental disorders,2,Percent,2019,0.1065976392908462,0.1202529609329215,0.0939407584093063
1,All Population,5,Prevalence,298,American Samoa,3,Both,27,Age-standardized,558,Mental disorders,3,Rate,2019,10255.404238252371,11554.080537418571,9053.59957706238
1,All Population,5,Prevalence,198,Zimbabwe,3,Both,27,Age-standardized,558,Mental disorders,2,Percent,2019,0.1140254081626028,0.1269265800962863,0.10142202992115
1,All Population,5,Prevalence,198,Zimbabwe,3,Both,27,Age-standardized,558,Mental disorders,3,Rate,2019,11048.23083251658,12272.68143779644,9846.51586535197
1,All Population,5,Prevalence,215,Sao Tome and Principe,3,Both,27,Age-standardized,558,Mental disorders,2,Percent,2019,0.1232260233757901,0.1364607957461209,0.1092479043896842
1,All Population,5,Prevalence,215,Sao Tome and Principe,3,Both,27,Age-standardized,558,Mental disorders,3,Rate,2019,12159.93945203641,13448.77724516824,10763.94003778219
1,All Population,5,Prevalence,208,Guinea,3,Both,27,Age-standardized,558,Mental disorders,2,Percent,2018,0.1339785369159534,0.1478119421658967,0.1185027279258236
1,All Population,5,Prevalence,208,Guinea,3,Both,27,Age-standardized,558,Mental disorders,3,Rate,2018,13262.48486821936,14646.095507623038,11715.65597836539
1,All Population,5,Prevalence,62,Russian Federation,3,Both,27,Age-standardized,558,Mental disorders,2,Percent,2019,0.1160269924316085,0.1281777654613285,0.1043660392865345
1,All Population,5,Prevalence,62,Russian Federation,3,Both,27,Age-standardized,558,Mental disorders,3,Rate,2019,10786.53610394209,11944.4910199509,9698.35438596549
1,All Population,5,Prevalence,19,Timor-Leste,3,Both,27,Age-standardized,558,Mental disorders,2,Percent,2018,0.0883178121592659,0.0988636059310794,0.0793834451790078
1,All Population,5,Prevalence,19,Timor-Leste,3,Both,27,Age-standardized,558,Mental disorders,3,Rate,2018,8641.70195454985,9670.909439938081,7768.259339363951
1,All Population,5,Prevalence,111,Dominican Republic,3,Both,27,Age-standardized,558,Mental disorders,2,Percent,2018,0.1599439765371455,0.1765463283574398,0.1433999684713351
1,All Population,5,Prevalence,111,Dominican Republic,3,Both,27,Age-standardized,558,Mental disorders,3,Rate,2018,15468.7376846695,17057.19964668075,13851.77319908095
1,All Population,5,Prevalence,141,Egypt,3,Both,27,Age-standardized,558,Mental disorders,2,Percent,2019,0.1401528205563194,0.1547820451721174,0.1262761709155576
1,All Population,5,Prevalence,141,Egypt,3,Both,27,Age-standardized,558,Mental disorders,3,Rate,2019,13475.168145830321,14894.693239210561,12180.3516940831
1,All Population,5,Prevalence,196,South Africa,3,Both,27,Age-standardized,558,Mental disorders,2,Percent,2019,0.1165793721920801,0.129416789681108,0.1049847806908943
1,All Population,5,Prevalence,196,South Africa,3,Both,27,Age-standardized,558,Mental disorders,3,Rate,2019,11462.60726799738,12706.22374502263,10317.0201913086
1,All Population,5,Prevalence,16,Philippines,3,Both,27,Age-standardized,558,Mental disorders,2,Percent,2018,0.0895532751391632,0.0983025089555703,0.0814351024643822
1,All Population,5,Prevalence,16,Philippines,3,Both,27,Age-standardized,558,Mental disorders,3,Rate,2018,8626.64133353302,9466.03052860314,7859.968875811919
1,All Population,5,Prevalence,178,Eritrea,3,Both,27,Age-standardized,558,Mental disorders,2,Percent,2019,0.1169968171088921,0.1277627387170314,0.1058715024402136
1,All Population,5,Prevalence,178,Eritrea,3,Both,27,Age-standardized,558,Mental disorders,3,Rate,2019,11430.173456619761,12490.96615347629,10382.561637758921
1,All Population,5,Prevalence,7,Democratic People's Republic of Korea,3,Both,27,Age-standardized,558,Mental disorders,2,Percent,2020,0.1197886328390761,0.1341600132277019,0.1081370470836985
1,All Population,5,Prevalence,7,Democratic People's Republic of Korea,3,Both,27,Age-standardized,558,Mental disorders,3,Rate,2020,11443.62095239922,12853.819630029831,10298.99904368992
1,All Population,5,Prevalence,376,Northern Mariana Islands,3,Both,27,Age-standardized,558,Mental disorders,2,Percent,2018,0.106695070886383,0.1197770347052334,0.0938384853606008
1,All Population,5,Prevalence,376,Northern Mariana Islands,3,Both,27,Age-standardized,558,Mental disorders,3,Rate,2018,10237.72897980846,11476.72463166371,8994.82564555576
1,All Population,5,Prevalence,190,Uganda,3,Both,27,Age-standardized,558,Mental disorders,2,Percent,2017,0.1154170107017995,0.1263538736600611,0.1041633061809978
1,All Population,5,Prevalence,190,Uganda,3,Both,27,Age-standardized,558,Mental disorders,3,Rate,2017,11410.25288128711,12490.81937868189,10290.23512999893
1,All Population,5,Prevalence,123,Peru,3,Both,27,Age-standardized,558,Mental disorders,2,Percent,2018,0.15059874366549,0.1650933561816953,0.135587847147462
1,All Population,5,Prevalence,123,Peru,3,Both,27,Age-standardized,558,Mental disorders,3,Rate,2018,14751.091059479471,16177.73785976182,13261.24423918307
1,All Population,5,Prevalence,393,Saint Kitts and Nevis,3,Both,27,Age-standardized,558,Mental disorders,2,Percent,2019,0.1493813245712076,0.1638406709315747,0.1346914667622767
1,All Population,5,Prevalence,393,Saint Kitts and Nevis,3,Both,27,Age-standardized,558,Mental disorders,3,Rate,2019,14292.31341337365,15751.66526270384,12861.802525236199
1,All Population,5,Prevalence,209,Guinea-Bissau,3,Both,27,Age-standardized,558,Mental disorders,2,Percent,2019,0.1221609132386806,0.1354606013623837,0.1084789621191735
1,All Population,5,Prevalence,209,Guinea-Bissau,3,Both,27,Age-standardized,558,Mental disorders,3,Rate,2019,12095.16273076517,13403.27824395559,10713.94217563859
1,All Population,5,Prevalence,165,Pakistan,3,Both,27,Age-standardized,558,Mental disorders,2,Percent,2019,0.1211093526997988,0.1337215630025399,0.1102315145954875
1,All Population,5,Prevalence,165,Pakistan,3,Both,27,Age-standardized,558,Mental disorders,3,Rate,2019,11665.80628856526,12871.88021698598,10612.50846164655
1,All Population,5,Prevalence,82,Greece,3,Both,27,Age-standardized,558,Mental disorders,2,Percent,2020,0.1964700524458516,0.2203310711115153,0.1738616418506416
1,All Population,5,Prevalence,82,Greece,3,Both,27,Age-standardized,558,Mental disorders,3,Rate,2020,18093.15897415536,20255.796067084688,15993.7256998125
1,All Population,5,Prevalence,213,Niger,3,Both,27,Age-standardized,558,Mental disorders,2,Percent,2018,0.1179820137739358,0.1304960874269163,0.1051134537501135
1,All Population,5,Prevalence,213,Niger,3,Both,27,Age-standardized,558,Mental disorders,3,Rate,2018,11710.23303773843,12906.806280521148,10442.92804800372
1,All Population,5,Prevalence,26,Papua New Guinea,3,Both,27,Age-standardized,558,Mental disorders,2,Percent,2019,0.1053976808282555,0.1188037854485524,0.0929174195346843
1,All Population,5,Prevalence,26,Papua New Guinea,3,Both,27,Age-standardized,558,Mental disorders,3,Rate,2019,10454.39653887783,11799.964533413,9229.41559426098
1,All Population,5,Prevalence,39,Tajikistan,3,Both,27,Age-standardized,558,Mental disorders,2,Percent,2020,0.1196647817916556,0.1343238206061625,0.1062587802080519
1,All Population,5,Prevalence,39,Tajikistan,3,Both,27,Age-standardized,558,Mental disorders,3,Rate,2020,11492.095809899309,12901.86803228249,10183.0002520443
1,All Population,5,Prevalence,213,Niger,3,Both,27,Age-standardized,558,Mental disorders,2,Percent,2019,0.1197447153782067,0.1326234944343063,0.1070885431127896
1,All Population,5,Prevalence,213,Niger,3,Both,27,Age-standardized,558,Mental disorders,3,Rate,2019,11879.81277915226,13126.47006246529,10633.319495377
1,All Population,5,Prevalence,22,Fiji,3,Both,27,Age-standardized,558,Mental disorders,2,Percent,2020,0.1125798568837317,0.1285887346019804,0.0986758880354514
1,All Population,5,Prevalence,22,Fiji,3,Both,27,Age-standardized,558,Mental disorders,3,Rate,2020,10993.32769576613,12534.353433472359,9613.36142844819
1,All Population,5,Prevalence,181,Madagascar,3,Both,27,Age-standardized,558,Mental disorders,2,Percent,2018,0.1138416336333197,0.124531348151182,0.1030892982756866
1,All Population,5,Prevalence,181,Madagascar,3,Both,27,Age-standardized,558,Mental disorders,3,Rate,2018,11247.426212449089,12301.55471821358,10186.97516356017
1,All Population,5,Prevalence,126,Costa Rica,3,Both,27,Age-standardized,558,Mental disorders,2,Percent,2019,0.1279073606143488,0.1410387979589632,0.1164544929796945
1,All Population,5,Prevalence,126,Costa Rica,3,Both,27,Age-standardized,558,Mental disorders,3,Rate,2019,12168.69839425385,13427.505832664541,11078.39546765243
1,All Population,5,Prevalence,136,Paraguay,3,Both,27,Age-standardized,558,Mental disorders,2,Percent,2018,0.148999716139194,0.1634062130221223,0.1358473047434905
1,All Population,5,Prevalence,136,Paraguay,3,Both,27,Age-standardized,558,Mental disorders,3,Rate,2018,14375.383635881159,15798.67418155298,13096.00679525132
1,All Population,5,Prevalence,148,Morocco,3,Both,27,Age-standardized,558,Mental disorders,2,Percent,2019,0.1306891541795131,0.1406611693054061,0.120456082219647
1,All Population,5,Prevalence,148,Morocco,3,Both,27,Age-standardized,558,Mental disorders,3,Rate,2019,12519.84974839516,13461.940394755939,11491.97713899878
1,All Population,5,Prevalence,153,Syrian Arab Republic,3,Both,27,Age-standardized,558,Mental disorders,2,Percent,2018,0.1664221496576368,0.1870036358700884,0.1495795431835716
1,All Population,5,Prevalence,153,Syrian Arab Republic,3,Both,27,Age-standardized,558,Mental disorders,3,Rate,2018,16248.54504022954,18223.61466061441,14635.40521316303
1,All Population,5,Prevalence,81,Germany,3,Both,27,Age-standardized,558,Mental disorders,2,Percent,2018,0.1407244645933579,0.150642604598064,0.13101891192436
1,All Population,5,Prevalence,81,Germany,3,Both,27,Age-standardized,558,Mental disorders,3,Rate,2018,12726.5023075089,13629.208971384549,11817.35191387729
1,All Population,5,Prevalence,142,Iran (Islamic Republic of),3,Both,27,Age-standardized,558,Mental disorders,2,Percent,2018,0.1778907093438115,0.1946767625644126,0.1622713650585368
1,All Population,5,Prevalence,142,Iran (Islamic Republic of),3,Both,27,Age-standardized,558,Mental disorders,3,Rate,2018,17172.4791005788,18828.18524162477,15668.3632687742
1,All Population,5,Prevalence,197,Eswatini,3,Both,27,Age-standardized,558,Mental disorders,2,Percent,2018,0.1150147126128093,0.1268929359458195,0.1030277924062898
1,All Population,5,Prevalence,197,Eswatini,3,Both,27,Age-standardized,558,Mental disorders,3,Rate,2018,11169.879694735679,12323.082613645569,9995.93415902504
1,All Population,5,Prevalence,184,Mozambique,3,Both,27,Age-standardized,558,Mental disorders,2,Percent,2019,0.1262230118842311,0.1380763323369078,0.1134121113791058
1,All Population,5,Prevalence,184,Mozambique,3,Both,27,Age-standardized,558,Mental disorders,3,Rate,2019,12483.68124394563,13667.265383945882,11207.59842053835
1,All Population,5,Prevalence,203,Cabo Verde,3,Both,27,Age-standardized,558,Mental disorders,2,Percent,2018,0.1261206019755713,0.1395402857559359,0.1122130757830991
1,All Population,5,Prevalence,203,Cabo Verde,3,Both,27,Age-standardized,558,Mental disorders,3,Rate,2018,12095.245420454701,13352.124158687071,10747.71395394698
1,All Population,5,Prevalence,210,Liberia,3,Both,27,Age-standardized,558,Mental disorders,2,Percent,2018,0.1280512649685364,0.1420547707732905,0.1130895110564272
1,All Population,5,Prevalence,210,Liberia,3,Both,27,Age-standardized,558,Mental disorders,3,Rate,2018,12703.932658393442,14072.42398483321,11229.80227671465
1,All Population,5,Prevalence,52,Romania,3,Both,27,Age-standardized,558,Mental disorders,2,Percent,2020,0.1233535811746978,0.1398134794763738,0.108850826121146
1,All Population,5,Prevalence,52,Romania,3,Both,27,Age-standardized,558,Mental disorders,3,Rate,2020,11730.138853699911,13273.61964399103,10343.893924919139
1,All Population,5,Prevalence,67,Japan,3,Both,27,Age-standardized,558,Mental disorders,2,Percent,2020,0.1378292612342353,0.1546443771465519,0.1237479822906591
1,All Population,5,Prevalence,67,Japan,3,Both,27,Age-standardized,558,Mental disorders,3,Rate,2020,12443.99696699173,13950.247498079061,11150.475923570679
1,All Population,5,Prevalence,154,Tunisia,3,Both,27,Age-standardized,558,Mental disorders,2,Percent,2019,0.1467470047100119,0.1598672344850649,0.1336989626862559
1,All Population,5,Prevalence,154,Tunisia,3,Both,27,Age-standardized,558,Mental disorders,3,Rate,2019,13968.923757613618,15212.205655256319,12700.8954189397
1,All Population,5,Prevalence,49,North Macedonia,3,Both,27,Age-standardized,558,Mental disorders,2,Percent,2019,0.1204213169612608,0.1357695530273585,0.1058634061557602
1,All Population,5,Prevalence,49,North Macedonia,3,Both,27,Age-standardized,558,Mental disorders,3,Rate,2019,11323.05601107094,12855.15626966289,9953.45817061914
1,All Population,5,Prevalence,34,Azerbaijan,3,Both,27,Age-standardized,558,Mental disorders,2,Percent,2019,0.1146378732578756,0.1280863649669465,0.1017543320811669
1,All Population,5,Prevalence,34,Azerbaijan,3,Both,27,Age-standardized,558,Mental disorders,3,Rate,2019,10886.14910629037,12209.985828185101,9672.49692027409
1,All Population,5,Prevalence,171,Democratic Republic of the Congo,3,Both,27,Age-standardized,558,Mental disorders,2,Percent,2019,0.1292800549436777,0.1465643144203486,0.1145021025158591
1,All Population,5,Prevalence,171,Democratic Republic of the Congo,3,Both,27,Age-standardized,558,Mental disorders,3,Rate,2019,12859.47089368768,14565.467897365419,11387.80373997343
1,All Population,5,Prevalence,86,Italy,3,Both,27,Age-standardized,558,Mental disorders,2,Percent,2020,0.1602515884748433,0.1812894604033508,0.1389058242260173
1,All Population,5,Prevalence,86,Italy,3,Both,27,Age-standardized,558,Mental disorders,3,Rate,2020,14785.19056280272,16732.5370065854,12805.10133962125
1,All Population,5,Prevalence,99,Uruguay,3,Both,27,Age-standardized,558,Mental disorders,2,Percent,2020,0.1717747232075138,0.1937391584283197,0.1528547399743114
1,All Population,5,Prevalence,99,Uruguay,3,Both,27,Age-standardized,558,Mental disorders,3,Rate,2020,16105.993323178449,18243.98464457197,14253.287880034659
1,All Population,5,Prevalence,94,Switzerland,3,Both,27,Age-standardized,558,Mental disorders,2,Percent,2019,0.1718397814204312,0.1893041157052098,0.1552656690108422
1,All Population,5,Prevalence,94,Switzerland,3,Both,27,Age-standardized,558,Mental disorders,3,Rate,2019,15632.133871131771,17208.17920126802,14087.16711438556
1,All Population,5,Prevalence,187,Somalia,3,Both,27,Age-standardized,558,Mental disorders,2,Percent,2018,0.1082328500933544,0.1185065446057114,0.0977043105522382
1,All Population,5,Prevalence,187,Somalia,3,Both,27,Age-standardized,558,Mental disorders,3,Rate,2018,10717.43650704991,11714.73813512374,9699.251993297881
1,All Population,5,Prevalence,170,Congo,3,Both,27,Age-standardized,558,Mental disorders,2,Percent,2018,0.1353768636169377,0.1500087998240128,0.1204132232087863
1,All Population,5,Prevalence,170,Congo,3,Both,27,Age-standardized,558,Mental disorders,3,Rate,2018,13377.462079796689,14801.46768457862,11900.00062430138
1,All Population,5,Prevalence,16,Philippines,3,Both,27,Age-standardized,558,Mental disorders,2,Percent,2019,0.0900489023110316,0.098823900150074,0.0820822652893148
1,All Population,5,Prevalence,16,Philippines,3,Both,27,Age-standardized,558,Mental disorders,3,Rate,2019,8668.5132473708,9500.96067365425,7900.953708965169
1,All Population,5,Prevalence,216,Senegal,3,Both,27,Age-standardized,558,Mental disorders,2,Percent,2018,0.1191731144963998,0.1313827980429757,0.106050391947059
1,All Population,5,Prevalence,216,Senegal,3,Both,27,Age-standardized,558,Mental disorders,3,Rate,2018,11727.157836239501,12930.47762607962,10425.4739388955
1,All Population,5,Prevalence,349,Greenland,3,Both,27,Age-standardized,558,Mental disorders,2,Percent,2018,0.1646899848319105,0.1830880355889849,0.1497374084460211
1,All Population,5,Prevalence,349,Greenland,3,Both,27,Age-standardized,558,Mental disorders,3,Rate,2018,15211.856865044121,16918.8454006206,13805.621221674299
1,All Population,5,Prevalence,29,Tonga,3,Both,27,Age-standardized,558,Mental disorders,2,Percent,2019,0.1199047349844935,0.1443342519066568,0.101384341971785
1,All Population,5,Prevalence,29,Tonga,3,Both,27,Age-standardized,558,Mental disorders,3,Rate,2019,11595.24542227102,13983.030923504792,9786.19685496861
1,All Population,5,Prevalence,133,Venezuela (Bolivarian Republic of),3,Both,27,Age-standardized,558,Mental disorders,2,Percent,2020,0.1484354614072741,0.1674546899679625,0.134788369890253
1,All Population,5,Prevalence,133,Venezuela (Bolivarian Republic of),3,Both,27,Age-standardized,558,Mental disorders,3,Rate,2020,14327.564128655278,16167.84000777958,12994.106059259791
1,All Population,5,Prevalence,45,Bulgaria,3,Both,27,Age-standardized,558,Mental disorders,2,Percent,2020,0.1207686968670813,0.1348399807201552,0.1083320579607168
1,All Population,5,Prevalence,45,Bulgaria,3,Both,27,Age-standardized,558,Mental disorders,3,Rate,2020,11436.19703890795,12753.33069664518,10234.68365047751
1,All Population,5,Prevalence,79,Finland,3,Both,27,Age-standardized,558,Mental disorders,2,Percent,2019,0.1349271215540368,0.1490538705517818,0.1216281157821118
1,All Population,5,Prevalence,79,Finland,3,Both,27,Age-standardized,558,Mental disorders,3,Rate,2019,12357.44365708833,13607.7976817632,11140.11259160489
1,All Population,5,Prevalence,161,Bangladesh,3,Both,27,Age-standardized,558,Mental disorders,2,Percent,2020,0.1320448442854705,0.1474821604283145,0.1186284710090728
1,All Population,5,Prevalence,161,Bangladesh,3,Both,27,Age-standardized,558,Mental disorders,3,Rate,2020,12750.93292315091,14260.63500681895,11469.36513476051
1,All Population,5,Prevalence,146,Lebanon,3,Both,27,Age-standardized,558,Mental disorders,2,Percent,2020,0.1719683701282006,0.1907015244261476,0.1550119755894551
1,All Population,5,Prevalence,146,Lebanon,3,Both,27,Age-standardized,558,Mental disorders,3,Rate,2020,16410.7158593791,18175.43708457195,14776.090085651289
1,All Population,5,Prevalence,114,Haiti,3,Both,27,Age-standardized,558,Mental disorders,2,Percent,2020,0.1603562249628187,0.1757267141609177,0.1448031288147663
1,All Population,5,Prevalence,114,Haiti,3,Both,27,Age-standardized,558,Mental disorders,3,Rate,2020,15762.39634480088,17280.33400353877,14202.217942380641
1,All Population,5,Prevalence,50,Montenegro,3,Both,27,Age-standardized,558,Mental disorders,2,Percent,2019,0.1289428805548334,0.1474365670082538,0.1130207394995737
1,All Population,5,Prevalence,50,Montenegro,3,Both,27,Age-standardized,558,Mental disorders,3,Rate,2019,12096.56304135785,13861.06571480879,10599.19142790479
1,All Population,5,Prevalence,97,Argentina,3,Both,27,Age-standardized,558,Mental disorders,2,Percent,2019,0.1535114059046637,0.1731182272907263,0.1352055447449267
1,All Population,5,Prevalence,97,Argentina,3,Both,27,Age-standardized,558,Mental disorders,3,Rate,2019,14440.77819210676,16435.2539867657,12708.966527842511
1,All Population,5,Prevalence,416,Tuvalu,3,Both,27,Age-standardized,558,Mental disorders,2,Percent,2018,0.1048566821283135,0.1180081911859216,0.0921016676330718
1,All Population,5,Prevalence,416,Tuvalu,3,Both,27,Age-standardized,558,Mental disorders,3,Rate,2018,10220.25841697735,11495.29251259525,8998.11154551204
1,All Population,5,Prevalence,121,Bolivia (Plurinational State of),3,Both,27,Age-standardized,558,Mental disorders,2,Percent,2019,0.1493899643329213,0.1660693795359818,0.1334467065752155
1,All Population,5,Prevalence,121,Bolivia (Plurinational State of),3,Both,27,Age-standardized,558,Mental disorders,3,Rate,2019,14421.42552177641,16045.906284317321,12899.125612655691
1,All Population,5,Prevalence,37,Kyrgyzstan,3,Both,27,Age-standardized,558,Mental disorders,2,Percent,2020,0.1118168916923086,0.1252092300600191,0.0993097978296708
1,All Population,5,Prevalence,37,Kyrgyzstan,3,Both,27,Age-standardized,558,Mental disorders,3,Rate,2020,10770.16646725063,12053.881035397659,9586.72811954616
1,All Population,5,Prevalence,207,Ghana,3,Both,27,Age-standardized,558,Mental disorders,2,Percent,2020,0.1386617522549385,0.1536346467814602,0.1252027890347776
1,All Population,5,Prevalence,207,Ghana,3,Both,27,Age-standardized,558,Mental disorders,3,Rate,2020,13588.89035210491,15027.422479913099,12262.62638737845
1,All Population,5,Prevalence,176,Comoros,3,Both,27,Age-standardized,558,Mental disorders,2,Percent,2020,0.1374304779211319,0.1524678331098553,0.1242822623713624
1,All Population,5,Prevalence,176,Comoros,3,Both,27,Age-standardized,558,Mental disorders,3,Rate,2020,13377.94520052893,14818.809749528911,12142.51684013406
1,All Population,5,Prevalence,180,Kenya,3,Both,27,Age-standardized,558,Mental disorders,2,Percent,2020,0.1220602735801485,0.1339099551706137,0.1120290275677853
1,All Population,5,Prevalence,180,Kenya,3,Both,27,Age-standardized,558,Mental disorders,3,Rate,2020,11937.26565837766,13099.41762140977,10946.41380611193
1,All Population,5,Prevalence,374,Niue,3,Both,27,Age-standardized,558,Mental disorders,2,Percent,2019,0.1068698055002384,0.1205245026332133,0.0938491050908876
1,All Population,5,Prevalence,374,Niue,3,Both,27,Age-standardized,558,Mental disorders,3,Rate,2019,10247.01111309277,11564.11142554244,9023.36334356624
1,All Population,5,Prevalence,109,Cuba,3,Both,27,Age-standardized,558,Mental disorders,2,Percent,2019,0.1535919756954499,0.1691653189524178,0.1376664493509999
1,All Population,5,Prevalence,109,Cuba,3,Both,27,Age-standardized,558,Mental disorders,3,Rate,2019,14765.542749529059,16288.007022591999,13219.29933357926
1,All Population,5,Prevalence,81,Germany,3,Both,27,Age-standardized,558,Mental disorders,2,Percent,2020,0.1562147560586322,0.1672687995794929,0.1449967529134461
1,All Population,5,Prevalence,81,Germany,3,Both,27,Age-standardized,558,Mental disorders,3,Rate,2020,14142.250495582739,15187.71914135125,13115.94985713834
1,All Population,5,Prevalence,75,Austria,3,Both,27,Age-standardized,558,Mental disorders,2,Percent,2020,0.1613811316224428,0.1817933646695672,0.1419465212001114
1,All Population,5,Prevalence,75,Austria,3,Both,27,Age-standardized,558,Mental disorders,3,Rate,2020,14837.333753333689,16673.45627264824,13055.007259264139
1,All Population,5,Prevalence,200,Benin,3,Both,27,Age-standardized,558,Mental disorders,2,Percent,2019,0.1341593615730456,0.1490402775404311,0.1188319918970037
1,All Population,5,Prevalence,200,Benin,3,Both,27,Age-standardized,558,Mental disorders,3,Rate,2019,13250.89002292564,14700.291659871458,11728.0012912635
1,All Population,5,Prevalence,44,Bosnia and Herzegovina,3,Both,27,Age-standardized,558,Mental disorders,2,Percent,2019,0.1245865739852441,0.1408765455316452,0.109319988300846
1,All Population,5,Prevalence,44,Bosnia and Herzegovina,3,Both,27,Age-standardized,558,Mental disorders,3,Rate,2019,11776.66876775011,13260.9671131778,10368.82558868759
1,All Population,5,Prevalence,14,Maldives,3,Both,27,Age-standardized,558,Mental disorders,2,Percent,2019,0.0878773027060896,0.0967925588890123,0.0800495605525479
1,All Population,5,Prevalence,14,Maldives,3,Both,27,Age-standardized,558,Mental disorders,3,Rate,2019,8413.80644291262,9259.99856217532,7684.4466460936
1,All Population,5,Prevalence,110,Dominica,3,Both,27,Age-standardized,558,Mental disorders,2,Percent,2019,0.1470336861588519,0.1615813755576246,0.1326549470931063
1,All Population,5,Prevalence,110,Dominica,3,Both,27,Age-standardized,558,Mental disorders,3,Rate,2019,14183.20497019807,15638.73318258412,12748.383196160808
1,All Population,5,Prevalence,91,Portugal,3,Both,27,Age-standardized,558,Mental disorders,2,Percent,2019,0.1952083563977489,0.219616650149139,0.1687358800682974
1,All Population,5,Prevalence,91,Portugal,3,Both,27,Age-standardized,558,Mental disorders,3,Rate,2019,17866.52724535907,20133.5351134322,15399.815170877551
1,All Population,5,Prevalence,41,Uzbekistan,3,Both,27,Age-standardized,558,Mental disorders,2,Percent,2020,0.1104622926570326,0.1232252566286578,0.0987284395182308
1,All Population,5,Prevalence,41,Uzbekistan,3,Both,27,Age-standardized,558,Mental disorders,3,Rate,2020,10534.17398438908,11729.68717445191,9414.47491473612
1,All Population,5,Prevalence,194,Lesotho,3,Both,27,Age-standardized,558,Mental disorders,2,Percent,2020,0.1264407547314656,0.141113938404696,0.1131069819536941
1,All Population,5,Prevalence,194,Lesotho,3,Both,27,Age-standardized,558,Mental disorders,3,Rate,2020,12485.59452637511,13954.34498750931,11179.37645432726
1,All Population,5,Prevalence,86,Italy,3,Both,27,Age-standardized,558,Mental disorders,2,Percent,2019,0.1442974411893884,0.1617546052179807,0.1259568917456925
1,All Population,5,Prevalence,86,Italy,3,Both,27,Age-standardized,558,Mental disorders,3,Rate,2019,13286.785398113441,14836.74408745522,11618.12066791421
1,All Population,5,Prevalence,63,Ukraine,3,Both,27,Age-standardized,558,Mental disorders,2,Percent,2019,0.1311299053232412,0.1455256213052788,0.1175803253377566
1,All Population,5,Prevalence,63,Ukraine,3,Both,27,Age-standardized,558,Mental disorders,3,Rate,2019,12262.1919269109,13596.174716210298,10919.408126318041
1,All Population,5,Prevalence,74,Andorra,3,Both,27,Age-standardized,558,Mental disorders,2,Percent,2019,0.1660033381895476,0.1774960329597033,0.1542398852840756
1,All Population,5,Prevalence,74,Andorra,3,Both,27,Age-standardized,558,Mental disorders,3,Rate,2019,15169.017998068859,16237.876814498919,14098.50865182819
1,All Population,5,Prevalence,48,Hungary,3,Both,27,Age-standardized,558,Mental disorders,2,Percent,2018,0.1193589026372727,0.1339210796594038,0.1058433472986756
1,All Population,5,Prevalence,48,Hungary,3,Both,27,Age-standardized,558,Mental disorders,3,Rate,2018,11201.75286899174,12545.337071761458,9960.23699722116
1,All Population,5,Prevalence,63,Ukraine,3,Both,27,Age-standardized,558,Mental disorders,2,Percent,2018,0.1312460802948915,0.1458340035651849,0.1173720742235586
1,All Population,5,Prevalence,63,Ukraine,3,Both,27,Age-standardized,558,Mental disorders,3,Rate,2018,12281.99863679957,13623.368725503678,10912.71479207757
1,All Population,5,Prevalence,78,Denmark,3,Both,27,Age-standardized,558,Mental disorders,2,Percent,2018,0.1541887917258864,0.1648990423665377,0.1442060621600561
1,All Population,5,Prevalence,78,Denmark,3,Both,27,Age-standardized,558,Mental disorders,3,Rate,2018,14004.286215794009,15006.08404991913,13105.529834653109
1,All Population,5,Prevalence,13,Malaysia,3,Both,27,Age-standardized,558,Mental disorders,2,Percent,2020,0.0996473385177007,0.109252680497528,0.0913300610803352
1,All Population,5,Prevalence,13,Malaysia,3,Both,27,Age-standardized,558,Mental disorders,3,Rate,2020,9469.93647040439,10357.5198767615,8677.42352963299
1,All Population,5,Prevalence,143,Iraq,3,Both,27,Age-standardized,558,Mental disorders,2,Percent,2019,0.1376436519840879,0.1520943950383972,0.1247645625070519
1,All Population,5,Prevalence,143,Iraq,3,Both,27,Age-standardized,558,Mental disorders,3,Rate,2019,13242.05512563539,14616.11226838565,11999.436069760171
1,All Population,5,Prevalence,28,Solomon Islands,3,Both,27,Age-standardized,558,Mental disorders,2,Percent,2020,0.1167569210330005,0.1336935383778668,0.1020031236493608
1,All Population,5,Prevalence,28,Solomon Islands,3,Both,27,Age-standardized,558,Mental disorders,3,Rate,2020,11445.29316687866,13091.39061313771,9977.40204819002
1,All Population,5,Prevalence,320,Cook Islands,3,Both,27,Age-standardized,558,Mental disorders,2,Percent,2019,0.1075478260190012,0.120785160768664,0.0945853278483121
1,All Population,5,Prevalence,320,Cook Islands,3,Both,27,Age-standardized,558,Mental disorders,3,Rate,2019,10298.15225084417,11594.14464403969,9086.83983827826
1,All Population,5,Prevalence,34,Azerbaijan,3,Both,27,Age-standardized,558,Mental disorders,2,Percent,2020,0.1254047446659617,0.140908861968059,0.1110208579912935
1,All Population,5,Prevalence,34,Azerbaijan,3,Both,27,Age-standardized,558,Mental disorders,3,Rate,2020,11928.68517640396,13419.785399032318,10591.189227028979
1,All Population,5,Prevalence,60,Lithuania,3,Both,27,Age-standardized,558,Mental disorders,2,Percent,2020,0.1358771322235238,0.1530952170436186,0.1199715618299366
1,All Population,5,Prevalence,60,Lithuania,3,Both,27,Age-standardized,558,Mental disorders,3,Rate,2020,12795.75055022399,14470.49533714963,11275.31232809904
1,All Population,5,Prevalence,139,Algeria,3,Both,27,Age-standardized,558,Mental disorders,2,Percent,2020,0.145253450540613,0.1575450787823383,0.1334930074674853
1,All Population,5,Prevalence,139,Algeria,3,Both,27,Age-standardized,558,Mental disorders,3,Rate,2020,13886.0679317902,15005.79380762564,12707.80594475768
1,All Population,5,Prevalence,152,Saudi Arabia,3,Both,27,Age-standardized,558,Mental disorders,2,Percent,2020,0.1619229547115278,0.1824365224399476,0.1435987213678341
1,All Population,5,Prevalence,152,Saudi Arabia,3,Both,27,Age-standardized,558,Mental disorders,3,Rate,2020,15579.42643481021,17576.93388129546,13817.31360014179
1,All Population,5,Prevalence,182,Malawi,3,Both,27,Age-standardized,558,Mental disorders,2,Percent,2020,0.1291429466143299,0.142179235306401,0.1171336219839621
1,All Population,5,Prevalence,182,Malawi,3,Both,27,Age-standardized,558,Mental disorders,3,Rate,2020,12623.454442378148,13891.138052629129,11454.377543636569
1,All Population,5,Prevalence,11,Indonesia,3,Both,27,Age-standardized,558,Mental disorders,2,Percent,2020,0.0929581669388508,0.1023757066701922,0.0841816436344259
1,All Population,5,Prevalence,11,Indonesia,3,Both,27,Age-standardized,558,Mental disorders,3,Rate,2020,9027.71057746566,9943.90130242332,8170.322801591939
1,All Population,5,Prevalence,133,Venezuela (Bolivarian Republic of),3,Both,27,Age-standardized,558,Mental disorders,2,Percent,2019,0.1356964072237542,0.1525719746471514,0.1231441670981769
1,All Population,5,Prevalence,133,Venezuela (Bolivarian Republic of),3,Both,27,Age-standardized,558,Mental disorders,3,Rate,2019,13091.797348570439,14731.70929775973,11893.31958498383
1,All Population,5,Prevalence,110,Dominica,3,Both,27,Age-standardized,558,Mental disorders,2,Percent,2018,0.1471949163311087,0.1615003359207411,0.1328628098977087
1,All Population,5,Prevalence,110,Dominica,3,Both,27,Age-standardized,558,Mental disorders,3,Rate,2018,14203.19943792136,15653.38861513973,12768.93723187029
1,All Population,5,Prevalence,43,Albania,3,Both,27,Age-standardized,558,Mental disorders,2,Percent,2019,0.1187030871336602,0.1346434462659637,0.104797303649587
1,All Population,5,Prevalence,43,Albania,3,Both,27,Age-standardized,558,Mental disorders,3,Rate,2019,11197.56370573814,12747.11207085732,9882.94614762366
1,All Population,5,Prevalence,95,United Kingdom,3,Both,27,Age-standardized,558,Mental disorders,2,Percent,2018,0.1882575592316515,0.20222610962359,0.1732773695291216
1,All Population,5,Prevalence,95,United Kingdom,3,Both,27,Age-standardized,558,Mental disorders,3,Rate,2018,17070.26654211136,18418.39679249563,15711.662526177588
1,All Population,5,Prevalence,169,Central African Republic,3,Both,27,Age-standardized,558,Mental disorders,2,Percent,2020,0.1642833368415028,0.1863992036866792,0.1464060100788201
1,All Population,5,Prevalence,169,Central African Republic,3,Both,27,Age-standardized,558,Mental disorders,3,Rate,2020,16379.737001759531,18566.682171033,14606.810321643348
1,All Population,5,Prevalence,122,Ecuador,3,Both,27,Age-standardized,558,Mental disorders,2,Percent,2020,0.1650130586450103,0.1843421392565498,0.1479274638259077
1,All Population,5,Prevalence,122,Ecuador,3,Both,27,Age-standardized,558,Mental disorders,3,Rate,2020,15920.78491456931,17790.8688846424,14257.1812268385
1,All Population,5,Prevalence,105,Antigua and Barbuda,3,Both,27,Age-standardized,558,Mental disorders,2,Percent,2020,0.1632529277818546,0.1785411434465064,0.1468294954018331
1,All Population,5,Prevalence,105,Antigua and Barbuda,3,Both,27,Age-standardized,558,Mental disorders,3,Rate,2020,15736.1805556196,17248.039707810898,14174.76812616261
1,All Population,5,Prevalence,6,China,3,Both,27,Age-standardized,558,Mental disorders,2,Percent,2019,0.1254893910243316,0.1392826129989486,0.1133438030774414
1,All Population,5,Prevalence,6,China,3,Both,27,Age-standardized,558,Mental disorders,3,Rate,2019,11874.89999192806,13189.937158273291,10724.73158522315
1,All Population,5,Prevalence,18,Thailand,3,Both,27,Age-standardized,558,Mental disorders,2,Percent,2018,0.0884816424339501,0.0988181209431661,0.080662512180607
1,All Population,5,Prevalence,18,Thailand,3,Both,27,Age-standardized,558,Mental disorders,3,Rate,2018,8468.85183598042,9444.9519470077,7685.56824575948
1,All Population,5,Prevalence,92,Spain,3,Both,27,Age-standardized,558,Mental disorders,2,Percent,2020,0.1880072293668973,0.2094612988603761,0.1682781837365043
1,All Population,5,Prevalence,92,Spain,3,Both,27,Age-standardized,558,Mental disorders,3,Rate,2020,17245.70359818776,19137.64194261642,15415.0804968642
1,All Population,5,Prevalence,125,Colombia,3,Both,27,Age-standardized,558,Mental disorders,2,Percent,2018,0.1140145976222909,0.124100981156156,0.1044744274709599
1,All Population,5,Prevalence,125,Colombia,3,Both,27,Age-standardized,558,Mental disorders,3,Rate,2018,10879.96862937579,11829.09745369361,9963.51919758081
1,All Population,5,Prevalence,150,Oman,3,Both,27,Age-standardized,558,Mental disorders,2,Percent,2019,0.1244145042126344,0.1353928893128142,0.113027321011292
1,All Population,5,Prevalence,150,Oman,3,Both,27,Age-standardized,558,Mental disorders,3,Rate,2019,12069.20903165657,13125.006479063839,10956.29378310711
1,All Population,5,Prevalence,136,Paraguay,3,Both,27,Age-standardized,558,Mental disorders,2,Percent,2019,0.1493671957237879,0.1646001583531945,0.1359523829512246
1,All Population,5,Prevalence,136,Paraguay,3,Both,27,Age-standardized,558,Mental disorders,3,Rate,2019,14404.6548362054,15859.339449468902,13096.696967967151
1,All Population,5,Prevalence,84,Ireland,3,Both,27,Age-standardized,558,Mental disorders,2,Percent,2020,0.1966358739979367,0.2197864681590995,0.1755583275770492
1,All Population,5,Prevalence,84,Ireland,3,Both,27,Age-standardized,558,Mental disorders,3,Rate,2020,18139.99453806277,20331.421830589592,16156.10480894069
1,All Population,5,Prevalence,40,Turkmenistan,3,Both,27,Age-standardized,558,Mental disorders,2,Percent,2019,0.1093296956375478,0.1226148363019762,0.0979693331319452
1,All Population,5,Prevalence,40,Turkmenistan,3,Both,27,Age-standardized,558,Mental disorders,3,Rate,2019,10316.973873370951,11561.7828914609,9273.6210877464
1,All Population,5,Prevalence,180,Kenya,3,Both,27,Age-standardized,558,Mental disorders,2,Percent,2019,0.1093645481059332,0.1200906061439662,0.1002539859217775
1,All Population,5,Prevalence,180,Kenya,3,Both,27,Age-standardized,558,Mental disorders,3,Rate,2019,10692.77550506648,11742.431147460069,9797.874674696359
1,All Population,5,Prevalence,435,South Sudan,3,Both,27,Age-standardized,558,Mental disorders,2,Percent,2020,0.1429802805369861,0.1573535421045433,0.1294864778716457
1,All Population,5,Prevalence,435,South Sudan,3,Both,27,Age-standardized,558,Mental disorders,3,Rate,2020,14133.19347493781,15563.58976193241,12807.46634474392
1,All Population,5,Prevalence,367,Monaco,3,Both,27,Age-standardized,558,Mental disorders,2,Percent,2020,0.1888226223450297,0.2021526329294434,0.1752483102754095
1,All Population,5,Prevalence,367,Monaco,3,Both,27,Age-standardized,558,Mental disorders,3,Rate,2020,17301.24063954464,18589.50180242127,16041.947466796499
1,All Population,5,Prevalence,24,Marshall Islands,3,Both,27,Age-standardized,558,Mental disorders,2,Percent,2020,0.1157360056424742,0.1326488715005237,0.1013081178356379
1,All Population,5,Prevalence,24,Marshall Islands,3,Both,27,Age-standardized,558,Mental disorders,3,Rate,2020,11313.335685597869,12965.536917792611,9882.62415694909
1,All Population,5,Prevalence,51,Poland,3,Both,27,Age-standardized,558,Mental disorders,2,Percent,2019,0.1126646015295699,0.1262289309362107,0.1015146120543137
1,All Population,5,Prevalence,51,Poland,3,Both,27,Age-standardized,558,Mental disorders,3,Rate,2019,10548.33839003554,11833.94764043363,9503.96856845661
1,All Population,5,Prevalence,151,Qatar,3,Both,27,Age-standardized,558,Mental disorders,2,Percent,2019,0.1175386651969233,0.1283779594468762,0.1071236458044829
1,All Population,5,Prevalence,151,Qatar,3,Both,27,Age-standardized,558,Mental disorders,3,Rate,2019,11188.72564961914,12204.59658573979,10214.20104427615
1,All Population,5,Prevalence,374,Niue,3,Both,27,Age-standardized,558,Mental disorders,2,Percent,2020,0.1178470479350609,0.1350075648854516,0.1034325290087049
1,All Population,5,Prevalence,374,Niue,3,Both,27,Age-standardized,558,Mental disorders,3,Rate,2020,11304.59956150439,12946.140164838149,9876.124126461069
1,All Population,5,Prevalence,23,Kiribati,3,Both,27,Age-standardized,558,Mental disorders,2,Percent,2019,0.1071447864379747,0.121150469317028,0.094207393993088
1,All Population,5,Prevalence,23,Kiribati,3,Both,27,Age-standardized,558,Mental disorders,3,Rate,2019,10604.91248055501,12023.28386171562,9333.55258409819
1,All Population,5,Prevalence,155,Türkiye,3,Both,27,Age-standardized,558,Mental disorders,2,Percent,2018,0.1362253534434216,0.1468434910448326,0.1249942841549308
1,All Population,5,Prevalence,155,Türkiye,3,Both,27,Age-standardized,558,Mental disorders,3,Rate,2018,13067.76154553414,14091.819297697588,11937.93306365187
1,All Population,5,Prevalence,385,Puerto Rico,3,Both,27,Age-standardized,558,Mental disorders,2,Percent,2018,0.1638275922207046,0.1785583724793398,0.148397606191084
1,All Population,5,Prevalence,385,Puerto Rico,3,Both,27,Age-standardized,558,Mental disorders,3,Rate,2018,15579.43954213506,16951.59077533937,14094.13154354338
1,All Population,5,Prevalence,298,American Samoa,3,Both,27,Age-standardized,558,Mental disorders,2,Percent,2020,0.1181645249071287,0.1355142931220448,0.1037091027310253
1,All Population,5,Prevalence,298,American Samoa,3,Both,27,Age-standardized,558,Mental disorders,3,Rate,2020,11354.94451607052,13036.212494059122,9911.35137879432
1,All Population,5,Prevalence,200,Benin,3,Both,27,Age-standardized,558,Mental disorders,2,Percent,2020,0.1485917051254358,0.1665450278326424,0.132677807126867
1,All Population,5,Prevalence,200,Benin,3,Both,27,Age-standardized,558,Mental disorders,3,Rate,2020,14665.50055996188,16464.34526793423,13093.62439028339
1,All Population,5,Prevalence,215,Sao Tome and Principe,3,Both,27,Age-standardized,558,Mental disorders,2,Percent,2020,0.1420929135114312,0.1597215399050706,0.1264098761810682
1,All Population,5,Prevalence,215,Sao Tome and Principe,3,Both,27,Age-standardized,558,Mental disorders,3,Rate,2020,14015.80620246366,15754.35781552731,12447.0023099753
1,All Population,5,Prevalence,218,Togo,3,Both,27,Age-standardized,558,Mental disorders,2,Percent,2018,0.147185117388846,0.1722233431945307,0.1254198111060856
1,All Population,5,Prevalence,218,Togo,3,Both,27,Age-standardized,558,Mental disorders,3,Rate,2018,14574.19958068566,17057.80237479627,12394.685635615111
1,All Population,5,Prevalence,205,Côte d'Ivoire,3,Both,27,Age-standardized,558,Mental disorders,2,Percent,2018,0.1278569502927735,0.1411916872608369,0.1130084170987463
1,All Population,5,Prevalence,205,Côte d'Ivoire,3,Both,27,Age-standardized,558,Mental disorders,3,Rate,2018,12590.83682303151,13912.5817690249,11111.96099667966
1,All Population,5,Prevalence,8,Taiwan,3,Both,27,Age-standardized,558,Mental disorders,2,Percent,2019,0.1075363049803937,0.11779086835206,0.0967593700419159
1,All Population,5,Prevalence,8,Taiwan,3,Both,27,Age-standardized,558,Mental disorders,3,Rate,2019,10101.718068037251,11031.185791389451,9081.463529151899
1,All Population,5,Prevalence,87,Luxembourg,3,Both,27,Age-standardized,558,Mental disorders,2,Percent,2019,0.1569432490188235,0.16785136436504,0.1459152395242414
1,All Population,5,Prevalence,87,Luxembourg,3,Both,27,Age-standardized,558,Mental disorders,3,Rate,2019,14325.378837957382,15327.9004701402,13333.16803389994
1,All Population,5,Prevalence,88,Malta,3,Both,27,Age-standardized,558,Mental disorders,2,Percent,2020,0.2047953340404115,0.2213798206724977,0.188652828625349
1,All Population,5,Prevalence,88,Malta,3,Both,27,Age-standardized,558,Mental disorders,3,Rate,2020,18812.58560889261,20361.352099284348,17317.236535919452
1,All Population,5,Prevalence,54,Slovakia,3,Both,27,Age-standardized,558,Mental disorders,2,Percent,2020,0.1264039106963768,0.1418924991861932,0.1122972234115339
1,All Population,5,Prevalence,54,Slovakia,3,Both,27,Age-standardized,558,Mental disorders,3,Rate,2020,11886.2556605791,13389.96966598337,10522.43937481453
1,All Population,5,Prevalence,69,Singapore,3,Both,27,Age-standardized,558,Mental disorders,2,Percent,2020,0.120448053226969,0.1368559776398014,0.107193930748296
1,All Population,5,Prevalence,69,Singapore,3,Both,27,Age-standardized,558,Mental disorders,3,Rate,2020,10825.011368596579,12260.85838119708,9574.72222812177
1,All Population,5,Prevalence,172,Equatorial Guinea,3,Both,27,Age-standardized,558,Mental disorders,2,Percent,2018,0.1341293206602188,0.1497994301825771,0.1190640361505274
1,All Population,5,Prevalence,172,Equatorial Guinea,3,Both,27,Age-standardized,558,Mental disorders,3,Rate,2018,13080.720475606231,14607.090018268478,11613.300605552571
1,All Population,5,Prevalence,156,United Arab Emirates,3,Both,27,Age-standardized,558,Mental disorders,2,Percent,2019,0.1204761489094349,0.1317560447205876,0.1086021629013523
1,All Population,5,Prevalence,156,United Arab Emirates,3,Both,27,Age-standardized,558,Mental disorders,3,Rate,2019,11565.751373115809,12623.707640106799,10378.0507389705
1,All Population,5,Prevalence,186,Seychelles,3,Both,27,Age-standardized,558,Mental disorders,2,Percent,2020,0.0941723892490533,0.1041449229327434,0.0858804876622438
1,All Population,5,Prevalence,186,Seychelles,3,Both,27,Age-standardized,558,Mental disorders,3,Rate,2020,8982.23086671912,9891.3598911565,8198.14693074214
1,All Population,5,Prevalence,413,Tokelau,3,Both,27,Age-standardized,558,Mental disorders,2,Percent,2019,0.1062408231977055,0.1195309229849574,0.0935531340157163
1,All Population,5,Prevalence,413,Tokelau,3,Both,27,Age-standardized,558,Mental disorders,3,Rate,2019,10273.27970001788,11575.701754110041,9075.152887942239
1,All Population,5,Prevalence,36,Kazakhstan,3,Both,27,Age-standardized,558,Mental disorders,2,Percent,2019,0.1022063050267067,0.1131648913255658,0.0910099152342864
1,All Population,5,Prevalence,36,Kazakhstan,3,Both,27,Age-standardized,558,Mental disorders,3,Rate,2019,9676.43684026168,10734.24465231915,8627.288027852801
1,All Population,5,Prevalence,129,Honduras,3,Both,27,Age-standardized,558,Mental disorders,2,Percent,2020,0.1367349286351507,0.1518694470498652,0.1241258087094105
1,All Population,5,Prevalence,129,Honduras,3,Both,27,Age-standardized,558,Mental disorders,3,Rate,2020,13288.37888136535,14764.561873097371,12086.75803354977
1,All Population,5,Prevalence,209,Guinea-Bissau,3,Both,27,Age-standardized,558,Mental disorders,2,Percent,2020,0.1418237452494219,0.1588603980424413,0.1265915730274669
1,All Population,5,Prevalence,209,Guinea-Bissau,3,Both,27,Age-standardized,558,Mental disorders,3,Rate,2020,14040.09763509071,15706.040025332479,12509.51740633203
1,All Population,5,Prevalence,116,Saint Lucia,3,Both,27,Age-standardized,558,Mental disorders,2,Percent,2020,0.160086342432136,0.175757615317106,0.1439914796409249
1,All Population,5,Prevalence,116,Saint Lucia,3,Both,27,Age-standardized,558,Mental disorders,3,Rate,2020,15431.1111992038,16937.09610924335,13887.34492000779
1,All Population,5,Prevalence,101,Canada,3,Both,27,Age-standardized,558,Mental disorders,2,Percent,2020,0.1684409065158529,0.18846998438774,0.1516815133098824
1,All Population,5,Prevalence,101,Canada,3,Both,27,Age-standardized,558,Mental disorders,3,Rate,2020,15581.475458071889,17395.7543858042,13993.70957202539
1,All Population,5,Prevalence,163,India,3,Both,27,Age-standardized,558,Mental disorders,2,Percent,2020,0.1344665511065646,0.1487100613641867,0.1218244742436695
1,All Population,5,Prevalence,163,India,3,Both,27,Age-standardized,558,Mental disorders,3,Rate,2020,13173.01961719982,14580.48745806902,11929.269500161161
1,All Population,5,Prevalence,135,Brazil,3,Both,27,Age-standardized,558,Mental disorders,2,Percent,2020,0.1892987306488268,0.2083792344437906,0.1709524633526547
1,All Population,5,Prevalence,135,Brazil,3,Both,27,Age-standardized,558,Mental disorders,3,Rate,2020,18260.47908788552,20113.24946967452,16492.302238353
1,All Population,5,Prevalence,98,Chile,3,Both,27,Age-standardized,558,Mental disorders,2,Percent,2019,0.1636624228086849,0.1861560810856126,0.143224349711446
1,All Population,5,Prevalence,98,Chile,3,Both,27,Age-standardized,558,Mental disorders,3,Rate,2019,15438.140739396611,17509.48632901514,13576.39166648383
1,All Population,5,Prevalence,25,Micronesia (Federated States of),3,Both,27,Age-standardized,558,Mental disorders,2,Percent,2019,0.1045659091661497,0.1177229606507643,0.091986785393747
1,All Population,5,Prevalence,25,Micronesia (Federated States of),3,Both,27,Age-standardized,558,Mental disorders,3,Rate,2019,10244.49288580224,11542.5132023395,9037.66833584031
1,All Population,5,Prevalence,413,Tokelau,3,Both,27,Age-standardized,558,Mental disorders,2,Percent,2020,0.1170662635433939,0.1336865397485849,0.1025532714429791
1,All Population,5,Prevalence,413,Tokelau,3,Both,27,Age-standardized,558,Mental disorders,3,Rate,2020,11321.583407919441,12936.54093432522,9889.16224965035
1,All Population,5,Prevalence,186,Seychelles,3,Both,27,Age-standardized,558,Mental disorders,2,Percent,2019,0.0869642456391803,0.0955843299724966,0.0795297909826691
1,All Population,5,Prevalence,186,Seychelles,3,Both,27,Age-standardized,558,Mental disorders,3,Rate,2019,8294.34518960231,9088.19812828558,7591.4001744795405
1,All Population,5,Prevalence,173,Gabon,3,Both,27,Age-standardized,558,Mental disorders,2,Percent,2019,0.1358802372145738,0.152591765142557,0.1210616638545625
1,All Population,5,Prevalence,173,Gabon,3,Both,27,Age-standardized,558,Mental disorders,3,Rate,2019,13414.80751833265,15073.7904171661,11954.4074600073
1,All Population,5,Prevalence,47,Czechia,3,Both,27,Age-standardized,558,Mental disorders,2,Percent,2020,0.133511881232812,0.1488233091382344,0.1183034759167652
1,All Population,5,Prevalence,47,Czechia,3,Both,27,Age-standardized,558,Mental disorders,3,Rate,2020,12525.514207337459,13967.20595790488,11077.87497859617
1,All Population,5,Prevalence,81,Germany,3,Both,27,Age-standardized,558,Mental disorders,2,Percent,2019,0.1413046207312104,0.1513291949916655,0.1310837246931181
1,All Population,5,Prevalence,81,Germany,3,Both,27,Age-standardized,558,Mental disorders,3,Rate,2019,12774.70456579233,13646.143666011882,11839.24073783508
1,All Population,5,Prevalence,90,Norway,3,Both,27,Age-standardized,558,Mental disorders,2,Percent,2020,0.1671524532357522,0.1904086467845111,0.1480784347683716
1,All Population,5,Prevalence,90,Norway,3,Both,27,Age-standardized,558,Mental disorders,3,Rate,2020,15338.9642255748,17437.53532863453,13554.25928397242
1,All Population,5,Prevalence,320,Cook Islands,3,Both,27,Age-standardized,558,Mental disorders,2,Percent,2020,0.1181560341281975,0.1349426370163541,0.1036197587307544
1,All Population,5,Prevalence,320,Cook Islands,3,Both,27,Age-standardized,558,Mental disorders,3,Rate,2020,11315.34633925131,12907.608463280021,9922.34448163081
1,All Population,5,Prevalence,190,Uganda,3,Both,27,Age-standardized,558,Mental disorders,2,Percent,2018,0.1160805787786902,0.1269706268937417,0.104779645656262
1,All Population,5,Prevalence,190,Uganda,3,Both,27,Age-standardized,558,Mental disorders,3,Rate,2018,11462.8406021598,12535.16612752617,10346.51748976559
1,All Population,5,Prevalence,59,Latvia,3,Both,27,Age-standardized,558,Mental disorders,2,Percent,2019,0.1199639033107192,0.1333165304656899,0.1078066343701507
1,All Population,5,Prevalence,59,Latvia,3,Both,27,Age-standardized,558,Mental disorders,3,Rate,2019,11099.38252025789,12350.98317879901,9942.92689860428
1,All Population,5,Prevalence,18,Thailand,3,Both,27,Age-standardized,558,Mental disorders,2,Percent,2019,0.0890334630105593,0.0992786837488054,0.0811241778874632
1,All Population,5,Prevalence,18,Thailand,3,Both,27,Age-standardized,558,Mental disorders,3,Rate,2019,8518.366069777101,9476.32165420831,7734.10711517034
1,All Population,5,Prevalence,33,Armenia,3,Both,27,Age-standardized,558,Mental disorders,2,Percent,2019,0.1338576077210017,0.1515646726082297,0.1178809125965353
1,All Population,5,Prevalence,33,Armenia,3,Both,27,Age-standardized,558,Mental disorders,3,Rate,2019,12644.119201562758,14379.64817522015,11121.924742093981
1,All Population,5,Prevalence,68,Republic of Korea,3,Both,27,Age-standardized,558,Mental disorders,2,Percent,2019,0.129095501612594,0.1483838851707042,0.1138839272004203
1,All Population,5,Prevalence,68,Republic of Korea,3,Both,27,Age-standardized,558,Mental disorders,3,Rate,2019,11813.90951940267,13563.90943661413,10392.497687742
1,All Population,5,Prevalence,168,Angola,3,Both,27,Age-standardized,558,Mental disorders,2,Percent,2019,0.1451306344446179,0.1630431702324498,0.1289650458395453
1,All Population,5,Prevalence,168,Angola,3,Both,27,Age-standardized,558,Mental disorders,3,Rate,2019,14282.33043231904,16020.384211686738,12697.3434677339
1,All Population,5,Prevalence,178,Eritrea,3,Both,27,Age-standardized,558,Mental disorders,2,Percent,2020,0.130336026429113,0.1431145648545659,0.1183393572426858
1,All Population,5,Prevalence,178,Eritrea,3,Both,27,Age-standardized,558,Mental disorders,3,Rate,2020,12733.035327879948,13943.28870992616,11609.40880339427
1,All Population,5,Prevalence,380,Palau,3,Both,27,Age-standardized,558,Mental disorders,2,Percent,2019,0.1067965089225497,0.1203521032642376,0.0940967029603064
1,All Population,5,Prevalence,380,Palau,3,Both,27,Age-standardized,558,Mental disorders,3,Rate,2019,10303.760313102981,11619.93271657904,9104.30713732884
1,All Population,5,Prevalence,196,South Africa,3,Both,27,Age-standardized,558,Mental disorders,2,Percent,2020,0.1333900811151084,0.1494049949373123,0.1199013224588344
1,All Population,5,Prevalence,196,South Africa,3,Both,27,Age-standardized,558,Mental disorders,3,Rate,2020,13117.47578286219,14691.7936779571,11767.18255453014
1,All Population,5,Prevalence,43,Albania,3,Both,27,Age-standardized,558,Mental disorders,2,Percent,2020,0.1307871923121997,0.1476981052602705,0.1155353731774387
1,All Population,5,Prevalence,43,Albania,3,Both,27,Age-standardized,558,Mental disorders,3,Rate,2020,12359.55285907071,14010.036380799229,10914.72204357796
1,All Population,5,Prevalence,148,Morocco,3,Both,27,Age-standardized,558,Mental disorders,2,Percent,2020,0.1456663828165429,0.1579059631645075,0.1340625678563112
1,All Population,5,Prevalence,148,Morocco,3,Both,27,Age-standardized,558,Mental disorders,3,Rate,2020,13961.49177182301,15145.196060147158,12798.71653850411
1,All Population,5,Prevalence,135,Brazil,3,Both,27,Age-standardized,558,Mental disorders,2,Percent,2019,0.1675992966119605,0.1829860989890632,0.1525573485784171
1,All Population,5,Prevalence,135,Brazil,3,Both,27,Age-standardized,558,Mental disorders,3,Rate,2019,16158.312719082729,17613.032612814462,14698.851428111859
1,All Population,5,Prevalence,53,Serbia,3,Both,27,Age-standardized,558,Mental disorders,2,Percent,2019,0.1288666014273229,0.1475765838962616,0.1131004262208763
1,All Population,5,Prevalence,53,Serbia,3,Both,27,Age-standardized,558,Mental disorders,3,Rate,2019,12136.92565622105,13865.330404850129,10641.6941256231
1,All Population,5,Prevalence,157,Yemen,3,Both,27,Age-standardized,558,Mental disorders,2,Percent,2019,0.1286732784412766,0.1394172339313313,0.1176219738443224
1,All Population,5,Prevalence,157,Yemen,3,Both,27,Age-standardized,558,Mental disorders,3,Rate,2019,12731.54449962058,13778.91064614765,11630.60741109882
1,All Population,5,Prevalence,93,Sweden,3,Both,27,Age-standardized,558,Mental disorders,2,Percent,2019,0.1531880165187403,0.1646306030732086,0.1413411110648058
1,All Population,5,Prevalence,93,Sweden,3,Both,27,Age-standardized,558,Mental disorders,3,Rate,2019,14111.5109515689,15125.143326698271,13026.87538418019
1,All Population,5,Prevalence,183,Mauritius,3,Both,27,Age-standardized,558,Mental disorders,2,Percent,2019,0.0960795372210677,0.1080217389813476,0.0870040055268804
1,All Population,5,Prevalence,183,Mauritius,3,Both,27,Age-standardized,558,Mental disorders,3,Rate,2019,9271.788766232241,10407.09916640816,8370.343362213049
1,All Population,5,Prevalence,46,Croatia,3,Both,27,Age-standardized,558,Mental disorders,2,Percent,2019,0.1292024718157593,0.1473849957064498,0.1130334419676241
1,All Population,5,Prevalence,46,Croatia,3,Both,27,Age-standardized,558,Mental disorders,3,Rate,2019,12215.455014908739,13921.764447113019,10670.701470357739
1,All Population,5,Prevalence,201,Burkina Faso,3,Both,27,Age-standardized,558,Mental disorders,2,Percent,2019,0.1334766141753678,0.1479522126832288,0.1186154765443622
1,All Population,5,Prevalence,201,Burkina Faso,3,Both,27,Age-standardized,558,Mental disorders,3,Rate,2019,13216.72714364537,14628.39249177796,11759.29117251584
1,All Population,5,Prevalence,76,Belgium,3,Both,27,Age-standardized,558,Mental disorders,2,Percent,2019,0.1555907096460776,0.1731043937357261,0.1382388515342993
1,All Population,5,Prevalence,76,Belgium,3,Both,27,Age-standardized,558,Mental disorders,3,Rate,2019,14163.42224224034,15684.805511761479,12599.01469193556
1,All Population,5,Prevalence,202,Cameroon,3,Both,27,Age-standardized,558,Mental disorders,2,Percent,2019,0.1292807579009346,0.1433625171955197,0.1144831289431446
1,All Population,5,Prevalence,202,Cameroon,3,Both,27,Age-standardized,558,Mental disorders,3,Rate,2019,12729.824171223281,14120.15479987158,11271.98915776333
1,All Population,5,Prevalence,88,Malta,3,Both,27,Age-standardized,558,Mental disorders,2,Percent,2019,0.1811079316310499,0.1950714564764558,0.1672032779531702
1,All Population,5,Prevalence,88,Malta,3,Both,27,Age-standardized,558,Mental disorders,3,Rate,2019,16605.373340333703,17874.57211296849,15332.77185213866
1,All Population,5,Prevalence,77,Cyprus,3,Both,27,Age-standardized,558,Mental disorders,2,Percent,2020,0.1880742812696069,0.2021884568080592,0.1737446201885539
1,All Population,5,Prevalence,77,Cyprus,3,Both,27,Age-standardized,558,Mental disorders,3,Rate,2020,17477.43612158916,18779.630775057278,16102.56253690118
1,All Population,5,Prevalence,15,Myanmar,3,Both,27,Age-standardized,558,Mental disorders,2,Percent,2020,0.0978693078684322,0.107850667799122,0.0889694640097573
1,All Population,5,Prevalence,15,Myanmar,3,Both,27,Age-standardized,558,Mental disorders,3,Rate,2020,9516.536339427801,10494.03801314665,8654.80992640015
1,All Population,5,Prevalence,62,Russian Federation,3,Both,27,Age-standardized,558,Mental disorders,2,Percent,2020,0.1274774635161157,0.1411696604135853,0.1145386313693694
1,All Population,5,Prevalence,62,Russian Federation,3,Both,27,Age-standardized,558,Mental disorders,3,Rate,2020,11877.38532785204,13190.55175868635,10670.5498023234
1,All Population,5,Prevalence,113,Guyana,3,Both,27,Age-standardized,558,Mental disorders,2,Percent,2019,0.1445997234526406,0.1590452294399233,0.1301482476812162
1,All Population,5,Prevalence,113,Guyana,3,Both,27,Age-standardized,558,Mental disorders,3,Rate,2019,14048.2106322571,15494.746617145242,12630.295146676879
1,All Population,5,Prevalence,184,Mozambique,3,Both,27,Age-standardized,558,Mental disorders,2,Percent,2020,0.1394908371489987,0.1532930909468611,0.1258954924716735
1,All Population,5,Prevalence,184,Mozambique,3,Both,27,Age-standardized,558,Mental disorders,3,Rate,2020,13789.732114358949,15160.282281462889,12432.53955079133
1,All Population,5,Prevalence,10,Cambodia,3,Both,27,Age-standardized,558,Mental disorders,2,Percent,2019,0.096235771520562,0.1059407320883652,0.087075464569631
1,All Population,5,Prevalence,10,Cambodia,3,Both,27,Age-standardized,558,Mental disorders,3,Rate,2019,9382.14205057077,10340.19479693302,8478.78149208091
1,All Population,5,Prevalence,106,Bahamas,3,Both,27,Age-standardized,558,Mental disorders,2,Percent,2019,0.1491193941982542,0.16374086617862,0.1345898765618324
1,All Population,5,Prevalence,106,Bahamas,3,Both,27,Age-standardized,558,Mental disorders,3,Rate,2019,14341.574449286309,15823.248503186449,12929.046820447678
1,All Population,5,Prevalence,50,Montenegro,3,Both,27,Age-standardized,558,Mental disorders,2,Percent,2018,0.1298922988888897,0.1478334384734596,0.1140176947232875
1,All Population,5,Prevalence,50,Montenegro,3,Both,27,Age-standardized,558,Mental disorders,3,Rate,2018,12187.8940990287,13856.9593162917,10666.00408670194
1,All Population,5,Prevalence,123,Peru,3,Both,27,Age-standardized,558,Mental disorders,2,Percent,2019,0.1507513267540368,0.1654594768581578,0.1351568475597182
1,All Population,5,Prevalence,123,Peru,3,Both,27,Age-standardized,558,Mental disorders,3,Rate,2019,14764.3638596403,16186.88922152072,13259.61131083023
1,All Population,5,Prevalence,112,Grenada,3,Both,27,Age-standardized,558,Mental disorders,2,Percent,2019,0.1471603271162085,0.1619914553310457,0.1327380568594151
1,All Population,5,Prevalence,112,Grenada,3,Both,27,Age-standardized,558,Mental disorders,3,Rate,2019,14189.710407989509,15656.92401275505,12767.93907309447
1,All Population,5,Prevalence,154,Tunisia,3,Both,27,Age-standardized,558,Mental disorders,2,Percent,2020,0.1663659779183158,0.1805430020627788,0.1508433908099395
1,All Population,5,Prevalence,154,Tunisia,3,Both,27,Age-standardized,558,Mental disorders,3,Rate,2020,15857.05421277861,17269.00299335317,14385.08246325732
1,All Population,5,Prevalence,30,Vanuatu,3,Both,27,Age-standardized,558,Mental disorders,2,Percent,2020,0.1146324907739412,0.1314334274336275,0.1008526156875307
1,All Population,5,Prevalence,30,Vanuatu,3,Both,27,Age-standardized,558,Mental disorders,3,Rate,2020,11279.31398699888,12902.23290787106,9908.511310475671
1,All Population,5,Prevalence,38,Mongolia,3,Both,27,Age-standardized,558,Mental disorders,2,Percent,2019,0.1121759020254466,0.1252654824147399,0.1000074363688961
1,All Population,5,Prevalence,38,Mongolia,3,Both,27,Age-standardized,558,Mental disorders,3,Rate,2019,10654.98732777811,11933.18137459244,9501.20649070219
1,All Population,5,Prevalence,83,Iceland,3,Both,27,Age-standardized,558,Mental disorders,2,Percent,2019,0.1617025652571696,0.1724424292235347,0.1512406421219229
1,All Population,5,Prevalence,83,Iceland,3,Both,27,Age-standardized,558,Mental disorders,3,Rate,2019,14877.76243060162,15867.61010581873,13878.05460044167
1,All Population,5,Prevalence,27,Samoa,3,Both,27,Age-standardized,558,Mental disorders,2,Percent,2019,0.1051112158916794,0.1186323792573431,0.0923777377461987
1,All Population,5,Prevalence,27,Samoa,3,Both,27,Age-standardized,558,Mental disorders,3,Rate,2019,10202.40476042631,11522.26116015757,8982.786095444451
1,All Population,5,Prevalence,89,Netherlands,3,Both,27,Age-standardized,558,Mental disorders,2,Percent,2019,0.1946812373485732,0.2072442802850059,0.1816735204088771
1,All Population,5,Prevalence,89,Netherlands,3,Both,27,Age-standardized,558,Mental disorders,3,Rate,2019,17979.367214505677,19163.49203818952,16748.09315494947
1,All Population,5,Prevalence,380,Palau,3,Both,27,Age-standardized,558,Mental disorders,2,Percent,2020,0.1176446897844927,0.1342656245700904,0.102926908668489
1,All Population,5,Prevalence,380,Palau,3,Both,27,Age-standardized,558,Mental disorders,3,Rate,2020,11351.64209998125,12971.22426312438,9943.17575810393
1,All Population,5,Prevalence,71,Australia,3,Both,27,Age-standardized,558,Mental disorders,2,Percent,2020,0.2256940777985694,0.2420148410312085,0.2108262614448035
1,All Population,5,Prevalence,71,Australia,3,Both,27,Age-standardized,558,Mental disorders,3,Rate,2020,20933.62493725936,22399.00972922414,19516.47997467868
1,All Population,5,Prevalence,26,Papua New Guinea,3,Both,27,Age-standardized,558,Mental disorders,2,Percent,2020,0.111946685480654,0.1276211557137992,0.0981658189186633
1,All Population,5,Prevalence,26,Papua New Guinea,3,Both,27,Age-standardized,558,Mental disorders,3,Rate,2020,11102.16435089639,12651.33662936533,9737.7999112087
1,All Population,5,Prevalence,165,Pakistan,3,Both,27,Age-standardized,558,Mental disorders,2,Percent,2020,0.1367948169427097,0.1507906891467491,0.1244422942865452
1,All Population,5,Prevalence,165,Pakistan,3,Both,27,Age-standardized,558,Mental disorders,3,Rate,2020,13179.306639598071,14517.91344612823,11983.41340476568
1,All Population,5,Prevalence,118,Suriname,3,Both,27,Age-standardized,558,Mental disorders,2,Percent,2020,0.1554047756392956,0.1706758321537834,0.1400303255301914
1,All Population,5,Prevalence,118,Suriname,3,Both,27,Age-standardized,558,Mental disorders,3,Rate,2020,15059.28478413282,16526.19359960188,13543.65293796056
1,All Population,5,Prevalence,351,Guam,3,Both,27,Age-standardized,558,Mental disorders,2,Percent,2019,0.1077534416098147,0.1210742630429898,0.0948888617426505
1,All Population,5,Prevalence,351,Guam,3,Both,27,Age-standardized,558,Mental disorders,3,Rate,2019,10307.576700498721,11598.88345514682,9099.28775599417
1,All Population,5,Prevalence,171,Democratic Republic of the Congo,3,Both,27,Age-standardized,558,Mental disorders,2,Percent,2020,0.1476694566747632,0.1680215327517171,0.1313955050555715
1,All Population,5,Prevalence,171,Democratic Republic of the Congo,3,Both,27,Age-standardized,558,Mental disorders,3,Rate,2020,14683.07391009073,16704.757050560438,13076.73368636033
1,All Population,5,Prevalence,141,Egypt,3,Both,27,Age-standardized,558,Mental disorders,2,Percent,2020,0.1574771125618186,0.1740545215573517,0.1422737532710867
1,All Population,5,Prevalence,141,Egypt,3,Both,27,Age-standardized,558,Mental disorders,3,Rate,2020,15147.348917129491,16807.05444610374,13704.234704720619
1,All Population,5,Prevalence,217,Sierra Leone,3,Both,27,Age-standardized,558,Mental disorders,2,Percent,2020,0.1491389998577235,0.1673996927236838,0.1327345520670851
1,All Population,5,Prevalence,217,Sierra Leone,3,Both,27,Age-standardized,558,Mental disorders,3,Rate,2020,14755.40820888471,16598.98535524149,13098.780986342259
1,All Population,5,Prevalence,211,Mali,3,Both,27,Age-standardized,558,Mental disorders,2,Percent,2020,0.1418842770511899,0.1594615692755151,0.12634495818134
1,All Population,5,Prevalence,211,Mali,3,Both,27,Age-standardized,558,Mental disorders,3,Rate,2020,14031.261205654499,15759.12984211969,12498.00388548339
1,All Population,5,Prevalence,144,Jordan,3,Both,27,Age-standardized,558,Mental disorders,2,Percent,2020,0.1502108194357846,0.1633079011156799,0.1366015518176321
1,All Population,5,Prevalence,144,Jordan,3,Both,27,Age-standardized,558,Mental disorders,3,Rate,2020,14351.151801337968,15619.566690872569,13057.47669131152
1,All Population,5,Prevalence,131,Nicaragua,3,Both,27,Age-standardized,558,Mental disorders,2,Percent,2020,0.1401461691765843,0.1562232804075305,0.1268957358050679
1,All Population,5,Prevalence,131,Nicaragua,3,Both,27,Age-standardized,558,Mental disorders,3,Rate,2020,13466.52346651304,15009.061430285588,12221.58039758871
1,All Population,5,Prevalence,58,Estonia,3,Both,27,Age-standardized,558,Mental disorders,2,Percent,2020,0.1249494404346099,0.1395170898107098,0.1116762279381697
1,All Population,5,Prevalence,58,Estonia,3,Both,27,Age-standardized,558,Mental disorders,3,Rate,2020,11530.32541837243,12948.679706345758,10250.89833848605
1,All Population,5,Prevalence,202,Cameroon,3,Both,27,Age-standardized,558,Mental disorders,2,Percent,2020,0.1459065398465658,0.1632327835355449,0.129909262062032
1,All Population,5,Prevalence,202,Cameroon,3,Both,27,Age-standardized,558,Mental disorders,3,Rate,2020,14360.64271515076,16084.55608421048,12776.60064713893
1,All Population,5,Prevalence,107,Barbados,3,Both,27,Age-standardized,558,Mental disorders,2,Percent,2020,0.1606699313308734,0.1762782765469056,0.1440005753689476
1,All Population,5,Prevalence,107,Barbados,3,Both,27,Age-standardized,558,Mental disorders,3,Rate,2020,15423.77137541711,16909.33739059173,13845.200706771679
1,All Population,5,Prevalence,126,Costa Rica,3,Both,27,Age-standardized,558,Mental disorders,2,Percent,2020,0.1396117354213031,0.1547276803136086,0.126543805225195
1,All Population,5,Prevalence,126,Costa Rica,3,Both,27,Age-standardized,558,Mental disorders,3,Rate,2020,13289.91732656291,14771.2919725046,12056.093560975829
1,All Population,5,Prevalence,94,Switzerland,3,Both,27,Age-standardized,558,Mental disorders,2,Percent,2020,0.1915110992736967,0.2119069220459495,0.1731212384446126
1,All Population,5,Prevalence,94,Switzerland,3,Both,27,Age-standardized,558,Mental disorders,3,Rate,2020,17453.510411330262,19332.47970631861,15773.79622975199
1,All Population,5,Prevalence,102,United States of America,3,Both,27,Age-standardized,558,Mental disorders,2,Percent,2019,0.1612298571045946,0.1756244420296438,0.1486516659568177
1,All Population,5,Prevalence,102,United States of America,3,Both,27,Age-standardized,558,Mental disorders,3,Rate,2019,14729.31921049536,15997.64619562313,13603.54912615021
1,All Population,5,Prevalence,145,Kuwait,3,Both,27,Age-standardized,558,Mental disorders,2,Percent,2019,0.1278430482304984,0.1372341197855567,0.1174712191522427
1,All Population,5,Prevalence,145,Kuwait,3,Both,27,Age-standardized,558,Mental disorders,3,Rate,2019,12084.19322008103,12950.827261967279,11102.619383468671
1,All Population,5,Prevalence,128,Guatemala,3,Both,27,Age-standardized,558,Mental disorders,2,Percent,2019,0.1288392845656161,0.1423741301647739,0.1172111243693125
1,All Population,5,Prevalence,128,Guatemala,3,Both,27,Age-standardized,558,Mental disorders,3,Rate,2019,12436.13927282018,13724.465823275488,11329.1061918501
1,All Population,5,Prevalence,12,Lao People's Democratic Republic,3,Both,27,Age-standardized,558,Mental disorders,2,Percent,2019,0.0884269444520517,0.0987144293431305,0.0795965818670046
1,All Population,5,Prevalence,12,Lao People's Democratic Republic,3,Both,27,Age-standardized,558,Mental disorders,3,Rate,2019,8521.15501623781,9502.99583129277,7672.71811074938
1,All Population,5,Prevalence,11,Indonesia,3,Both,27,Age-standardized,558,Mental disorders,2,Percent,2021,0.0949291384426429,0.1047406361113015,0.0857958558412492
1,All Population,5,Prevalence,11,Indonesia,3,Both,27,Age-standardized,558,Mental disorders,3,Rate,2021,9214.05502758762,10154.14944653587,8334.79816728373
1,All Population,5,Prevalence,150,Oman,3,Both,27,Age-standardized,558,Mental disorders,2,Percent,2020,0.1390169837517941,0.1514878853625912,0.1261884961139231
1,All Population,5,Prevalence,150,Oman,3,Both,27,Age-standardized,558,Mental disorders,3,Rate,2020,13489.55009011483,14704.55260754253,12237.11882342788
1,All Population,5,Prevalence,112,Grenada,3,Both,27,Age-standardized,558,Mental disorders,2,Percent,2018,0.1472872339544681,0.1619969089880269,0.1328621727231289
1,All Population,5,Prevalence,112,Grenada,3,Both,27,Age-standardized,558,Mental disorders,3,Rate,2018,14207.96472980189,15677.97473531472,12777.28460701874
1,All Population,5,Prevalence,97,Argentina,3,Both,27,Age-standardized,558,Mental disorders,2,Percent,2018,0.1525238196843696,0.1727844679288876,0.1339551823289741
1,All Population,5,Prevalence,97,Argentina,3,Both,27,Age-standardized,558,Mental disorders,3,Rate,2018,14354.299388930182,16316.053601563191,12607.06252180044
1,All Population,5,Prevalence,20,Viet Nam,3,Both,27,Age-standardized,558,Mental disorders,2,Percent,2018,0.0791340429786502,0.0873354160509402,0.0717694631174988
1,All Population,5,Prevalence,20,Viet Nam,3,Both,27,Age-standardized,558,Mental disorders,3,Rate,2018,7743.739544218931,8552.46070268433,7027.49900870487
1,All Population,5,Prevalence,22,Fiji,3,Both,27,Age-standardized,558,Mental disorders,2,Percent,2021,0.1162877357777761,0.1343626067255769,0.1021432456862784
1,All Population,5,Prevalence,22,Fiji,3,Both,27,Age-standardized,558,Mental disorders,3,Rate,2021,11361.48119307585,13116.389832412551,9979.650652978351
1,All Population,5,Prevalence,160,Afghanistan,3,Both,27,Age-standardized,558,Mental disorders,2,Percent,2019,0.1320280751992188,0.1431603163020212,0.1209790710772861
1,All Population,5,Prevalence,160,Afghanistan,3,Both,27,Age-standardized,558,Mental disorders,3,Rate,2019,13057.5488647053,14183.028214345031,11946.09207691611
1,All Population,5,Prevalence,115,Jamaica,3,Both,27,Age-standardized,558,Mental disorders,2,Percent,2019,0.1423185451719377,0.1563146125599979,0.1286699749061282
1,All Population,5,Prevalence,115,Jamaica,3,Both,27,Age-standardized,558,Mental disorders,3,Rate,2019,13805.44209085344,15194.82213880998,12434.90454488819
1,All Population,5,Prevalence,422,United States Virgin Islands,3,Both,27,Age-standardized,558,Mental disorders,2,Percent,2019,0.1474228862716216,0.1619428327027348,0.1330621107715237
1,All Population,5,Prevalence,422,United States Virgin Islands,3,Both,27,Age-standardized,558,Mental disorders,3,Rate,2019,14041.23320654741,15501.139116588369,12661.72979750915
1,All Population,5,Prevalence,189,United Republic of Tanzania,3,Both,27,Age-standardized,558,Mental disorders,2,Percent,2020,0.1201159190556828,0.1311413446540136,0.109701915671762
1,All Population,5,Prevalence,189,United Republic of Tanzania,3,Both,27,Age-standardized,558,Mental disorders,3,Rate,2020,11771.67752902419,12858.853847412729,10755.5690729063
1,All Population,5,Prevalence,72,New Zealand,3,Both,27,Age-standardized,558,Mental disorders,2,Percent,2019,0.1958667154221414,0.2180364540331984,0.1738889704705567
1,All Population,5,Prevalence,72,New Zealand,3,Both,27,Age-standardized,558,Mental disorders,3,Rate,2019,17968.50997387732,20029.1786131773,16005.2678502109
1,All Population,5,Prevalence,55,Slovenia,3,Both,27,Age-standardized,558,Mental disorders,2,Percent,2019,0.1310271075768959,0.149042940791937,0.1149900364798802
1,All Population,5,Prevalence,55,Slovenia,3,Both,27,Age-standardized,558,Mental disorders,3,Rate,2019,12232.54686660319,13930.14851209346,10743.53537166773
1,All Population,5,Prevalence,422,United States Virgin Islands,3,Both,27,Age-standardized,558,Mental disorders,2,Percent,2020,0.1579527213015038,0.1737740864981097,0.1421886954727776
1,All Population,5,Prevalence,422,United States Virgin Islands,3,Both,27,Age-standardized,558,Mental disorders,3,Rate,2020,15051.236684719399,16563.251397066688,13544.82318106661
1,All Population,5,Prevalence,157,Yemen,3,Both,27,Age-standardized,558,Mental disorders,2,Percent,2018,0.1295861763260817,0.140621818461119,0.1185229343629668
1,All Population,5,Prevalence,157,Yemen,3,Both,27,Age-standardized,558,Mental disorders,3,Rate,2018,12817.70867728922,13902.99278541685,11713.03416787241
1,All Population,5,Prevalence,305,Bermuda,3,Both,27,Age-standardized,558,Mental disorders,2,Percent,2019,0.1529075722660059,0.1684431193437135,0.1384681608748297
1,All Population,5,Prevalence,305,Bermuda,3,Both,27,Age-standardized,558,Mental disorders,3,Rate,2019,14542.85263695295,16012.81294022934,13139.216497621781
1,All Population,5,Prevalence,153,Syrian Arab Republic,3,Both,27,Age-standardized,558,Mental disorders,2,Percent,2019,0.166200402820578,0.1865991440529056,0.1497977763345736
1,All Population,5,Prevalence,153,Syrian Arab Republic,3,Both,27,Age-standardized,558,Mental disorders,3,Rate,2019,16214.29951064128,18160.88424207474,14590.27176128783
1,All Population,5,Prevalence,205,Côte d'Ivoire,3,Both,27,Age-standardized,558,Mental disorders,2,Percent,2019,0.1294025662194854,0.1436043123961322,0.1145291645042319
1,All Population,5,Prevalence,205,Côte d'Ivoire,3,Both,27,Age-standardized,558,Mental disorders,3,Rate,2019,12727.721388880089,14129.11240411451,11256.30115481904
1,All Population,5,Prevalence,140,Bahrain,3,Both,27,Age-standardized,558,Mental disorders,2,Percent,2019,0.1361739120498899,0.1471113202087621,0.1255738120096567
1,All Population,5,Prevalence,140,Bahrain,3,Both,27,Age-standardized,558,Mental disorders,3,Rate,2019,13143.17442595164,14159.35659239366,12080.95945853212
1,All Population,5,Prevalence,181,Madagascar,3,Both,27,Age-standardized,558,Mental disorders,2,Percent,2019,0.1138547609346012,0.1244501410608207,0.1035400283493968
1,All Population,5,Prevalence,181,Madagascar,3,Both,27,Age-standardized,558,Mental disorders,3,Rate,2019,11236.72943672399,12281.649974968439,10219.34230865178
1,All Population,5,Prevalence,7,Democratic People's Republic of Korea,3,Both,27,Age-standardized,558,Mental disorders,2,Percent,2021,0.1181607763611685,0.1334849822730621,0.1065554978495955
1,All Population,5,Prevalence,7,Democratic People's Republic of Korea,3,Both,27,Age-standardized,558,Mental disorders,3,Rate,2021,11285.27196424858,12768.114775860531,10145.54575016958
1,All Population,5,Prevalence,37,Kyrgyzstan,3,Both,27,Age-standardized,558,Mental disorders,2,Percent,2021,0.114314446943673,0.1283053500817074,0.1015243639053345
1,All Population,5,Prevalence,37,Kyrgyzstan,3,Both,27,Age-standardized,558,Mental disorders,3,Rate,2021,11013.2435127433,12360.98436721149,9822.01526598562
1,All Population,5,Prevalence,351,Guam,3,Both,27,Age-standardized,558,Mental disorders,2,Percent,2020,0.1185648765715733,0.1356409291208488,0.104085248221761
1,All Population,5,Prevalence,351,Guam,3,Both,27,Age-standardized,558,Mental disorders,3,Rate,2020,11349.84385537361,12993.528899668769,9958.45194971949
1,All Population,5,Prevalence,17,Sri Lanka,3,Both,27,Age-standardized,558,Mental disorders,2,Percent,2020,0.0990974413935236,0.1092925340547978,0.0905346447474144
1,All Population,5,Prevalence,17,Sri Lanka,3,Both,27,Age-standardized,558,Mental disorders,3,Rate,2020,9465.76473512582,10451.36959176189,8638.71801502883
1,All Population,5,Prevalence,49,North Macedonia,3,Both,27,Age-standardized,558,Mental disorders,2,Percent,2020,0.1333067792343661,0.1513402540829497,0.1171915830064617
1,All Population,5,Prevalence,49,North Macedonia,3,Both,27,Age-standardized,558,Mental disorders,3,Rate,2020,12557.96464217028,14252.388552773771,11026.50858648653
1,All Population,5,Prevalence,58,Estonia,3,Both,27,Age-standardized,558,Mental disorders,2,Percent,2021,0.1268131381330379,0.1428339790454844,0.1135909368877691
1,All Population,5,Prevalence,58,Estonia,3,Both,27,Age-standardized,558,Mental disorders,3,Rate,2021,11712.82723735524,13220.82888703618,10452.25219530654
1,All Population,5,Prevalence,85,Israel,3,Both,27,Age-standardized,558,Mental disorders,2,Percent,2019,0.1497925108648679,0.1647727738162126,0.1341630010238407
1,All Population,5,Prevalence,85,Israel,3,Both,27,Age-standardized,558,Mental disorders,3,Rate,2019,13888.803990896558,15320.828142025008,12469.78656425106
1,All Population,5,Prevalence,206,Gambia,3,Both,27,Age-standardized,558,Mental disorders,2,Percent,2019,0.1244380677591177,0.1380949428388974,0.1103886541044846
1,All Population,5,Prevalence,206,Gambia,3,Both,27,Age-standardized,558,Mental disorders,3,Rate,2019,12191.71097461199,13515.72231423007,10792.98634595182
1,All Population,5,Prevalence,193,Botswana,3,Both,27,Age-standardized,558,Mental disorders,2,Percent,2019,0.1121000293155236,0.1239935699662428,0.1006777232119449
1,All Population,5,Prevalence,193,Botswana,3,Both,27,Age-standardized,558,Mental disorders,3,Rate,2019,10938.25701019267,12112.30358529249,9828.00185094567
1,All Population,5,Prevalence,385,Puerto Rico,3,Both,27,Age-standardized,558,Mental disorders,2,Percent,2019,0.1646248949201187,0.1794869775729291,0.1492272172691642
1,All Population,5,Prevalence,385,Puerto Rico,3,Both,27,Age-standardized,558,Mental disorders,3,Rate,2019,15652.633874415109,17045.96314179429,14180.82729314401
1,All Population,5,Prevalence,216,Senegal,3,Both,27,Age-standardized,558,Mental disorders,2,Percent,2019,0.1202740068899566,0.1331612866313521,0.1069399175652122
1,All Population,5,Prevalence,216,Senegal,3,Both,27,Age-standardized,558,Mental disorders,3,Rate,2019,11823.815959527261,13088.826276944541,10517.39924199165
1,All Population,5,Prevalence,78,Denmark,3,Both,27,Age-standardized,558,Mental disorders,2,Percent,2019,0.1555824392771262,0.1666626590437837,0.1451349702105953
1,All Population,5,Prevalence,78,Denmark,3,Both,27,Age-standardized,558,Mental disorders,3,Rate,2019,14120.01462447377,15162.38540315001,13157.46444714527
1,All Population,5,Prevalence,213,Niger,3,Both,27,Age-standardized,558,Mental disorders,2,Percent,2020,0.137949513166322,0.1540747322942864,0.1236379853504961
1,All Population,5,Prevalence,213,Niger,3,Both,27,Age-standardized,558,Mental disorders,3,Rate,2020,13683.770435828848,15290.71759026839,12276.34070726073
1,All Population,5,Prevalence,189,United Republic of Tanzania,3,Both,27,Age-standardized,558,Mental disorders,2,Percent,2019,0.1072952881202785,0.1176262454962358,0.097806768816843
1,All Population,5,Prevalence,189,United Republic of Tanzania,3,Both,27,Age-standardized,558,Mental disorders,3,Rate,2019,10522.02805862163,11533.97214101149,9591.96583171815
1,All Population,5,Prevalence,79,Finland,3,Both,27,Age-standardized,558,Mental disorders,2,Percent,2020,0.1439059656536365,0.1596051827782247,0.1291420061209757
1,All Population,5,Prevalence,79,Finland,3,Both,27,Age-standardized,558,Mental disorders,3,Rate,2020,13188.46281386691,14608.589605830111,11877.7062900995
1,All Population,5,Prevalence,156,United Arab Emirates,3,Both,27,Age-standardized,558,Mental disorders,2,Percent,2020,0.131848005638717,0.1446897601335567,0.1190933348936436
1,All Population,5,Prevalence,156,United Arab Emirates,3,Both,27,Age-standardized,558,Mental disorders,3,Rate,2020,12656.047058214152,13909.57546716836,11369.88329947668
1,All Population,5,Prevalence,175,Burundi,3,Both,27,Age-standardized,558,Mental disorders,2,Percent,2019,0.1156127236257455,0.1265822863043253,0.1046078880937672
1,All Population,5,Prevalence,175,Burundi,3,Both,27,Age-standardized,558,Mental disorders,3,Rate,2019,11365.65422582351,12439.08344247934,10309.26358666552
1,All Population,5,Prevalence,130,Mexico,3,Both,27,Age-standardized,558,Mental disorders,2,Percent,2019,0.1271951910632365,0.1401491476481008,0.1145904277934508
1,All Population,5,Prevalence,130,Mexico,3,Both,27,Age-standardized,558,Mental disorders,3,Rate,2019,12080.05720982968,13285.643451858108,10905.07678945599
1,All Population,5,Prevalence,69,Singapore,3,Both,27,Age-standardized,558,Mental disorders,2,Percent,2021,0.1238345960772277,0.1410433795721328,0.1098848327904818
1,All Population,5,Prevalence,69,Singapore,3,Both,27,Age-standardized,558,Mental disorders,3,Rate,2021,11131.284784494761,12658.28747960354,9820.74113616381
1,All Population,5,Prevalence,52,Romania,3,Both,27,Age-standardized,558,Mental disorders,2,Percent,2021,0.1243975307444485,0.1425573659628938,0.1099706824236466
1,All Population,5,Prevalence,52,Romania,3,Both,27,Age-standardized,558,Mental disorders,3,Rate,2021,11838.3005920019,13548.13615340606,10457.42358506178
1,All Population,5,Prevalence,116,Saint Lucia,3,Both,27,Age-standardized,558,Mental disorders,2,Percent,2021,0.1642824811319235,0.1810339749164588,0.1480514477325544
1,All Population,5,Prevalence,116,Saint Lucia,3,Both,27,Age-standardized,558,Mental disorders,3,Rate,2021,15837.578422446411,17435.30269778712,14286.44406602166
1,All Population,5,Prevalence,66,Brunei Darussalam,3,Both,27,Age-standardized,558,Mental disorders,2,Percent,2020,0.1328287755517294,0.1511490884925984,0.1178005115702176
1,All Population,5,Prevalence,66,Brunei Darussalam,3,Both,27,Age-standardized,558,Mental disorders,3,Rate,2020,12233.5052447421,13919.37759898575,10781.33531461012
1,All Population,5,Prevalence,147,Libya,3,Both,27,Age-standardized,558,Mental disorders,2,Percent,2019,0.1373095498226273,0.1480488480844997,0.1261387947635227
1,All Population,5,Prevalence,147,Libya,3,Both,27,Age-standardized,558,Mental disorders,3,Rate,2019,13289.12314346003,14319.90784933033,12215.49795527778
1,All Population,5,Prevalence,204,Chad,3,Both,27,Age-standardized,558,Mental disorders,2,Percent,2019,0.1410855157098858,0.1563296915267382,0.1259079629948952
1,All Population,5,Prevalence,204,Chad,3,Both,27,Age-standardized,558,Mental disorders,3,Rate,2019,13963.04799301811,15477.51759216508,12420.4729955261
1,All Population,5,Prevalence,95,United Kingdom,3,Both,27,Age-standardized,558,Mental disorders,2,Percent,2019,0.1916067957473099,0.2052365659688619,0.1766930346427531
1,All Population,5,Prevalence,95,United Kingdom,3,Both,27,Age-standardized,558,Mental disorders,3,Rate,2019,17353.93825652701,18598.55674225684,15995.78287613686
1,All Population,5,Prevalence,117,Saint Vincent and the Grenadines,3,Both,27,Age-standardized,558,Mental disorders,2,Percent,2019,0.1465627142339374,0.1609220609463433,0.1324085577121136
1,All Population,5,Prevalence,117,Saint Vincent and the Grenadines,3,Both,27,Age-standardized,558,Mental disorders,3,Rate,2019,14167.57934466524,15633.499271339491,12729.944258113852
1,All Population,5,Prevalence,185,Rwanda,3,Both,27,Age-standardized,558,Mental disorders,2,Percent,2019,0.116553780426656,0.1273275516493777,0.1059974261599272
1,All Population,5,Prevalence,185,Rwanda,3,Both,27,Age-standardized,558,Mental disorders,3,Rate,2019,11358.51103515756,12393.03947467306,10333.02911560115
1,All Population,5,Prevalence,203,Cabo Verde,3,Both,27,Age-standardized,558,Mental disorders,2,Percent,2019,0.1270338970428565,0.1408506323285266,0.1130260960668702
1,All Population,5,Prevalence,203,Cabo Verde,3,Both,27,Age-standardized,558,Mental disorders,3,Rate,2019,12177.1572874394,13488.831174210081,10783.22988449533
1,All Population,5,Prevalence,35,Georgia,3,Both,27,Age-standardized,558,Mental disorders,2,Percent,2019,0.1155834259139058,0.1283786558422671,0.103156173713554
1,All Population,5,Prevalence,35,Georgia,3,Both,27,Age-standardized,558,Mental disorders,3,Rate,2019,10969.51541620044,12162.074553727289,9785.88928019872
1,All Population,5,Prevalence,61,Republic of Moldova,3,Both,27,Age-standardized,558,Mental disorders,2,Percent,2019,0.1213444876081268,0.1349863524595701,0.1073594692827226
1,All Population,5,Prevalence,61,Republic of Moldova,3,Both,27,Age-standardized,558,Mental disorders,3,Rate,2019,11336.31024392568,12611.41961271717,10024.203140604232
1,All Population,5,Prevalence,162,Bhutan,3,Both,27,Age-standardized,558,Mental disorders,2,Percent,2019,0.1137258335243886,0.1253419762589138,0.1039126297337426
1,All Population,5,Prevalence,162,Bhutan,3,Both,27,Age-standardized,558,Mental disorders,3,Rate,2019,10784.40986057229,11866.54114007262,9847.11950330081
1,All Population,5,Prevalence,24,Marshall Islands,3,Both,27,Age-standardized,558,Mental disorders,2,Percent,2021,0.1187148511691567,0.1371633536779609,0.1043269883232153
1,All Population,5,Prevalence,24,Marshall Islands,3,Both,27,Age-standardized,558,Mental disorders,3,Rate,2021,11602.087604179429,13394.256150552419,10183.18549018888
1,All Population,5,Prevalence,125,Colombia,3,Both,27,Age-standardized,558,Mental disorders,2,Percent,2019,0.1145497615052165,0.1252340684960826,0.1049544984944797
1,All Population,5,Prevalence,125,Colombia,3,Both,27,Age-standardized,558,Mental disorders,3,Rate,2019,10918.57420003751,11931.47017609694,9981.43703046953
1,All Population,5,Prevalence,57,Belarus,3,Both,27,Age-standardized,558,Mental disorders,2,Percent,2019,0.115163312606797,0.1279771842038362,0.1028002194209795
1,All Population,5,Prevalence,57,Belarus,3,Both,27,Age-standardized,558,Mental disorders,3,Rate,2019,10673.27488947367,11829.21588678015,9521.46894817134
1,All Population,5,Prevalence,20,Viet Nam,3,Both,27,Age-standardized,558,Mental disorders,2,Percent,2019,0.0784145871234317,0.0865302147422321,0.07115857841477
1,All Population,5,Prevalence,20,Viet Nam,3,Both,27,Age-standardized,558,Mental disorders,3,Rate,2019,7669.07949983775,8469.25323821128,6960.86156667689
1,All Population,5,Prevalence,48,Hungary,3,Both,27,Age-standardized,558,Mental disorders,2,Percent,2019,0.1187307712239088,0.1328935619512919,0.1059006903018767
1,All Population,5,Prevalence,48,Hungary,3,Both,27,Age-standardized,558,Mental disorders,3,Rate,2019,11137.97090039496,12426.99464200526,9914.65546721282
1,All Population,5,Prevalence,170,Congo,3,Both,27,Age-standardized,558,Mental disorders,2,Percent,2019,0.1371207621619171,0.1524619220971046,0.1225843033921911
1,All Population,5,Prevalence,170,Congo,3,Both,27,Age-standardized,558,Mental disorders,3,Rate,2019,13543.98190916377,15033.129716045702,12114.552099778619
1,All Population,5,Prevalence,15,Myanmar,3,Both,27,Age-standardized,558,Mental disorders,2,Percent,2021,0.1001231418971372,0.110506297962006,0.0910240245731918
1,All Population,5,Prevalence,15,Myanmar,3,Both,27,Age-standardized,558,Mental disorders,3,Rate,2021,9735.41980476742,10775.77151017745,8870.36058293684
1,All Population,5,Prevalence,143,Iraq,3,Both,27,Age-standardized,558,Mental disorders,2,Percent,2020,0.1569963715700022,0.1752118189467303,0.1418455622134033
1,All Population,5,Prevalence,143,Iraq,3,Both,27,Age-standardized,558,Mental disorders,3,Rate,2020,15111.425190658882,16897.859881856988,13693.850882880171
1,All Population,5,Prevalence,28,Solomon Islands,3,Both,27,Age-standardized,558,Mental disorders,2,Percent,2021,0.1220224938839791,0.1398924900936982,0.1069127137655755
1,All Population,5,Prevalence,28,Solomon Islands,3,Both,27,Age-standardized,558,Mental disorders,3,Rate,2021,11964.514616764329,13707.40923856085,10471.90658851907
1,All Population,5,Prevalence,369,Nauru,3,Both,27,Age-standardized,558,Mental disorders,2,Percent,2019,0.1051748711484237,0.1187268287322619,0.0925243513815808
1,All Population,5,Prevalence,369,Nauru,3,Both,27,Age-standardized,558,Mental disorders,3,Rate,2019,10226.74760375976,11559.61582161516,9009.87872007793
1,All Population,5,Prevalence,150,Oman,3,Both,27,Age-standardized,558,Mental disorders,2,Percent,2021,0.1415911842637735,0.1548213133748735,0.1285833441528977
1,All Population,5,Prevalence,150,Oman,3,Both,27,Age-standardized,558,Mental disorders,3,Rate,2021,13742.44152242679,15032.712135905698,12505.81748328565
1,All Population,5,Prevalence,522,Sudan,3,Both,27,Age-standardized,558,Mental disorders,2,Percent,2019,0.1328319985263363,0.1447503857509257,0.1211525030965031
1,All Population,5,Prevalence,522,Sudan,3,Both,27,Age-standardized,558,Mental disorders,3,Rate,2019,13005.37054272918,14159.99652209709,11882.99436098759
1,All Population,5,Prevalence,108,Belize,3,Both,27,Age-standardized,558,Mental disorders,2,Percent,2019,0.1450644544400246,0.1593864122471606,0.1306908500718468
1,All Population,5,Prevalence,108,Belize,3,Both,27,Age-standardized,558,Mental disorders,3,Rate,2019,14054.783741425788,15462.62947995003,12635.755169460961
1,All Population,5,Prevalence,173,Gabon,3,Both,27,Age-standardized,558,Mental disorders,2,Percent,2020,0.1536185949769325,0.1736864552777586,0.1376039357483891
1,All Population,5,Prevalence,173,Gabon,3,Both,27,Age-standardized,558,Mental disorders,3,Rate,2020,15161.16095168808,17164.39729969109,13583.434371633179
1,All Population,5,Prevalence,109,Cuba,3,Both,27,Age-standardized,558,Mental disorders,2,Percent,2020,0.1655431263047598,0.1815957311367488,0.1489513018223485
1,All Population,5,Prevalence,109,Cuba,3,Both,27,Age-standardized,558,Mental disorders,3,Rate,2020,15913.039039387539,17494.61446908028,14275.721311275618
1,All Population,5,Prevalence,208,Guinea,3,Both,27,Age-standardized,558,Mental disorders,2,Percent,2019,0.1350706995559812,0.1500457988967549,0.1195717941294818
1,All Population,5,Prevalence,208,Guinea,3,Both,27,Age-standardized,558,Mental disorders,3,Rate,2019,13354.95537642761,14849.088217509328,11799.578454231261
1,All Population,5,Prevalence,195,Namibia,3,Both,27,Age-standardized,558,Mental disorders,2,Percent,2019,0.1110600031926103,0.1227478132438418,0.1000029061894246
1,All Population,5,Prevalence,195,Namibia,3,Both,27,Age-standardized,558,Mental disorders,3,Rate,2019,10769.62392894405,11925.96262704315,9659.655388223231
1,All Population,5,Prevalence,129,Honduras,3,Both,27,Age-standardized,558,Mental disorders,2,Percent,2021,0.1374471289029471,0.1531123372305279,0.124432773051684
1,All Population,5,Prevalence,129,Honduras,3,Both,27,Age-standardized,558,Mental disorders,3,Rate,2021,13360.04185775011,14880.198863841659,12126.557597308569
1,All Population,5,Prevalence,39,Tajikistan,3,Both,27,Age-standardized,558,Mental disorders,2,Percent,2021,0.1205719001180422,0.135759319863596,0.1071499085619334
1,All Population,5,Prevalence,39,Tajikistan,3,Both,27,Age-standardized,558,Mental disorders,3,Rate,2021,11581.285522710159,13050.156431690191,10322.46102609781
1,All Population,5,Prevalence,99,Uruguay,3,Both,27,Age-standardized,558,Mental disorders,2,Percent,2021,0.1769164102789612,0.1998270129397406,0.1568523951699445
1,All Population,5,Prevalence,99,Uruguay,3,Both,27,Age-standardized,558,Mental disorders,3,Rate,2021,16591.4980033382,18785.79634468284,14689.403970840758
1,All Population,5,Prevalence,114,Haiti,3,Both,27,Age-standardized,558,Mental disorders,2,Percent,2021,0.1642726650434407,0.1810010196852582,0.1487556711995976
1,All Population,5,Prevalence,114,Haiti,3,Both,27,Age-standardized,558,Mental disorders,3,Rate,2021,16141.21132665239,17787.54347279935,14597.15147639039
1,All Population,5,Prevalence,176,Comoros,3,Both,27,Age-standardized,558,Mental disorders,2,Percent,2021,0.1382861035791066,0.153634712777923,0.1254625010437451
1,All Population,5,Prevalence,176,Comoros,3,Both,27,Age-standardized,558,Mental disorders,3,Rate,2021,13468.445024721359,14987.47571955849,12230.49712954173
1,All Population,5,Prevalence,144,Jordan,3,Both,27,Age-standardized,558,Mental disorders,2,Percent,2021,0.1494000308515788,0.1624616804071039,0.1356434478709636
1,All Population,5,Prevalence,144,Jordan,3,Both,27,Age-standardized,558,Mental disorders,3,Rate,2021,14281.54967906924,15556.01888945792,12999.49042276119
1,All Population,5,Prevalence,82,Greece,3,Both,27,Age-standardized,558,Mental disorders,2,Percent,2021,0.1992431142745012,0.2250676799666711,0.1752254478507977
1,All Population,5,Prevalence,82,Greece,3,Both,27,Age-standardized,558,Mental disorders,3,Rate,2021,18366.90921916889,20742.303836708852,16168.572435225458
1,All Population,5,Prevalence,149,Palestine,3,Both,27,Age-standardized,558,Mental disorders,2,Percent,2019,0.1397475449540187,0.1510196749049873,0.128646778683616
1,All Population,5,Prevalence,149,Palestine,3,Both,27,Age-standardized,558,Mental disorders,3,Rate,2019,13527.78348152546,14628.623345928341,12423.34576401897
1,All Population,5,Prevalence,177,Djibouti,3,Both,27,Age-standardized,558,Mental disorders,2,Percent,2019,0.1105413611204055,0.1208118830252154,0.1007738159328225
1,All Population,5,Prevalence,177,Djibouti,3,Both,27,Age-standardized,558,Mental disorders,3,Rate,2019,10754.226538700661,11738.52925169483,9795.109637670641
1,All Population,5,Prevalence,164,Nepal,3,Both,27,Age-standardized,558,Mental disorders,2,Percent,2019,0.1103893102357324,0.1215815828242305,0.1004517966138572
1,All Population,5,Prevalence,164,Nepal,3,Both,27,Age-standardized,558,Mental disorders,3,Rate,2019,10549.666112938801,11624.94709718316,9605.80936259841
1,All Population,5,Prevalence,155,Türkiye,3,Both,27,Age-standardized,558,Mental disorders,2,Percent,2019,0.1359001280172009,0.1466989681188789,0.1247491590913886
1,All Population,5,Prevalence,155,Türkiye,3,Both,27,Age-standardized,558,Mental disorders,3,Rate,2019,13028.930392542901,14065.21439883554,11937.94095239655
1,All Population,5,Prevalence,132,Panama,3,Both,27,Age-standardized,558,Mental disorders,2,Percent,2019,0.115013411469769,0.1262985005047119,0.1053435346698056
1,All Population,5,Prevalence,132,Panama,3,Both,27,Age-standardized,558,Mental disorders,3,Rate,2019,10914.02387285581,12004.35080034916,9960.39866503708
1,All Population,5,Prevalence,119,Trinidad and Tobago,3,Both,27,Age-standardized,558,Mental disorders,2,Percent,2019,0.1417382231377987,0.1546744314293135,0.1279850508240927
1,All Population,5,Prevalence,119,Trinidad and Tobago,3,Both,27,Age-standardized,558,Mental disorders,3,Rate,2019,13548.68421901693,14878.00752614386,12226.25746442242
1,All Population,5,Prevalence,214,Nigeria,3,Both,27,Age-standardized,558,Mental disorders,2,Percent,2019,0.1256407186377298,0.144376819984591,0.1107680616510422
1,All Population,5,Prevalence,214,Nigeria,3,Both,27,Age-standardized,558,Mental disorders,3,Rate,2019,12446.14727276576,14303.097765592298,10967.548047967759
1,All Population,5,Prevalence,349,Greenland,3,Both,27,Age-standardized,558,Mental disorders,2,Percent,2019,0.1656454383667141,0.1837287099239914,0.1503007666124933
1,All Population,5,Prevalence,349,Greenland,3,Both,27,Age-standardized,558,Mental disorders,3,Rate,2019,15295.55466136629,17073.42138711577,13893.90888235818
1,All Population,5,Prevalence,204,Chad,3,Both,27,Age-standardized,558,Mental disorders,2,Percent,2020,0.1636207785552107,0.1834299686561376,0.145605701051136
1,All Population,5,Prevalence,204,Chad,3,Both,27,Age-standardized,558,Mental disorders,3,Rate,2020,16192.1674492197,18139.241561630708,14399.65124928754
1,All Population,5,Prevalence,109,Cuba,3,Both,27,Age-standardized,558,Mental disorders,2,Percent,2021,0.170138782418191,0.1874464421692988,0.1529550399599011
1,All Population,5,Prevalence,109,Cuba,3,Both,27,Age-standardized,558,Mental disorders,3,Rate,2021,16336.89489113139,18007.64273470839,14684.782864164008
1,All Population,5,Prevalence,45,Bulgaria,3,Both,27,Age-standardized,558,Mental disorders,2,Percent,2021,0.1223943064354416,0.1375890527364636,0.1097667324942162
1,All Population,5,Prevalence,45,Bulgaria,3,Both,27,Age-standardized,558,Mental disorders,3,Rate,2021,11604.94330875024,13001.730638587189,10384.25606890038
1,All Population,5,Prevalence,13,Malaysia,3,Both,27,Age-standardized,558,Mental disorders,2,Percent,2021,0.1072213316768165,0.1177583613892041,0.0985888883962313
1,All Population,5,Prevalence,13,Malaysia,3,Both,27,Age-standardized,558,Mental disorders,3,Rate,2021,10197.24758328657,11203.65338633352,9364.866002465951
1,All Population,5,Prevalence,163,India,3,Both,27,Age-standardized,558,Mental disorders,2,Percent,2021,0.1356581238743571,0.1511971147059466,0.1228609661330791
1,All Population,5,Prevalence,163,India,3,Both,27,Age-standardized,558,Mental disorders,3,Rate,2021,13283.948848659042,14833.349106164858,12017.17651816288
1,All Population,5,Prevalence,142,Iran (Islamic Republic of),3,Both,27,Age-standardized,558,Mental disorders,2,Percent,2019,0.1774259562958751,0.1955738551651091,0.1615079420016205
1,All Population,5,Prevalence,142,Iran (Islamic Republic of),3,Both,27,Age-standardized,558,Mental disorders,3,Rate,2019,17119.48025992445,18909.51178687474,15565.78356132827
1,All Population,5,Prevalence,152,Saudi Arabia,3,Both,27,Age-standardized,558,Mental disorders,2,Percent,2021,0.1615677333729565,0.1818697144863248,0.143691781406869
1,All Population,5,Prevalence,152,Saudi Arabia,3,Both,27,Age-standardized,558,Mental disorders,3,Rate,2021,15557.22195749672,17517.911787733738,13840.719019084368
1,All Population,5,Prevalence,156,United Arab Emirates,3,Both,27,Age-standardized,558,Mental disorders,2,Percent,2021,0.1301517595916473,0.1439600777247558,0.1175241695733646
1,All Population,5,Prevalence,156,United Arab Emirates,3,Both,27,Age-standardized,558,Mental disorders,3,Rate,2021,12484.81933006691,13775.03081125338,11276.59022564103
1,All Population,5,Prevalence,71,Australia,3,Both,27,Age-standardized,558,Mental disorders,2,Percent,2021,0.2269375808985136,0.2437039686417378,0.2116207247686591
1,All Population,5,Prevalence,71,Australia,3,Both,27,Age-standardized,558,Mental disorders,3,Rate,2021,21080.1469063939,22638.13478426616,19654.77167165407
1,All Population,5,Prevalence,118,Suriname,3,Both,27,Age-standardized,558,Mental disorders,2,Percent,2021,0.1603957558966305,0.1769934811073784,0.1449942945629488
1,All Population,5,Prevalence,118,Suriname,3,Both,27,Age-standardized,558,Mental disorders,3,Rate,2021,15552.131493902249,17113.89703765083,14022.82518066672
1,All Population,5,Prevalence,194,Lesotho,3,Both,27,Age-standardized,558,Mental disorders,2,Percent,2021,0.1297140274669538,0.1452775586126117,0.1153633793307811
1,All Population,5,Prevalence,194,Lesotho,3,Both,27,Age-standardized,558,Mental disorders,3,Rate,2021,12809.70485090866,14385.466217130821,11385.5448769782
1,All Population,5,Prevalence,67,Japan,3,Both,27,Age-standardized,558,Mental disorders,2,Percent,2021,0.142993557447665,0.1606684611738691,0.1278096146881129
1,All Population,5,Prevalence,67,Japan,3,Both,27,Age-standardized,558,Mental disorders,3,Rate,2021,12914.39341637822,14549.479084126478,11525.577086817471
1,All Population,5,Prevalence,218,Togo,3,Both,27,Age-standardized,558,Mental disorders,2,Percent,2019,0.150018444933743,0.1775771548098784,0.1287025699004043
1,All Population,5,Prevalence,218,Togo,3,Both,27,Age-standardized,558,Mental disorders,3,Rate,2019,14839.25331189708,17555.28684643097,12707.54900816737
1,All Population,5,Prevalence,139,Algeria,3,Both,27,Age-standardized,558,Mental disorders,2,Percent,2021,0.1439365480591769,0.1567053756666201,0.1322631806479148
1,All Population,5,Prevalence,139,Algeria,3,Both,27,Age-standardized,558,Mental disorders,3,Rate,2021,13755.74973742093,14946.15793151674,12602.64418496978
1,All Population,5,Prevalence,376,Northern Mariana Islands,3,Both,27,Age-standardized,558,Mental disorders,2,Percent,2019,0.1072825809519725,0.1207433605782927,0.0943239807368442
1,All Population,5,Prevalence,376,Northern Mariana Islands,3,Both,27,Age-standardized,558,Mental disorders,3,Rate,2019,10289.77119897357,11618.263895513759,9078.59619501311
1,All Population,5,Prevalence,207,Ghana,3,Both,27,Age-standardized,558,Mental disorders,2,Percent,2021,0.1411585942738614,0.1574522739421578,0.1273514482514089
1,All Population,5,Prevalence,207,Ghana,3,Both,27,Age-standardized,558,Mental disorders,3,Rate,2021,13828.78484816496,15404.38359024616,12505.51065169663
1,All Population,5,Prevalence,62,Russian Federation,3,Both,27,Age-standardized,558,Mental disorders,2,Percent,2021,0.128665864430131,0.1437563600914277,0.1159408748834765
1,All Population,5,Prevalence,62,Russian Federation,3,Both,27,Age-standardized,558,Mental disorders,3,Rate,2021,11999.71777500606,13405.37831506541,10783.503993457589
1,All Population,5,Prevalence,80,France,3,Both,27,Age-standardized,558,Mental disorders,2,Percent,2019,0.1695007195401414,0.1881867989232352,0.151325528384252
1,All Population,5,Prevalence,80,France,3,Both,27,Age-standardized,558,Mental disorders,3,Rate,2019,15404.28488166593,17070.96916870427,13742.636961432689
1,All Population,5,Prevalence,187,Somalia,3,Both,27,Age-standardized,558,Mental disorders,2,Percent,2019,0.1086565458873219,0.1191696612710694,0.0983134313145276
1,All Population,5,Prevalence,187,Somalia,3,Both,27,Age-standardized,558,Mental disorders,3,Rate,2019,10751.08340121967,11763.58316729455,9755.44408768568
1,All Population,5,Prevalence,396,San Marino,3,Both,27,Age-standardized,558,Mental disorders,2,Percent,2019,0.165639987346868,0.1776067074114984,0.1541467729893887
1,All Population,5,Prevalence,396,San Marino,3,Both,27,Age-standardized,558,Mental disorders,3,Rate,2019,15153.092771578611,16228.42169015952,14075.07112916462
1,All Population,5,Prevalence,197,Eswatini,3,Both,27,Age-standardized,558,Mental disorders,2,Percent,2019,0.1168850978191171,0.1292582508673588,0.1047114955883543
1,All Population,5,Prevalence,197,Eswatini,3,Both,27,Age-standardized,558,Mental disorders,3,Rate,2019,11338.67513544979,12524.873398631538,10187.14897878039
1,All Population,5,Prevalence,172,Equatorial Guinea,3,Both,27,Age-standardized,558,Mental disorders,2,Percent,2019,0.134501279758902,0.1506738252393339,0.1201795168200461
1,All Population,5,Prevalence,172,Equatorial Guinea,3,Both,27,Age-standardized,558,Mental disorders,3,Rate,2019,13105.67687498114,14685.76464526957,11716.680118418039
1,All Population,5,Prevalence,179,Ethiopia,3,Both,27,Age-standardized,558,Mental disorders,2,Percent,2019,0.120178303389855,0.1315533325510534,0.109546001351475
1,All Population,5,Prevalence,179,Ethiopia,3,Both,27,Age-standardized,558,Mental disorders,3,Rate,2019,11829.59690438613,12957.09690338874,10789.03729036925
1,All Population,5,Prevalence,211,Mali,3,Both,27,Age-standardized,558,Mental disorders,2,Percent,2021,0.1437986122200168,0.1621688968676687,0.1282806349288163
1,All Population,5,Prevalence,211,Mali,3,Both,27,Age-standardized,558,Mental disorders,3,Rate,2021,14219.59035209108,16073.26990144396,12691.67426938905
1,All Population,5,Prevalence,169,Central African Republic,3,Both,27,Age-standardized,558,Mental disorders,2,Percent,2021,0.1662365396618621,0.1885102154026463,0.1487016034694477
1,All Population,5,Prevalence,169,Central African Republic,3,Both,27,Age-standardized,558,Mental disorders,3,Rate,2021,16573.1308421032,18773.55426437481,14828.67207909172
1,All Population,5,Prevalence,122,Ecuador,3,Both,27,Age-standardized,558,Mental disorders,2,Percent,2021,0.1629562017009667,0.1825362379680417,0.1459481344900426
1,All Population,5,Prevalence,122,Ecuador,3,Both,27,Age-standardized,558,Mental disorders,3,Rate,2021,15719.66187858414,17618.26111471867,14071.72921611883
1,All Population,5,Prevalence,75,Austria,3,Both,27,Age-standardized,558,Mental disorders,2,Percent,2021,0.162662112767729,0.1847508355517609,0.1418199366242353
1,All Population,5,Prevalence,75,Austria,3,Both,27,Age-standardized,558,Mental disorders,3,Rate,2021,14951.52224235442,16912.95370706892,13076.00196903268
1,All Population,5,Prevalence,54,Slovakia,3,Both,27,Age-standardized,558,Mental disorders,2,Percent,2021,0.1288760660185306,0.1456819009162927,0.1147668369055805
1,All Population,5,Prevalence,54,Slovakia,3,Both,27,Age-standardized,558,Mental disorders,3,Rate,2021,12130.41316507777,13695.088667022252,10759.20690113938
1,All Population,5,Prevalence,178,Eritrea,3,Both,27,Age-standardized,558,Mental disorders,2,Percent,2021,0.1301375701981084,0.1427376140143088,0.1184117293239931
1,All Population,5,Prevalence,178,Eritrea,3,Both,27,Age-standardized,558,Mental disorders,3,Rate,2021,12710.754240811439,13923.5709816568,11581.89790347069
1,All Population,5,Prevalence,91,Portugal,3,Both,27,Age-standardized,558,Mental disorders,2,Percent,2020,0.2200166788787982,0.2502945082675511,0.188999977095732
1,All Population,5,Prevalence,91,Portugal,3,Both,27,Age-standardized,558,Mental disorders,3,Rate,2020,20183.40328402497,22973.96466904477,17300.14835600136
1,All Population,5,Prevalence,127,El Salvador,3,Both,27,Age-standardized,558,Mental disorders,2,Percent,2019,0.1227774760552404,0.1354075034320968,0.1115325541519783
1,All Population,5,Prevalence,127,El Salvador,3,Both,27,Age-standardized,558,Mental disorders,3,Rate,2019,11751.95170389182,12993.59416802737,10665.52838007006
1,All Population,5,Prevalence,59,Latvia,3,Both,27,Age-standardized,558,Mental disorders,2,Percent,2020,0.1294271499095226,0.1459169267496957,0.1163177706136189
1,All Population,5,Prevalence,59,Latvia,3,Both,27,Age-standardized,558,Mental disorders,3,Rate,2020,11980.721126044431,13443.10982353627,10722.81658559262
1,All Population,5,Prevalence,44,Bosnia and Herzegovina,3,Both,27,Age-standardized,558,Mental disorders,2,Percent,2020,0.1365001100165679,0.1543654287931269,0.1209689165926569
1,All Population,5,Prevalence,44,Bosnia and Herzegovina,3,Both,27,Age-standardized,558,Mental disorders,3,Rate,2020,12921.275478623002,14558.18383905328,11393.45599155491
1,All Population,5,Prevalence,33,Armenia,3,Both,27,Age-standardized,558,Mental disorders,2,Percent,2020,0.1500160854587809,0.1705717079327993,0.1326115900185428
1,All Population,5,Prevalence,33,Armenia,3,Both,27,Age-standardized,558,Mental disorders,3,Rate,2020,14242.86420761929,16202.45135069209,12558.114692770589
1,All Population,5,Prevalence,90,Norway,3,Both,27,Age-standardized,558,Mental disorders,2,Percent,2021,0.1692221545052907,0.1940761072871561,0.1494380310437946
1,All Population,5,Prevalence,90,Norway,3,Both,27,Age-standardized,558,Mental disorders,3,Rate,2021,15520.392778655401,17724.42999416971,13694.18275522371
1,All Population,5,Prevalence,105,Antigua and Barbuda,3,Both,27,Age-standardized,558,Mental disorders,2,Percent,2021,0.1635377612947374,0.1801001305253716,0.1474932992888717
1,All Population,5,Prevalence,105,Antigua and Barbuda,3,Both,27,Age-standardized,558,Mental disorders,3,Rate,2021,15768.557879299999,17343.34816204328,14218.75097859656
1,All Population,5,Prevalence,60,Lithuania,3,Both,27,Age-standardized,558,Mental disorders,2,Percent,2021,0.1387531300560534,0.1567850539962863,0.1228684282364602
1,All Population,5,Prevalence,60,Lithuania,3,Both,27,Age-standardized,558,Mental disorders,3,Rate,2021,12995.73161116298,14706.22255537356,11420.48522743021
1,All Population,5,Prevalence,393,Saint Kitts and Nevis,3,Both,27,Age-standardized,558,Mental disorders,2,Percent,2020,0.1619383164992198,0.1777437871878864,0.1456262082083298
1,All Population,5,Prevalence,393,Saint Kitts and Nevis,3,Both,27,Age-standardized,558,Mental disorders,3,Rate,2020,15497.308956137049,17012.67833134022,13955.118357183479
1,All Population,5,Prevalence,191,Zambia,3,Both,27,Age-standardized,558,Mental disorders,2,Percent,2019,0.11762190678437,0.1286467790521037,0.1066114365437897
1,All Population,5,Prevalence,191,Zambia,3,Both,27,Age-standardized,558,Mental disorders,3,Rate,2019,11619.73752172969,12707.32012952647,10518.72956910434
1,All Population,5,Prevalence,210,Liberia,3,Both,27,Age-standardized,558,Mental disorders,2,Percent,2019,0.1298726249644349,0.1439090056851866,0.1151923762315392
1,All Population,5,Prevalence,210,Liberia,3,Both,27,Age-standardized,558,Mental disorders,3,Rate,2019,12880.11407192266,14255.60970186128,11405.17389787577
1,All Population,5,Prevalence,204,Chad,3,Both,27,Age-standardized,558,Mental disorders,2,Percent,2021,0.1589080010097294,0.1782516372770808,0.142022276730768
1,All Population,5,Prevalence,204,Chad,3,Both,27,Age-standardized,558,Mental disorders,3,Rate,2021,15718.87363108856,17645.79479878706,14044.34229260733
1,All Population,5,Prevalence,19,Timor-Leste,3,Both,27,Age-standardized,558,Mental disorders,2,Percent,2020,0.0938572927378681,0.1050286714279779,0.0844829402947422
1,All Population,5,Prevalence,19,Timor-Leste,3,Both,27,Age-standardized,558,Mental disorders,3,Rate,2020,9166.11802006903,10273.644563943772,8250.03164390543
1,All Population,5,Prevalence,217,Sierra Leone,3,Both,27,Age-standardized,558,Mental disorders,2,Percent,2021,0.1477816120872729,0.1668480893731266,0.1320853562110516
1,All Population,5,Prevalence,217,Sierra Leone,3,Both,27,Age-standardized,558,Mental disorders,3,Rate,2021,14609.15589817609,16515.88424391282,13026.35334177083
1,All Population,5,Prevalence,198,Zimbabwe,3,Both,27,Age-standardized,558,Mental disorders,2,Percent,2020,0.1284120483851903,0.1436129951171739,0.114563024566491
1,All Population,5,Prevalence,198,Zimbabwe,3,Both,27,Age-standardized,558,Mental disorders,3,Rate,2020,12448.27363225265,13879.29833255357,11132.25193371205
1,All Population,5,Prevalence,198,Zimbabwe,3,Both,27,Age-standardized,558,Mental disorders,2,Percent,2021,0.1316601946855349,0.1476576985933027,0.1176233440433473
1,All Population,5,Prevalence,198,Zimbabwe,3,Both,27,Age-standardized,558,Mental disorders,3,Rate,2021,12773.759603147011,14335.54969941289,11415.46549452593
1,All Population,5,Prevalence,367,Monaco,3,Both,27,Age-standardized,558,Mental disorders,2,Percent,2021,0.1916889549710188,0.2058729838164842,0.1777626529022754
1,All Population,5,Prevalence,367,Monaco,3,Both,27,Age-standardized,558,Mental disorders,3,Rate,2021,17583.27242809501,18871.627781360457,16290.246265298669
1,All Population,5,Prevalence,435,South Sudan,3,Both,27,Age-standardized,558,Mental disorders,2,Percent,2021,0.1436537867669299,0.1581041125272933,0.1298905616788788
1,All Population,5,Prevalence,435,South Sudan,3,Both,27,Age-standardized,558,Mental disorders,3,Rate,2021,14194.717063556282,15629.098648805151,12846.31045818598
1,All Population,5,Prevalence,26,Papua New Guinea,3,Both,27,Age-standardized,558,Mental disorders,2,Percent,2021,0.1183027504178428,0.1351564635495946,0.1038453248332166
1,All Population,5,Prevalence,26,Papua New Guinea,3,Both,27,Age-standardized,558,Mental disorders,3,Rate,2021,11730.373265265,13405.28043144169,10277.98565025503
1,All Population,5,Prevalence,80,France,3,Both,27,Age-standardized,558,Mental disorders,2,Percent,2020,0.1882021416639874,0.2109381792556046,0.1657642394194068
1,All Population,5,Prevalence,80,France,3,Both,27,Age-standardized,558,Mental disorders,3,Rate,2020,17138.49595224653,19127.54957928351,15053.85513791955
1,All Population,5,Prevalence,74,Andorra,3,Both,27,Age-standardized,558,Mental disorders,2,Percent,2020,0.1880194458139039,0.2017088129386532,0.1744985358394362
1,All Population,5,Prevalence,74,Andorra,3,Both,27,Age-standardized,558,Mental disorders,3,Rate,2020,17238.79448357665,18504.92852269138,15977.714038524591
1,All Population,5,Prevalence,29,Tonga,3,Both,27,Age-standardized,558,Mental disorders,2,Percent,2020,0.1357899141550912,0.1673056472380168,0.11423622014538
1,All Population,5,Prevalence,29,Tonga,3,Both,27,Age-standardized,558,Mental disorders,3,Rate,2020,13131.80129359502,16175.128416001111,11040.521171615721
1,All Population,5,Prevalence,14,Maldives,3,Both,27,Age-standardized,558,Mental disorders,2,Percent,2020,0.0937545050367178,0.1032130444050838,0.0850870262026652
1,All Population,5,Prevalence,14,Maldives,3,Both,27,Age-standardized,558,Mental disorders,3,Rate,2020,8978.93029952942,9875.626787622541,8165.1218463698
1,All Population,5,Prevalence,182,Malawi,3,Both,27,Age-standardized,558,Mental disorders,2,Percent,2021,0.1327732822026515,0.1467978461541298,0.1202688899271215
1,All Population,5,Prevalence,182,Malawi,3,Both,27,Age-standardized,558,Mental disorders,3,Rate,2021,12984.57744400748,14358.115348725989,11810.712772715271
1,All Population,5,Prevalence,111,Dominican Republic,3,Both,27,Age-standardized,558,Mental disorders,2,Percent,2020,0.1769947627639737,0.1950647129218916,0.1598810037164852
1,All Population,5,Prevalence,111,Dominican Republic,3,Both,27,Age-standardized,558,Mental disorders,3,Rate,2020,17113.45922625647,18852.49207376207,15414.802086490128
1,All Population,5,Prevalence,84,Ireland,3,Both,27,Age-standardized,558,Mental disorders,2,Percent,2021,0.2000962491158978,0.2257179179777359,0.1774228451065067
1,All Population,5,Prevalence,84,Ireland,3,Both,27,Age-standardized,558,Mental disorders,3,Rate,2021,18469.16666767055,20884.72736814072,16348.479530448782
1,All Population,5,Prevalence,30,Vanuatu,3,Both,27,Age-standardized,558,Mental disorders,2,Percent,2021,0.1167154268524078,0.1346269209367039,0.1026068465585981
1,All Population,5,Prevalence,30,Vanuatu,3,Both,27,Age-standardized,558,Mental disorders,3,Rate,2021,11482.53572525961,13212.11947647494,10106.66689534125
1,All Population,5,Prevalence,41,Uzbekistan,3,Both,27,Age-standardized,558,Mental disorders,2,Percent,2021,0.1103589451209006,0.123231586700815,0.0985094507448504
1,All Population,5,Prevalence,41,Uzbekistan,3,Both,27,Age-standardized,558,Mental disorders,3,Rate,2021,10529.06431113073,11763.86688660866,9447.2143927855
1,All Population,5,Prevalence,161,Bangladesh,3,Both,27,Age-standardized,558,Mental disorders,2,Percent,2021,0.1353551737392536,0.1517375240855922,0.1215358051959109
1,All Population,5,Prevalence,161,Bangladesh,3,Both,27,Age-standardized,558,Mental disorders,3,Rate,2021,13068.35953475728,14639.47135743604,11730.036648283169
1,All Population,5,Prevalence,131,Nicaragua,3,Both,27,Age-standardized,558,Mental disorders,2,Percent,2021,0.1419371665629065,0.1584180237436629,0.1280276051319502
1,All Population,5,Prevalence,131,Nicaragua,3,Both,27,Age-standardized,558,Mental disorders,3,Rate,2021,13635.418059404792,15209.61117409369,12323.74942091294
1,All Population,5,Prevalence,146,Lebanon,3,Both,27,Age-standardized,558,Mental disorders,2,Percent,2021,0.1734650038504082,0.1933309098896022,0.1564919327856792
1,All Population,5,Prevalence,146,Lebanon,3,Both,27,Age-standardized,558,Mental disorders,3,Rate,2021,16562.95922414143,18450.16722044766,14935.057400526211
1,All Population,5,Prevalence,101,Canada,3,Both,27,Age-standardized,558,Mental disorders,2,Percent,2021,0.168695377128341,0.1898083537947973,0.152320353554683
1,All Population,5,Prevalence,101,Canada,3,Both,27,Age-standardized,558,Mental disorders,3,Rate,2021,15619.39604116102,17531.71040752782,14070.9130078324
1,All Population,5,Prevalence,209,Guinea-Bissau,3,Both,27,Age-standardized,558,Mental disorders,2,Percent,2021,0.1403151364239878,0.1580461444613991,0.1245836343694563
1,All Population,5,Prevalence,209,Guinea-Bissau,3,Both,27,Age-standardized,558,Mental disorders,3,Rate,2021,13888.17002551416,15664.18133276963,12309.799825766859
1,All Population,5,Prevalence,165,Pakistan,3,Both,27,Age-standardized,558,Mental disorders,2,Percent,2021,0.1372107901415438,0.1510533615299951,0.1244617116017185
1,All Population,5,Prevalence,165,Pakistan,3,Both,27,Age-standardized,558,Mental disorders,3,Rate,2021,13214.09205945533,14559.219817765239,12004.693695633301
1,All Population,5,Prevalence,196,South Africa,3,Both,27,Age-standardized,558,Mental disorders,2,Percent,2021,0.1360735482522306,0.1541132277871085,0.1220679601410069
1,All Population,5,Prevalence,196,South Africa,3,Both,27,Age-standardized,558,Mental disorders,3,Rate,2021,13383.49559900289,15158.758427402268,12015.49522552311
1,All Population,5,Prevalence,393,Saint Kitts and Nevis,3,Both,27,Age-standardized,558,Mental disorders,2,Percent,2021,0.1647226561873635,0.1815953617786745,0.1488733899612557
1,All Population,5,Prevalence,393,Saint Kitts and Nevis,3,Both,27,Age-standardized,558,Mental disorders,3,Rate,2021,15772.113905122289,17351.09542735975,14240.69860900447
1,All Population,5,Prevalence,17,Sri Lanka,3,Both,27,Age-standardized,558,Mental disorders,2,Percent,2021,0.103056706728591,0.1138380726087841,0.0942484820499706
1,All Population,5,Prevalence,17,Sri Lanka,3,Both,27,Age-standardized,558,Mental disorders,3,Rate,2021,9875.565280580311,10927.7271945168,9022.584768134639
1,All Population,5,Prevalence,212,Mauritania,3,Both,27,Age-standardized,558,Mental disorders,2,Percent,2019,0.1112079117539202,0.1230546156025011,0.0994571906039177
1,All Population,5,Prevalence,212,Mauritania,3,Both,27,Age-standardized,558,Mental disorders,3,Rate,2019,10870.30583758012,12006.21049927579,9736.13239586764
1,All Population,5,Prevalence,121,Bolivia (Plurinational State of),3,Both,27,Age-standardized,558,Mental disorders,2,Percent,2020,0.1706897849612296,0.19040486422662,0.1512336540781355
1,All Population,5,Prevalence,121,Bolivia (Plurinational State of),3,Both,27,Age-standardized,558,Mental disorders,3,Rate,2020,16495.92848691735,18442.63506572407,14619.333227697969
1,All Population,5,Prevalence,127,El Salvador,3,Both,27,Age-standardized,558,Mental disorders,2,Percent,2020,0.1366450561546915,0.1518811460423303,0.1233921165703172
1,All Population,5,Prevalence,127,El Salvador,3,Both,27,Age-standardized,558,Mental disorders,3,Rate,2020,13081.034979526159,14548.679034095641,11838.59682466387
1,All Population,5,Prevalence,140,Bahrain,3,Both,27,Age-standardized,558,Mental disorders,2,Percent,2020,0.1457349377942252,0.1581142151692784,0.1337602269926416
1,All Population,5,Prevalence,140,Bahrain,3,Both,27,Age-standardized,558,Mental disorders,3,Rate,2020,14070.721879490742,15228.551632059762,12886.29713833145
1,All Population,5,Prevalence,106,Bahamas,3,Both,27,Age-standardized,558,Mental disorders,2,Percent,2020,0.1627804429857477,0.1783392603107395,0.1462767492997003
1,All Population,5,Prevalence,106,Bahamas,3,Both,27,Age-standardized,558,Mental disorders,3,Rate,2020,15659.90546979549,17164.083190961548,14078.806219171842
1,All Population,5,Prevalence,151,Qatar,3,Both,27,Age-standardized,558,Mental disorders,2,Percent,2020,0.128887769593811,0.1408370551111072,0.1179247978145387
1,All Population,5,Prevalence,151,Qatar,3,Both,27,Age-standardized,558,Mental disorders,3,Rate,2020,12283.29246183,13422.41726691898,11219.56897444242
1,All Population,5,Prevalence,213,Niger,3,Both,27,Age-standardized,558,Mental disorders,2,Percent,2021,0.1383429265454038,0.1556161967765432,0.1240458168604502
1,All Population,5,Prevalence,213,Niger,3,Both,27,Age-standardized,558,Mental disorders,3,Rate,2021,13717.26627124087,15456.05644758767,12310.18532274352
1,All Population,5,Prevalence,180,Kenya,3,Both,27,Age-standardized,558,Mental disorders,2,Percent,2021,0.1226578061582046,0.134331851202919,0.1128441004477953
1,All Population,5,Prevalence,180,Kenya,3,Both,27,Age-standardized,558,Mental disorders,3,Rate,2021,11997.82675498343,13137.99072633427,11040.491385813519
1,All Population,5,Prevalence,86,Italy,3,Both,27,Age-standardized,558,Mental disorders,2,Percent,2021,0.1602540932941902,0.1828780720259813,0.138383385708601
1,All Population,5,Prevalence,86,Italy,3,Both,27,Age-standardized,558,Mental disorders,3,Rate,2021,14749.75480854111,16874.94338659782,12715.54503094103
1,All Population,5,Prevalence,298,American Samoa,3,Both,27,Age-standardized,558,Mental disorders,2,Percent,2021,0.1211904303801038,0.1402007073322051,0.1065823033361842
1,All Population,5,Prevalence,298,American Samoa,3,Both,27,Age-standardized,558,Mental disorders,3,Rate,2021,11653.51084069074,13464.59924070139,10220.28178038046
1,All Population,5,Prevalence,185,Rwanda,3,Both,27,Age-standardized,558,Mental disorders,2,Percent,2020,0.129622258428724,0.1418233503838751,0.1175280304829732
1,All Population,5,Prevalence,185,Rwanda,3,Both,27,Age-standardized,558,Mental disorders,3,Rate,2020,12618.96363667532,13815.39566524362,11449.12577138477
1,All Population,5,Prevalence,168,Angola,3,Both,27,Age-standardized,558,Mental disorders,2,Percent,2020,0.1637889685938031,0.1860181705084105,0.145917078557038
1,All Population,5,Prevalence,168,Angola,3,Both,27,Age-standardized,558,Mental disorders,3,Rate,2020,16108.018007809711,18253.70895799865,14365.07926698256
1,All Population,5,Prevalence,183,Mauritius,3,Both,27,Age-standardized,558,Mental disorders,2,Percent,2020,0.104839027159651,0.1178716984841348,0.0947145173243555
1,All Population,5,Prevalence,183,Mauritius,3,Both,27,Age-standardized,558,Mental disorders,3,Rate,2020,10117.45003450175,11360.217636147769,9121.37244840317
1,All Population,5,Prevalence,201,Burkina Faso,3,Both,27,Age-standardized,558,Mental disorders,2,Percent,2020,0.1508552117824252,0.1682544050696504,0.1347504473394325
1,All Population,5,Prevalence,201,Burkina Faso,3,Both,27,Age-standardized,558,Mental disorders,3,Rate,2020,14935.53564140304,16654.299885436212,13336.50833325154
1,All Population,5,Prevalence,107,Barbados,3,Both,27,Age-standardized,558,Mental disorders,2,Percent,2021,0.1633494397932355,0.1800717108339322,0.1469721152381717
1,All Population,5,Prevalence,107,Barbados,3,Both,27,Age-standardized,558,Mental disorders,3,Rate,2021,15684.863123928411,17259.78178709495,14121.76736599178
1,All Population,5,Prevalence,214,Nigeria,3,Both,27,Age-standardized,558,Mental disorders,2,Percent,2020,0.1417941146613247,0.1668104667302056,0.1243144622552771
1,All Population,5,Prevalence,214,Nigeria,3,Both,27,Age-standardized,558,Mental disorders,3,Rate,2020,14049.72004848862,16541.56540594387,12311.5291809888
1,All Population,5,Prevalence,92,Spain,3,Both,27,Age-standardized,558,Mental disorders,2,Percent,2021,0.1888031513105316,0.2114309510371836,0.1693515990327473
1,All Population,5,Prevalence,92,Spain,3,Both,27,Age-standardized,558,Mental disorders,3,Rate,2021,17328.64444558092,19395.10470762281,15553.980172180409
1,All Population,5,Prevalence,47,Czechia,3,Both,27,Age-standardized,558,Mental disorders,2,Percent,2021,0.1362620871808051,0.1529489164910218,0.1212930335345829
1,All Population,5,Prevalence,47,Czechia,3,Both,27,Age-standardized,558,Mental disorders,3,Rate,2021,12798.12554593825,14374.15534414147,11372.69667717557
1,All Population,5,Prevalence,374,Niue,3,Both,27,Age-standardized,558,Mental disorders,2,Percent,2021,0.1210099153583945,0.1397405518084709,0.1064565660930728
1,All Population,5,Prevalence,374,Niue,3,Both,27,Age-standardized,558,Mental disorders,3,Rate,2021,11604.720943849741,13398.782244703361,10181.665338045861
1,All Population,5,Prevalence,154,Tunisia,3,Both,27,Age-standardized,558,Mental disorders,2,Percent,2021,0.1686649584341233,0.1836369215565754,0.1527953748333251
1,All Population,5,Prevalence,154,Tunisia,3,Both,27,Age-standardized,558,Mental disorders,3,Rate,2021,16088.894781954741,17580.66998231159,14598.94588621996
1,All Population,5,Prevalence,190,Uganda,3,Both,27,Age-standardized,558,Mental disorders,2,Percent,2019,0.1166815625748413,0.1277913818352467,0.1052079419856097
1,All Population,5,Prevalence,190,Uganda,3,Both,27,Age-standardized,558,Mental disorders,3,Rate,2019,11510.395563572989,12611.44011909236,10375.97464940305
1,All Population,5,Prevalence,305,Bermuda,3,Both,27,Age-standardized,558,Mental disorders,2,Percent,2020,0.1646870189298619,0.1809606881628042,0.1483432660131265
1,All Population,5,Prevalence,305,Bermuda,3,Both,27,Age-standardized,558,Mental disorders,3,Rate,2020,15668.005462328549,17197.412422762533,14119.469983250929
1,All Population,5,Prevalence,7,Democratic People's Republic of Korea,3,Both,27,Age-standardized,558,Mental disorders,2,Percent,2022,0.1224303000124561,0.1398436377548372,0.1102341186708351
1,All Population,5,Prevalence,7,Democratic People's Republic of Korea,3,Both,27,Age-standardized,558,Mental disorders,3,Rate,2022,11704.17060273147,13333.51565901072,10528.41141680546
1,All Population,5,Prevalence,416,Tuvalu,3,Both,27,Age-standardized,558,Mental disorders,2,Percent,2019,0.1054170925489944,0.1188279266573174,0.0926274761079106
1,All Population,5,Prevalence,416,Tuvalu,3,Both,27,Age-standardized,558,Mental disorders,3,Rate,2019,10269.02073655861,11597.610899030771,9044.84138562913
1,All Population,5,Prevalence,22,Fiji,3,Both,27,Age-standardized,558,Mental disorders,2,Percent,2022,0.1155643678233909,0.1335482841815093,0.1015122175325136
1,All Population,5,Prevalence,22,Fiji,3,Both,27,Age-standardized,558,Mental disorders,3,Rate,2022,11293.19564051114,13055.0149889138,9903.537832966489
1,All Population,5,Prevalence,126,Costa Rica,3,Both,27,Age-standardized,558,Mental disorders,2,Percent,2021,0.142101420270708,0.1581100051118504,0.1285024664608861
1,All Population,5,Prevalence,126,Costa Rica,3,Both,27,Age-standardized,558,Mental disorders,3,Rate,2021,13534.846537456418,15056.653942155728,12253.35598272608
1,All Population,5,Prevalence,111,Dominican Republic,3,Both,27,Age-standardized,558,Mental disorders,2,Percent,2021,0.1759704452981804,0.1950068447217125,0.1592569320152774
1,All Population,5,Prevalence,111,Dominican Republic,3,Both,27,Age-standardized,558,Mental disorders,3,Rate,2021,17011.8493706628,18816.24110533423,15353.75801866502
1,All Population,5,Prevalence,66,Brunei Darussalam,3,Both,27,Age-standardized,558,Mental disorders,2,Percent,2021,0.136163357846103,0.1564454694409293,0.1205009891597413
1,All Population,5,Prevalence,66,Brunei Darussalam,3,Both,27,Age-standardized,558,Mental disorders,3,Rate,2021,12541.38750675359,14399.79299478239,11035.46552117584
1,All Population,5,Prevalence,77,Cyprus,3,Both,27,Age-standardized,558,Mental disorders,2,Percent,2021,0.1919190569867749,0.2060553012578714,0.1777030426162551
1,All Population,5,Prevalence,77,Cyprus,3,Both,27,Age-standardized,558,Mental disorders,3,Rate,2021,17827.31713555019,19148.14274407082,16476.63663740747
1,All Population,5,Prevalence,141,Egypt,3,Both,27,Age-standardized,558,Mental disorders,2,Percent,2021,0.1571638553947485,0.1741911959267434,0.1422355579043809
1,All Population,5,Prevalence,141,Egypt,3,Both,27,Age-standardized,558,Mental disorders,3,Rate,2021,15117.9360172363,16753.05302526256,13671.27864181586
1,All Population,5,Prevalence,171,Democratic Republic of the Congo,3,Both,27,Age-standardized,558,Mental disorders,2,Percent,2021,0.1481894451545639,0.1691131757466855,0.1325304742098382
1,All Population,5,Prevalence,171,Democratic Republic of the Congo,3,Both,27,Age-standardized,558,Mental disorders,3,Rate,2021,14729.706590778898,16807.79092435471,13178.50511093027
1,All Population,5,Prevalence,200,Benin,3,Both,27,Age-standardized,558,Mental disorders,2,Percent,2021,0.1505880876581737,0.1700157970916538,0.1343901184072391
1,All Population,5,Prevalence,200,Benin,3,Both,27,Age-standardized,558,Mental disorders,3,Rate,2021,14854.51663120439,16787.5752962304,13262.13119663657
1,All Population,5,Prevalence,93,Sweden,3,Both,27,Age-standardized,558,Mental disorders,2,Percent,2020,0.1729021225295431,0.1859292002156717,0.1603224736840217
1,All Population,5,Prevalence,93,Sweden,3,Both,27,Age-standardized,558,Mental disorders,3,Rate,2020,15956.84747022334,17105.41854387003,14756.84219500289
1,All Population,5,Prevalence,35,Georgia,3,Both,27,Age-standardized,558,Mental disorders,2,Percent,2020,0.1291118281912902,0.1435678530295293,0.1153670235491627
1,All Population,5,Prevalence,35,Georgia,3,Both,27,Age-standardized,558,Mental disorders,3,Rate,2020,12264.81818447379,13630.696977524402,10973.37277071692
1,All Population,5,Prevalence,46,Croatia,3,Both,27,Age-standardized,558,Mental disorders,2,Percent,2020,0.1405825319015457,0.1604626245330886,0.122309029596266
1,All Population,5,Prevalence,46,Croatia,3,Both,27,Age-standardized,558,Mental disorders,3,Rate,2020,13309.26655116398,15197.924131970081,11608.53437385345
1,All Population,5,Prevalence,39,Tajikistan,3,Both,27,Age-standardized,558,Mental disorders,2,Percent,2022,0.1208409562496632,0.1362315110758211,0.1077198871404263
1,All Population,5,Prevalence,39,Tajikistan,3,Both,27,Age-standardized,558,Mental disorders,3,Rate,2022,11608.97310445337,13104.034416875851,10357.88141434936
1,All Population,5,Prevalence,43,Albania,3,Both,27,Age-standardized,558,Mental disorders,2,Percent,2021,0.1315781078574863,0.1495537527264753,0.1165489616725971
1,All Population,5,Prevalence,43,Albania,3,Both,27,Age-standardized,558,Mental disorders,3,Rate,2021,12444.986542533861,14156.07342273893,11002.546287559919
1,All Population,5,Prevalence,133,Venezuela (Bolivarian Republic of),3,Both,27,Age-standardized,558,Mental disorders,2,Percent,2021,0.1518861685179403,0.1715590552234373,0.1376642272919489
1,All Population,5,Prevalence,133,Venezuela (Bolivarian Republic of),3,Both,27,Age-standardized,558,Mental disorders,3,Rate,2021,14670.6419079076,16590.19416008852,13260.44542210795
1,All Population,5,Prevalence,52,Romania,3,Both,27,Age-standardized,558,Mental disorders,2,Percent,2022,0.1245136991675664,0.1434961690778486,0.1097554229560632
1,All Population,5,Prevalence,52,Romania,3,Both,27,Age-standardized,558,Mental disorders,3,Rate,2022,11860.554439889991,13663.80018021954,10437.76713685002
1,All Population,5,Prevalence,148,Morocco,3,Both,27,Age-standardized,558,Mental disorders,2,Percent,2021,0.1460738379498461,0.1588407934857743,0.1346002672863842
1,All Population,5,Prevalence,148,Morocco,3,Both,27,Age-standardized,558,Mental disorders,3,Rate,2021,13999.300993286739,15255.901393013679,12846.545319950332
1,All Population,5,Prevalence,37,Kyrgyzstan,3,Both,27,Age-standardized,558,Mental disorders,2,Percent,2022,0.1136928606686938,0.1278236224193076,0.1011241432330812
1,All Population,5,Prevalence,37,Kyrgyzstan,3,Both,27,Age-standardized,558,Mental disorders,3,Rate,2022,10958.30256203625,12322.74504816712,9734.384026664771
1,All Population,5,Prevalence,16,Philippines,3,Both,27,Age-standardized,558,Mental disorders,2,Percent,2020,0.097943302094854,0.1071756546314808,0.0890408977798737
1,All Population,5,Prevalence,16,Philippines,3,Both,27,Age-standardized,558,Mental disorders,3,Rate,2020,9427.46900792103,10300.157401876972,8566.33994241802
1,All Population,5,Prevalence,184,Mozambique,3,Both,27,Age-standardized,558,Mental disorders,2,Percent,2021,0.14368540392144,0.1588524057171634,0.1295326038275132
1,All Population,5,Prevalence,184,Mozambique,3,Both,27,Age-standardized,558,Mental disorders,3,Rate,2021,14187.461793678429,15659.767000995189,12775.27457615986
1,All Population,5,Prevalence,215,Sao Tome and Principe,3,Both,27,Age-standardized,558,Mental disorders,2,Percent,2021,0.1431839239300488,0.1613220153912603,0.1275503949675063
1,All Population,5,Prevalence,215,Sao Tome and Principe,3,Both,27,Age-standardized,558,Mental disorders,3,Rate,2021,14114.26617174245,15894.21965574504,12565.06646534733
1,All Population,5,Prevalence,34,Azerbaijan,3,Both,27,Age-standardized,558,Mental disorders,2,Percent,2021,0.12496064195885,0.1407475346114573,0.1110182518428961
1,All Population,5,Prevalence,34,Azerbaijan,3,Both,27,Age-standardized,558,Mental disorders,3,Rate,2021,11888.61509297486,13403.253901944001,10569.64568545828
1,All Population,5,Prevalence,67,Japan,3,Both,27,Age-standardized,558,Mental disorders,2,Percent,2022,0.1412305085683901,0.1594531762703182,0.1255318034839229
1,All Population,5,Prevalence,67,Japan,3,Both,27,Age-standardized,558,Mental disorders,3,Rate,2022,12856.938003050089,14550.050178260859,11458.83152609036
1,All Population,5,Prevalence,76,Belgium,3,Both,27,Age-standardized,558,Mental disorders,2,Percent,2020,0.1747703484200002,0.1959311625954478,0.1545146498847129
1,All Population,5,Prevalence,76,Belgium,3,Both,27,Age-standardized,558,Mental disorders,3,Rate,2020,15941.16244329049,17869.13990483859,14117.43840473454
1,All Population,5,Prevalence,61,Republic of Moldova,3,Both,27,Age-standardized,558,Mental disorders,2,Percent,2020,0.1345430029712631,0.1518658459775027,0.1200212615620238
1,All Population,5,Prevalence,61,Republic of Moldova,3,Both,27,Age-standardized,558,Mental disorders,3,Rate,2020,12593.54050015764,14192.491210421122,11147.1331503152
1,All Population,5,Prevalence,385,Puerto Rico,3,Both,27,Age-standardized,558,Mental disorders,2,Percent,2020,0.1789644305320158,0.1952388864872249,0.1618590031774488
1,All Population,5,Prevalence,385,Puerto Rico,3,Both,27,Age-standardized,558,Mental disorders,3,Rate,2020,17024.298150021532,18524.176077772732,15449.70409730004
1,All Population,5,Prevalence,88,Malta,3,Both,27,Age-standardized,558,Mental disorders,2,Percent,2021,0.2060608971421343,0.222520029483357,0.1891559519981499
1,All Population,5,Prevalence,88,Malta,3,Both,27,Age-standardized,558,Mental disorders,3,Rate,2021,18929.744066712738,20487.63194937713,17413.33702846431
1,All Population,5,Prevalence,19,Timor-Leste,3,Both,27,Age-standardized,558,Mental disorders,2,Percent,2021,0.0965393067396402,0.1075940708774813,0.0866948822518997
1,All Population,5,Prevalence,19,Timor-Leste,3,Both,27,Age-standardized,558,Mental disorders,3,Rate,2021,9424.54008170584,10498.964019359459,8478.52334134579
1,All Population,5,Prevalence,10,Cambodia,3,Both,27,Age-standardized,558,Mental disorders,2,Percent,2020,0.1033367337734827,0.1145245080000019,0.0932878246119654
1,All Population,5,Prevalence,10,Cambodia,3,Both,27,Age-standardized,558,Mental disorders,3,Rate,2020,10058.23220755199,11160.587787718609,9091.484500114839
1,All Population,5,Prevalence,86,Italy,3,Both,27,Age-standardized,558,Mental disorders,2,Percent,2022,0.1636185887404506,0.1875357705441924,0.1405611706781363
1,All Population,5,Prevalence,86,Italy,3,Both,27,Age-standardized,558,Mental disorders,3,Rate,2022,15062.6832721661,17350.5838579919,12920.3172685358
1,All Population,5,Prevalence,82,Greece,3,Both,27,Age-standardized,558,Mental disorders,2,Percent,2022,0.2018130617046473,0.2276185233482612,0.1776960797647554
1,All Population,5,Prevalence,82,Greece,3,Both,27,Age-standardized,558,Mental disorders,3,Rate,2022,18661.25290600333,21047.27558340018,16494.755153732927
1,All Population,5,Prevalence,380,Palau,3,Both,27,Age-standardized,558,Mental disorders,2,Percent,2021,0.1205516407880141,0.1388563899945704,0.1059673029520669
1,All Population,5,Prevalence,380,Palau,3,Both,27,Age-standardized,558,Mental disorders,3,Rate,2021,11639.84139454073,13423.773160068,10205.00289926706
1,All Population,5,Prevalence,136,Paraguay,3,Both,27,Age-standardized,558,Mental disorders,2,Percent,2020,0.1649456925005923,0.1834993137808044,0.1487393713681374
1,All Population,5,Prevalence,136,Paraguay,3,Both,27,Age-standardized,558,Mental disorders,3,Rate,2020,15919.09173131405,17693.23068793163,14357.15807964669
1,All Population,5,Prevalence,320,Cook Islands,3,Both,27,Age-standardized,558,Mental disorders,2,Percent,2021,0.1210310785169551,0.1395493600676948,0.1063034826563843
1,All Population,5,Prevalence,320,Cook Islands,3,Both,27,Age-standardized,558,Mental disorders,3,Rate,2021,11601.23949036918,13388.981309848292,10198.24602770013
1,All Population,5,Prevalence,413,Tokelau,3,Both,27,Age-standardized,558,Mental disorders,2,Percent,2021,0.1202025170207007,0.1385730303418225,0.1054884968231854
1,All Population,5,Prevalence,413,Tokelau,3,Both,27,Age-standardized,558,Mental disorders,3,Rate,2021,11618.27962083262,13404.124857859731,10192.27055634739
1,All Population,5,Prevalence,49,North Macedonia,3,Both,27,Age-standardized,558,Mental disorders,2,Percent,2021,0.1351523456728335,0.1552581889303524,0.1184310521962922
1,All Population,5,Prevalence,49,North Macedonia,3,Both,27,Age-standardized,558,Mental disorders,3,Rate,2021,12743.85659225037,14668.426329747139,11213.312760320001
1,All Population,5,Prevalence,94,Switzerland,3,Both,27,Age-standardized,558,Mental disorders,2,Percent,2021,0.1887155142899209,0.2099499737520833,0.1699611434521326
1,All Population,5,Prevalence,94,Switzerland,3,Both,27,Age-standardized,558,Mental disorders,3,Rate,2021,17188.98597627586,19176.14422399369,15506.49354274588
1,All Population,5,Prevalence,161,Bangladesh,3,Both,27,Age-standardized,558,Mental disorders,2,Percent,2022,0.1343340663527166,0.1508600844743313,0.1203485074509898
1,All Population,5,Prevalence,161,Bangladesh,3,Both,27,Age-standardized,558,Mental disorders,3,Rate,2022,12969.42705554438,14619.04307436566,11608.673835586069
1,All Population,5,Prevalence,153,Syrian Arab Republic,3,Both,27,Age-standardized,558,Mental disorders,2,Percent,2020,0.1874817046014152,0.2093061801507426,0.1686613933431174
1,All Population,5,Prevalence,153,Syrian Arab Republic,3,Both,27,Age-standardized,558,Mental disorders,3,Rate,2020,18281.48430539227,20434.35235118238,16466.08602589989
1,All Population,5,Prevalence,108,Belize,3,Both,27,Age-standardized,558,Mental disorders,2,Percent,2020,0.1615957610444815,0.1770032019609326,0.1456383526645197
1,All Population,5,Prevalence,108,Belize,3,Both,27,Age-standardized,558,Mental disorders,3,Rate,2020,15659.646819412439,17147.86377092803,14094.117239650992
1,All Population,5,Prevalence,123,Peru,3,Both,27,Age-standardized,558,Mental disorders,2,Percent,2020,0.1724574251373915,0.1906817221925789,0.1533245196282667
1,All Population,5,Prevalence,123,Peru,3,Both,27,Age-standardized,558,Mental disorders,3,Rate,2020,16899.083263877503,18661.12422941817,15022.91481044416
1,All Population,5,Prevalence,142,Iran (Islamic Republic of),3,Both,27,Age-standardized,558,Mental disorders,2,Percent,2020,0.2024033259177098,0.2266956149822719,0.1824490770171221
1,All Population,5,Prevalence,142,Iran (Islamic Republic of),3,Both,27,Age-standardized,558,Mental disorders,3,Rate,2020,19548.4446862615,21927.66416746753,17643.850196787218
1,All Population,5,Prevalence,173,Gabon,3,Both,27,Age-standardized,558,Mental disorders,2,Percent,2021,0.1560267857652353,0.1770451632058111,0.1399089874021186
1,All Population,5,Prevalence,173,Gabon,3,Both,27,Age-standardized,558,Mental disorders,3,Rate,2021,15395.25956864779,17445.52410029975,13827.58930504754
1,All Population,5,Prevalence,202,Cameroon,3,Both,27,Age-standardized,558,Mental disorders,2,Percent,2021,0.148695613688923,0.166977599953607,0.1330447649439985
1,All Population,5,Prevalence,202,Cameroon,3,Both,27,Age-standardized,558,Mental disorders,3,Rate,2021,14631.706003209161,16425.53706439808,13090.49787086414
1,All Population,5,Prevalence,349,Greenland,3,Both,27,Age-standardized,558,Mental disorders,2,Percent,2020,0.1845923345786072,0.2071829494054042,0.1665880022214456
1,All Population,5,Prevalence,349,Greenland,3,Both,27,Age-standardized,558,Mental disorders,3,Rate,2020,17072.110727828167,19223.5363326416,15397.87224816572
1,All Population,5,Prevalence,522,Sudan,3,Both,27,Age-standardized,558,Mental disorders,2,Percent,2020,0.1484979396154706,0.1622829641427499,0.1354803993033664
1,All Population,5,Prevalence,522,Sudan,3,Both,27,Age-standardized,558,Mental disorders,3,Rate,2020,14539.796857697971,15877.44359300543,13208.718118036519
1,All Population,5,Prevalence,23,Kiribati,3,Both,27,Age-standardized,558,Mental disorders,2,Percent,2020,0.1189707615883413,0.1361443048900188,0.1036849977158151
1,All Population,5,Prevalence,23,Kiribati,3,Both,27,Age-standardized,558,Mental disorders,3,Rate,2020,11772.84595789545,13460.33100295917,10247.760743029039
1,All Population,5,Prevalence,203,Cabo Verde,3,Both,27,Age-standardized,558,Mental disorders,2,Percent,2020,0.1453475584455678,0.1630042499120606,0.1292996761878345
1,All Population,5,Prevalence,203,Cabo Verde,3,Both,27,Age-standardized,558,Mental disorders,3,Rate,2020,13955.08137986656,15697.60168596438,12414.158258629219
1,All Population,5,Prevalence,216,Senegal,3,Both,27,Age-standardized,558,Mental disorders,2,Percent,2020,0.1360911138732232,0.1517420081784163,0.1214020314065224
1,All Population,5,Prevalence,216,Senegal,3,Both,27,Age-standardized,558,Mental disorders,3,Rate,2020,13374.35617315396,14878.41892783915,11930.64079796726
1,All Population,5,Prevalence,170,Congo,3,Both,27,Age-standardized,558,Mental disorders,2,Percent,2020,0.1540670908263372,0.1720076413041526,0.1384466941130817
1,All Population,5,Prevalence,170,Congo,3,Both,27,Age-standardized,558,Mental disorders,3,Rate,2020,15217.18362813516,16954.459002416468,13694.36123020889
1,All Population,5,Prevalence,187,Somalia,3,Both,27,Age-standardized,558,Mental disorders,2,Percent,2020,0.1218846130620281,0.1333625709139225,0.1108711318859979
1,All Population,5,Prevalence,187,Somalia,3,Both,27,Age-standardized,558,Mental disorders,3,Rate,2020,12057.50748326844,13192.622253406069,10964.09951152991
1,All Population,5,Prevalence,57,Belarus,3,Both,27,Age-standardized,558,Mental disorders,2,Percent,2020,0.1247131486080356,0.1386767821520149,0.1115615980123885
1,All Population,5,Prevalence,57,Belarus,3,Both,27,Age-standardized,558,Mental disorders,3,Rate,2020,11572.11677774624,12857.78839988361,10348.25442417985
1,All Population,5,Prevalence,176,Comoros,3,Both,27,Age-standardized,558,Mental disorders,2,Percent,2022,0.1414395768583437,0.1578441072859481,0.1279598711992729
1,All Population,5,Prevalence,176,Comoros,3,Both,27,Age-standardized,558,Mental disorders,3,Rate,2022,13774.171115498879,15409.78753651908,12511.34516485131
1,All Population,5,Prevalence,114,Haiti,3,Both,27,Age-standardized,558,Mental disorders,2,Percent,2022,0.1657819508537347,0.1839886397546105,0.1500772297347318
1,All Population,5,Prevalence,114,Haiti,3,Both,27,Age-standardized,558,Mental disorders,3,Rate,2022,16288.858624105551,18080.73766372944,14718.624682981901
1,All Population,5,Prevalence,144,Jordan,3,Both,27,Age-standardized,558,Mental disorders,2,Percent,2022,0.150095571535617,0.1643254402703655,0.1362381947824233
1,All Population,5,Prevalence,144,Jordan,3,Both,27,Age-standardized,558,Mental disorders,3,Rate,2022,14373.264700677291,15741.531483703438,13080.23608891813
1,All Population,5,Prevalence,99,Uruguay,3,Both,27,Age-standardized,558,Mental disorders,2,Percent,2022,0.1763605719464597,0.2006781905812427,0.1565642667007113
1,All Population,5,Prevalence,99,Uruguay,3,Both,27,Age-standardized,558,Mental disorders,3,Rate,2022,16577.60154851664,18853.84485632714,14692.55865827305
1,All Population,5,Prevalence,133,Venezuela (Bolivarian Republic of),3,Both,27,Age-standardized,558,Mental disorders,2,Percent,2022,0.1522052722008843,0.1726380956701317,0.1370582907150521
1,All Population,5,Prevalence,133,Venezuela (Bolivarian Republic of),3,Both,27,Age-standardized,558,Mental disorders,3,Rate,2022,14726.29054861498,16723.2201349034,13245.24054585543
1,All Population,5,Prevalence,12,Lao People's Democratic Republic,3,Both,27,Age-standardized,558,Mental disorders,2,Percent,2020,0.093202173064096,0.1038672745299778,0.0839203673689266
1,All Population,5,Prevalence,12,Lao People's Democratic Republic,3,Both,27,Age-standardized,558,Mental disorders,3,Rate,2020,8971.56313226184,9999.65444663138,8069.9517839323
1,All Population,5,Prevalence,41,Uzbekistan,3,Both,27,Age-standardized,558,Mental disorders,2,Percent,2022,0.1118219976307507,0.125434431255432,0.099774938484034
1,All Population,5,Prevalence,41,Uzbekistan,3,Both,27,Age-standardized,558,Mental disorders,3,Rate,2022,10667.98239902113,11961.93267371584,9572.37829639628
1,All Population,5,Prevalence,11,Indonesia,3,Both,27,Age-standardized,558,Mental disorders,2,Percent,2022,0.0949170278473703,0.1046761713704122,0.0856891195314492
1,All Population,5,Prevalence,11,Indonesia,3,Both,27,Age-standardized,558,Mental disorders,3,Rate,2022,9218.257049095451,10149.65838125514,8329.38470605825
1,All Population,5,Prevalence,36,Kazakhstan,3,Both,27,Age-standardized,558,Mental disorders,2,Percent,2020,0.1096221961296953,0.1218945651345721,0.0974167251679048
1,All Population,5,Prevalence,36,Kazakhstan,3,Both,27,Age-standardized,558,Mental disorders,3,Rate,2020,10386.30999587862,11551.789025249122,9247.3105361971
1,All Population,5,Prevalence,143,Iraq,3,Both,27,Age-standardized,558,Mental disorders,2,Percent,2021,0.1552941061389287,0.1735566936861178,0.1400241974499039
1,All Population,5,Prevalence,143,Iraq,3,Both,27,Age-standardized,558,Mental disorders,3,Rate,2021,14938.48679969446,16739.95536516283,13502.68096981364
1,All Population,5,Prevalence,79,Finland,3,Both,27,Age-standardized,558,Mental disorders,2,Percent,2021,0.1439787724649598,0.1597918112298338,0.1292524990847085
1,All Population,5,Prevalence,79,Finland,3,Both,27,Age-standardized,558,Mental disorders,3,Rate,2021,13195.63140077027,14723.54901247758,11851.831220126729
1,All Population,5,Prevalence,68,Republic of Korea,3,Both,27,Age-standardized,558,Mental disorders,2,Percent,2020,0.1355931986240999,0.1559347002935757,0.1190928256076072
1,All Population,5,Prevalence,68,Republic of Korea,3,Both,27,Age-standardized,558,Mental disorders,3,Rate,2020,12411.24661684699,14272.66626302258,10900.60974900871
1,All Population,5,Prevalence,48,Hungary,3,Both,27,Age-standardized,558,Mental disorders,2,Percent,2020,0.1282201613371916,0.1439600229153517,0.114654716921335
1,All Population,5,Prevalence,48,Hungary,3,Both,27,Age-standardized,558,Mental disorders,3,Rate,2020,12038.731988240579,13501.5582174456,10735.92628972504
1,All Population,5,Prevalence,13,Malaysia,3,Both,27,Age-standardized,558,Mental disorders,2,Percent,2022,0.1034915901295517,0.1138972822885968,0.0948502483141054
1,All Population,5,Prevalence,13,Malaysia,3,Both,27,Age-standardized,558,Mental disorders,3,Rate,2022,9856.20270458313,10849.03997786021,9041.91951270102
1,All Population,5,Prevalence,6,China,3,Both,27,Age-standardized,558,Mental disorders,2,Percent,2020,0.1311109987491683,0.1468765489074311,0.1186769903634611
1,All Population,5,Prevalence,6,China,3,Both,27,Age-standardized,558,Mental disorders,3,Rate,2020,12402.91650434198,13935.28724057038,11206.18613413624
1,All Population,5,Prevalence,186,Seychelles,3,Both,27,Age-standardized,558,Mental disorders,2,Percent,2021,0.0973332964834004,0.1079429087865554,0.0893499041965947
1,All Population,5,Prevalence,186,Seychelles,3,Both,27,Age-standardized,558,Mental disorders,3,Rate,2021,9287.17969821856,10284.53661309567,8518.90661243761
1,All Population,5,Prevalence,34,Azerbaijan,3,Both,27,Age-standardized,558,Mental disorders,2,Percent,2022,0.124748533976496,0.1409735293871267,0.1105046283111984
1,All Population,5,Prevalence,34,Azerbaijan,3,Both,27,Age-standardized,558,Mental disorders,3,Rate,2022,11877.96930528643,13460.94888108757,10496.63034617626
1,All Population,5,Prevalence,60,Lithuania,3,Both,27,Age-standardized,558,Mental disorders,2,Percent,2022,0.138249711717325,0.157398364923423,0.1224187708819274
1,All Population,5,Prevalence,60,Lithuania,3,Both,27,Age-standardized,558,Mental disorders,3,Rate,2022,12961.95421068734,14745.14944089593,11388.75487665016
1,All Population,5,Prevalence,28,Solomon Islands,3,Both,27,Age-standardized,558,Mental disorders,2,Percent,2022,0.121367042208185,0.1397163573984555,0.1065965297619714
1,All Population,5,Prevalence,28,Solomon Islands,3,Both,27,Age-standardized,558,Mental disorders,3,Rate,2022,11904.088141759301,13725.975432528308,10435.48657780754
1,All Population,5,Prevalence,45,Bulgaria,3,Both,27,Age-standardized,558,Mental disorders,2,Percent,2022,0.1228681859840944,0.1380865816741912,0.1100295044097113
1,All Population,5,Prevalence,45,Bulgaria,3,Both,27,Age-standardized,558,Mental disorders,3,Rate,2022,11653.86484714984,13107.17614299081,10411.529211626119
1,All Population,5,Prevalence,75,Austria,3,Both,27,Age-standardized,558,Mental disorders,2,Percent,2022,0.1637490781501337,0.1877551104035877,0.1417485542855519
1,All Population,5,Prevalence,75,Austria,3,Both,27,Age-standardized,558,Mental disorders,3,Rate,2022,15089.788570595569,17207.21021432009,13043.70368010515
1,All Population,5,Prevalence,396,San Marino,3,Both,27,Age-standardized,558,Mental disorders,2,Percent,2020,0.1909509319634291,0.2046474026263311,0.1772031253999235
1,All Population,5,Prevalence,396,San Marino,3,Both,27,Age-standardized,558,Mental disorders,3,Rate,2020,17530.13765086899,18769.8081779876,16206.230266900202
1,All Population,5,Prevalence,63,Ukraine,3,Both,27,Age-standardized,558,Mental disorders,2,Percent,2020,0.1448632515195556,0.1606285687659653,0.1291624630175184
1,All Population,5,Prevalence,63,Ukraine,3,Both,27,Age-standardized,558,Mental disorders,3,Rate,2020,13563.93034402791,15080.779131121879,12064.86419797365
1,All Population,5,Prevalence,25,Micronesia (Federated States of),3,Both,27,Age-standardized,558,Mental disorders,2,Percent,2020,0.1154368378258859,0.1324552343698686,0.1012396967277622
1,All Population,5,Prevalence,25,Micronesia (Federated States of),3,Both,27,Age-standardized,558,Mental disorders,3,Rate,2020,11307.206547348369,12957.13113938287,9890.86752892629
1,All Population,5,Prevalence,18,Thailand,3,Both,27,Age-standardized,558,Mental disorders,2,Percent,2020,0.0932292781231992,0.1034619557418603,0.0847355221563423
1,All Population,5,Prevalence,18,Thailand,3,Both,27,Age-standardized,558,Mental disorders,3,Rate,2020,8917.75346174459,9884.23322441546,8084.23348352528
1,All Population,5,Prevalence,135,Brazil,3,Both,27,Age-standardized,558,Mental disorders,2,Percent,2021,0.1921804947762008,0.21297038773045,0.1729726290597777
1,All Population,5,Prevalence,135,Brazil,3,Both,27,Age-standardized,558,Mental disorders,3,Rate,2021,18557.6780365029,20562.339657637192,16700.589280553828
1,All Population,5,Prevalence,69,Singapore,3,Both,27,Age-standardized,558,Mental disorders,2,Percent,2022,0.1222721010756654,0.1397810416048669,0.1083357817538827
1,All Population,5,Prevalence,69,Singapore,3,Both,27,Age-standardized,558,Mental disorders,3,Rate,2022,11049.070613658429,12610.08238512295,9724.15573772881
1,All Population,5,Prevalence,54,Slovakia,3,Both,27,Age-standardized,558,Mental disorders,2,Percent,2022,0.1279442674366158,0.145326466080345,0.113256935260679
1,All Population,5,Prevalence,54,Slovakia,3,Both,27,Age-standardized,558,Mental disorders,3,Rate,2022,12062.20050845542,13668.64484193015,10640.183999634719
1,All Population,5,Prevalence,129,Honduras,3,Both,27,Age-standardized,558,Mental disorders,2,Percent,2022,0.1386413507319547,0.1553600630308192,0.1253109595826015
1,All Population,5,Prevalence,129,Honduras,3,Both,27,Age-standardized,558,Mental disorders,3,Rate,2022,13463.497611799949,15073.796760559571,12173.86118637998
1,All Population,5,Prevalence,24,Marshall Islands,3,Both,27,Age-standardized,558,Mental disorders,2,Percent,2022,0.1185296166175249,0.1366495591029924,0.1041105960411709
1,All Population,5,Prevalence,24,Marshall Islands,3,Both,27,Age-standardized,558,Mental disorders,3,Rate,2022,11583.85765922557,13341.827042273191,10159.52292087884
1,All Population,5,Prevalence,92,Spain,3,Both,27,Age-standardized,558,Mental disorders,2,Percent,2022,0.1902182204958349,0.2139791753416778,0.1685015137370734
1,All Population,5,Prevalence,92,Spain,3,Both,27,Age-standardized,558,Mental disorders,3,Rate,2022,17500.953126400258,19788.60300884911,15578.759874615891
1,All Population,5,Prevalence,207,Ghana,3,Both,27,Age-standardized,558,Mental disorders,2,Percent,2022,0.1413601024376092,0.158267208538919,0.1270448735331778
1,All Population,5,Prevalence,207,Ghana,3,Both,27,Age-standardized,558,Mental disorders,3,Rate,2022,13834.11654213964,15451.162013941,12449.26005392811
1,All Population,5,Prevalence,194,Lesotho,3,Both,27,Age-standardized,558,Mental disorders,2,Percent,2022,0.1309844656305206,0.1475852228670082,0.1159533077525368
1,All Population,5,Prevalence,194,Lesotho,3,Both,27,Age-standardized,558,Mental disorders,3,Rate,2022,12932.699894656049,14614.811085193722,11460.96815572652
1,All Population,5,Prevalence,84,Ireland,3,Both,27,Age-standardized,558,Mental disorders,2,Percent,2022,0.202435573342606,0.2299920631787774,0.1792736143461785
1,All Population,5,Prevalence,84,Ireland,3,Both,27,Age-standardized,558,Mental disorders,3,Rate,2022,18712.54110699031,21380.42980970108,16542.327192606852
1,All Population,5,Prevalence,83,Iceland,3,Both,27,Age-standardized,558,Mental disorders,2,Percent,2020,0.1776911332514241,0.1905636608102074,0.1658898732096742
1,All Population,5,Prevalence,83,Iceland,3,Both,27,Age-standardized,558,Mental disorders,3,Rate,2020,16364.8911494892,17500.02114872415,15259.12160966573
1,All Population,5,Prevalence,38,Mongolia,3,Both,27,Age-standardized,558,Mental disorders,2,Percent,2020,0.1206801753924308,0.1347122506804111,0.1072717636162206
1,All Population,5,Prevalence,38,Mongolia,3,Both,27,Age-standardized,558,Mental disorders,3,Rate,2020,11457.54964951074,12868.34177891347,10185.48534201491
1,All Population,5,Prevalence,105,Antigua and Barbuda,3,Both,27,Age-standardized,558,Mental disorders,2,Percent,2022,0.163964906972848,0.1815359115895722,0.1483137143661578
1,All Population,5,Prevalence,105,Antigua and Barbuda,3,Both,27,Age-standardized,558,Mental disorders,3,Rate,2022,15827.341599102709,17501.12608355489,14296.24642764862
1,All Population,5,Prevalence,351,Guam,3,Both,27,Age-standardized,558,Mental disorders,2,Percent,2021,0.1209179727161965,0.1391781504920225,0.1067758399978106
1,All Population,5,Prevalence,351,Guam,3,Both,27,Age-standardized,558,Mental disorders,3,Rate,2021,11578.53499360525,13354.49117188404,10173.69149418696
1,All Population,5,Prevalence,78,Denmark,3,Both,27,Age-standardized,558,Mental disorders,2,Percent,2020,0.169775916655496,0.182062038373256,0.1576260721777541
1,All Population,5,Prevalence,78,Denmark,3,Both,27,Age-standardized,558,Mental disorders,3,Rate,2020,15426.271944026521,16571.49441363446,14291.90529166583
1,All Population,5,Prevalence,180,Kenya,3,Both,27,Age-standardized,558,Mental disorders,2,Percent,2022,0.1222906949144304,0.1341369372446117,0.1123095160109431
1,All Population,5,Prevalence,180,Kenya,3,Both,27,Age-standardized,558,Mental disorders,3,Rate,2022,11953.07377701436,13119.36388951619,10966.95029926621
1,All Population,5,Prevalence,95,United Kingdom,3,Both,27,Age-standardized,558,Mental disorders,2,Percent,2020,0.2206276516363636,0.2367182542809736,0.2039219736576681
1,All Population,5,Prevalence,95,United Kingdom,3,Both,27,Age-standardized,558,Mental disorders,3,Rate,2020,20023.53097975719,21412.876778646918,18524.126578864318
1,All Population,5,Prevalence,79,Finland,3,Both,27,Age-standardized,558,Mental disorders,2,Percent,2022,0.1456449587715362,0.1633347585244114,0.1301979418518615
1,All Population,5,Prevalence,79,Finland,3,Both,27,Age-standardized,558,Mental disorders,3,Rate,2022,13393.567221343019,15104.089174824208,11974.53395250789
1,All Population,5,Prevalence,88,Malta,3,Both,27,Age-standardized,558,Mental disorders,2,Percent,2022,0.211955964252673,0.2303778504718355,0.1941981304581208
1,All Population,5,Prevalence,88,Malta,3,Both,27,Age-standardized,558,Mental disorders,3,Rate,2022,19498.4296288131,21215.019912838452,17869.760482450612
1,All Population,5,Prevalence,367,Monaco,3,Both,27,Age-standardized,558,Mental disorders,2,Percent,2022,0.1948347489730569,0.2094824680271098,0.180617491969463
1,All Population,5,Prevalence,367,Monaco,3,Both,27,Age-standardized,558,Mental disorders,3,Rate,2022,17907.61163112796,19234.275669299368,16607.07725119586
1,All Population,5,Prevalence,435,South Sudan,3,Both,27,Age-standardized,558,Mental disorders,2,Percent,2022,0.1457401907060193,0.161766072473205,0.1315433798430011
1,All Population,5,Prevalence,435,South Sudan,3,Both,27,Age-standardized,558,Mental disorders,3,Rate,2022,14390.03493600749,15967.969398268538,12973.206970324189
1,All Population,5,Prevalence,163,India,3,Both,27,Age-standardized,558,Mental disorders,2,Percent,2022,0.1376309634812883,0.154073586450832,0.1244300130618508
1,All Population,5,Prevalence,163,India,3,Both,27,Age-standardized,558,Mental disorders,3,Rate,2022,13469.13779302162,15103.21625506049,12174.54617190635
1,All Population,5,Prevalence,115,Jamaica,3,Both,27,Age-standardized,558,Mental disorders,2,Percent,2020,0.1542952163551975,0.1696111909554052,0.1395726446317542
1,All Population,5,Prevalence,115,Jamaica,3,Both,27,Age-standardized,558,Mental disorders,3,Rate,2020,14966.78480335234,16460.95248721225,13496.35074794888
1,All Population,5,Prevalence,51,Poland,3,Both,27,Age-standardized,558,Mental disorders,2,Percent,2020,0.1216393359066201,0.1366406880238886,0.1101567292592461
1,All Population,5,Prevalence,51,Poland,3,Both,27,Age-standardized,558,Mental disorders,3,Rate,2020,11396.67932613275,12733.31248002107,10260.357182536669
1,All Population,5,Prevalence,218,Togo,3,Both,27,Age-standardized,558,Mental disorders,2,Percent,2020,0.168454868449261,0.2032778023176056,0.144885516359374
1,All Population,5,Prevalence,218,Togo,3,Both,27,Age-standardized,558,Mental disorders,3,Rate,2020,16653.96673621607,20080.17743020161,14329.987702687818
1,All Population,5,Prevalence,422,United States Virgin Islands,3,Both,27,Age-standardized,558,Mental disorders,2,Percent,2021,0.1607812096519578,0.1774003366800334,0.1448057577978079
1,All Population,5,Prevalence,422,United States Virgin Islands,3,Both,27,Age-standardized,558,Mental disorders,3,Rate,2021,15335.368793759779,16865.83927017509,13804.33205332898
1,All Population,5,Prevalence,122,Ecuador,3,Both,27,Age-standardized,558,Mental disorders,2,Percent,2022,0.167387094613381,0.1886121899903416,0.1493445955883879
1,All Population,5,Prevalence,122,Ecuador,3,Both,27,Age-standardized,558,Mental disorders,3,Rate,2022,16153.5567186784,18212.10976720024,14403.90148787805
1,All Population,5,Prevalence,126,Costa Rica,3,Both,27,Age-standardized,558,Mental disorders,2,Percent,2022,0.1445004805293184,0.1616536591187351,0.1304847688070304
1,All Population,5,Prevalence,126,Costa Rica,3,Both,27,Age-standardized,558,Mental disorders,3,Rate,2022,13777.345428609438,15382.13259741864,12449.60072195008
1,All Population,5,Prevalence,139,Algeria,3,Both,27,Age-standardized,558,Mental disorders,2,Percent,2022,0.1441795296197633,0.1573009620793542,0.1318055104285427
1,All Population,5,Prevalence,139,Algeria,3,Both,27,Age-standardized,558,Mental disorders,3,Rate,2022,13782.22529695582,15017.91934011686,12568.971021928479
1,All Population,5,Prevalence,172,Equatorial Guinea,3,Both,27,Age-standardized,558,Mental disorders,2,Percent,2020,0.1529396275307999,0.1722183659666481,0.1370346669155458
1,All Population,5,Prevalence,172,Equatorial Guinea,3,Both,27,Age-standardized,558,Mental disorders,3,Rate,2020,14907.65852809248,16810.837416194878,13379.814183885188
1,All Population,5,Prevalence,205,Côte d'Ivoire,3,Both,27,Age-standardized,558,Mental disorders,2,Percent,2020,0.1450662343761808,0.162134575890325,0.1290712821002331
1,All Population,5,Prevalence,205,Côte d'Ivoire,3,Both,27,Age-standardized,558,Mental disorders,3,Rate,2020,14261.256485284179,15965.125206274868,12675.11939920157
1,All Population,5,Prevalence,50,Montenegro,3,Both,27,Age-standardized,558,Mental disorders,2,Percent,2020,0.1440100723649926,0.1648365090669969,0.125915971762457
1,All Population,5,Prevalence,50,Montenegro,3,Both,27,Age-standardized,558,Mental disorders,3,Rate,2020,13530.35102493946,15470.135346306952,11884.87955034972
1,All Population,5,Prevalence,116,Saint Lucia,3,Both,27,Age-standardized,558,Mental disorders,2,Percent,2022,0.1631579011377854,0.1806659543930895,0.1469021335208681
1,All Population,5,Prevalence,116,Saint Lucia,3,Both,27,Age-standardized,558,Mental disorders,3,Rate,2022,15728.131939238348,17420.63254279894,14152.376226423772
1,All Population,5,Prevalence,178,Eritrea,3,Both,27,Age-standardized,558,Mental disorders,2,Percent,2022,0.1325435892726601,0.1462183619469137,0.1201395397514567
1,All Population,5,Prevalence,178,Eritrea,3,Both,27,Age-standardized,558,Mental disorders,3,Rate,2022,12946.918599330631,14246.82688327078,11780.51433761943
1,All Population,5,Prevalence,135,Brazil,3,Both,27,Age-standardized,558,Mental disorders,2,Percent,2022,0.193404242722308,0.2157266205005099,0.1735547649520296
1,All Population,5,Prevalence,135,Brazil,3,Both,27,Age-standardized,558,Mental disorders,3,Rate,2022,18675.52169989834,20903.609537030097,16754.32721394789
1,All Population,5,Prevalence,128,Guatemala,3,Both,27,Age-standardized,558,Mental disorders,2,Percent,2020,0.1464280532013117,0.1625881274587192,0.132866764578553
1,All Population,5,Prevalence,128,Guatemala,3,Both,27,Age-standardized,558,Mental disorders,3,Rate,2020,14130.330950364209,15679.49258989258,12880.55881399283
1,All Population,5,Prevalence,11,Indonesia,3,Both,27,Age-standardized,558,Mental disorders,2,Percent,2023,0.1001338022929102,0.1110894368430283,0.0896364119075599
1,All Population,5,Prevalence,11,Indonesia,3,Both,27,Age-standardized,558,Mental disorders,3,Rate,2023,9714.59690713668,10755.68443889087,8704.46203981164
1,All Population,5,Prevalence,8,Taiwan,3,Both,27,Age-standardized,558,Mental disorders,2,Percent,2020,0.113984997143251,0.1278218779678506,0.1024054551814796
1,All Population,5,Prevalence,8,Taiwan,3,Both,27,Age-standardized,558,Mental disorders,3,Rate,2020,10710.942356170131,12022.46422955142,9620.06517044806
1,All Population,5,Prevalence,155,Türkiye,3,Both,27,Age-standardized,558,Mental disorders,2,Percent,2020,0.1493171915722908,0.1617357719109635,0.1364547138627395
1,All Population,5,Prevalence,155,Türkiye,3,Both,27,Age-standardized,558,Mental disorders,3,Rate,2020,14325.242476300378,15528.281983713729,13106.97775008331
1,All Population,5,Prevalence,125,Colombia,3,Both,27,Age-standardized,558,Mental disorders,2,Percent,2020,0.1282717433462879,0.1411139602892504,0.1169218876083221
1,All Population,5,Prevalence,125,Colombia,3,Both,27,Age-standardized,558,Mental disorders,3,Rate,2020,12194.82854353087,13431.21534480201,11143.451184191901
1,All Population,5,Prevalence,110,Dominica,3,Both,27,Age-standardized,558,Mental disorders,2,Percent,2020,0.1589146825856065,0.1740981697637932,0.1429332832075573
1,All Population,5,Prevalence,110,Dominica,3,Both,27,Age-standardized,558,Mental disorders,3,Rate,2020,15330.6510301084,16819.78736262578,13792.909626164248
1,All Population,5,Prevalence,416,Tuvalu,3,Both,27,Age-standardized,558,Mental disorders,2,Percent,2020,0.115957581330965,0.1330338308452431,0.1018674249398895
1,All Population,5,Prevalence,416,Tuvalu,3,Both,27,Age-standardized,558,Mental disorders,3,Rate,2020,11293.22181952861,12946.432855535239,9906.21686112025
1,All Population,5,Prevalence,22,Fiji,3,Both,27,Age-standardized,558,Mental disorders,2,Percent,2023,0.1224595307021706,0.1433893798772207,0.10709663275874
1,All Population,5,Prevalence,22,Fiji,3,Both,27,Age-standardized,558,Mental disorders,3,Rate,2023,11964.81207225214,14014.35690992846,10441.46609129947
1,All Population,5,Prevalence,81,Germany,3,Both,27,Age-standardized,558,Mental disorders,2,Percent,2021,0.1577119501083793,0.1698319050256498,0.1470743502412861
1,All Population,5,Prevalence,81,Germany,3,Both,27,Age-standardized,558,Mental disorders,3,Rate,2021,14274.05149692508,15405.468048900259,13297.328578127901
1,All Population,5,Prevalence,27,Samoa,3,Both,27,Age-standardized,558,Mental disorders,2,Percent,2020,0.1159222440082924,0.1326902336802229,0.1015402438308116
1,All Population,5,Prevalence,27,Samoa,3,Both,27,Age-standardized,558,Mental disorders,3,Rate,2020,11250.59313754089,12851.83786325295,9848.80415742261
1,All Population,5,Prevalence,85,Israel,3,Both,27,Age-standardized,558,Mental disorders,2,Percent,2020,0.1643346880829612,0.1812247435382759,0.1484351692034613
1,All Population,5,Prevalence,85,Israel,3,Both,27,Age-standardized,558,Mental disorders,3,Rate,2020,15249.991600987189,16839.52800819623,13762.82127124853
1,All Population,5,Prevalence,190,Uganda,3,Both,27,Age-standardized,558,Mental disorders,2,Percent,2020,0.1291817376648841,0.1421345210007532,0.1156346097547566
1,All Population,5,Prevalence,190,Uganda,3,Both,27,Age-standardized,558,Mental disorders,3,Rate,2020,12734.86193966469,14029.73883643019,11381.50944199655
1,All Population,5,Prevalence,20,Viet Nam,3,Both,27,Age-standardized,558,Mental disorders,2,Percent,2020,0.0819685183645246,0.0907841546196283,0.074302023446306
1,All Population,5,Prevalence,20,Viet Nam,3,Both,27,Age-standardized,558,Mental disorders,3,Rate,2020,8011.968597837001,8874.19475479132,7257.337959975339
1,All Population,5,Prevalence,189,United Republic of Tanzania,3,Both,27,Age-standardized,558,Mental disorders,2,Percent,2021,0.1226954693510432,0.1337572614625587,0.1121379666940312
1,All Population,5,Prevalence,189,United Republic of Tanzania,3,Both,27,Age-standardized,558,Mental disorders,3,Rate,2021,12032.6603432705,13157.200228569698,10987.3051643177
1,All Population,5,Prevalence,15,Myanmar,3,Both,27,Age-standardized,558,Mental disorders,2,Percent,2022,0.1002778987639496,0.1114268663067111,0.0909525319540506
1,All Population,5,Prevalence,15,Myanmar,3,Both,27,Age-standardized,558,Mental disorders,3,Rate,2022,9755.77013341161,10808.23080260509,8863.920714392689
1,All Population,5,Prevalence,152,Saudi Arabia,3,Both,27,Age-standardized,558,Mental disorders,2,Percent,2022,0.1612470466099063,0.1836596562789778,0.1427077038255655
1,All Population,5,Prevalence,152,Saudi Arabia,3,Both,27,Age-standardized,558,Mental disorders,3,Rate,2022,15560.051942904229,17725.7016834774,13785.43738971634
1,All Population,5,Prevalence,24,Marshall Islands,3,Both,27,Age-standardized,558,Mental disorders,2,Percent,2023,0.125560164009039,0.1467445540011417,0.1098071346613644
1,All Population,5,Prevalence,24,Marshall Islands,3,Both,27,Age-standardized,558,Mental disorders,3,Rate,2023,12260.27411934613,14331.46381589103,10694.37097716328
1,All Population,5,Prevalence,7,Democratic People's Republic of Korea,3,Both,27,Age-standardized,558,Mental disorders,2,Percent,2023,0.1259532620891508,0.1447026706365792,0.1130001142398769
1,All Population,5,Prevalence,7,Democratic People's Republic of Korea,3,Both,27,Age-standardized,558,Mental disorders,3,Rate,2023,12048.212463723949,13865.86268420017,10799.6736567989
1,All Population,5,Prevalence,173,Gabon,3,Both,27,Age-standardized,558,Mental disorders,2,Percent,2022,0.1574764378752228,0.1792299947854836,0.141230278244036
1,All Population,5,Prevalence,173,Gabon,3,Both,27,Age-standardized,558,Mental disorders,3,Rate,2022,15521.64540264708,17635.58853029021,13918.933391170222
1,All Population,5,Prevalence,169,Central African Republic,3,Both,27,Age-standardized,558,Mental disorders,2,Percent,2022,0.1681317115180311,0.1901534241658283,0.1504572898289078
1,All Population,5,Prevalence,169,Central African Republic,3,Both,27,Age-standardized,558,Mental disorders,3,Rate,2022,16760.09332296803,18946.16693657889,14987.41534824784
1,All Population,5,Prevalence,186,Seychelles,3,Both,27,Age-standardized,558,Mental disorders,2,Percent,2022,0.0961231988006338,0.1067831131892074,0.0883530248270642
1,All Population,5,Prevalence,186,Seychelles,3,Both,27,Age-standardized,558,Mental disorders,3,Rate,2022,9182.13003761461,10183.08996701954,8445.375593667199
1,All Population,5,Prevalence,98,Chile,3,Both,27,Age-standardized,558,Mental disorders,2,Percent,2020,0.1853461356298022,0.2115886166492768,0.1632314357299675
1,All Population,5,Prevalence,98,Chile,3,Both,27,Age-standardized,558,Mental disorders,3,Rate,2020,17499.279464136,19997.43915128763,15443.37955538116
1,All Population,5,Prevalence,72,New Zealand,3,Both,27,Age-standardized,558,Mental disorders,2,Percent,2020,0.2057190238839185,0.2292406433532956,0.1824931677243324
1,All Population,5,Prevalence,72,New Zealand,3,Both,27,Age-standardized,558,Mental disorders,3,Rate,2020,18874.64532098597,21046.70674093199,16775.05574782246
1,All Population,5,Prevalence,58,Estonia,3,Both,27,Age-standardized,558,Mental disorders,2,Percent,2023,0.1309481645976085,0.1494070869544148,0.11636069284319
1,All Population,5,Prevalence,58,Estonia,3,Both,27,Age-standardized,558,Mental disorders,3,Rate,2023,12111.18916209306,13837.88298166685,10796.251815624231
1,All Population,5,Prevalence,26,Papua New Guinea,3,Both,27,Age-standardized,558,Mental disorders,2,Percent,2023,0.122427647637122,0.1423207538728194,0.1074392923325949
1,All Population,5,Prevalence,26,Papua New Guinea,3,Both,27,Age-standardized,558,Mental disorders,3,Rate,2023,12137.39613145913,14104.229583031869,10648.99281800199
1,All Population,5,Prevalence,37,Kyrgyzstan,3,Both,27,Age-standardized,558,Mental disorders,2,Percent,2023,0.1184363432801183,0.1335674693112917,0.1049350992588474
1,All Population,5,Prevalence,37,Kyrgyzstan,3,Both,27,Age-standardized,558,Mental disorders,3,Rate,2023,11401.93169983329,12872.30218393024,10086.50001646839
1,All Population,5,Prevalence,58,Estonia,3,Both,27,Age-standardized,558,Mental disorders,2,Percent,2022,0.125888132035034,0.1417916096239304,0.1123180237378555
1,All Population,5,Prevalence,58,Estonia,3,Both,27,Age-standardized,558,Mental disorders,3,Rate,2022,11662.10140592027,13218.95492210347,10404.2929789408
1,All Population,5,Prevalence,39,Tajikistan,3,Both,27,Age-standardized,558,Mental disorders,2,Percent,2023,0.1260571423421586,0.1437063577665036,0.111498336138001
1,All Population,5,Prevalence,39,Tajikistan,3,Both,27,Age-standardized,558,Mental disorders,3,Rate,2023,12094.95387876102,13804.364566992892,10706.70747793068
1,All Population,5,Prevalence,67,Japan,3,Both,27,Age-standardized,558,Mental disorders,2,Percent,2023,0.1437535901351245,0.1637885742991648,0.1272534945178671
1,All Population,5,Prevalence,67,Japan,3,Both,27,Age-standardized,558,Mental disorders,3,Rate,2023,13084.14531389431,14942.71921497867,11583.83699952858
1,All Population,5,Prevalence,40,Turkmenistan,3,Both,27,Age-standardized,558,Mental disorders,2,Percent,2020,0.1207842896483812,0.1350393778434961,0.1076158647995474
1,All Population,5,Prevalence,40,Turkmenistan,3,Both,27,Age-standardized,558,Mental disorders,3,Rate,2020,11409.80847094805,12790.052392998361,10196.742596831471
1,All Population,5,Prevalence,41,Uzbekistan,3,Both,27,Age-standardized,558,Mental disorders,2,Percent,2023,0.1139705617443519,0.1277633540856796,0.1012630057352426
1,All Population,5,Prevalence,41,Uzbekistan,3,Both,27,Age-standardized,558,Mental disorders,3,Rate,2023,10863.64381320397,12189.040073606271,9647.45737167253
1,All Population,5,Prevalence,69,Singapore,3,Both,27,Age-standardized,558,Mental disorders,2,Percent,2023,0.1254469540651319,0.1455943898417298,0.1100333837270995
1,All Population,5,Prevalence,69,Singapore,3,Both,27,Age-standardized,558,Mental disorders,3,Rate,2023,11307.74978989731,13114.79165718267,9942.34524786657
1,All Population,5,Prevalence,52,Romania,3,Both,27,Age-standardized,558,Mental disorders,2,Percent,2023,0.1324355648904637,0.1547186261423333,0.1155883348777497
1,All Population,5,Prevalence,52,Romania,3,Both,27,Age-standardized,558,Mental disorders,3,Rate,2023,12598.995186007562,14736.884408613629,10985.62283896075
1,All Population,5,Prevalence,54,Slovakia,3,Both,27,Age-standardized,558,Mental disorders,2,Percent,2023,0.1355990511405882,0.1556304357467305,0.1191249235862741
1,All Population,5,Prevalence,54,Slovakia,3,Both,27,Age-standardized,558,Mental disorders,3,Rate,2023,12766.20025494768,14627.25817575904,11177.12920024133
1,All Population,5,Prevalence,62,Russian Federation,3,Both,27,Age-standardized,558,Mental disorders,2,Percent,2022,0.1294571295048566,0.1452764320918208,0.1163225927943679
1,All Population,5,Prevalence,62,Russian Federation,3,Both,27,Age-standardized,558,Mental disorders,3,Rate,2022,12107.91888091969,13554.614536687079,10894.86298735321
1,All Population,5,Prevalence,43,Albania,3,Both,27,Age-standardized,558,Mental disorders,2,Percent,2023,0.1419435693435878,0.1643131425939039,0.1240075187861543
1,All Population,5,Prevalence,43,Albania,3,Both,27,Age-standardized,558,Mental disorders,3,Rate,2023,13415.847093976268,15508.16463294735,11717.51474177102
1,All Population,5,Prevalence,71,Australia,3,Both,27,Age-standardized,558,Mental disorders,2,Percent,2023,0.2352350765055653,0.2550894439403858,0.2173138085499072
1,All Population,5,Prevalence,71,Australia,3,Both,27,Age-standardized,558,Mental disorders,3,Rate,2023,21915.46045261784,23753.28946068777,20316.78278083654
1,All Population,5,Prevalence,117,Saint Vincent and the Grenadines,3,Both,27,Age-standardized,558,Mental disorders,2,Percent,2020,0.1570375042983446,0.1722595182945323,0.1410041084934106
1,All Population,5,Prevalence,117,Saint Vincent and the Grenadines,3,Both,27,Age-standardized,558,Mental disorders,3,Rate,2020,15180.787449691179,16675.64086155175,13642.54305886368
1,All Population,5,Prevalence,82,Greece,3,Both,27,Age-standardized,558,Mental disorders,2,Percent,2023,0.2116307751233577,0.2414092016387601,0.1845134344995837
1,All Population,5,Prevalence,82,Greece,3,Both,27,Age-standardized,558,Mental disorders,3,Rate,2023,19551.855543856538,22293.356541280522,17054.81973015745
1,All Population,5,Prevalence,162,Bhutan,3,Both,27,Age-standardized,558,Mental disorders,2,Percent,2020,0.1225059097078348,0.136173789022317,0.1119602668714555
1,All Population,5,Prevalence,162,Bhutan,3,Both,27,Age-standardized,558,Mental disorders,3,Rate,2020,11607.34454115643,12842.303299314332,10559.51555915891
1,All Population,5,Prevalence,97,Argentina,3,Both,27,Age-standardized,558,Mental disorders,2,Percent,2020,0.1747078736626426,0.1958407119776148,0.1543477897025562
1,All Population,5,Prevalence,97,Argentina,3,Both,27,Age-standardized,558,Mental disorders,3,Rate,2020,16416.688692176453,18531.10149674871,14495.85186952157
1,All Population,5,Prevalence,14,Maldives,3,Both,27,Age-standardized,558,Mental disorders,2,Percent,2021,0.0958498212845545,0.1060664678702845,0.0873429063798016
1,All Population,5,Prevalence,14,Maldives,3,Both,27,Age-standardized,558,Mental disorders,3,Rate,2021,9182.44073531669,10154.70402213848,8356.70887602069
1,All Population,5,Prevalence,114,Haiti,3,Both,27,Age-standardized,558,Mental disorders,2,Percent,2023,0.1719721560755327,0.1928711216037053,0.1553006506227436
1,All Population,5,Prevalence,114,Haiti,3,Both,27,Age-standardized,558,Mental disorders,3,Rate,2023,16888.975421676692,18962.026810919848,15255.9503016331
1,All Population,5,Prevalence,116,Saint Lucia,3,Both,27,Age-standardized,558,Mental disorders,2,Percent,2023,0.1720876445170084,0.1925832556793896,0.1543235680937811
1,All Population,5,Prevalence,116,Saint Lucia,3,Both,27,Age-standardized,558,Mental disorders,3,Rate,2023,16571.95286034299,18574.53877242069,14853.779190072491
1,All Population,5,Prevalence,84,Ireland,3,Both,27,Age-standardized,558,Mental disorders,2,Percent,2023,0.2143226578451302,0.2480257821522824,0.1870687889250969
1,All Population,5,Prevalence,84,Ireland,3,Both,27,Age-standardized,558,Mental disorders,3,Rate,2023,19804.457740124122,22978.278180784608,17244.118354332193
1,All Population,5,Prevalence,53,Serbia,3,Both,27,Age-standardized,558,Mental disorders,2,Percent,2020,0.1422846867902647,0.1615992372000406,0.1247512225161192
1,All Population,5,Prevalence,53,Serbia,3,Both,27,Age-standardized,558,Mental disorders,3,Rate,2020,13302.552237935319,15119.98670372304,11720.972055070939
1,All Population,5,Prevalence,130,Mexico,3,Both,27,Age-standardized,558,Mental disorders,2,Percent,2020,0.1435106151092424,0.1592833272707969,0.1289450057602953
1,All Population,5,Prevalence,130,Mexico,3,Both,27,Age-standardized,558,Mental disorders,3,Rate,2020,13642.37341322232,15110.377756849892,12265.96063609685
1,All Population,5,Prevalence,113,Guyana,3,Both,27,Age-standardized,558,Mental disorders,2,Percent,2020,0.1576314021513908,0.1729632725794347,0.1416987073854376
1,All Population,5,Prevalence,113,Guyana,3,Both,27,Age-standardized,558,Mental disorders,3,Rate,2020,15309.53733624563,16792.292185513048,13757.644892168892
1,All Population,5,Prevalence,118,Suriname,3,Both,27,Age-standardized,558,Mental disorders,2,Percent,2023,0.1680062695303243,0.1881440010177356,0.1511961774499519
1,All Population,5,Prevalence,118,Suriname,3,Both,27,Age-standardized,558,Mental disorders,3,Rate,2023,16266.613084917812,18239.98493472803,14585.81887019773
1,All Population,5,Prevalence,101,Canada,3,Both,27,Age-standardized,558,Mental disorders,2,Percent,2022,0.1694169882644497,0.1926795340162843,0.1524476744030146
1,All Population,5,Prevalence,101,Canada,3,Both,27,Age-standardized,558,Mental disorders,3,Rate,2022,15724.449086691151,17850.36128638691,14179.710990186159
1,All Population,5,Prevalence,43,Albania,3,Both,27,Age-standardized,558,Mental disorders,2,Percent,2022,0.1325978350305963,0.1519767091492511,0.1171248462267533
1,All Population,5,Prevalence,43,Albania,3,Both,27,Age-standardized,558,Mental disorders,3,Rate,2022,12553.182431152929,14384.861589736109,11076.01369535782
1,All Population,5,Prevalence,131,Nicaragua,3,Both,27,Age-standardized,558,Mental disorders,2,Percent,2022,0.1427675276045022,0.1606190472412152,0.1281541165633114
1,All Population,5,Prevalence,131,Nicaragua,3,Both,27,Age-standardized,558,Mental disorders,3,Rate,2022,13729.53698446433,15426.609312643292,12335.16365529744
1,All Population,5,Prevalence,71,Australia,3,Both,27,Age-standardized,558,Mental disorders,2,Percent,2022,0.2309924213107917,0.2495919094173462,0.2149597887481906
1,All Population,5,Prevalence,71,Australia,3,Both,27,Age-standardized,558,Mental disorders,3,Rate,2022,21514.36877257977,23232.48582153861,20032.30293757046
1,All Population,5,Prevalence,209,Guinea-Bissau,3,Both,27,Age-standardized,558,Mental disorders,2,Percent,2022,0.1449470823162993,0.1649397949364261,0.1286249820673473
1,All Population,5,Prevalence,209,Guinea-Bissau,3,Both,27,Age-standardized,558,Mental disorders,3,Rate,2022,14344.46514188027,16320.43016184283,12717.67846421583
1,All Population,5,Prevalence,146,Lebanon,3,Both,27,Age-standardized,558,Mental disorders,2,Percent,2022,0.1740352561897903,0.195121862872926,0.1564593903572552
1,All Population,5,Prevalence,146,Lebanon,3,Both,27,Age-standardized,558,Mental disorders,3,Rate,2022,16637.86311949173,18680.0165592046,14944.900296928608
1,All Population,5,Prevalence,86,Italy,3,Both,27,Age-standardized,558,Mental disorders,2,Percent,2023,0.1734893108411517,0.200433406626005,0.148631278203906
1,All Population,5,Prevalence,86,Italy,3,Both,27,Age-standardized,558,Mental disorders,3,Rate,2023,15966.91929715822,18525.17764897304,13686.853688572632
1,All Population,5,Prevalence,175,Burundi,3,Both,27,Age-standardized,558,Mental disorders,2,Percent,2020,0.1291192941763427,0.1416443450450242,0.1173867637001332
1,All Population,5,Prevalence,175,Burundi,3,Both,27,Age-standardized,558,Mental disorders,3,Rate,2020,12691.564631843368,13924.92708632348,11549.18545766039
1,All Population,5,Prevalence,129,Honduras,3,Both,27,Age-standardized,558,Mental disorders,2,Percent,2023,0.1486030208638694,0.1684206588376383,0.1332279813304855
1,All Population,5,Prevalence,129,Honduras,3,Both,27,Age-standardized,558,Mental disorders,3,Rate,2023,14420.62563860761,16347.30130059581,12921.32882004658
1,All Population,5,Prevalence,131,Nicaragua,3,Both,27,Age-standardized,558,Mental disorders,2,Percent,2023,0.1523596795189262,0.173172076733134,0.1355830390670238
1,All Population,5,Prevalence,131,Nicaragua,3,Both,27,Age-standardized,558,Mental disorders,3,Rate,2023,14640.3890338501,16599.83990156194,13052.63237272057
1,All Population,5,Prevalence,88,Malta,3,Both,27,Age-standardized,558,Mental disorders,2,Percent,2023,0.2268216417224298,0.2477111574342722,0.2071707354791306
1,All Population,5,Prevalence,88,Malta,3,Both,27,Age-standardized,558,Mental disorders,3,Rate,2023,20863.21061732424,22825.11063581906,19067.41866555319
1,All Population,5,Prevalence,133,Venezuela (Bolivarian Republic of),3,Both,27,Age-standardized,558,Mental disorders,2,Percent,2023,0.1601569125072861,0.1822433350307666,0.1430638516021137
1,All Population,5,Prevalence,133,Venezuela (Bolivarian Republic of),3,Both,27,Age-standardized,558,Mental disorders,3,Rate,2023,15505.16861831889,17639.75754191224,13832.09515732859
1,All Population,5,Prevalence,145,Kuwait,3,Both,27,Age-standardized,558,Mental disorders,2,Percent,2020,0.142432507604217,0.1537238885193331,0.1308820616922021
1,All Population,5,Prevalence,145,Kuwait,3,Both,27,Age-standardized,558,Mental disorders,3,Rate,2020,13479.75068930694,14501.980005461728,12349.28228843858
1,All Population,5,Prevalence,150,Oman,3,Both,27,Age-standardized,558,Mental disorders,2,Percent,2023,0.1486339125496455,0.1649477078463432,0.1344894604516043
1,All Population,5,Prevalence,150,Oman,3,Both,27,Age-standardized,558,Mental disorders,3,Rate,2023,14413.370418168688,15942.34629902041,13038.590423149928
1,All Population,5,Prevalence,87,Luxembourg,3,Both,27,Age-standardized,558,Mental disorders,2,Percent,2020,0.1764110891923041,0.1889206450143015,0.1645194938479566
1,All Population,5,Prevalence,87,Luxembourg,3,Both,27,Age-standardized,558,Mental disorders,3,Rate,2020,16141.052968584141,17283.92009144148,15015.77464779531
1,All Population,5,Prevalence,99,Uruguay,3,Both,27,Age-standardized,558,Mental disorders,2,Percent,2023,0.1851679598673781,0.2128914838067756,0.1628491947186102
1,All Population,5,Prevalence,99,Uruguay,3,Both,27,Age-standardized,558,Mental disorders,3,Rate,2023,17392.4098752954,20003.16502694988,15278.63743649428
1,All Population,5,Prevalence,135,Brazil,3,Both,27,Age-standardized,558,Mental disorders,2,Percent,2023,0.2087608925585135,0.2357925145365805,0.1853026017559985
1,All Population,5,Prevalence,135,Brazil,3,Both,27,Age-standardized,558,Mental disorders,3,Rate,2023,20145.53300915195,22752.17223847755,17855.87222380724
1,All Population,5,Prevalence,374,Niue,3,Both,27,Age-standardized,558,Mental disorders,2,Percent,2022,0.1208764075856388,0.1394820091683632,0.1064987418489428
1,All Population,5,Prevalence,374,Niue,3,Both,27,Age-standardized,558,Mental disorders,3,Rate,2022,11589.474577349609,13368.4513948433,10191.70208143434
1,All Population,5,Prevalence,196,South Africa,3,Both,27,Age-standardized,558,Mental disorders,2,Percent,2022,0.1363135905684546,0.1551200764106637,0.121625244373126
1,All Population,5,Prevalence,196,South Africa,3,Both,27,Age-standardized,558,Mental disorders,3,Rate,2022,13402.03438392233,15249.517471240759,11948.96266498307
1,All Population,5,Prevalence,26,Papua New Guinea,3,Both,27,Age-standardized,558,Mental disorders,2,Percent,2022,0.1170474978862086,0.1347706600127263,0.1030253032381869
1,All Population,5,Prevalence,26,Papua New Guinea,3,Both,27,Age-standardized,558,Mental disorders,3,Rate,2022,11606.121216592399,13358.559599958538,10203.72615199483
1,All Population,5,Prevalence,30,Vanuatu,3,Both,27,Age-standardized,558,Mental disorders,2,Percent,2022,0.1166770369856236,0.1342952484414882,0.1025052227394514
1,All Population,5,Prevalence,30,Vanuatu,3,Both,27,Age-standardized,558,Mental disorders,3,Rate,2022,11478.34530553957,13189.638273585992,10081.80892919238
1,All Population,5,Prevalence,165,Pakistan,3,Both,27,Age-standardized,558,Mental disorders,2,Percent,2022,0.1376083313800873,0.1530772827783973,0.1244221473361194
1,All Population,5,Prevalence,165,Pakistan,3,Both,27,Age-standardized,558,Mental disorders,3,Rate,2022,13249.382796838541,14683.805259757071,12008.031915184749
1,All Population,5,Prevalence,161,Bangladesh,3,Both,27,Age-standardized,558,Mental disorders,2,Percent,2023,0.1428318462151695,0.1628562644809864,0.127659372884922
1,All Population,5,Prevalence,161,Bangladesh,3,Both,27,Age-standardized,558,Mental disorders,3,Rate,2023,13757.53373749068,15682.59593756797,12309.67893300951
1,All Population,5,Prevalence,101,Canada,3,Both,27,Age-standardized,558,Mental disorders,2,Percent,2023,0.178467241307527,0.2033489277486833,0.1601105798609941
1,All Population,5,Prevalence,101,Canada,3,Both,27,Age-standardized,558,Mental disorders,3,Rate,2023,16557.97895098415,18985.1894285667,14843.16011366654
1,All Population,5,Prevalence,215,Sao Tome and Principe,3,Both,27,Age-standardized,558,Mental disorders,2,Percent,2022,0.1470581753798881,0.1673578316918615,0.1308515821996448
1,All Population,5,Prevalence,215,Sao Tome and Principe,3,Both,27,Age-standardized,558,Mental disorders,3,Rate,2022,14481.840120715631,16500.38276878453,12915.00137520171
1,All Population,5,Prevalence,47,Czechia,3,Both,27,Age-standardized,558,Mental disorders,2,Percent,2022,0.1337240943619917,0.1516514036009436,0.1184907130970895
1,All Population,5,Prevalence,47,Czechia,3,Both,27,Age-standardized,558,Mental disorders,3,Rate,2022,12582.00347994223,14258.73510276054,11180.431101881271
1,All Population,5,Prevalence,118,Suriname,3,Both,27,Age-standardized,558,Mental disorders,2,Percent,2022,0.1587962747850692,0.175900963381166,0.1440556506487113
1,All Population,5,Prevalence,118,Suriname,3,Both,27,Age-standardized,558,Mental disorders,3,Rate,2022,15382.05342921918,17003.70191380432,13910.03845695451
1,All Population,5,Prevalence,144,Jordan,3,Both,27,Age-standardized,558,Mental disorders,2,Percent,2023,0.1579539735430089,0.1745261519574236,0.1428310423851775
1,All Population,5,Prevalence,144,Jordan,3,Both,27,Age-standardized,558,Mental disorders,3,Rate,2023,15106.34574305488,16679.802450585703,13691.21237811235
1,All Population,5,Prevalence,163,India,3,Both,27,Age-standardized,558,Mental disorders,2,Percent,2023,0.1462090150792447,0.1652383914122399,0.1318407687773303
1,All Population,5,Prevalence,163,India,3,Both,27,Age-standardized,558,Mental disorders,3,Rate,2023,14292.17614779309,16163.183605516979,12854.010457515818
1,All Population,5,Prevalence,148,Morocco,3,Both,27,Age-standardized,558,Mental disorders,2,Percent,2022,0.146963605970178,0.1609586092488854,0.1344909680775413
1,All Population,5,Prevalence,148,Morocco,3,Both,27,Age-standardized,558,Mental disorders,3,Rate,2022,14082.03101730453,15403.885548973409,12880.791653611359
1,All Population,5,Prevalence,211,Mali,3,Both,27,Age-standardized,558,Mental disorders,2,Percent,2022,0.1457560745570308,0.1657923633945266,0.1294834461985388
1,All Population,5,Prevalence,211,Mali,3,Both,27,Age-standardized,558,Mental disorders,3,Rate,2022,14405.2485876664,16401.253887670868,12794.31558481187
1,All Population,5,Prevalence,165,Pakistan,3,Both,27,Age-standardized,558,Mental disorders,2,Percent,2023,0.1456871055649307,0.1632031023885986,0.1312830079917021
1,All Population,5,Prevalence,165,Pakistan,3,Both,27,Age-standardized,558,Mental disorders,3,Rate,2023,14003.71113723706,15697.48180037751,12620.28836761552
1,All Population,5,Prevalence,146,Lebanon,3,Both,27,Age-standardized,558,Mental disorders,2,Percent,2023,0.1860420157559074,0.2110118635566446,0.1651088621959588
1,All Population,5,Prevalence,146,Lebanon,3,Both,27,Age-standardized,558,Mental disorders,3,Rate,2023,17776.50100861193,20245.72607693963,15748.243366648401
1,All Population,5,Prevalence,380,Palau,3,Both,27,Age-standardized,558,Mental disorders,2,Percent,2022,0.1204362192276104,0.1388244838413265,0.1063630208058593
1,All Population,5,Prevalence,380,Palau,3,Both,27,Age-standardized,558,Mental disorders,3,Rate,2022,11621.090694407809,13398.45058019687,10208.83195387301
1,All Population,5,Prevalence,198,Zimbabwe,3,Both,27,Age-standardized,558,Mental disorders,2,Percent,2022,0.1307890120760457,0.1476821397990409,0.1162679939217061
1,All Population,5,Prevalence,198,Zimbabwe,3,Both,27,Age-standardized,558,Mental disorders,3,Rate,2022,12676.45727596198,14329.49931821641,11280.93533273467
1,All Population,5,Prevalence,320,Cook Islands,3,Both,27,Age-standardized,558,Mental disorders,2,Percent,2022,0.1210367251803065,0.1394669690239521,0.1066311881000023
1,All Population,5,Prevalence,320,Cook Islands,3,Both,27,Age-standardized,558,Mental disorders,3,Rate,2022,11593.14265000334,13367.940162333169,10181.45132308182
1,All Population,5,Prevalence,94,Switzerland,3,Both,27,Age-standardized,558,Mental disorders,2,Percent,2022,0.1936950195791364,0.2174821118099821,0.1741651263368987
1,All Population,5,Prevalence,94,Switzerland,3,Both,27,Age-standardized,558,Mental disorders,3,Rate,2022,17686.6581100124,19883.36767211088,15999.677482677978
1,All Population,5,Prevalence,298,American Samoa,3,Both,27,Age-standardized,558,Mental disorders,2,Percent,2022,0.1208124524209869,0.1395225511392913,0.106636690566364
1,All Population,5,Prevalence,298,American Samoa,3,Both,27,Age-standardized,558,Mental disorders,3,Rate,2022,11625.79968198682,13433.26510512225,10206.59398671843
1,All Population,5,Prevalence,148,Morocco,3,Both,27,Age-standardized,558,Mental disorders,2,Percent,2023,0.1531439950947274,0.1686263834313074,0.1398586727246001
1,All Population,5,Prevalence,148,Morocco,3,Both,27,Age-standardized,558,Mental disorders,3,Rate,2023,14657.44249541642,16180.56935238667,13390.52890190699
1,All Population,5,Prevalence,176,Comoros,3,Both,27,Age-standardized,558,Mental disorders,2,Percent,2023,0.1495094503696694,0.1681442640855053,0.1341985836020476
1,All Population,5,Prevalence,176,Comoros,3,Both,27,Age-standardized,558,Mental disorders,3,Rate,2023,14553.059684427699,16435.798213414622,13116.50683035381
1,All Population,5,Prevalence,61,Republic of Moldova,3,Both,27,Age-standardized,558,Mental disorders,2,Percent,2021,0.1365009141480068,0.1546497704317694,0.121322030936713
1,All Population,5,Prevalence,61,Republic of Moldova,3,Both,27,Age-standardized,558,Mental disorders,3,Rate,2021,12781.94776204505,14470.12278708391,11308.7201179244
1,All Population,5,Prevalence,157,Yemen,3,Both,27,Age-standardized,558,Mental disorders,2,Percent,2020,0.143554129324204,0.1555430490436232,0.1316620073726379
1,All Population,5,Prevalence,157,Yemen,3,Both,27,Age-standardized,558,Mental disorders,3,Rate,2020,14209.796344229891,15394.062265143759,12998.88379187264
1,All Population,5,Prevalence,29,Tonga,3,Both,27,Age-standardized,558,Mental disorders,2,Percent,2021,0.1375163212121475,0.1717229470719005,0.1160542272351766
1,All Population,5,Prevalence,29,Tonga,3,Both,27,Age-standardized,558,Mental disorders,3,Rate,2021,13304.212066976179,16636.701058356422,11233.62347577718
1,All Population,5,Prevalence,50,Montenegro,3,Both,27,Age-standardized,558,Mental disorders,2,Percent,2021,0.1463277735888319,0.1685091336363932,0.128082107902607
1,All Population,5,Prevalence,50,Montenegro,3,Both,27,Age-standardized,558,Mental disorders,3,Rate,2021,13773.0586982149,15882.40669129623,12068.106653061459
1,All Population,5,Prevalence,74,Andorra,3,Both,27,Age-standardized,558,Mental disorders,2,Percent,2021,0.1875116832014598,0.2013525086702015,0.1734565224220471
1,All Population,5,Prevalence,74,Andorra,3,Both,27,Age-standardized,558,Mental disorders,3,Rate,2021,17194.82480052896,18453.11636403108,15916.711866287009
1,All Population,5,Prevalence,108,Belize,3,Both,27,Age-standardized,558,Mental disorders,2,Percent,2021,0.1656427551864492,0.1823246320047435,0.1498805461150928
1,All Population,5,Prevalence,108,Belize,3,Both,27,Age-standardized,558,Mental disorders,3,Rate,2021,16055.68113934974,17658.98354812951,14517.344680909719
1,All Population,5,Prevalence,209,Guinea-Bissau,3,Both,27,Age-standardized,558,Mental disorders,2,Percent,2023,0.1556626832672076,0.1778696441914986,0.1368362240167878
1,All Population,5,Prevalence,209,Guinea-Bissau,3,Both,27,Age-standardized,558,Mental disorders,3,Rate,2023,15395.69285709975,17603.25868556269,13522.512698756631
1,All Population,5,Prevalence,121,Bolivia (Plurinational State of),3,Both,27,Age-standardized,558,Mental disorders,2,Percent,2021,0.1706907942308368,0.1914422247200032,0.1514934222682294
1,All Population,5,Prevalence,121,Bolivia (Plurinational State of),3,Both,27,Age-standardized,558,Mental disorders,3,Rate,2021,16500.83950973689,18532.781208511202,14638.39856332832
1,All Population,5,Prevalence,97,Argentina,3,Both,27,Age-standardized,558,Mental disorders,2,Percent,2021,0.178357255567552,0.2020113974515978,0.1576694750702514
1,All Population,5,Prevalence,97,Argentina,3,Both,27,Age-standardized,558,Mental disorders,3,Rate,2021,16746.14099110559,19020.44723342772,14814.21260309548
1,All Population,5,Prevalence,136,Paraguay,3,Both,27,Age-standardized,558,Mental disorders,2,Percent,2021,0.1706122920640516,0.1915202599667124,0.1536851771513512
1,All Population,5,Prevalence,136,Paraguay,3,Both,27,Age-standardized,558,Mental disorders,3,Rate,2021,16476.64327554314,18471.82249821262,14845.775359359339
1,All Population,5,Prevalence,119,Trinidad and Tobago,3,Both,27,Age-standardized,558,Mental disorders,2,Percent,2020,0.1565818055653377,0.1715691384665503,0.1415921025819201
1,All Population,5,Prevalence,119,Trinidad and Tobago,3,Both,27,Age-standardized,558,Mental disorders,3,Rate,2020,14972.0577314984,16431.08710471477,13517.583821192311
1,All Population,5,Prevalence,178,Eritrea,3,Both,27,Age-standardized,558,Mental disorders,2,Percent,2023,0.1389305880504397,0.1543710122895623,0.1252073729170834
1,All Population,5,Prevalence,178,Eritrea,3,Both,27,Age-standardized,558,Mental disorders,3,Rate,2023,13555.07532932036,15033.05996417403,12220.29124062522
1,All Population,5,Prevalence,211,Mali,3,Both,27,Age-standardized,558,Mental disorders,2,Percent,2023,0.157933888815844,0.1821013247290482,0.1392309056101748
1,All Population,5,Prevalence,211,Mali,3,Both,27,Age-standardized,558,Mental disorders,3,Rate,2023,15604.835262334951,17994.54428444419,13739.38583793677
1,All Population,5,Prevalence,210,Liberia,3,Both,27,Age-standardized,558,Mental disorders,2,Percent,2020,0.1496119709485974,0.1681280584487412,0.1337088368721987
1,All Population,5,Prevalence,210,Liberia,3,Both,27,Age-standardized,558,Mental disorders,3,Rate,2020,14835.009540927018,16667.58523460467,13238.32837962236
1,All Population,5,Prevalence,150,Oman,3,Both,27,Age-standardized,558,Mental disorders,2,Percent,2022,0.1394802113968023,0.1537581695707768,0.1267111458976322
1,All Population,5,Prevalence,150,Oman,3,Both,27,Age-standardized,558,Mental disorders,3,Rate,2022,13540.15523312079,14906.32892145235,12315.2533458742
1,All Population,5,Prevalence,180,Kenya,3,Both,27,Age-standardized,558,Mental disorders,2,Percent,2023,0.1293599110908684,0.1437512675346736,0.1175529963259728
1,All Population,5,Prevalence,180,Kenya,3,Both,27,Age-standardized,558,Mental disorders,3,Rate,2023,12633.98145103937,14023.92053137885,11486.337537807
1,All Population,5,Prevalence,213,Niger,3,Both,27,Age-standardized,558,Mental disorders,2,Percent,2022,0.1413231513973578,0.1590624605350231,0.1259126330041994
1,All Population,5,Prevalence,213,Niger,3,Both,27,Age-standardized,558,Mental disorders,3,Rate,2022,13998.9395614033,15782.58389844041,12466.25838982997
1,All Population,5,Prevalence,213,Niger,3,Both,27,Age-standardized,558,Mental disorders,2,Percent,2023,0.1515008028864476,0.1728257453772696,0.1338011871891747
1,All Population,5,Prevalence,213,Niger,3,Both,27,Age-standardized,558,Mental disorders,3,Rate,2023,15002.136446442099,17157.48947273035,13225.33985341281
1,All Population,5,Prevalence,15,Myanmar,3,Both,27,Age-standardized,558,Mental disorders,2,Percent,2023,0.1049724345904534,0.1165889621701204,0.0950474958014168
1,All Population,5,Prevalence,15,Myanmar,3,Both,27,Age-standardized,558,Mental disorders,3,Rate,2023,10202.6287337974,11291.26899501621,9204.658423236491
1,All Population,5,Prevalence,155,Türkiye,3,Both,27,Age-standardized,558,Mental disorders,2,Percent,2021,0.1507906072590396,0.1651874946794917,0.1379192310574513
1,All Population,5,Prevalence,155,Türkiye,3,Both,27,Age-standardized,558,Mental disorders,3,Rate,2021,14455.4583964219,15807.86738754336,13246.41698463209
1,All Population,5,Prevalence,44,Bosnia and Herzegovina,3,Both,27,Age-standardized,558,Mental disorders,2,Percent,2021,0.1378108986963675,0.1567257470300002,0.1221004030616789
1,All Population,5,Prevalence,44,Bosnia and Herzegovina,3,Both,27,Age-standardized,558,Mental disorders,3,Rate,2021,13055.27915238035,14845.77142928337,11545.600402333419
1,All Population,5,Prevalence,81,Germany,3,Both,27,Age-standardized,558,Mental disorders,2,Percent,2022,0.1553599954414473,0.1686137141610822,0.1443101733953025
1,All Population,5,Prevalence,81,Germany,3,Both,27,Age-standardized,558,Mental disorders,3,Rate,2022,14163.462268631949,15392.50919446278,13155.47061451936
1,All Population,5,Prevalence,91,Portugal,3,Both,27,Age-standardized,558,Mental disorders,2,Percent,2021,0.222100927941197,0.2552755334327596,0.1894944485684164
1,All Population,5,Prevalence,91,Portugal,3,Both,27,Age-standardized,558,Mental disorders,3,Rate,2021,20375.60870611915,23400.52406548552,17344.12584375824
1,All Population,5,Prevalence,77,Cyprus,3,Both,27,Age-standardized,558,Mental disorders,2,Percent,2022,0.1955509824321118,0.2106517393880899,0.1803912303345745
1,All Population,5,Prevalence,77,Cyprus,3,Both,27,Age-standardized,558,Mental disorders,3,Rate,2022,18178.48775276016,19587.75900867681,16787.64681560777
1,All Population,5,Prevalence,107,Barbados,3,Both,27,Age-standardized,558,Mental disorders,2,Percent,2022,0.163162269200271,0.1804314704216733,0.1474469509074785
1,All Population,5,Prevalence,107,Barbados,3,Both,27,Age-standardized,558,Mental disorders,3,Rate,2022,15672.60359862232,17337.725173807718,14128.208097861389
1,All Population,5,Prevalence,17,Sri Lanka,3,Both,27,Age-standardized,558,Mental disorders,2,Percent,2022,0.1021470413017772,0.1129003234120892,0.093275929685128
1,All Population,5,Prevalence,17,Sri Lanka,3,Both,27,Age-standardized,558,Mental disorders,3,Rate,2022,9787.05907771746,10818.88114676661,8935.818322896339
1,All Population,5,Prevalence,13,Malaysia,3,Both,27,Age-standardized,558,Mental disorders,2,Percent,2023,0.1053133604780922,0.1163841602527245,0.0960943511380332
1,All Population,5,Prevalence,13,Malaysia,3,Both,27,Age-standardized,558,Mental disorders,3,Rate,2023,10022.66007586563,11064.4871530321,9156.49943549733
1,All Population,5,Prevalence,132,Panama,3,Both,27,Age-standardized,558,Mental disorders,2,Percent,2020,0.1299739863831206,0.1438372785151714,0.1183398056438337
1,All Population,5,Prevalence,132,Panama,3,Both,27,Age-standardized,558,Mental disorders,3,Rate,2020,12340.15810936013,13655.653881835058,11247.97677318321
1,All Population,5,Prevalence,17,Sri Lanka,3,Both,27,Age-standardized,558,Mental disorders,2,Percent,2023,0.1053380203330845,0.116404700083782,0.0961302599798816
1,All Population,5,Prevalence,17,Sri Lanka,3,Both,27,Age-standardized,558,Mental disorders,3,Rate,2023,10086.09176788854,11158.07706896253,9205.52161162016
1,All Population,5,Prevalence,28,Solomon Islands,3,Both,27,Age-standardized,558,Mental disorders,2,Percent,2023,0.1266492350064827,0.147673359270632,0.1111072938757605
1,All Population,5,Prevalence,28,Solomon Islands,3,Both,27,Age-standardized,558,Mental disorders,3,Rate,2023,12419.69020292914,14481.477681876431,10899.48430977488
1,All Population,5,Prevalence,19,Timor-Leste,3,Both,27,Age-standardized,558,Mental disorders,2,Percent,2023,0.0991392895443108,0.1105356795186013,0.0887051263680216
1,All Population,5,Prevalence,19,Timor-Leste,3,Both,27,Age-standardized,558,Mental disorders,3,Rate,2023,9676.40804738324,10804.61769095728,8676.66407926727
1,All Population,5,Prevalence,55,Slovenia,3,Both,27,Age-standardized,558,Mental disorders,2,Percent,2020,0.1440777666866209,0.1635597560059636,0.1264185073718858
1,All Population,5,Prevalence,55,Slovenia,3,Both,27,Age-standardized,558,Mental disorders,3,Rate,2020,13465.80399544027,15299.93282998007,11842.850200393761
1,All Population,5,Prevalence,30,Vanuatu,3,Both,27,Age-standardized,558,Mental disorders,2,Percent,2023,0.1228487728929717,0.1436322192383037,0.1072445795075494
1,All Population,5,Prevalence,30,Vanuatu,3,Both,27,Age-standardized,558,Mental disorders,3,Rate,2023,12080.38393877809,14100.948537390079,10539.0545087988
1,All Population,5,Prevalence,45,Bulgaria,3,Both,27,Age-standardized,558,Mental disorders,2,Percent,2023,0.1280099776230192,0.1472054534162282,0.1139648977111977
1,All Population,5,Prevalence,45,Bulgaria,3,Both,27,Age-standardized,558,Mental disorders,3,Rate,2023,12119.568707278939,13933.87247330432,10747.78064685742
1,All Population,5,Prevalence,191,Zambia,3,Both,27,Age-standardized,558,Mental disorders,2,Percent,2020,0.1337650617057945,0.1474604272277031,0.1214111825149423
1,All Population,5,Prevalence,191,Zambia,3,Both,27,Age-standardized,558,Mental disorders,3,Rate,2020,13208.81846079193,14535.81703711497,11986.41622323845
1,All Population,5,Prevalence,194,Lesotho,3,Both,27,Age-standardized,558,Mental disorders,2,Percent,2023,0.1420593787409826,0.1623846436907477,0.1239622769995711
1,All Population,5,Prevalence,194,Lesotho,3,Both,27,Age-standardized,558,Mental disorders,3,Rate,2023,14023.62523832547,16044.87807407515,12251.33783913481
1,All Population,5,Prevalence,47,Czechia,3,Both,27,Age-standardized,558,Mental disorders,2,Percent,2023,0.1412238053645648,0.1613881062316608,0.1244851085063033
1,All Population,5,Prevalence,47,Czechia,3,Both,27,Age-standardized,558,Mental disorders,3,Rate,2023,13278.37315738141,15149.317208890761,11685.02891521291
1,All Population,5,Prevalence,34,Azerbaijan,3,Both,27,Age-standardized,558,Mental disorders,2,Percent,2023,0.1300788941201509,0.1478566918512475,0.1147033042661954
1,All Population,5,Prevalence,34,Azerbaijan,3,Both,27,Age-standardized,558,Mental disorders,3,Rate,2023,12368.72820904105,14071.59504371818,10969.1668935607
1,All Population,5,Prevalence,49,North Macedonia,3,Both,27,Age-standardized,558,Mental disorders,2,Percent,2023,0.1448710747928287,0.1676581401964938,0.1254088285747386
1,All Population,5,Prevalence,49,North Macedonia,3,Both,27,Age-standardized,558,Mental disorders,3,Rate,2023,13669.255882641728,15856.475631448318,11867.174995061421
1,All Population,5,Prevalence,393,Saint Kitts and Nevis,3,Both,27,Age-standardized,558,Mental disorders,2,Percent,2022,0.1643190702081405,0.1820343691303203,0.1485940336520351
1,All Population,5,Prevalence,393,Saint Kitts and Nevis,3,Both,27,Age-standardized,558,Mental disorders,3,Rate,2022,15752.88686855926,17429.89178199492,14191.03549232468
1,All Population,5,Prevalence,189,United Republic of Tanzania,3,Both,27,Age-standardized,558,Mental disorders,2,Percent,2022,0.1224012379471941,0.1341834118282816,0.1115189814228511
1,All Population,5,Prevalence,189,United Republic of Tanzania,3,Both,27,Age-standardized,558,Mental disorders,3,Rate,2022,11994.31139092923,13162.72401857885,10924.72219695774
1,All Population,5,Prevalence,147,Libya,3,Both,27,Age-standardized,558,Mental disorders,2,Percent,2020,0.153124972476175,0.1655570174220276,0.1404230715554625
1,All Population,5,Prevalence,147,Libya,3,Both,27,Age-standardized,558,Mental disorders,3,Rate,2020,14833.29987623773,16032.020509620159,13603.96577317041
1,All Population,5,Prevalence,112,Grenada,3,Both,27,Age-standardized,558,Mental disorders,2,Percent,2020,0.1596573633548854,0.1753056192937686,0.1437535556963488
1,All Population,5,Prevalence,112,Grenada,3,Both,27,Age-standardized,558,Mental disorders,3,Rate,2020,15395.450107000492,16895.214742852728,13845.72734901316
1,All Population,5,Prevalence,196,South Africa,3,Both,27,Age-standardized,558,Mental disorders,2,Percent,2023,0.1474192532341893,0.1699629333782144,0.1297003124193305
1,All Population,5,Prevalence,196,South Africa,3,Both,27,Age-standardized,558,Mental disorders,3,Rate,2023,14486.2885407885,16696.63358964299,12733.320966519621
1,All Population,5,Prevalence,367,Monaco,3,Both,27,Age-standardized,558,Mental disorders,2,Percent,2023,0.2081826549641076,0.224898917296322,0.1921514363389556
1,All Population,5,Prevalence,367,Monaco,3,Both,27,Age-standardized,558,Mental disorders,3,Rate,2023,19127.81989834021,20595.6555761691,17665.79756137166
1,All Population,5,Prevalence,89,Netherlands,3,Both,27,Age-standardized,558,Mental disorders,2,Percent,2020,0.2232707495191372,0.239325325377479,0.207918486637346
1,All Population,5,Prevalence,89,Netherlands,3,Both,27,Age-standardized,558,Mental disorders,3,Rate,2020,20647.524459322798,22198.11087826242,19229.07241464865
1,All Population,5,Prevalence,207,Ghana,3,Both,27,Age-standardized,558,Mental disorders,2,Percent,2023,0.1489679263797131,0.1688277621523811,0.1330381534608831
1,All Population,5,Prevalence,207,Ghana,3,Both,27,Age-standardized,558,Mental disorders,3,Rate,2023,14562.355166973808,16455.16762888177,12999.37109531836
1,All Population,5,Prevalence,154,Tunisia,3,Both,27,Age-standardized,558,Mental disorders,2,Percent,2022,0.167099941850172,0.1835629704127449,0.1509239280943167
1,All Population,5,Prevalence,154,Tunisia,3,Both,27,Age-standardized,558,Mental disorders,3,Rate,2022,15944.21229040065,17480.97192555127,14439.033721856078
1,All Population,5,Prevalence,62,Russian Federation,3,Both,27,Age-standardized,558,Mental disorders,2,Percent,2023,0.1354337497942555,0.1528900550974285,0.1209801809925663
1,All Population,5,Prevalence,62,Russian Federation,3,Both,27,Age-standardized,558,Mental disorders,3,Rate,2023,12674.809459374761,14293.16716820911,11363.35838960627
1,All Population,5,Prevalence,171,Democratic Republic of the Congo,3,Both,27,Age-standardized,558,Mental disorders,2,Percent,2022,0.1492080285385603,0.1706005088618371,0.1334967468671674
1,All Population,5,Prevalence,171,Democratic Republic of the Congo,3,Both,27,Age-standardized,558,Mental disorders,3,Rate,2022,14824.34634822134,16960.55935780734,13259.80833698778
1,All Population,5,Prevalence,164,Nepal,3,Both,27,Age-standardized,558,Mental disorders,2,Percent,2020,0.1229551898943134,0.1365819298443145,0.1123215228515109
1,All Population,5,Prevalence,164,Nepal,3,Both,27,Age-standardized,558,Mental disorders,3,Rate,2020,11744.558917460909,12991.20942967473,10712.65536403747
1,All Population,5,Prevalence,177,Djibouti,3,Both,27,Age-standardized,558,Mental disorders,2,Percent,2020,0.1234241174188046,0.1346214770312793,0.1121136426998505
1,All Population,5,Prevalence,177,Djibouti,3,Both,27,Age-standardized,558,Mental disorders,3,Rate,2020,12009.075614800919,13113.80068684396,10952.723060722481
1,All Population,5,Prevalence,75,Austria,3,Both,27,Age-standardized,558,Mental disorders,2,Percent,2023,0.1741639503995172,0.2014002333725464,0.1492161679708867
1,All Population,5,Prevalence,75,Austria,3,Both,27,Age-standardized,558,Mental disorders,3,Rate,2023,16026.791531831968,18500.122991152508,13698.77019769197
1,All Population,5,Prevalence,66,Brunei Darussalam,3,Both,27,Age-standardized,558,Mental disorders,2,Percent,2023,0.1394734732326367,0.1624056745303058,0.1227679843448919
1,All Population,5,Prevalence,66,Brunei Darussalam,3,Both,27,Age-standardized,558,Mental disorders,3,Rate,2023,12873.387226508708,15014.69313040062,11287.78292564296
1,All Population,5,Prevalence,374,Niue,3,Both,27,Age-standardized,558,Mental disorders,2,Percent,2023,0.1280004582800271,0.1498172658238223,0.1122396709218536
1,All Population,5,Prevalence,374,Niue,3,Both,27,Age-standardized,558,Mental disorders,3,Rate,2023,12264.27159830737,14382.07993878331,10741.33380857171
1,All Population,5,Prevalence,77,Cyprus,3,Both,27,Age-standardized,558,Mental disorders,2,Percent,2023,0.2075386614764165,0.2242555622096554,0.1899794690376893
1,All Population,5,Prevalence,77,Cyprus,3,Both,27,Age-standardized,558,Mental disorders,3,Rate,2023,19288.09176850905,20861.87271221026,17692.08717700004
1,All Population,5,Prevalence,160,Afghanistan,3,Both,27,Age-standardized,558,Mental disorders,2,Percent,2020,0.1512871729515531,0.164179706909378,0.1378839453046823
1,All Population,5,Prevalence,160,Afghanistan,3,Both,27,Age-standardized,558,Mental disorders,3,Rate,2020,14965.018996613799,16264.78762806786,13653.858705402368
1,All Population,5,Prevalence,435,South Sudan,3,Both,27,Age-standardized,558,Mental disorders,2,Percent,2023,0.1546506947523089,0.1734264251620745,0.1389230360389794
1,All Population,5,Prevalence,435,South Sudan,3,Both,27,Age-standardized,558,Mental disorders,3,Rate,2023,15261.11757831306,17133.56959594422,13693.19939543659
1,All Population,5,Prevalence,141,Egypt,3,Both,27,Age-standardized,558,Mental disorders,2,Percent,2022,0.1575077983767825,0.1755338845404992,0.1428917230589345
1,All Population,5,Prevalence,141,Egypt,3,Both,27,Age-standardized,558,Mental disorders,3,Rate,2022,15151.204706076549,16869.6028351907,13738.18728127706
1,All Population,5,Prevalence,79,Finland,3,Both,27,Age-standardized,558,Mental disorders,2,Percent,2023,0.1505064366728074,0.1704790327710401,0.1332520210695985
1,All Population,5,Prevalence,79,Finland,3,Both,27,Age-standardized,558,Mental disorders,3,Rate,2023,13845.37394469649,15645.417922685501,12264.38509539637
1,All Population,5,Prevalence,380,Palau,3,Both,27,Age-standardized,558,Mental disorders,2,Percent,2023,0.1273160413468896,0.1487622259724468,0.1118273744049116
1,All Population,5,Prevalence,380,Palau,3,Both,27,Age-standardized,558,Mental disorders,3,Rate,2023,12280.855717932182,14341.68487996092,10726.43563455153
1,All Population,5,Prevalence,102,United States of America,3,Both,27,Age-standardized,558,Mental disorders,2,Percent,2020,0.1779043381015168,0.1954846731574491,0.1631917275718141
1,All Population,5,Prevalence,102,United States of America,3,Both,27,Age-standardized,558,Mental disorders,3,Rate,2020,16347.14255924061,17892.36008297735,15058.109776303949
1,All Population,5,Prevalence,201,Burkina Faso,3,Both,27,Age-standardized,558,Mental disorders,2,Percent,2021,0.1524935098235535,0.1707041905565929,0.1370821796348545
1,All Population,5,Prevalence,201,Burkina Faso,3,Both,27,Age-standardized,558,Mental disorders,3,Rate,2021,15100.5897519847,16916.73420185246,13556.56526665791
1,All Population,5,Prevalence,151,Qatar,3,Both,27,Age-standardized,558,Mental disorders,2,Percent,2021,0.1288583156475765,0.1412301022763,0.1177464187893829
1,All Population,5,Prevalence,151,Qatar,3,Both,27,Age-standardized,558,Mental disorders,3,Rate,2021,12288.23701983013,13438.21219545969,11191.357653111341
1,All Population,5,Prevalence,168,Angola,3,Both,27,Age-standardized,558,Mental disorders,2,Percent,2021,0.1671644950947486,0.1900762620895362,0.1493318355530761
1,All Population,5,Prevalence,168,Angola,3,Both,27,Age-standardized,558,Mental disorders,3,Rate,2021,16423.7116875613,18611.07038942511,14704.9415162458
1,All Population,5,Prevalence,203,Cabo Verde,3,Both,27,Age-standardized,558,Mental disorders,2,Percent,2021,0.1475974912415506,0.1661283645763804,0.1310412914574545
1,All Population,5,Prevalence,203,Cabo Verde,3,Both,27,Age-standardized,558,Mental disorders,3,Rate,2021,14174.90402386008,15950.511726810479,12618.726050420439
1,All Population,5,Prevalence,183,Mauritius,3,Both,27,Age-standardized,558,Mental disorders,2,Percent,2021,0.1076195815723525,0.1210203233469775,0.0970667077989775
1,All Population,5,Prevalence,183,Mauritius,3,Both,27,Age-standardized,558,Mental disorders,3,Rate,2021,10387.108474633671,11655.50503468597,9345.40299808943
1,All Population,5,Prevalence,182,Malawi,3,Both,27,Age-standardized,558,Mental disorders,2,Percent,2022,0.1335428284869852,0.1484081713857077,0.1206710721630113
1,All Population,5,Prevalence,182,Malawi,3,Both,27,Age-standardized,558,Mental disorders,3,Rate,2022,13052.927331654091,14490.49553035509,11824.84356799755
1,All Population,5,Prevalence,60,Lithuania,3,Both,27,Age-standardized,558,Mental disorders,2,Percent,2023,0.1446930889249561,0.1656952528119561,0.1276547094721564
1,All Population,5,Prevalence,60,Lithuania,3,Both,27,Age-standardized,558,Mental disorders,3,Rate,2023,13559.84588688073,15556.79809021161,11888.48774762344
1,All Population,5,Prevalence,81,Germany,3,Both,27,Age-standardized,558,Mental disorders,2,Percent,2023,0.1647136588414823,0.1803692044373576,0.1514763318775197
1,All Population,5,Prevalence,81,Germany,3,Both,27,Age-standardized,558,Mental disorders,3,Rate,2023,14983.572398065271,16421.13130566719,13812.95762585838
1,All Population,5,Prevalence,90,Norway,3,Both,27,Age-standardized,558,Mental disorders,2,Percent,2023,0.180902570292194,0.2093269275482402,0.1575492724308813
1,All Population,5,Prevalence,90,Norway,3,Both,27,Age-standardized,558,Mental disorders,3,Rate,2023,16608.07303577508,19224.8511003979,14492.605533683889
1,All Population,5,Prevalence,109,Cuba,3,Both,27,Age-standardized,558,Mental disorders,2,Percent,2023,0.1752330037572842,0.1953092930586925,0.1569446858565867
1,All Population,5,Prevalence,109,Cuba,3,Both,27,Age-standardized,558,Mental disorders,3,Rate,2023,16818.95875868814,18768.846150286918,15063.984799047761
1,All Population,5,Prevalence,92,Spain,3,Both,27,Age-standardized,558,Mental disorders,2,Percent,2023,0.2018305284205612,0.2294835326143476,0.1780684819488038
1,All Population,5,Prevalence,92,Spain,3,Both,27,Age-standardized,558,Mental disorders,3,Rate,2023,18558.71561979568,21164.94408138174,16393.57694559035
1,All Population,5,Prevalence,94,Switzerland,3,Both,27,Age-standardized,558,Mental disorders,2,Percent,2023,0.2005115564675803,0.2272763560996832,0.1787405450326848
1,All Population,5,Prevalence,94,Switzerland,3,Both,27,Age-standardized,558,Mental disorders,3,Rate,2023,18282.95563362038,20715.369090329168,16359.66967141235
1,All Population,5,Prevalence,111,Dominican Republic,3,Both,27,Age-standardized,558,Mental disorders,2,Percent,2023,0.1847998815152095,0.2081220226838744,0.1658571534321874
1,All Population,5,Prevalence,111,Dominican Republic,3,Both,27,Age-standardized,558,Mental disorders,3,Rate,2023,17861.240123171752,20134.4477340253,16027.697874750449
1,All Population,5,Prevalence,122,Ecuador,3,Both,27,Age-standardized,558,Mental disorders,2,Percent,2023,0.1799647693338966,0.204711893096706,0.1583685107404141
1,All Population,5,Prevalence,122,Ecuador,3,Both,27,Age-standardized,558,Mental disorders,3,Rate,2023,17353.20143279052,19692.2350026769,15281.832318481838
1,All Population,5,Prevalence,66,Brunei Darussalam,3,Both,27,Age-standardized,558,Mental disorders,2,Percent,2022,0.1353778465313913,0.1558921455582363,0.1193423100624528
1,All Population,5,Prevalence,66,Brunei Darussalam,3,Both,27,Age-standardized,558,Mental disorders,3,Rate,2022,12503.43186675139,14426.31812342694,10946.091436863679
1,All Population,5,Prevalence,217,Sierra Leone,3,Both,27,Age-standardized,558,Mental disorders,2,Percent,2022,0.1521786439240395,0.1731144532157244,0.1351701748919751
1,All Population,5,Prevalence,217,Sierra Leone,3,Both,27,Age-standardized,558,Mental disorders,3,Rate,2022,15033.530693003868,17138.83207596269,13385.06205190654
1,All Population,5,Prevalence,206,Gambia,3,Both,27,Age-standardized,558,Mental disorders,2,Percent,2020,0.1447130709918352,0.1619306147358804,0.128771555745274
1,All Population,5,Prevalence,206,Gambia,3,Both,27,Age-standardized,558,Mental disorders,3,Rate,2020,14177.225257358588,15867.57328066973,12580.599838473769
1,All Population,5,Prevalence,143,Iraq,3,Both,27,Age-standardized,558,Mental disorders,2,Percent,2023,0.1676693220597004,0.1913872412817211,0.1480264464150981
1,All Population,5,Prevalence,143,Iraq,3,Both,27,Age-standardized,558,Mental disorders,3,Rate,2023,16103.73215502626,18412.68664019621,14272.17421595778
1,All Population,5,Prevalence,16,Philippines,3,Both,27,Age-standardized,558,Mental disorders,2,Percent,2021,0.1014019001723083,0.1108237591105274,0.0920573424534841
1,All Population,5,Prevalence,16,Philippines,3,Both,27,Age-standardized,558,Mental disorders,3,Rate,2021,9766.87795086718,10677.32107292187,8862.89600856459
1,All Population,5,Prevalence,200,Benin,3,Both,27,Age-standardized,558,Mental disorders,2,Percent,2022,0.152737532346791,0.1735006539344685,0.1357788165800476
1,All Population,5,Prevalence,200,Benin,3,Both,27,Age-standardized,558,Mental disorders,3,Rate,2022,15060.05170013533,17131.27791210715,13381.87608366595
1,All Population,5,Prevalence,212,Mauritania,3,Both,27,Age-standardized,558,Mental disorders,2,Percent,2020,0.1293622909651982,0.1445857865413463,0.1156103236777076
1,All Population,5,Prevalence,212,Mauritania,3,Both,27,Age-standardized,558,Mental disorders,3,Rate,2020,12647.50072779895,14070.94521677465,11291.405200499099
1,All Population,5,Prevalence,351,Guam,3,Both,27,Age-standardized,558,Mental disorders,2,Percent,2022,0.1209502457789461,0.1393704292844581,0.1068456135631847
1,All Population,5,Prevalence,351,Guam,3,Both,27,Age-standardized,558,Mental disorders,3,Rate,2022,11595.52488066563,13381.92415465103,10203.97138957097
1,All Population,5,Prevalence,19,Timor-Leste,3,Both,27,Age-standardized,558,Mental disorders,2,Percent,2022,0.0973023436815895,0.1084355576022793,0.0873179773460675
1,All Population,5,Prevalence,19,Timor-Leste,3,Both,27,Age-standardized,558,Mental disorders,3,Rate,2022,9500.226913123171,10583.59674587504,8518.33324087117
1,All Population,5,Prevalence,105,Antigua and Barbuda,3,Both,27,Age-standardized,558,Mental disorders,2,Percent,2023,0.1719846000385751,0.192558447920331,0.1551199094913786
1,All Population,5,Prevalence,105,Antigua and Barbuda,3,Both,27,Age-standardized,558,Mental disorders,3,Rate,2023,16590.63677131474,18552.09489545058,14900.72613599428
1,All Population,5,Prevalence,126,Costa Rica,3,Both,27,Age-standardized,558,Mental disorders,2,Percent,2023,0.1514434661713199,0.1717215785314494,0.1355241606513862
1,All Population,5,Prevalence,126,Costa Rica,3,Both,27,Age-standardized,558,Mental disorders,3,Rate,2023,14411.17773398018,16310.338680099889,12892.75917555325
1,All Population,5,Prevalence,139,Algeria,3,Both,27,Age-standardized,558,Mental disorders,2,Percent,2023,0.1496640894143247,0.1645027232597751,0.1364158353703719
1,All Population,5,Prevalence,139,Algeria,3,Both,27,Age-standardized,558,Mental disorders,3,Rate,2023,14291.17377891532,15698.42235049248,13012.39907239471
1,All Population,5,Prevalence,107,Barbados,3,Both,27,Age-standardized,558,Mental disorders,2,Percent,2023,0.1706639987667979,0.1908468873255743,0.1533156459058606
1,All Population,5,Prevalence,107,Barbados,3,Both,27,Age-standardized,558,Mental disorders,3,Rate,2023,16387.76327576954,18318.81023438703,14700.66429984086
1,All Population,5,Prevalence,156,United Arab Emirates,3,Both,27,Age-standardized,558,Mental disorders,2,Percent,2023,0.1363615209568997,0.151659348282957,0.1225432521012659
1,All Population,5,Prevalence,156,United Arab Emirates,3,Both,27,Age-standardized,558,Mental disorders,3,Rate,2023,13054.11099597208,14518.576840852149,11736.05656856247
1,All Population,5,Prevalence,141,Egypt,3,Both,27,Age-standardized,558,Mental disorders,2,Percent,2023,0.165558584822032,0.1860516230266517,0.1487002688950332
1,All Population,5,Prevalence,141,Egypt,3,Both,27,Age-standardized,558,Mental disorders,3,Rate,2023,15897.373844108339,17877.283002832282,14247.03453839794
1,All Population,5,Prevalence,49,North Macedonia,3,Both,27,Age-standardized,558,Mental disorders,2,Percent,2022,0.1351372378507228,0.1553683312175129,0.1183830235100287
1,All Population,5,Prevalence,49,North Macedonia,3,Both,27,Age-standardized,558,Mental disorders,3,Rate,2022,12763.068079032599,14674.23623773394,11173.064205323579
1,All Population,5,Prevalence,193,Botswana,3,Both,27,Age-standardized,558,Mental disorders,2,Percent,2020,0.126392548920752,0.1404649185389691,0.1137390213512718
1,All Population,5,Prevalence,193,Botswana,3,Both,27,Age-standardized,558,Mental disorders,3,Rate,2020,12325.34405736276,13719.065365029832,11108.65601522453
1,All Population,5,Prevalence,305,Bermuda,3,Both,27,Age-standardized,558,Mental disorders,2,Percent,2021,0.1669844108094731,0.1841102511958659,0.1507789393648531
1,All Population,5,Prevalence,305,Bermuda,3,Both,27,Age-standardized,558,Mental disorders,3,Rate,2021,15894.91831792266,17486.64051442725,14334.32506042075
1,All Population,5,Prevalence,109,Cuba,3,Both,27,Age-standardized,558,Mental disorders,2,Percent,2022,0.1684951192392162,0.1861266021516497,0.1518090031108441
1,All Population,5,Prevalence,109,Cuba,3,Both,27,Age-standardized,558,Mental disorders,3,Rate,2022,16179.71164064842,17887.52979026958,14544.5240745507
1,All Population,5,Prevalence,169,Central African Republic,3,Both,27,Age-standardized,558,Mental disorders,2,Percent,2023,0.1782704552872656,0.2019211392693155,0.1594885977151385
1,All Population,5,Prevalence,169,Central African Republic,3,Both,27,Age-standardized,558,Mental disorders,3,Rate,2023,17768.36142776924,20111.21240426459,15908.08650773164
1,All Population,5,Prevalence,156,United Arab Emirates,3,Both,27,Age-standardized,558,Mental disorders,2,Percent,2022,0.1338392824616289,0.1483222761083969,0.1207650332876824
1,All Population,5,Prevalence,156,United Arab Emirates,3,Both,27,Age-standardized,558,Mental disorders,3,Rate,2022,12820.660752540849,14192.56112650756,11562.737782922319
1,All Population,5,Prevalence,152,Saudi Arabia,3,Both,27,Age-standardized,558,Mental disorders,2,Percent,2023,0.1711225012698853,0.1967651226591228,0.1503981857603544
1,All Population,5,Prevalence,152,Saudi Arabia,3,Both,27,Age-standardized,558,Mental disorders,3,Rate,2023,16499.885086916012,18981.22651444639,14504.85366901276
1,All Population,5,Prevalence,90,Norway,3,Both,27,Age-standardized,558,Mental disorders,2,Percent,2022,0.1714902981291264,0.1977988088934862,0.150440030046809
1,All Population,5,Prevalence,90,Norway,3,Both,27,Age-standardized,558,Mental disorders,3,Rate,2022,15773.582238140909,18172.4357449688,13869.59698786945
1,All Population,5,Prevalence,171,Democratic Republic of the Congo,3,Both,27,Age-standardized,558,Mental disorders,2,Percent,2023,0.1572053941578396,0.1792807812568381,0.1408407909105961
1,All Population,5,Prevalence,171,Democratic Republic of the Congo,3,Both,27,Age-standardized,558,Mental disorders,3,Rate,2023,15610.218294493969,17768.32939057321,13986.06835751917
1,All Population,5,Prevalence,182,Malawi,3,Both,27,Age-standardized,558,Mental disorders,2,Percent,2023,0.1427669182531949,0.1606463108624506,0.1281225804976177
1,All Population,5,Prevalence,182,Malawi,3,Both,27,Age-standardized,558,Mental disorders,3,Rate,2023,13946.14595711727,15695.32855881606,12532.68447084093
1,All Population,5,Prevalence,154,Tunisia,3,Both,27,Age-standardized,558,Mental disorders,2,Percent,2023,0.1780062738924762,0.197774572534115,0.1603074613922178
1,All Population,5,Prevalence,154,Tunisia,3,Both,27,Age-standardized,558,Mental disorders,3,Rate,2023,16966.18706430652,18802.49667720848,15295.93049457303
1,All Population,5,Prevalence,149,Palestine,3,Both,27,Age-standardized,558,Mental disorders,2,Percent,2020,0.1543218262836541,0.1673634384605434,0.1415545966512883
1,All Population,5,Prevalence,149,Palestine,3,Both,27,Age-standardized,558,Mental disorders,3,Rate,2020,14898.640712321881,16142.003811417599,13667.528358527
1,All Population,5,Prevalence,173,Gabon,3,Both,27,Age-standardized,558,Mental disorders,2,Percent,2023,0.1667395699555963,0.1888555203649553,0.1496665706448321
1,All Population,5,Prevalence,173,Gabon,3,Both,27,Age-standardized,558,Mental disorders,3,Rate,2023,16424.03720656616,18592.04829970223,14751.89307559569
1,All Population,5,Prevalence,204,Chad,3,Both,27,Age-standardized,558,Mental disorders,2,Percent,2023,0.1743351311460765,0.1996785885873201,0.153928281641703
1,All Population,5,Prevalence,204,Chad,3,Both,27,Age-standardized,558,Mental disorders,3,Rate,2023,17231.28673372836,19731.4221598428,15223.30907400061
1,All Population,5,Prevalence,184,Mozambique,3,Both,27,Age-standardized,558,Mental disorders,2,Percent,2023,0.1523782814327532,0.1708728442368152,0.1364119956437458
1,All Population,5,Prevalence,184,Mozambique,3,Both,27,Age-standardized,558,Mental disorders,3,Rate,2023,15030.79439003602,16879.59163674835,13440.43451267854
1,All Population,5,Prevalence,215,Sao Tome and Principe,3,Both,27,Age-standardized,558,Mental disorders,2,Percent,2023,0.1574805630040278,0.1806072968623036,0.1384281152244927
1,All Population,5,Prevalence,215,Sao Tome and Principe,3,Both,27,Age-standardized,558,Mental disorders,3,Rate,2023,15496.517111819361,17794.9589939089,13600.445469599708
1,All Population,5,Prevalence,369,Nauru,3,Both,27,Age-standardized,558,Mental disorders,2,Percent,2020,0.1166232011108011,0.133703096883843,0.1021005795957576
1,All Population,5,Prevalence,369,Nauru,3,Both,27,Age-standardized,558,Mental disorders,3,Rate,2020,11338.074848240121,12993.082515527141,9895.28247146408
1,All Population,5,Prevalence,179,Ethiopia,3,Both,27,Age-standardized,558,Mental disorders,2,Percent,2020,0.1359730869841338,0.1489663662996815,0.1244119200535607
1,All Population,5,Prevalence,179,Ethiopia,3,Both,27,Age-standardized,558,Mental disorders,3,Rate,2020,13379.35787999526,14641.67865665697,12241.18376860563
1,All Population,5,Prevalence,217,Sierra Leone,3,Both,27,Age-standardized,558,Mental disorders,2,Percent,2023,0.1612951191348558,0.184245532171896,0.1417752582106196
1,All Population,5,Prevalence,217,Sierra Leone,3,Both,27,Age-standardized,558,Mental disorders,3,Rate,2023,15919.78019554224,18226.53595770523,14004.371154084829
1,All Population,5,Prevalence,186,Seychelles,3,Both,27,Age-standardized,558,Mental disorders,2,Percent,2023,0.1008880304062276,0.1117965915734264,0.0920142653020068
1,All Population,5,Prevalence,186,Seychelles,3,Both,27,Age-standardized,558,Mental disorders,3,Rate,2023,9626.63971903321,10649.68677405425,8781.182588619691
1,All Population,5,Prevalence,198,Zimbabwe,3,Both,27,Age-standardized,558,Mental disorders,2,Percent,2023,0.1403095240546591,0.1606219040427271,0.1233558910936605
1,All Population,5,Prevalence,198,Zimbabwe,3,Both,27,Age-standardized,558,Mental disorders,3,Rate,2023,13594.72959257869,15550.03378275513,11953.78518958609
1,All Population,5,Prevalence,189,United Republic of Tanzania,3,Both,27,Age-standardized,558,Mental disorders,2,Percent,2023,0.1297706404875823,0.1435612496964278,0.117873170058449
1,All Population,5,Prevalence,189,United Republic of Tanzania,3,Both,27,Age-standardized,558,Mental disorders,3,Rate,2023,12700.762128685312,14032.35557973174,11519.671196603149
1,All Population,5,Prevalence,208,Guinea,3,Both,27,Age-standardized,558,Mental disorders,2,Percent,2020,0.152475859889847,0.1707508840618068,0.1358669733871551
1,All Population,5,Prevalence,208,Guinea,3,Both,27,Age-standardized,558,Mental disorders,3,Rate,2020,15066.78723872954,16868.12632965135,13400.598370300171
1,All Population,5,Prevalence,298,American Samoa,3,Both,27,Age-standardized,558,Mental disorders,2,Percent,2023,0.1282533889665077,0.150135924723422,0.1127138255013878
1,All Population,5,Prevalence,298,American Samoa,3,Both,27,Age-standardized,558,Mental disorders,3,Rate,2023,12330.85046174366,14455.762078242009,10781.06281898389
1,All Population,5,Prevalence,200,Benin,3,Both,27,Age-standardized,558,Mental disorders,2,Percent,2023,0.1617355107355213,0.1845611477267589,0.1420164102144024
1,All Population,5,Prevalence,200,Benin,3,Both,27,Age-standardized,558,Mental disorders,3,Rate,2023,15929.94200651234,18202.656332009272,13970.84887487003
1,All Population,5,Prevalence,184,Mozambique,3,Both,27,Age-standardized,558,Mental disorders,2,Percent,2022,0.1438233212499952,0.1594951021844332,0.1291382954892831
1,All Population,5,Prevalence,184,Mozambique,3,Both,27,Age-standardized,558,Mental disorders,3,Rate,2022,14194.593490523841,15718.61584640922,12737.113270299898
1,All Population,5,Prevalence,123,Peru,3,Both,27,Age-standardized,558,Mental disorders,2,Percent,2021,0.1729592195425697,0.1916621921925907,0.1540737516978713
1,All Population,5,Prevalence,123,Peru,3,Both,27,Age-standardized,558,Mental disorders,3,Rate,2021,16945.30062516638,18765.59802156837,15099.82625429413
1,All Population,5,Prevalence,522,Sudan,3,Both,27,Age-standardized,558,Mental disorders,2,Percent,2021,0.1478825833930429,0.1619194375430121,0.1344846068510305
1,All Population,5,Prevalence,522,Sudan,3,Both,27,Age-standardized,558,Mental disorders,3,Rate,2021,14469.76197228457,15802.71941387943,13148.41314671493
1,All Population,5,Prevalence,140,Bahrain,3,Both,27,Age-standardized,558,Mental disorders,2,Percent,2021,0.1457929078136271,0.1587402803675585,0.133945555226964
1,All Population,5,Prevalence,140,Bahrain,3,Both,27,Age-standardized,558,Mental disorders,3,Rate,2021,14081.74641662787,15341.16026925715,12896.2069570264
1,All Population,5,Prevalence,33,Armenia,3,Both,27,Age-standardized,558,Mental disorders,2,Percent,2021,0.149616304684043,0.170848046851744,0.1327845541889657
1,All Population,5,Prevalence,33,Armenia,3,Both,27,Age-standardized,558,Mental disorders,3,Rate,2021,14192.5881907137,16241.07777809419,12527.989283256698
1,All Population,5,Prevalence,157,Yemen,3,Both,27,Age-standardized,558,Mental disorders,2,Percent,2021,0.142545946696132,0.1557081434227441,0.130627125924696
1,All Population,5,Prevalence,157,Yemen,3,Both,27,Age-standardized,558,Mental disorders,3,Rate,2021,14112.15783708607,15405.641333479261,12898.745951651039
1,All Population,5,Prevalence,216,Senegal,3,Both,27,Age-standardized,558,Mental disorders,2,Percent,2021,0.1390129757373125,0.1562339958325661,0.1244005866434004
1,All Population,5,Prevalence,216,Senegal,3,Both,27,Age-standardized,558,Mental disorders,3,Rate,2021,13659.51551816136,15330.10894926633,12246.553413692749
1,All Population,5,Prevalence,110,Dominica,3,Both,27,Age-standardized,558,Mental disorders,2,Percent,2021,0.1619219079366126,0.17812454512141,0.1458894048251321
1,All Population,5,Prevalence,110,Dominica,3,Both,27,Age-standardized,558,Mental disorders,3,Rate,2021,15620.58136680759,17182.37973601136,14085.233819134579
1,All Population,5,Prevalence,143,Iraq,3,Both,27,Age-standardized,558,Mental disorders,2,Percent,2022,0.1572142450720819,0.1774728801737656,0.1406944001715788
1,All Population,5,Prevalence,143,Iraq,3,Both,27,Age-standardized,558,Mental disorders,3,Rate,2022,15119.357848952799,17089.89172341861,13558.58241211367
1,All Population,5,Prevalence,413,Tokelau,3,Both,27,Age-standardized,558,Mental disorders,2,Percent,2022,0.1201120621716283,0.1385534510035403,0.1055649502567216
1,All Population,5,Prevalence,413,Tokelau,3,Both,27,Age-standardized,558,Mental disorders,3,Rate,2022,11599.653518976289,13380.440055254589,10187.71325707558
1,All Population,5,Prevalence,320,Cook Islands,3,Both,27,Age-standardized,558,Mental disorders,2,Percent,2023,0.1278746327133838,0.1494452091905447,0.1124296650336871
1,All Population,5,Prevalence,320,Cook Islands,3,Both,27,Age-standardized,558,Mental disorders,3,Rate,2023,12239.0357067165,14293.64634762835,10696.48302499539
1,All Population,5,Prevalence,202,Cameroon,3,Both,27,Age-standardized,558,Mental disorders,2,Percent,2023,0.1599993358702847,0.1823858877466102,0.141515194737428
1,All Population,5,Prevalence,202,Cameroon,3,Both,27,Age-standardized,558,Mental disorders,3,Rate,2023,15731.40352021036,17953.23606227807,13882.78147516003
1,All Population,5,Prevalence,63,Ukraine,3,Both,27,Age-standardized,558,Mental disorders,2,Percent,2021,0.1485689705803148,0.1658710622404747,0.1321028388195542
1,All Population,5,Prevalence,63,Ukraine,3,Both,27,Age-standardized,558,Mental disorders,3,Rate,2021,13920.49095276626,15539.42981883333,12399.369137135149
1,All Population,5,Prevalence,59,Latvia,3,Both,27,Age-standardized,558,Mental disorders,2,Percent,2021,0.1323199650546251,0.1497925629285809,0.1190927628806202
1,All Population,5,Prevalence,59,Latvia,3,Both,27,Age-standardized,558,Mental disorders,3,Rate,2021,12264.64579979205,13922.854147573069,11019.2434349379
1,All Population,5,Prevalence,46,Croatia,3,Both,27,Age-standardized,558,Mental disorders,2,Percent,2021,0.1437256420415166,0.1654306970978316,0.1253176255309799
1,All Population,5,Prevalence,46,Croatia,3,Both,27,Age-standardized,558,Mental disorders,3,Rate,2021,13547.298595771601,15640.514542931869,11835.26398000585
1,All Population,5,Prevalence,93,Sweden,3,Both,27,Age-standardized,558,Mental disorders,2,Percent,2021,0.1697316487375403,0.1832064329352735,0.1573723026014806
1,All Population,5,Prevalence,93,Sweden,3,Both,27,Age-standardized,558,Mental disorders,3,Rate,2021,15649.74128221554,16889.03007456899,14535.7562461052
1,All Population,5,Prevalence,385,Puerto Rico,3,Both,27,Age-standardized,558,Mental disorders,2,Percent,2021,0.1806388907537471,0.1976078107324327,0.1644572490048909
1,All Population,5,Prevalence,385,Puerto Rico,3,Both,27,Age-standardized,558,Mental disorders,3,Rate,2021,17169.95592098441,18814.36003690925,15595.893734900621
1,All Population,5,Prevalence,76,Belgium,3,Both,27,Age-standardized,558,Mental disorders,2,Percent,2021,0.1726907259750201,0.1941399617204011,0.1529313941784421
1,All Population,5,Prevalence,76,Belgium,3,Both,27,Age-standardized,558,Mental disorders,3,Rate,2021,15752.47300859901,17704.379338541108,13948.66133906888
1,All Population,5,Prevalence,393,Saint Kitts and Nevis,3,Both,27,Age-standardized,558,Mental disorders,2,Percent,2023,0.1724838958364693,0.193367052230384,0.1552106062576685
1,All Population,5,Prevalence,393,Saint Kitts and Nevis,3,Both,27,Age-standardized,558,Mental disorders,3,Rate,2023,16525.19719779233,18499.50906050569,14872.972131046181
1,All Population,5,Prevalence,351,Guam,3,Both,27,Age-standardized,558,Mental disorders,2,Percent,2023,0.1276014550446674,0.1489325380795929,0.1117230159823485
1,All Population,5,Prevalence,351,Guam,3,Both,27,Age-standardized,558,Mental disorders,3,Rate,2023,12230.398007779191,14272.37183575063,10692.42128216067
1,All Population,5,Prevalence,202,Cameroon,3,Both,27,Age-standardized,558,Mental disorders,2,Percent,2022,0.1487544469588294,0.1681992690266936,0.1324276914236763
1,All Population,5,Prevalence,202,Cameroon,3,Both,27,Age-standardized,558,Mental disorders,3,Rate,2022,14634.81320119992,16580.2131104967,13046.30681897063
1,All Population,5,Prevalence,413,Tokelau,3,Both,27,Age-standardized,558,Mental disorders,2,Percent,2023,0.1270713349481121,0.1484038122455594,0.1116673730837464
1,All Population,5,Prevalence,413,Tokelau,3,Both,27,Age-standardized,558,Mental disorders,3,Rate,2023,12263.70445103199,14333.016434362331,10719.74334202357
1,All Population,5,Prevalence,195,Namibia,3,Both,27,Age-standardized,558,Mental disorders,2,Percent,2020,0.1239809726332454,0.1381115249205254,0.1105394565306689
1,All Population,5,Prevalence,195,Namibia,3,Both,27,Age-standardized,558,Mental disorders,3,Rate,2020,12018.46094570689,13366.86697012647,10755.44556425279
1,All Population,5,Prevalence,111,Dominican Republic,3,Both,27,Age-standardized,558,Mental disorders,2,Percent,2022,0.1780509814303318,0.1986280751121096,0.1608157731291866
1,All Population,5,Prevalence,111,Dominican Republic,3,Both,27,Age-standardized,558,Mental disorders,3,Rate,2022,17216.180747945982,19185.17158784096,15531.155951595048
1,All Population,5,Prevalence,422,United States Virgin Islands,3,Both,27,Age-standardized,558,Mental disorders,2,Percent,2023,0.1677448889875107,0.186898745270226,0.1504727100662786
1,All Population,5,Prevalence,422,United States Virgin Islands,3,Both,27,Age-standardized,558,Mental disorders,3,Rate,2023,16002.43739281272,17846.307820306658,14385.76593661097
1,All Population,5,Prevalence,106,Bahamas,3,Both,27,Age-standardized,558,Mental disorders,2,Percent,2021,0.1691879118277706,0.1864160877755208,0.1534840619355565
1,All Population,5,Prevalence,106,Bahamas,3,Both,27,Age-standardized,558,Mental disorders,3,Rate,2021,16282.93780500041,17915.70803453981,14720.954272634459
1,All Population,5,Prevalence,422,United States Virgin Islands,3,Both,27,Age-standardized,558,Mental disorders,2,Percent,2022,0.160318858872614,0.1776486620440354,0.1444577676558667
1,All Population,5,Prevalence,422,United States Virgin Islands,3,Both,27,Age-standardized,558,Mental disorders,3,Rate,2022,15313.45327715689,16929.64068423245,13773.881077432832
1,All Population,5,Prevalence,376,Northern Mariana Islands,3,Both,27,Age-standardized,558,Mental disorders,2,Percent,2020,0.118195682230157,0.1350851993603956,0.1035269123131349
1,All Population,5,Prevalence,376,Northern Mariana Islands,3,Both,27,Age-standardized,558,Mental disorders,3,Rate,2020,11339.952170595221,12939.87661760831,9921.75401077002
1,All Population,5,Prevalence,204,Chad,3,Both,27,Age-standardized,558,Mental disorders,2,Percent,2022,0.1647787746534394,0.1871949929749389,0.1465534903976588
1,All Population,5,Prevalence,204,Chad,3,Both,27,Age-standardized,558,Mental disorders,3,Rate,2022,16296.17873768568,18510.21814288025,14495.34123942825
1,All Population,5,Prevalence,153,Syrian Arab Republic,3,Both,27,Age-standardized,558,Mental disorders,2,Percent,2021,0.1885923297654649,0.2107371855073136,0.1689533755481094
1,All Population,5,Prevalence,153,Syrian Arab Republic,3,Both,27,Age-standardized,558,Mental disorders,3,Rate,2021,18378.871423435332,20529.96879276219,16467.57396831814
1,All Population,5,Prevalence,185,Rwanda,3,Both,27,Age-standardized,558,Mental disorders,2,Percent,2021,0.1353886375368396,0.1488953077301315,0.1228498863241296
1,All Population,5,Prevalence,185,Rwanda,3,Both,27,Age-standardized,558,Mental disorders,3,Rate,2021,13177.3884347271,14487.80566853139,11960.3981447079
1,All Population,5,Prevalence,181,Madagascar,3,Both,27,Age-standardized,558,Mental disorders,2,Percent,2020,0.1288430678516254,0.1413016007669431,0.1174784798859428
1,All Population,5,Prevalence,181,Madagascar,3,Both,27,Age-standardized,558,Mental disorders,3,Rate,2020,12707.83019203228,13944.977771819831,11583.015311368381
1,All Population,5,Prevalence,170,Congo,3,Both,27,Age-standardized,558,Mental disorders,2,Percent,2021,0.1550536971899331,0.1728271646448781,0.1396721859548847
1,All Population,5,Prevalence,170,Congo,3,Both,27,Age-standardized,558,Mental disorders,3,Rate,2021,15312.129178258248,17079.53070135772,13844.899557810688
1,All Population,5,Prevalence,18,Thailand,3,Both,27,Age-standardized,558,Mental disorders,2,Percent,2021,0.0964184037448605,0.1067341359128036,0.0877550757393307
1,All Population,5,Prevalence,18,Thailand,3,Both,27,Age-standardized,558,Mental disorders,3,Rate,2021,9226.088722822951,10214.84649525015,8364.14098386259
1,All Population,5,Prevalence,349,Greenland,3,Both,27,Age-standardized,558,Mental disorders,2,Percent,2021,0.1865071271667551,0.2085373906898955,0.1681934586544046
1,All Population,5,Prevalence,349,Greenland,3,Both,27,Age-standardized,558,Mental disorders,3,Rate,2021,17227.33553485947,19336.85001114045,15559.97426142858
1,All Population,5,Prevalence,205,Côte d'Ivoire,3,Both,27,Age-standardized,558,Mental disorders,2,Percent,2021,0.1468410966360923,0.1659232049066298,0.1309889765992636
1,All Population,5,Prevalence,205,Côte d'Ivoire,3,Both,27,Age-standardized,558,Mental disorders,3,Rate,2021,14433.16543262762,16320.8661060117,12875.67875064857
1,All Population,5,Prevalence,197,Eswatini,3,Both,27,Age-standardized,558,Mental disorders,2,Percent,2020,0.1341805276775641,0.1498840099993511,0.1211157451127327
1,All Population,5,Prevalence,197,Eswatini,3,Both,27,Age-standardized,558,Mental disorders,3,Rate,2020,13018.305199875422,14564.283813083981,11732.63520151837
1,All Population,5,Prevalence,218,Togo,3,Both,27,Age-standardized,558,Mental disorders,2,Percent,2021,0.1701664997360672,0.2052115180927685,0.1467247329055605
1,All Population,5,Prevalence,218,Togo,3,Both,27,Age-standardized,558,Mental disorders,3,Rate,2021,16807.353940009758,20264.299132037762,14482.5862977747
1,All Population,5,Prevalence,35,Georgia,3,Both,27,Age-standardized,558,Mental disorders,2,Percent,2021,0.1291252228132846,0.1438957059706924,0.11543677650313
1,All Population,5,Prevalence,35,Georgia,3,Both,27,Age-standardized,558,Mental disorders,3,Rate,2021,12279.51136206767,13671.807844170538,11028.15223285223
1,All Population,5,Prevalence,78,Denmark,3,Both,27,Age-standardized,558,Mental disorders,2,Percent,2021,0.1688397319099646,0.1815963127753801,0.156581970642994
1,All Population,5,Prevalence,78,Denmark,3,Both,27,Age-standardized,558,Mental disorders,3,Rate,2021,15330.003357181291,16542.22877970484,14211.49657787652
1,All Population,5,Prevalence,125,Colombia,3,Both,27,Age-standardized,558,Mental disorders,2,Percent,2021,0.1304064920709381,0.1444093652232034,0.1185583696891566
1,All Population,5,Prevalence,125,Colombia,3,Both,27,Age-standardized,558,Mental disorders,3,Rate,2021,12407.77958569331,13720.207642368989,11291.46729453009
1,All Population,5,Prevalence,142,Iran (Islamic Republic of),3,Both,27,Age-standardized,558,Mental disorders,2,Percent,2021,0.2018172026365735,0.2269852811319931,0.1819587443480911
1,All Population,5,Prevalence,142,Iran (Islamic Republic of),3,Both,27,Age-standardized,558,Mental disorders,3,Rate,2021,19484.38048187118,21987.188305824602,17539.92637295298
1,All Population,5,Prevalence,112,Grenada,3,Both,27,Age-standardized,558,Mental disorders,2,Percent,2021,0.1644177703873892,0.1810624407629265,0.148637424472568
1,All Population,5,Prevalence,112,Grenada,3,Both,27,Age-standardized,558,Mental disorders,3,Rate,2021,15866.30605497399,17458.16618738457,14332.14570620617
1,All Population,5,Prevalence,396,San Marino,3,Both,27,Age-standardized,558,Mental disorders,2,Percent,2021,0.1901299196247289,0.2039690255585776,0.1759979802029773
1,All Population,5,Prevalence,396,San Marino,3,Both,27,Age-standardized,558,Mental disorders,3,Rate,2021,17468.50261809717,18719.88906617093,16162.43533800846
1,All Population,5,Prevalence,48,Hungary,3,Both,27,Age-standardized,558,Mental disorders,2,Percent,2021,0.1295170705558031,0.1452446182434416,0.1161797857353502
1,All Population,5,Prevalence,48,Hungary,3,Both,27,Age-standardized,558,Mental disorders,3,Rate,2021,12171.6211440023,13648.317677702391,10895.77677584882
1,All Population,5,Prevalence,95,United Kingdom,3,Both,27,Age-standardized,558,Mental disorders,2,Percent,2021,0.2218817852231611,0.2383517553940745,0.2050463774659217
1,All Population,5,Prevalence,95,United Kingdom,3,Both,27,Age-standardized,558,Mental disorders,3,Rate,2021,20197.85306851806,21673.20256853789,18702.50464922655
1,All Population,5,Prevalence,187,Somalia,3,Both,27,Age-standardized,558,Mental disorders,2,Percent,2021,0.1252019794756269,0.1368592783418588,0.114372572236325
1,All Population,5,Prevalence,187,Somalia,3,Both,27,Age-standardized,558,Mental disorders,3,Rate,2021,12383.016949113658,13535.1945723059,11305.99425292949
1,All Population,5,Prevalence,172,Equatorial Guinea,3,Both,27,Age-standardized,558,Mental disorders,2,Percent,2021,0.1530291031740518,0.1725080492517778,0.1375879089106937
1,All Population,5,Prevalence,172,Equatorial Guinea,3,Both,27,Age-standardized,558,Mental disorders,3,Rate,2021,14918.22933866636,16810.004355920268,13419.19427151454
1,All Population,5,Prevalence,20,Viet Nam,3,Both,27,Age-standardized,558,Mental disorders,2,Percent,2021,0.0848106464579263,0.0942673741624553,0.0768768371749131
1,All Population,5,Prevalence,20,Viet Nam,3,Both,27,Age-standardized,558,Mental disorders,3,Rate,2021,8287.55980377193,9211.96624751969,7506.239849207739
1,All Population,5,Prevalence,214,Nigeria,3,Both,27,Age-standardized,558,Mental disorders,2,Percent,2021,0.1432070251446023,0.1684150699577012,0.1257200083707898
1,All Population,5,Prevalence,214,Nigeria,3,Both,27,Age-standardized,558,Mental disorders,3,Rate,2021,14188.81529834699,16695.31763935091,12454.36509412783
1,All Population,5,Prevalence,80,France,3,Both,27,Age-standardized,558,Mental disorders,2,Percent,2021,0.1888727136798478,0.2126658760487284,0.166407566633682
1,All Population,5,Prevalence,80,France,3,Both,27,Age-standardized,558,Mental disorders,3,Rate,2021,17215.39915702117,19390.132354058453,15124.77302278793
1,All Population,5,Prevalence,127,El Salvador,3,Both,27,Age-standardized,558,Mental disorders,2,Percent,2021,0.1375425105765795,0.1530728245400869,0.1240943384916936
1,All Population,5,Prevalence,127,El Salvador,3,Both,27,Age-standardized,558,Mental disorders,3,Rate,2021,13166.04942745806,14667.049589646162,11894.43664228036
1,All Population,5,Prevalence,416,Tuvalu,3,Both,27,Age-standardized,558,Mental disorders,2,Percent,2021,0.1189100352675697,0.1374032284584316,0.1045274725723938
1,All Population,5,Prevalence,416,Tuvalu,3,Both,27,Age-standardized,558,Mental disorders,3,Rate,2021,11579.887285259249,13385.75435230691,10156.21164981391
1,All Population,5,Prevalence,190,Uganda,3,Both,27,Age-standardized,558,Mental disorders,2,Percent,2021,0.1356020503637591,0.150057067376355,0.1211307644294112
1,All Population,5,Prevalence,190,Uganda,3,Both,27,Age-standardized,558,Mental disorders,3,Rate,2021,13363.5951773043,14786.33292790442,11927.417306352581
1,All Population,5,Prevalence,44,Bosnia and Herzegovina,3,Both,27,Age-standardized,558,Mental disorders,2,Percent,2022,0.1386926264438487,0.1588311704921215,0.1221933883782931
1,All Population,5,Prevalence,44,Bosnia and Herzegovina,3,Both,27,Age-standardized,558,Mental disorders,3,Rate,2022,13153.559780269561,15055.86338947286,11580.473037882399
1,All Population,5,Prevalence,33,Armenia,3,Both,27,Age-standardized,558,Mental disorders,2,Percent,2022,0.150866693038862,0.1743365621295041,0.1329338489216017
1,All Population,5,Prevalence,33,Armenia,3,Both,27,Age-standardized,558,Mental disorders,3,Rate,2022,14327.23741597958,16531.25733841405,12602.85673346378
1,All Population,5,Prevalence,20,Viet Nam,3,Both,27,Age-standardized,558,Mental disorders,2,Percent,2022,0.0833181404691765,0.092529142738496,0.0756074329195456
1,All Population,5,Prevalence,20,Viet Nam,3,Both,27,Age-standardized,558,Mental disorders,3,Rate,2022,8142.38614122167,9028.45168517592,7387.930998365489
1,All Population,5,Prevalence,59,Latvia,3,Both,27,Age-standardized,558,Mental disorders,2,Percent,2022,0.1313559054827722,0.1493800236000978,0.1176712312047244
1,All Population,5,Prevalence,59,Latvia,3,Both,27,Age-standardized,558,Mental disorders,3,Rate,2022,12198.905122578339,13907.30189093572,10951.51492082088
1,All Population,5,Prevalence,80,France,3,Both,27,Age-standardized,558,Mental disorders,2,Percent,2022,0.1914052113429555,0.2168516567541923,0.1680188509215749
1,All Population,5,Prevalence,80,France,3,Both,27,Age-standardized,558,Mental disorders,3,Rate,2022,17507.2308841883,19838.407022359468,15356.274051715522
1,All Population,5,Prevalence,14,Maldives,3,Both,27,Age-standardized,558,Mental disorders,2,Percent,2022,0.094990702718369,0.1054091637899167,0.086886551320271
1,All Population,5,Prevalence,14,Maldives,3,Both,27,Age-standardized,558,Mental disorders,3,Rate,2022,9115.646085345259,10123.036347299321,8319.82132039074
1,All Population,5,Prevalence,91,Portugal,3,Both,27,Age-standardized,558,Mental disorders,2,Percent,2022,0.2257794254121239,0.2592573486329776,0.1915449947380739
1,All Population,5,Prevalence,91,Portugal,3,Both,27,Age-standardized,558,Mental disorders,3,Rate,2022,20749.30571295723,23870.49596890737,17624.36503736754
1,All Population,5,Prevalence,106,Bahamas,3,Both,27,Age-standardized,558,Mental disorders,2,Percent,2022,0.1656279870280947,0.1835392595345286,0.149602298761654
1,All Population,5,Prevalence,106,Bahamas,3,Both,27,Age-standardized,558,Mental disorders,3,Rate,2022,15947.456011237671,17634.10530291355,14391.7086614364
1,All Population,5,Prevalence,74,Andorra,3,Both,27,Age-standardized,558,Mental disorders,2,Percent,2022,0.1921337982111478,0.2070969108976565,0.1779612278416877
1,All Population,5,Prevalence,74,Andorra,3,Both,27,Age-standardized,558,Mental disorders,3,Rate,2022,17653.46544917576,18998.38020381321,16362.503518551119
1,All Population,5,Prevalence,35,Georgia,3,Both,27,Age-standardized,558,Mental disorders,2,Percent,2022,0.1301510349280136,0.1456923727060486,0.116589097501788
1,All Population,5,Prevalence,35,Georgia,3,Both,27,Age-standardized,558,Mental disorders,3,Rate,2022,12385.03498479398,13840.842898314178,11096.826398253019
1,All Population,5,Prevalence,140,Bahrain,3,Both,27,Age-standardized,558,Mental disorders,2,Percent,2022,0.1450751692475717,0.1585223808005799,0.1329631868901803
1,All Population,5,Prevalence,140,Bahrain,3,Both,27,Age-standardized,558,Mental disorders,3,Rate,2022,14027.42845137843,15319.08316882488,12851.309345657519
1,All Population,5,Prevalence,151,Qatar,3,Both,27,Age-standardized,558,Mental disorders,2,Percent,2022,0.1297205896269893,0.1427858350873938,0.1183678036782791
1,All Population,5,Prevalence,151,Qatar,3,Both,27,Age-standardized,558,Mental disorders,3,Rate,2022,12396.21853781613,13686.90093419655,11308.70557272374
1,All Population,5,Prevalence,46,Croatia,3,Both,27,Age-standardized,558,Mental disorders,2,Percent,2022,0.1437691463414947,0.1667453864301837,0.124385155158503
1,All Population,5,Prevalence,46,Croatia,3,Both,27,Age-standardized,558,Mental disorders,3,Rate,2022,13557.911781539351,15665.43945968527,11753.08987658321
1,All Population,5,Prevalence,61,Republic of Moldova,3,Both,27,Age-standardized,558,Mental disorders,2,Percent,2022,0.1367326417270405,0.1564298838601604,0.1209575735772407
1,All Population,5,Prevalence,61,Republic of Moldova,3,Both,27,Age-standardized,558,Mental disorders,3,Rate,2022,12817.864201145529,14641.02483863483,11293.48552965511
1,All Population,5,Prevalence,168,Angola,3,Both,27,Age-standardized,558,Mental disorders,2,Percent,2022,0.1662301914028659,0.1880319684435838,0.1490038421962852
1,All Population,5,Prevalence,168,Angola,3,Both,27,Age-standardized,558,Mental disorders,3,Rate,2022,16321.346142300012,18488.749676490148,14593.04174589594
1,All Population,5,Prevalence,127,El Salvador,3,Both,27,Age-standardized,558,Mental disorders,2,Percent,2022,0.1387561929607429,0.1556889761460841,0.124967428973372
1,All Population,5,Prevalence,127,El Salvador,3,Both,27,Age-standardized,558,Mental disorders,3,Rate,2022,13297.265742153892,14908.912281741741,11980.31972516824
1,All Population,5,Prevalence,121,Bolivia (Plurinational State of),3,Both,27,Age-standardized,558,Mental disorders,2,Percent,2022,0.1741332075412308,0.1971537508894192,0.1541120223720186
1,All Population,5,Prevalence,121,Bolivia (Plurinational State of),3,Both,27,Age-standardized,558,Mental disorders,3,Rate,2022,16826.364713660878,19049.61508184246,14897.99453942601
1,All Population,5,Prevalence,201,Burkina Faso,3,Both,27,Age-standardized,558,Mental disorders,2,Percent,2022,0.1540151955994493,0.1738218792166586,0.1373316925760256
1,All Population,5,Prevalence,201,Burkina Faso,3,Both,27,Age-standardized,558,Mental disorders,3,Rate,2022,15246.01213853352,17222.00260277961,13577.783698465179
1,All Population,5,Prevalence,29,Tonga,3,Both,27,Age-standardized,558,Mental disorders,2,Percent,2022,0.1378466187975295,0.1720585263076208,0.1162044396914977
1,All Population,5,Prevalence,29,Tonga,3,Both,27,Age-standardized,558,Mental disorders,3,Rate,2022,13341.95973521922,16676.97729359822,11271.78027835694
1,All Population,5,Prevalence,185,Rwanda,3,Both,27,Age-standardized,558,Mental disorders,2,Percent,2022,0.1355620481118742,0.1497168228050583,0.1227318938551088
1,All Population,5,Prevalence,185,Rwanda,3,Both,27,Age-standardized,558,Mental disorders,3,Rate,2022,13175.53975086645,14572.18522501785,11924.21825528588
1,All Population,5,Prevalence,385,Puerto Rico,3,Both,27,Age-standardized,558,Mental disorders,2,Percent,2022,0.1813072054631602,0.1996399290383362,0.1644805221996401
1,All Population,5,Prevalence,385,Puerto Rico,3,Both,27,Age-standardized,558,Mental disorders,3,Rate,2022,17274.58547824814,19020.08567984472,15662.253214341628
1,All Population,5,Prevalence,522,Sudan,3,Both,27,Age-standardized,558,Mental disorders,2,Percent,2022,0.148861616179433,0.1631392893420703,0.1350211389318958
1,All Population,5,Prevalence,522,Sudan,3,Both,27,Age-standardized,558,Mental disorders,3,Rate,2022,14563.17020368385,15956.00566952259,13223.654598467
1,All Population,5,Prevalence,183,Mauritius,3,Both,27,Age-standardized,558,Mental disorders,2,Percent,2022,0.1079526534546156,0.1216704558011324,0.0969157251199936
1,All Population,5,Prevalence,183,Mauritius,3,Both,27,Age-standardized,558,Mental disorders,3,Rate,2022,10426.825771263851,11720.690958168769,9347.469570186131
1,All Population,5,Prevalence,214,Nigeria,3,Both,27,Age-standardized,558,Mental disorders,2,Percent,2022,0.1459176136402104,0.1738271999526265,0.1279088754885515
1,All Population,5,Prevalence,214,Nigeria,3,Both,27,Age-standardized,558,Mental disorders,3,Rate,2022,14452.584228766018,17223.903359127173,12661.35331027414
1,All Population,5,Prevalence,93,Sweden,3,Both,27,Age-standardized,558,Mental disorders,2,Percent,2022,0.1759845500913341,0.1905634484600542,0.1629040939531208
1,All Population,5,Prevalence,93,Sweden,3,Both,27,Age-standardized,558,Mental disorders,3,Rate,2022,16256.9343192606,17587.25486155966,15073.064034897441
1,All Population,5,Prevalence,16,Philippines,3,Both,27,Age-standardized,558,Mental disorders,2,Percent,2022,0.100063698380031,0.1098852849886132,0.0906653768240214
1,All Population,5,Prevalence,16,Philippines,3,Both,27,Age-standardized,558,Mental disorders,3,Rate,2022,9644.07399178285,10567.24977003005,8733.23938460158
1,All Population,5,Prevalence,305,Bermuda,3,Both,27,Age-standardized,558,Mental disorders,2,Percent,2022,0.1668130915933129,0.1848352493733985,0.1505390130761423
1,All Population,5,Prevalence,305,Bermuda,3,Both,27,Age-standardized,558,Mental disorders,3,Rate,2022,15907.297146758789,17578.57208478362,14344.383982574522
1,All Population,5,Prevalence,108,Belize,3,Both,27,Age-standardized,558,Mental disorders,2,Percent,2022,0.1651991480452667,0.1830190446478682,0.1495904293365176
1,All Population,5,Prevalence,108,Belize,3,Both,27,Age-standardized,558,Mental disorders,3,Rate,2022,16027.2859501733,17747.41799038968,14492.77905210252
1,All Population,5,Prevalence,76,Belgium,3,Both,27,Age-standardized,558,Mental disorders,2,Percent,2022,0.1774272056209943,0.2019251829732926,0.1562875946820565
1,All Population,5,Prevalence,76,Belgium,3,Both,27,Age-standardized,558,Mental disorders,3,Rate,2022,16237.910779577818,18424.82982472194,14368.4670274459
1,All Population,5,Prevalence,48,Hungary,3,Both,27,Age-standardized,558,Mental disorders,2,Percent,2022,0.128478945825748,0.1446857583595019,0.1150771692639547
1,All Population,5,Prevalence,48,Hungary,3,Both,27,Age-standardized,558,Mental disorders,3,Rate,2022,12094.74150275182,13610.755314171169,10808.97392366675
1,All Population,5,Prevalence,142,Iran (Islamic Republic of),3,Both,27,Age-standardized,558,Mental disorders,2,Percent,2022,0.2044202226808981,0.2310107983227927,0.1832160569897125
1,All Population,5,Prevalence,142,Iran (Islamic Republic of),3,Both,27,Age-standardized,558,Mental disorders,3,Rate,2022,19738.339629904058,22355.11225970377,17666.151972198928
1,All Population,5,Prevalence,187,Somalia,3,Both,27,Age-standardized,558,Mental disorders,2,Percent,2022,0.1240566827256784,0.1363811348021789,0.1128582595893273
1,All Population,5,Prevalence,187,Somalia,3,Both,27,Age-standardized,558,Mental disorders,3,Rate,2022,12267.02861786301,13478.28811400362,11167.66891294193
1,All Population,5,Prevalence,153,Syrian Arab Republic,3,Both,27,Age-standardized,558,Mental disorders,2,Percent,2022,0.1866262845491358,0.2088958415378868,0.1668679779555287
1,All Population,5,Prevalence,153,Syrian Arab Republic,3,Both,27,Age-standardized,558,Mental disorders,3,Rate,2022,18179.28475551956,20338.45375135575,16252.93193796887
1,All Population,5,Prevalence,170,Congo,3,Both,27,Age-standardized,558,Mental disorders,2,Percent,2022,0.1579796025779806,0.1764992551223756,0.142484977443475
1,All Population,5,Prevalence,170,Congo,3,Both,27,Age-standardized,558,Mental disorders,3,Rate,2022,15592.455051457198,17445.043161853522,14078.09892192005
1,All Population,5,Prevalence,63,Ukraine,3,Both,27,Age-standardized,558,Mental disorders,2,Percent,2022,0.1474879356161647,0.1652357529173913,0.1308672933302156
1,All Population,5,Prevalence,63,Ukraine,3,Both,27,Age-standardized,558,Mental disorders,3,Rate,2022,13887.63229931033,15558.392235350479,12342.16828242008
1,All Population,5,Prevalence,136,Paraguay,3,Both,27,Age-standardized,558,Mental disorders,2,Percent,2022,0.1686135838981298,0.189906433414537,0.1514659012524522
1,All Population,5,Prevalence,136,Paraguay,3,Both,27,Age-standardized,558,Mental disorders,3,Rate,2022,16310.90350911823,18375.16586295215,14638.40642413877
1,All Population,5,Prevalence,123,Peru,3,Both,27,Age-standardized,558,Mental disorders,2,Percent,2022,0.1739313281730451,0.1938586689320897,0.1537187290698626
1,All Population,5,Prevalence,123,Peru,3,Both,27,Age-standardized,558,Mental disorders,3,Rate,2022,17048.00439115972,19005.986680656588,15080.449945817121
1,All Population,5,Prevalence,203,Cabo Verde,3,Both,27,Age-standardized,558,Mental disorders,2,Percent,2022,0.1487377514314271,0.1693028207456228,0.1312856349796031
1,All Population,5,Prevalence,203,Cabo Verde,3,Both,27,Age-standardized,558,Mental disorders,3,Rate,2022,14275.064846551768,16263.48473445669,12680.884713396521
1,All Population,5,Prevalence,396,San Marino,3,Both,27,Age-standardized,558,Mental disorders,2,Percent,2022,0.1954400660131097,0.2111046402364517,0.1805073429878236
1,All Population,5,Prevalence,396,San Marino,3,Both,27,Age-standardized,558,Mental disorders,3,Rate,2022,17936.5259987294,19289.73225880088,16644.497929142828
1,All Population,5,Prevalence,216,Senegal,3,Both,27,Age-standardized,558,Mental disorders,2,Percent,2022,0.1395663861326268,0.1576104770033921,0.1241741584275715
1,All Population,5,Prevalence,216,Senegal,3,Both,27,Age-standardized,558,Mental disorders,3,Rate,2022,13698.7202256797,15490.63125349949,12214.52691815472
1,All Population,5,Prevalence,6,China,3,Both,27,Age-standardized,558,Mental disorders,2,Percent,2021,0.1297457419546907,0.1459847424149247,0.1172359337576522
1,All Population,5,Prevalence,6,China,3,Both,27,Age-standardized,558,Mental disorders,3,Rate,2021,12268.712697226749,13849.05942025064,11084.12776452318
1,All Population,5,Prevalence,27,Samoa,3,Both,27,Age-standardized,558,Mental disorders,2,Percent,2021,0.118853288758266,0.1376311648189398,0.1048259687095739
1,All Population,5,Prevalence,27,Samoa,3,Both,27,Age-standardized,558,Mental disorders,3,Rate,2021,11538.50500827979,13337.76494194058,10144.89879895036
1,All Population,5,Prevalence,349,Greenland,3,Both,27,Age-standardized,558,Mental disorders,2,Percent,2022,0.1881611634384203,0.2116218916495791,0.1696385596317536
1,All Population,5,Prevalence,349,Greenland,3,Both,27,Age-standardized,558,Mental disorders,3,Rate,2022,17416.75653973439,19594.561646209542,15642.77106636105
1,All Population,5,Prevalence,110,Dominica,3,Both,27,Age-standardized,558,Mental disorders,2,Percent,2022,0.1615551203018221,0.1785197040104033,0.1457403783101497
1,All Population,5,Prevalence,110,Dominica,3,Both,27,Age-standardized,558,Mental disorders,3,Rate,2022,15588.90712812053,17219.2941083113,14045.82810324164
1,All Population,5,Prevalence,18,Thailand,3,Both,27,Age-standardized,558,Mental disorders,2,Percent,2022,0.0955428938590362,0.1059451724552562,0.0868597130460115
1,All Population,5,Prevalence,18,Thailand,3,Both,27,Age-standardized,558,Mental disorders,3,Rate,2022,9155.18402232023,10159.53339675308,8330.854886162339
1,All Population,5,Prevalence,40,Turkmenistan,3,Both,27,Age-standardized,558,Mental disorders,2,Percent,2021,0.1201758745569508,0.1343486877453447,0.1071075960821448
1,All Population,5,Prevalence,40,Turkmenistan,3,Both,27,Age-standardized,558,Mental disorders,3,Rate,2021,11355.18807054102,12701.85718521192,10143.03043262801
1,All Population,5,Prevalence,51,Poland,3,Both,27,Age-standardized,558,Mental disorders,2,Percent,2021,0.1226058884240785,0.1383113900487106,0.1104242875371246
1,All Population,5,Prevalence,51,Poland,3,Both,27,Age-standardized,558,Mental disorders,3,Rate,2021,11497.259489352591,12935.880486095239,10343.4998896819
1,All Population,5,Prevalence,50,Montenegro,3,Both,27,Age-standardized,558,Mental disorders,2,Percent,2022,0.1476143736253885,0.1708580238522862,0.1285444448808337
1,All Population,5,Prevalence,50,Montenegro,3,Both,27,Age-standardized,558,Mental disorders,3,Rate,2022,13899.43645813792,16076.897252089231,12133.34268996012
1,All Population,5,Prevalence,95,United Kingdom,3,Both,27,Age-standardized,558,Mental disorders,2,Percent,2022,0.2272082887659396,0.2437214209414732,0.2099379141338471
1,All Population,5,Prevalence,95,United Kingdom,3,Both,27,Age-standardized,558,Mental disorders,3,Rate,2022,20727.786216065,22293.96213436535,19158.41166315691
1,All Population,5,Prevalence,155,Türkiye,3,Both,27,Age-standardized,558,Mental disorders,2,Percent,2022,0.1499981375238514,0.1658446764379464,0.1371720731047476
1,All Population,5,Prevalence,155,Türkiye,3,Both,27,Age-standardized,558,Mental disorders,3,Rate,2022,14389.91115973975,15845.75536306963,13195.01371405834
1,All Population,5,Prevalence,78,Denmark,3,Both,27,Age-standardized,558,Mental disorders,2,Percent,2022,0.1737894391870553,0.1876366471214215,0.160915844191633
1,All Population,5,Prevalence,78,Denmark,3,Both,27,Age-standardized,558,Mental disorders,3,Rate,2022,15821.483496270692,17107.69262227483,14672.488304452942
1,All Population,5,Prevalence,172,Equatorial Guinea,3,Both,27,Age-standardized,558,Mental disorders,2,Percent,2022,0.1543518330402361,0.1732868954345599,0.138967457270665
1,All Population,5,Prevalence,172,Equatorial Guinea,3,Both,27,Age-standardized,558,Mental disorders,3,Rate,2022,15033.37566506831,16916.91532011691,13534.104911936858
1,All Population,5,Prevalence,8,Taiwan,3,Both,27,Age-standardized,558,Mental disorders,2,Percent,2021,0.1134934024350017,0.1279759479170586,0.1020164477597376
1,All Population,5,Prevalence,8,Taiwan,3,Both,27,Age-standardized,558,Mental disorders,3,Rate,2021,10657.66715845944,12071.55381821946,9580.71430448304
1,All Population,5,Prevalence,98,Chile,3,Both,27,Age-standardized,558,Mental disorders,2,Percent,2021,0.1877340257017785,0.2153943423476294,0.1655207031558119
1,All Population,5,Prevalence,98,Chile,3,Both,27,Age-standardized,558,Mental disorders,3,Rate,2021,17722.00612885291,20367.00491713175,15635.84400258445
1,All Population,5,Prevalence,23,Kiribati,3,Both,27,Age-standardized,558,Mental disorders,2,Percent,2021,0.12204101444664,0.1409129734389025,0.1068468315200577
1,All Population,5,Prevalence,23,Kiribati,3,Both,27,Age-standardized,558,Mental disorders,3,Rate,2021,12075.348852275609,13914.28918492767,10576.17443065891
1,All Population,5,Prevalence,87,Luxembourg,3,Both,27,Age-standardized,558,Mental disorders,2,Percent,2021,0.1779435571461315,0.1913450363190252,0.1658034866901983
1,All Population,5,Prevalence,87,Luxembourg,3,Both,27,Age-standardized,558,Mental disorders,3,Rate,2021,16273.35125831603,17528.98017066698,15176.43702506781
1,All Population,5,Prevalence,68,Republic of Korea,3,Both,27,Age-standardized,558,Mental disorders,2,Percent,2021,0.1392522967175513,0.1611622785555373,0.1226209422623698
1,All Population,5,Prevalence,68,Republic of Korea,3,Both,27,Age-standardized,558,Mental disorders,3,Rate,2021,12747.23229709902,14759.493502607129,11179.68092605908
1,All Population,5,Prevalence,218,Togo,3,Both,27,Age-standardized,558,Mental disorders,2,Percent,2022,0.1731050488356181,0.2107597529343337,0.1497243561051948
1,All Population,5,Prevalence,218,Togo,3,Both,27,Age-standardized,558,Mental disorders,3,Rate,2022,17087.7648609887,20804.91331872595,14772.85100242989
1,All Population,5,Prevalence,205,Côte d'Ivoire,3,Both,27,Age-standardized,558,Mental disorders,2,Percent,2022,0.1485360291599432,0.1691501253476287,0.1320936058430357
1,All Population,5,Prevalence,205,Côte d'Ivoire,3,Both,27,Age-standardized,558,Mental disorders,3,Rate,2022,14589.1967263627,16617.532917369397,12994.87837888519
1,All Population,5,Prevalence,125,Colombia,3,Both,27,Age-standardized,558,Mental disorders,2,Percent,2022,0.131461880802378,0.1465957169951605,0.1191395519087641
1,All Population,5,Prevalence,125,Colombia,3,Both,27,Age-standardized,558,Mental disorders,3,Rate,2022,12528.62354389006,13973.44190689364,11346.91078265652
1,All Population,5,Prevalence,190,Uganda,3,Both,27,Age-standardized,558,Mental disorders,2,Percent,2022,0.1346147853788932,0.149493305023131,0.1196603210781199
1,All Population,5,Prevalence,190,Uganda,3,Both,27,Age-standardized,558,Mental disorders,3,Rate,2022,13258.27564469809,14720.29552638784,11792.37977503728
1,All Population,5,Prevalence,416,Tuvalu,3,Both,27,Age-standardized,558,Mental disorders,2,Percent,2022,0.1187566819433661,0.1369870588024143,0.1044000843024551
1,All Population,5,Prevalence,416,Tuvalu,3,Both,27,Age-standardized,558,Mental disorders,3,Rate,2022,11565.50199228987,13339.59641824849,10154.32937750456
1,All Population,5,Prevalence,112,Grenada,3,Both,27,Age-standardized,558,Mental disorders,2,Percent,2022,0.162851240896449,0.1803161673680095,0.1471605966794986
1,All Population,5,Prevalence,112,Grenada,3,Both,27,Age-standardized,558,Mental disorders,3,Rate,2022,15708.985513863548,17388.106730825788,14159.63015636821
1,All Population,5,Prevalence,53,Serbia,3,Both,27,Age-standardized,558,Mental disorders,2,Percent,2021,0.1432851297037494,0.1643210918841615,0.1261370365480423
1,All Population,5,Prevalence,53,Serbia,3,Both,27,Age-standardized,558,Mental disorders,3,Rate,2021,13410.47895796931,15415.559029632888,11804.60118839725
1,All Population,5,Prevalence,157,Yemen,3,Both,27,Age-standardized,558,Mental disorders,2,Percent,2022,0.1423761712224571,0.1564988279153847,0.1297531074300894
1,All Population,5,Prevalence,157,Yemen,3,Both,27,Age-standardized,558,Mental disorders,3,Rate,2022,14096.56366643006,15444.54304103075,12823.43086851285
1,All Population,5,Prevalence,97,Argentina,3,Both,27,Age-standardized,558,Mental disorders,2,Percent,2022,0.1797875756401344,0.2042870663493071,0.1590244738638374
1,All Population,5,Prevalence,97,Argentina,3,Both,27,Age-standardized,558,Mental disorders,3,Rate,2022,16909.93881287617,19261.89179591391,14917.21429813233
1,All Population,5,Prevalence,132,Panama,3,Both,27,Age-standardized,558,Mental disorders,2,Percent,2021,0.1296883681324607,0.1438081782818938,0.1177130747625116
1,All Population,5,Prevalence,132,Panama,3,Both,27,Age-standardized,558,Mental disorders,3,Rate,2021,12312.90614573333,13610.886896680779,11202.70281484766
1,All Population,5,Prevalence,145,Kuwait,3,Both,27,Age-standardized,558,Mental disorders,2,Percent,2021,0.1432194833988475,0.154983944949657,0.1319715821315892
1,All Population,5,Prevalence,145,Kuwait,3,Both,27,Age-standardized,558,Mental disorders,3,Rate,2021,13553.71162644246,14716.416286140598,12475.268067751289
1,All Population,5,Prevalence,10,Cambodia,3,Both,27,Age-standardized,558,Mental disorders,2,Percent,2021,0.1069653982901285,0.1186309368719152,0.0970055529003834
1,All Population,5,Prevalence,10,Cambodia,3,Both,27,Age-standardized,558,Mental disorders,3,Rate,2021,10411.52725334877,11569.59012521815,9446.12723096139
1,All Population,5,Prevalence,113,Guyana,3,Both,27,Age-standardized,558,Mental disorders,2,Percent,2021,0.1621640415052603,0.1786835836097127,0.1464920473350252
1,All Population,5,Prevalence,113,Guyana,3,Both,27,Age-standardized,558,Mental disorders,3,Rate,2021,15755.635319009381,17343.44132196905,14217.25763126372
1,All Population,5,Prevalence,89,Netherlands,3,Both,27,Age-standardized,558,Mental disorders,2,Percent,2021,0.2263601793870951,0.2431316026139094,0.210560789436843
1,All Population,5,Prevalence,89,Netherlands,3,Both,27,Age-standardized,558,Mental disorders,3,Rate,2021,20876.09807914242,22516.01520781457,19440.57852235866
1,All Population,5,Prevalence,14,Maldives,3,Both,27,Age-standardized,558,Mental disorders,2,Percent,2023,0.0987975826829122,0.1100661335714655,0.090142867053945
1,All Population,5,Prevalence,14,Maldives,3,Both,27,Age-standardized,558,Mental disorders,3,Rate,2023,9458.84921784837,10526.59401178375,8614.61542825354
1,All Population,5,Prevalence,50,Montenegro,3,Both,27,Age-standardized,558,Mental disorders,2,Percent,2023,0.1579940793615004,0.1844658754003948,0.1359210207510162
1,All Population,5,Prevalence,50,Montenegro,3,Both,27,Age-standardized,558,Mental disorders,3,Rate,2023,14859.89438400318,17445.10743037339,12796.290657172149
1,All Population,5,Prevalence,61,Republic of Moldova,3,Both,27,Age-standardized,558,Mental disorders,2,Percent,2023,0.1457491434820009,0.167575044617535,0.1282374917819777
1,All Population,5,Prevalence,61,Republic of Moldova,3,Both,27,Age-standardized,558,Mental disorders,3,Rate,2023,13639.91079728589,15728.32699060436,11995.802530218549
1,All Population,5,Prevalence,25,Micronesia (Federated States of),3,Both,27,Age-standardized,558,Mental disorders,2,Percent,2021,0.1184594072850592,0.1367443245239697,0.1040899124593848
1,All Population,5,Prevalence,25,Micronesia (Federated States of),3,Both,27,Age-standardized,558,Mental disorders,3,Rate,2021,11600.68723496512,13404.907117510851,10204.289969724981
1,All Population,5,Prevalence,36,Kazakhstan,3,Both,27,Age-standardized,558,Mental disorders,2,Percent,2021,0.1123258501627063,0.1248475017373365,0.1003975326059231
1,All Population,5,Prevalence,36,Kazakhstan,3,Both,27,Age-standardized,558,Mental disorders,3,Rate,2021,10632.187943256891,11819.10277541202,9533.89306214395
1,All Population,5,Prevalence,16,Philippines,3,Both,27,Age-standardized,558,Mental disorders,2,Percent,2023,0.1050878285328431,0.1157551486695451,0.0950619309027193
1,All Population,5,Prevalence,16,Philippines,3,Both,27,Age-standardized,558,Mental disorders,3,Rate,2023,10117.9953283066,11133.124812978589,9146.17161926512
1,All Population,5,Prevalence,72,New Zealand,3,Both,27,Age-standardized,558,Mental disorders,2,Percent,2021,0.2047280690242652,0.2289214330427843,0.1812006282736437
1,All Population,5,Prevalence,72,New Zealand,3,Both,27,Age-standardized,558,Mental disorders,3,Rate,2021,18788.30373531778,21000.04125666985,16625.75269085358
1,All Population,5,Prevalence,179,Ethiopia,3,Both,27,Age-standardized,558,Mental disorders,2,Percent,2021,0.1393257231146533,0.1535474252328815,0.1273883416349467
1,All Population,5,Prevalence,179,Ethiopia,3,Both,27,Age-standardized,558,Mental disorders,3,Rate,2021,13710.7974624406,15104.25859888053,12533.56011876877
1,All Population,5,Prevalence,63,Ukraine,3,Both,27,Age-standardized,558,Mental disorders,2,Percent,2023,0.154167161774694,0.1750792537355858,0.1369110316425578
1,All Population,5,Prevalence,63,Ukraine,3,Both,27,Age-standardized,558,Mental disorders,3,Rate,2023,14509.100707766831,16459.31297988801,12898.81151733191
1,All Population,5,Prevalence,29,Tonga,3,Both,27,Age-standardized,558,Mental disorders,2,Percent,2023,0.1469251313438091,0.1859863758600975,0.1235761353981273
1,All Population,5,Prevalence,29,Tonga,3,Both,27,Age-standardized,558,Mental disorders,3,Rate,2023,14212.97364903922,18060.11944596018,11942.69341560156
1,All Population,5,Prevalence,74,Andorra,3,Both,27,Age-standardized,558,Mental disorders,2,Percent,2023,0.2040146116026753,0.2207005409353324,0.1880279819291336
1,All Population,5,Prevalence,74,Andorra,3,Both,27,Age-standardized,558,Mental disorders,3,Rate,2023,18750.33270557698,20264.82965519407,17306.055347481288
1,All Population,5,Prevalence,12,Lao People's Democratic Republic,3,Both,27,Age-standardized,558,Mental disorders,2,Percent,2021,0.0957691870849228,0.1069521264322528,0.086523783923274
1,All Population,5,Prevalence,12,Lao People's Democratic Republic,3,Both,27,Age-standardized,558,Mental disorders,3,Rate,2021,9218.56559730277,10300.45135945985,8309.40878773874
1,All Population,5,Prevalence,18,Thailand,3,Both,27,Age-standardized,558,Mental disorders,2,Percent,2023,0.0985431230057217,0.1093670175240735,0.0891181148764526
1,All Population,5,Prevalence,18,Thailand,3,Both,27,Age-standardized,558,Mental disorders,3,Rate,2023,9436.59857366928,10472.83707484029,8544.3804223231
1,All Population,5,Prevalence,108,Belize,3,Both,27,Age-standardized,558,Mental disorders,2,Percent,2023,0.1735325526973744,0.1950375638385399,0.1557337270097312
1,All Population,5,Prevalence,108,Belize,3,Both,27,Age-standardized,558,Mental disorders,3,Rate,2023,16813.22336968796,18896.35106480002,15064.98004557977
1,All Population,5,Prevalence,97,Argentina,3,Both,27,Age-standardized,558,Mental disorders,2,Percent,2023,0.1930704295458875,0.2217601642063902,0.1698939464065934
1,All Population,5,Prevalence,97,Argentina,3,Both,27,Age-standardized,558,Mental disorders,3,Rate,2023,18148.54038274624,20910.298567809852,15895.282210165049
1,All Population,5,Prevalence,155,Türkiye,3,Both,27,Age-standardized,558,Mental disorders,2,Percent,2023,0.1566444267572797,0.1734730439908467,0.1429983891925241
1,All Population,5,Prevalence,155,Türkiye,3,Both,27,Age-standardized,558,Mental disorders,3,Rate,2023,15014.97933953222,16580.52319494655,13719.041517450509
1,All Population,5,Prevalence,76,Belgium,3,Both,27,Age-standardized,558,Mental disorders,2,Percent,2023,0.1874285216034518,0.2154137910055304,0.1638062335282322
1,All Population,5,Prevalence,76,Belgium,3,Both,27,Age-standardized,558,Mental disorders,3,Rate,2023,17116.048697743212,19674.372286059162,14942.505394077929
1,All Population,5,Prevalence,121,Bolivia (Plurinational State of),3,Both,27,Age-standardized,558,Mental disorders,2,Percent,2023,0.1880894627587495,0.2147582271035411,0.1644339788336794
1,All Population,5,Prevalence,121,Bolivia (Plurinational State of),3,Both,27,Age-standardized,558,Mental disorders,3,Rate,2023,18169.03590329715,20704.753660340648,15855.24701333871
1,All Population,5,Prevalence,20,Viet Nam,3,Both,27,Age-standardized,558,Mental disorders,2,Percent,2023,0.086513410665162,0.0960010696223662,0.0782119286587467
1,All Population,5,Prevalence,20,Viet Nam,3,Both,27,Age-standardized,558,Mental disorders,3,Rate,2023,8447.75998729051,9369.779584178039,7640.18358922533
1,All Population,5,Prevalence,78,Denmark,3,Both,27,Age-standardized,558,Mental disorders,2,Percent,2023,0.1817114384236626,0.1964455770012609,0.1676860034540817
1,All Population,5,Prevalence,78,Denmark,3,Both,27,Age-standardized,558,Mental disorders,3,Rate,2023,16530.262409850067,17903.782113202727,15245.817190217751
1,All Population,5,Prevalence,33,Armenia,3,Both,27,Age-standardized,558,Mental disorders,2,Percent,2023,0.1606765108093445,0.187997373702471,0.1413085154209628
1,All Population,5,Prevalence,33,Armenia,3,Both,27,Age-standardized,558,Mental disorders,3,Rate,2023,15236.365750598061,17824.16626663239,13373.467262965569
1,All Population,5,Prevalence,110,Dominica,3,Both,27,Age-standardized,558,Mental disorders,2,Percent,2023,0.1693223335972713,0.1897574471309511,0.1521855175736822
1,All Population,5,Prevalence,110,Dominica,3,Both,27,Age-standardized,558,Mental disorders,3,Rate,2023,16332.41079145142,18276.97769740149,14675.388747518451
1,All Population,5,Prevalence,44,Bosnia and Herzegovina,3,Both,27,Age-standardized,558,Mental disorders,2,Percent,2023,0.1470430075505956,0.1696226256872831,0.1283206244150737
1,All Population,5,Prevalence,44,Bosnia and Herzegovina,3,Both,27,Age-standardized,558,Mental disorders,3,Rate,2023,13926.551961136629,16025.57500632462,12094.08744949575
1,All Population,5,Prevalence,157,Yemen,3,Both,27,Age-standardized,558,Mental disorders,2,Percent,2023,0.1483570095614721,0.1631821042542537,0.1351122119376869
1,All Population,5,Prevalence,157,Yemen,3,Both,27,Age-standardized,558,Mental disorders,3,Rate,2023,14684.837604281789,16140.47013221724,13385.187272184628
1,All Population,5,Prevalence,123,Peru,3,Both,27,Age-standardized,558,Mental disorders,2,Percent,2023,0.1888911371598331,0.2133176396123417,0.1647865127435126
1,All Population,5,Prevalence,123,Peru,3,Both,27,Age-standardized,558,Mental disorders,3,Rate,2023,18508.9002215947,20905.84551199228,16173.0039833855
1,All Population,5,Prevalence,35,Georgia,3,Both,27,Age-standardized,558,Mental disorders,2,Percent,2023,0.1361305703819028,0.1539301147024956,0.1209968562117381
1,All Population,5,Prevalence,35,Georgia,3,Both,27,Age-standardized,558,Mental disorders,3,Rate,2023,12935.29436007197,14619.64388872975,11495.53404586905
1,All Population,5,Prevalence,80,France,3,Both,27,Age-standardized,558,Mental disorders,2,Percent,2023,0.2026455080368692,0.2311509375077463,0.1755151260125091
1,All Population,5,Prevalence,80,France,3,Both,27,Age-standardized,558,Mental disorders,3,Rate,2023,18523.82424711383,21179.05722296266,16044.8422416865
1,All Population,5,Prevalence,168,Angola,3,Both,27,Age-standardized,558,Mental disorders,2,Percent,2023,0.1767739950627309,0.2000359960430476,0.1585998914266975
1,All Population,5,Prevalence,168,Angola,3,Both,27,Age-standardized,558,Mental disorders,3,Rate,2023,17344.405112947257,19670.85852144445,15563.55547153028
1,All Population,5,Prevalence,147,Libya,3,Both,27,Age-standardized,558,Mental disorders,2,Percent,2021,0.1543495650156278,0.1677918392207618,0.1415860476723667
1,All Population,5,Prevalence,147,Libya,3,Both,27,Age-standardized,558,Mental disorders,3,Rate,2021,14956.892815535499,16236.08348101874,13705.88010185041
1,All Population,5,Prevalence,128,Guatemala,3,Both,27,Age-standardized,558,Mental disorders,2,Percent,2021,0.1490827756291628,0.1669186473319178,0.1348051766513773
1,All Population,5,Prevalence,128,Guatemala,3,Both,27,Age-standardized,558,Mental disorders,3,Rate,2021,14386.26589796402,16104.907138450892,13086.431927916181
1,All Population,5,Prevalence,136,Paraguay,3,Both,27,Age-standardized,558,Mental disorders,2,Percent,2023,0.1803650772859527,0.2041753087116024,0.1605595166759721
1,All Population,5,Prevalence,136,Paraguay,3,Both,27,Age-standardized,558,Mental disorders,3,Rate,2023,17473.233100295198,19817.58836460506,15539.96606020163
1,All Population,5,Prevalence,46,Croatia,3,Both,27,Age-standardized,558,Mental disorders,2,Percent,2023,0.1535760249208013,0.1796141642216963,0.1316042475757259
1,All Population,5,Prevalence,46,Croatia,3,Both,27,Age-standardized,558,Mental disorders,3,Rate,2023,14466.17980506746,16940.15558970373,12501.14684025246
1,All Population,5,Prevalence,59,Latvia,3,Both,27,Age-standardized,558,Mental disorders,2,Percent,2023,0.1376196904846081,0.1573681422339657,0.1227468569383912
1,All Population,5,Prevalence,59,Latvia,3,Both,27,Age-standardized,558,Mental disorders,3,Rate,2023,12783.849963364399,14623.35366657179,11386.645009572729
1,All Population,5,Prevalence,112,Grenada,3,Both,27,Age-standardized,558,Mental disorders,2,Percent,2023,0.1719449198865792,0.1929207868541359,0.1543875970046707
1,All Population,5,Prevalence,112,Grenada,3,Both,27,Age-standardized,558,Mental disorders,3,Rate,2023,16573.4732434789,18584.99030135426,14863.58784674952
1,All Population,5,Prevalence,125,Colombia,3,Both,27,Age-standardized,558,Mental disorders,2,Percent,2023,0.140546764472338,0.1582029429351611,0.1254840751557747
1,All Population,5,Prevalence,125,Colombia,3,Both,27,Age-standardized,558,Mental disorders,3,Rate,2023,13365.653686280279,15031.27749567802,11963.54350462464
1,All Population,5,Prevalence,193,Botswana,3,Both,27,Age-standardized,558,Mental disorders,2,Percent,2021,0.1288925015725039,0.1440360265556946,0.1154711766416884
1,All Population,5,Prevalence,193,Botswana,3,Both,27,Age-standardized,558,Mental disorders,3,Rate,2021,12564.90437074653,14044.82584498675,11259.39130110513
1,All Population,5,Prevalence,170,Congo,3,Both,27,Age-standardized,558,Mental disorders,2,Percent,2023,0.1667430867965795,0.1869404233929466,0.1498322039310488
1,All Population,5,Prevalence,170,Congo,3,Both,27,Age-standardized,558,Mental disorders,3,Rate,2023,16450.07976939222,18412.39029977613,14805.76862095889
1,All Population,5,Prevalence,102,United States of America,3,Both,27,Age-standardized,558,Mental disorders,2,Percent,2021,0.1777727134580084,0.1954332843042916,0.1631394009081448
1,All Population,5,Prevalence,102,United States of America,3,Both,27,Age-standardized,558,Mental disorders,3,Rate,2021,16363.745922922071,17962.18898516425,15059.048509631639
1,All Population,5,Prevalence,48,Hungary,3,Both,27,Age-standardized,558,Mental disorders,2,Percent,2023,0.134690305915222,0.1535206466860224,0.1193378059674228
1,All Population,5,Prevalence,48,Hungary,3,Both,27,Age-standardized,558,Mental disorders,3,Rate,2023,12666.65732511553,14459.488972522799,11178.28316627017
1,All Population,5,Prevalence,115,Jamaica,3,Both,27,Age-standardized,558,Mental disorders,2,Percent,2021,0.1581540747137181,0.1739943060620008,0.1431681154170311
1,All Population,5,Prevalence,115,Jamaica,3,Both,27,Age-standardized,558,Mental disorders,3,Rate,2021,15345.60680820521,16849.382543846732,13898.94077162576
1,All Population,5,Prevalence,91,Portugal,3,Both,27,Age-standardized,558,Mental disorders,2,Percent,2023,0.2408496106425208,0.2778369343648765,0.2021672960252087
1,All Population,5,Prevalence,91,Portugal,3,Both,27,Age-standardized,558,Mental disorders,3,Rate,2023,22116.00450005213,25605.48103890225,18557.557117447028
1,All Population,5,Prevalence,172,Equatorial Guinea,3,Both,27,Age-standardized,558,Mental disorders,2,Percent,2023,0.1639196068528408,0.1841662855484671,0.1470332504011015
1,All Population,5,Prevalence,172,Equatorial Guinea,3,Both,27,Age-standardized,558,Mental disorders,3,Rate,2023,15955.409949758601,17940.05911434001,14332.06201897716
1,All Population,5,Prevalence,127,El Salvador,3,Both,27,Age-standardized,558,Mental disorders,2,Percent,2023,0.1467740660895369,0.16660786514445,0.1310215626383629
1,All Population,5,Prevalence,127,El Salvador,3,Both,27,Age-standardized,558,Mental disorders,3,Rate,2023,14042.36128562361,15873.11919636978,12545.11267699999
1,All Population,5,Prevalence,151,Qatar,3,Both,27,Age-standardized,558,Mental disorders,2,Percent,2023,0.13540226008984,0.1503658832716382,0.1230853600923079
1,All Population,5,Prevalence,151,Qatar,3,Both,27,Age-standardized,558,Mental disorders,3,Rate,2023,12930.84425018317,14365.126986544192,11743.51195588801
1,All Population,5,Prevalence,83,Iceland,3,Both,27,Age-standardized,558,Mental disorders,2,Percent,2021,0.1805382869059383,0.1939814006462152,0.1685926071332009
1,All Population,5,Prevalence,83,Iceland,3,Both,27,Age-standardized,558,Mental disorders,3,Rate,2021,16625.19139578797,17847.03854569403,15563.04797200329
1,All Population,5,Prevalence,140,Bahrain,3,Both,27,Age-standardized,558,Mental disorders,2,Percent,2023,0.1505107087938574,0.1659383010300586,0.1375029291943154
1,All Population,5,Prevalence,140,Bahrain,3,Both,27,Age-standardized,558,Mental disorders,3,Rate,2023,14540.748310019611,15991.7916711699,13304.43919483298
1,All Population,5,Prevalence,93,Sweden,3,Both,27,Age-standardized,558,Mental disorders,2,Percent,2023,0.185703245586195,0.2013342225720153,0.1708363146978073
1,All Population,5,Prevalence,93,Sweden,3,Both,27,Age-standardized,558,Mental disorders,3,Rate,2023,17139.90684399755,18641.35210781662,15781.05049428688
1,All Population,5,Prevalence,160,Afghanistan,3,Both,27,Age-standardized,558,Mental disorders,2,Percent,2021,0.1537544249161183,0.1677880321722554,0.1403375604332327
1,All Population,5,Prevalence,160,Afghanistan,3,Both,27,Age-standardized,558,Mental disorders,3,Rate,2021,15210.916775693911,16595.84021132701,13882.06327514839
1,All Population,5,Prevalence,153,Syrian Arab Republic,3,Both,27,Age-standardized,558,Mental disorders,2,Percent,2023,0.1959790159440061,0.2203169193169654,0.1753970746413836
1,All Population,5,Prevalence,153,Syrian Arab Republic,3,Both,27,Age-standardized,558,Mental disorders,3,Rate,2023,19072.89263283743,21358.19277739998,17074.51424262142
1,All Population,5,Prevalence,203,Cabo Verde,3,Both,27,Age-standardized,558,Mental disorders,2,Percent,2023,0.1612924893655451,0.184482118449032,0.140753649585645
1,All Population,5,Prevalence,203,Cabo Verde,3,Both,27,Age-standardized,558,Mental disorders,3,Rate,2023,15469.448617877571,17730.94999792568,13563.64240838336
1,All Population,5,Prevalence,106,Bahamas,3,Both,27,Age-standardized,558,Mental disorders,2,Percent,2023,0.1762772672929128,0.197551166640493,0.1584275086068556
1,All Population,5,Prevalence,106,Bahamas,3,Both,27,Age-standardized,558,Mental disorders,3,Rate,2023,16966.88763553233,19042.44712892199,15269.19637427176
1,All Population,5,Prevalence,183,Mauritius,3,Both,27,Age-standardized,558,Mental disorders,2,Percent,2023,0.1110807138638358,0.1255051478445963,0.0993950320148179
1,All Population,5,Prevalence,183,Mauritius,3,Both,27,Age-standardized,558,Mental disorders,3,Rate,2023,10719.49685583292,12077.48103455314,9587.8322897505
1,All Population,5,Prevalence,55,Slovenia,3,Both,27,Age-standardized,558,Mental disorders,2,Percent,2021,0.1438394394100755,0.1644135892058397,0.1268401602354383
1,All Population,5,Prevalence,55,Slovenia,3,Both,27,Age-standardized,558,Mental disorders,3,Rate,2021,13449.34933909813,15403.855785194919,11849.74084093254
1,All Population,5,Prevalence,216,Senegal,3,Both,27,Age-standardized,558,Mental disorders,2,Percent,2023,0.1500317623955659,0.1717860832716246,0.1325165534171885
1,All Population,5,Prevalence,216,Senegal,3,Both,27,Age-standardized,558,Mental disorders,3,Rate,2023,14710.286738392331,16809.40663843767,13021.95654655218
1,All Population,5,Prevalence,142,Iran (Islamic Republic of),3,Both,27,Age-standardized,558,Mental disorders,2,Percent,2023,0.2202052715534367,0.252375258114469,0.1949731291437204
1,All Population,5,Prevalence,142,Iran (Islamic Republic of),3,Both,27,Age-standardized,558,Mental disorders,3,Rate,2023,21248.40194376329,24417.9252626196,18792.78724422058
1,All Population,5,Prevalence,95,United Kingdom,3,Both,27,Age-standardized,558,Mental disorders,2,Percent,2023,0.239610534107634,0.2596415429552621,0.2191184400842103
1,All Population,5,Prevalence,95,United Kingdom,3,Both,27,Age-standardized,558,Mental disorders,3,Rate,2023,21826.97938746505,23703.5802739446,19937.187281034898
1,All Population,5,Prevalence,205,Côte d'Ivoire,3,Both,27,Age-standardized,558,Mental disorders,2,Percent,2023,0.1581486507156116,0.1810781346328162,0.1393082138109299
1,All Population,5,Prevalence,205,Côte d'Ivoire,3,Both,27,Age-standardized,558,Mental disorders,3,Rate,2023,15518.70270719344,17794.19671946312,13675.341081523859
1,All Population,5,Prevalence,206,Gambia,3,Both,27,Age-standardized,558,Mental disorders,2,Percent,2021,0.1461476631357972,0.1653420494881656,0.1301037196027302
1,All Population,5,Prevalence,206,Gambia,3,Both,27,Age-standardized,558,Mental disorders,3,Rate,2021,14318.167977343548,16217.02096169938,12735.90652756843
1,All Population,5,Prevalence,185,Rwanda,3,Both,27,Age-standardized,558,Mental disorders,2,Percent,2023,0.1444269733329575,0.1617770750791184,0.1296372321873608
1,All Population,5,Prevalence,185,Rwanda,3,Both,27,Age-standardized,558,Mental disorders,3,Rate,2023,14016.03172247233,15745.060946893,12585.977138257129
1,All Population,5,Prevalence,38,Mongolia,3,Both,27,Age-standardized,558,Mental disorders,2,Percent,2021,0.1237915223561056,0.138994207562088,0.109781487244451
1,All Population,5,Prevalence,38,Mongolia,3,Both,27,Age-standardized,558,Mental disorders,3,Rate,2021,11770.53747581574,13244.2621611016,10430.018403523509
1,All Population,5,Prevalence,218,Togo,3,Both,27,Age-standardized,558,Mental disorders,2,Percent,2023,0.1838036946479047,0.2237067634692012,0.1579195125203679
1,All Population,5,Prevalence,218,Togo,3,Both,27,Age-standardized,558,Mental disorders,3,Rate,2023,18129.90627100238,22076.87447745722,15572.96011454971
1,All Population,5,Prevalence,181,Madagascar,3,Both,27,Age-standardized,558,Mental disorders,2,Percent,2021,0.1306528595789922,0.1433673659656272,0.1191161364563436
1,All Population,5,Prevalence,181,Madagascar,3,Both,27,Age-standardized,558,Mental disorders,3,Rate,2021,12878.66670214133,14119.99052246094,11737.5612847182
1,All Population,5,Prevalence,187,Somalia,3,Both,27,Age-standardized,558,Mental disorders,2,Percent,2023,0.1315297848061065,0.1459350803644279,0.1190859252685991
1,All Population,5,Prevalence,187,Somalia,3,Both,27,Age-standardized,558,Mental disorders,3,Rate,2023,12995.76205139236,14393.361585154349,11765.36753819432
1,All Population,5,Prevalence,175,Burundi,3,Both,27,Age-standardized,558,Mental disorders,2,Percent,2021,0.1318144608337899,0.1448201225527265,0.1199839961622198
1,All Population,5,Prevalence,175,Burundi,3,Both,27,Age-standardized,558,Mental disorders,3,Rate,2021,12951.16841802062,14204.99365353427,11792.60732627234
1,All Population,5,Prevalence,305,Bermuda,3,Both,27,Age-standardized,558,Mental disorders,2,Percent,2023,0.174223201261164,0.194435265665154,0.1571892912141226
1,All Population,5,Prevalence,305,Bermuda,3,Both,27,Age-standardized,558,Mental disorders,3,Rate,2023,16599.912711573837,18525.92177606831,14906.803540562441
1,All Population,5,Prevalence,349,Greenland,3,Both,27,Age-standardized,558,Mental disorders,2,Percent,2023,0.1989175295381208,0.2238828209964044,0.177918972111767
1,All Population,5,Prevalence,349,Greenland,3,Both,27,Age-standardized,558,Mental disorders,3,Rate,2023,18402.48540375035,20813.97914754883,16446.54911099053
1,All Population,5,Prevalence,385,Puerto Rico,3,Both,27,Age-standardized,558,Mental disorders,2,Percent,2023,0.18695255274344,0.2078381593740482,0.1682743587110496
1,All Population,5,Prevalence,385,Puerto Rico,3,Both,27,Age-standardized,558,Mental disorders,3,Rate,2023,17801.66000627758,19765.90758289014,16071.56515315973
1,All Population,5,Prevalence,190,Uganda,3,Both,27,Age-standardized,558,Mental disorders,2,Percent,2023,0.1440589712865959,0.1621831908959981,0.1265934516529011
1,All Population,5,Prevalence,190,Uganda,3,Both,27,Age-standardized,558,Mental disorders,3,Rate,2023,14172.261767372449,15947.68690701979,12460.92735521732
1,All Population,5,Prevalence,201,Burkina Faso,3,Both,27,Age-standardized,558,Mental disorders,2,Percent,2023,0.1638168121690026,0.1858667109657545,0.1450810805330522
1,All Population,5,Prevalence,201,Burkina Faso,3,Both,27,Age-standardized,558,Mental disorders,3,Rate,2023,16212.47891276404,18413.30039024393,14338.90061294727
1,All Population,5,Prevalence,396,San Marino,3,Both,27,Age-standardized,558,Mental disorders,2,Percent,2023,0.21012372031263,0.2271156326418969,0.1935645941194872
1,All Population,5,Prevalence,396,San Marino,3,Both,27,Age-standardized,558,Mental disorders,3,Rate,2023,19277.07010875532,20815.38146439608,17812.88434229601
1,All Population,5,Prevalence,522,Sudan,3,Both,27,Age-standardized,558,Mental disorders,2,Percent,2023,0.1564286008039563,0.1725292888006951,0.141791171770201
1,All Population,5,Prevalence,522,Sudan,3,Both,27,Age-standardized,558,Mental disorders,3,Rate,2023,15293.87455597585,16861.71385063027,13849.35747463455
1,All Population,5,Prevalence,195,Namibia,3,Both,27,Age-standardized,558,Mental disorders,2,Percent,2021,0.1271333773879351,0.1424540808876044,0.1131670186684138
1,All Population,5,Prevalence,195,Namibia,3,Both,27,Age-standardized,558,Mental disorders,3,Rate,2021,12327.55996728408,13810.454754247688,10989.41241042537
1,All Population,5,Prevalence,416,Tuvalu,3,Both,27,Age-standardized,558,Mental disorders,2,Percent,2023,0.1254859674442122,0.1465138411362274,0.1096613112923793
1,All Population,5,Prevalence,416,Tuvalu,3,Both,27,Age-standardized,558,Mental disorders,3,Rate,2023,12210.92448347933,14270.775363450499,10640.59072885706
1,All Population,5,Prevalence,214,Nigeria,3,Both,27,Age-standardized,558,Mental disorders,2,Percent,2023,0.1538978259518232,0.1843628279685965,0.1337412493411416
1,All Population,5,Prevalence,214,Nigeria,3,Both,27,Age-standardized,558,Mental disorders,3,Rate,2023,15236.57891080045,18263.31939668917,13226.12149968362
1,All Population,5,Prevalence,149,Palestine,3,Both,27,Age-standardized,558,Mental disorders,2,Percent,2021,0.1570828561888379,0.1709520924197738,0.144265506984529
1,All Population,5,Prevalence,149,Palestine,3,Both,27,Age-standardized,558,Mental disorders,3,Rate,2021,15164.09483962082,16535.91835814598,13897.0294782744
1,All Population,5,Prevalence,117,Saint Vincent and the Grenadines,3,Both,27,Age-standardized,558,Mental disorders,2,Percent,2021,0.1599867485798417,0.1760041710211671,0.1440849194803075
1,All Population,5,Prevalence,117,Saint Vincent and the Grenadines,3,Both,27,Age-standardized,558,Mental disorders,3,Rate,2021,15440.96942340939,16986.909877898972,13930.92485812568
1,All Population,5,Prevalence,130,Mexico,3,Both,27,Age-standardized,558,Mental disorders,2,Percent,2021,0.1441496776067748,0.1605738222904151,0.1294707490926463
1,All Population,5,Prevalence,130,Mexico,3,Both,27,Age-standardized,558,Mental disorders,3,Rate,2021,13692.527252717471,15213.607683770619,12308.4450427143
1,All Population,5,Prevalence,85,Israel,3,Both,27,Age-standardized,558,Mental disorders,2,Percent,2021,0.1657091526720953,0.1840776764471198,0.1496167664908518
1,All Population,5,Prevalence,85,Israel,3,Both,27,Age-standardized,558,Mental disorders,3,Rate,2021,15392.332977478902,17017.59442798719,13895.095057220591
1,All Population,5,Prevalence,208,Guinea,3,Both,27,Age-standardized,558,Mental disorders,2,Percent,2021,0.1541370131657826,0.1736928458708447,0.1372607177018147
1,All Population,5,Prevalence,208,Guinea,3,Both,27,Age-standardized,558,Mental disorders,3,Rate,2021,15224.01766982719,17161.88495144932,13557.86908916158
1,All Population,5,Prevalence,369,Nauru,3,Both,27,Age-standardized,558,Mental disorders,2,Percent,2021,0.1197001512111797,0.138245508946617,0.1050318868675569
1,All Population,5,Prevalence,369,Nauru,3,Both,27,Age-standardized,558,Mental disorders,3,Rate,2021,11638.52774980656,13445.525050862208,10207.90929318734
1,All Population,5,Prevalence,162,Bhutan,3,Both,27,Age-standardized,558,Mental disorders,2,Percent,2021,0.1201173331165154,0.133393240582301,0.1100023919925716
1,All Population,5,Prevalence,162,Bhutan,3,Both,27,Age-standardized,558,Mental disorders,3,Rate,2021,11376.37803173813,12599.25269688026,10345.08842335443
1,All Population,5,Prevalence,57,Belarus,3,Both,27,Age-standardized,558,Mental disorders,2,Percent,2021,0.1258838801419118,0.1407367257524906,0.1126000701434037
1,All Population,5,Prevalence,57,Belarus,3,Both,27,Age-standardized,558,Mental disorders,3,Rate,2021,11701.101385087211,13122.27014200727,10468.024806607571
1,All Population,5,Prevalence,177,Djibouti,3,Both,27,Age-standardized,558,Mental disorders,2,Percent,2021,0.1293887864945518,0.1418352557573425,0.1178090061591955
1,All Population,5,Prevalence,177,Djibouti,3,Both,27,Age-standardized,558,Mental disorders,3,Rate,2021,12591.856405479828,13776.154284907521,11480.07335702016
1,All Population,5,Prevalence,197,Eswatini,3,Both,27,Age-standardized,558,Mental disorders,2,Percent,2021,0.1364104301850575,0.1530427269613064,0.123081631976419
1,All Population,5,Prevalence,197,Eswatini,3,Both,27,Age-standardized,558,Mental disorders,3,Rate,2021,13237.40812363014,14882.16943495074,11957.8195523663
1,All Population,5,Prevalence,119,Trinidad and Tobago,3,Both,27,Age-standardized,558,Mental disorders,2,Percent,2021,0.1621683827574806,0.177816094317084,0.1473233054149651
1,All Population,5,Prevalence,119,Trinidad and Tobago,3,Both,27,Age-standardized,558,Mental disorders,3,Rate,2021,15559.0496459391,17080.4427992358,14100.73434248658
1,All Population,5,Prevalence,210,Liberia,3,Both,27,Age-standardized,558,Mental disorders,2,Percent,2021,0.1509887983663035,0.1711730304943854,0.1346866287394973
1,All Population,5,Prevalence,210,Liberia,3,Both,27,Age-standardized,558,Mental disorders,3,Rate,2021,14961.55681092607,16964.20858806263,13341.724291743229
1,All Population,5,Prevalence,376,Northern Mariana Islands,3,Both,27,Age-standardized,558,Mental disorders,2,Percent,2021,0.1210262921657191,0.1394131954787588,0.1064205867672797
1,All Population,5,Prevalence,376,Northern Mariana Islands,3,Both,27,Age-standardized,558,Mental disorders,3,Rate,2021,11615.25185357608,13388.4666552334,10187.38395232997
1,All Population,5,Prevalence,164,Nepal,3,Both,27,Age-standardized,558,Mental disorders,2,Percent,2021,0.1253608898014164,0.1396647416407622,0.1136856855821763
1,All Population,5,Prevalence,164,Nepal,3,Both,27,Age-standardized,558,Mental disorders,3,Rate,2021,11974.53937724354,13242.58787728532,10858.80887281252
1,All Population,5,Prevalence,191,Zambia,3,Both,27,Age-standardized,558,Mental disorders,2,Percent,2021,0.1377522612755865,0.1520908491396302,0.1246509587154065
1,All Population,5,Prevalence,191,Zambia,3,Both,27,Age-standardized,558,Mental disorders,3,Rate,2021,13603.10283030261,15031.96286564025,12337.722679275601
1,All Population,5,Prevalence,212,Mauritania,3,Both,27,Age-standardized,558,Mental disorders,2,Percent,2021,0.1290994393456845,0.1455767746506011,0.1151163001456886
1,All Population,5,Prevalence,212,Mauritania,3,Both,27,Age-standardized,558,Mental disorders,3,Rate,2021,12616.59478189437,14193.445697286012,11260.17923175756
1,All Population,5,Prevalence,10,Cambodia,3,Both,27,Age-standardized,558,Mental disorders,2,Percent,2022,0.1059340827574924,0.1178394565977127,0.0959592964207347
1,All Population,5,Prevalence,10,Cambodia,3,Both,27,Age-standardized,558,Mental disorders,3,Rate,2022,10311.00479189451,11449.86224244131,9356.045120694751
1,All Population,5,Prevalence,23,Kiribati,3,Both,27,Age-standardized,558,Mental disorders,2,Percent,2022,0.1221096484734498,0.141508014368546,0.1070428161429025
1,All Population,5,Prevalence,23,Kiribati,3,Both,27,Age-standardized,558,Mental disorders,3,Rate,2022,12081.83106541959,13984.84182098043,10596.14288817296
1,All Population,5,Prevalence,36,Kazakhstan,3,Both,27,Age-standardized,558,Mental disorders,2,Percent,2022,0.112039460378563,0.1255738344587001,0.100633630169074
1,All Population,5,Prevalence,36,Kazakhstan,3,Both,27,Age-standardized,558,Mental disorders,3,Rate,2022,10608.75315606047,11899.43771895502,9517.95566331661
1,All Population,5,Prevalence,57,Belarus,3,Both,27,Age-standardized,558,Mental disorders,2,Percent,2022,0.1254475195764468,0.1408134201310969,0.1117025764571676
1,All Population,5,Prevalence,57,Belarus,3,Both,27,Age-standardized,558,Mental disorders,3,Rate,2022,11698.27843536714,13176.24226102708,10452.390207453569
1,All Population,5,Prevalence,6,China,3,Both,27,Age-standardized,558,Mental disorders,2,Percent,2022,0.1324747545392508,0.1510231604326364,0.1195337811537299
1,All Population,5,Prevalence,6,China,3,Both,27,Age-standardized,558,Mental disorders,3,Rate,2022,12532.648348027209,14297.1514495907,11308.20798354104
1,All Population,5,Prevalence,68,Republic of Korea,3,Both,27,Age-standardized,558,Mental disorders,2,Percent,2022,0.1384257844381239,0.1611137046813558,0.1217797642114807
1,All Population,5,Prevalence,68,Republic of Korea,3,Both,27,Age-standardized,558,Mental disorders,3,Rate,2022,12795.521338053231,14910.36071981838,11206.67896633252
1,All Population,5,Prevalence,12,Lao People's Democratic Republic,3,Both,27,Age-standardized,558,Mental disorders,2,Percent,2022,0.0948598630932077,0.1066185741281853,0.085586136212607
1,All Population,5,Prevalence,12,Lao People's Democratic Republic,3,Both,27,Age-standardized,558,Mental disorders,3,Rate,2022,9141.57580508816,10258.8306117431,8241.55535553676
1,All Population,5,Prevalence,25,Micronesia (Federated States of),3,Both,27,Age-standardized,558,Mental disorders,2,Percent,2022,0.118240657172849,0.1360882387030688,0.1040067641800449
1,All Population,5,Prevalence,25,Micronesia (Federated States of),3,Both,27,Age-standardized,558,Mental disorders,3,Rate,2022,11580.38082515996,13342.51340899128,10173.83140848467
1,All Population,5,Prevalence,83,Iceland,3,Both,27,Age-standardized,558,Mental disorders,2,Percent,2022,0.1827555458699075,0.1968211807410492,0.1704700110662279
1,All Population,5,Prevalence,83,Iceland,3,Both,27,Age-standardized,558,Mental disorders,3,Rate,2022,16838.90652983845,18135.24629821671,15749.247317356829
1,All Population,5,Prevalence,38,Mongolia,3,Both,27,Age-standardized,558,Mental disorders,2,Percent,2022,0.1226439625937818,0.138583555704114,0.1081704686390867
1,All Population,5,Prevalence,38,Mongolia,3,Both,27,Age-standardized,558,Mental disorders,3,Rate,2022,11658.66772120203,13181.37266816026,10256.73779469608
1,All Population,5,Prevalence,8,Taiwan,3,Both,27,Age-standardized,558,Mental disorders,2,Percent,2022,0.114756281943798,0.1304614378682256,0.1028119745332282
1,All Population,5,Prevalence,8,Taiwan,3,Both,27,Age-standardized,558,Mental disorders,3,Rate,2022,10806.590558008531,12284.18563588983,9696.73008404806
1,All Population,5,Prevalence,115,Jamaica,3,Both,27,Age-standardized,558,Mental disorders,2,Percent,2022,0.1568906941374071,0.1730814942854443,0.1423085805931415
1,All Population,5,Prevalence,115,Jamaica,3,Both,27,Age-standardized,558,Mental disorders,3,Rate,2022,15225.88465677604,16776.99073762691,13796.26499550566
1,All Population,5,Prevalence,98,Chile,3,Both,27,Age-standardized,558,Mental disorders,2,Percent,2022,0.189592766764347,0.2183600572241862,0.1675015665242833
1,All Population,5,Prevalence,98,Chile,3,Both,27,Age-standardized,558,Mental disorders,3,Rate,2022,17907.32256106025,20684.33986129503,15815.93875673823
1,All Population,5,Prevalence,51,Poland,3,Both,27,Age-standardized,558,Mental disorders,2,Percent,2022,0.1224746129330991,0.1381888398900416,0.1097807827290156
1,All Population,5,Prevalence,51,Poland,3,Both,27,Age-standardized,558,Mental disorders,3,Rate,2022,11506.86003010907,12961.08001558863,10303.51826162387
1,All Population,5,Prevalence,27,Samoa,3,Both,27,Age-standardized,558,Mental disorders,2,Percent,2022,0.1185942147010604,0.137160728146456,0.1045490105036104
1,All Population,5,Prevalence,27,Samoa,3,Both,27,Age-standardized,558,Mental disorders,3,Rate,2022,11517.60725855834,13311.22780519903,10132.94917408637
1,All Population,5,Prevalence,72,New Zealand,3,Both,27,Age-standardized,558,Mental disorders,2,Percent,2022,0.2068499800574963,0.2336481676279606,0.1829138499215742
1,All Population,5,Prevalence,72,New Zealand,3,Both,27,Age-standardized,558,Mental disorders,3,Rate,2022,19017.657654102808,21459.42199659395,16800.09382983163
1,All Population,5,Prevalence,85,Israel,3,Both,27,Age-standardized,558,Mental disorders,2,Percent,2022,0.1659493245894201,0.1852028389927227,0.149448181103697
1,All Population,5,Prevalence,85,Israel,3,Both,27,Age-standardized,558,Mental disorders,3,Rate,2022,15459.93192281601,17197.4894777562,13924.43886105608
1,All Population,5,Prevalence,128,Guatemala,3,Both,27,Age-standardized,558,Mental disorders,2,Percent,2022,0.1468197217585685,0.165288876160847,0.1324736503849676
1,All Population,5,Prevalence,128,Guatemala,3,Both,27,Age-standardized,558,Mental disorders,3,Rate,2022,14169.944344894238,15958.28207586388,12830.2834335292
1,All Population,5,Prevalence,40,Turkmenistan,3,Both,27,Age-standardized,558,Mental disorders,2,Percent,2022,0.1228462083049926,0.1375549391514052,0.1090043018779452
1,All Population,5,Prevalence,40,Turkmenistan,3,Both,27,Age-standardized,558,Mental disorders,3,Rate,2022,11612.21670084952,12991.07105173567,10334.39130249976
1,All Population,5,Prevalence,117,Saint Vincent and the Grenadines,3,Both,27,Age-standardized,558,Mental disorders,2,Percent,2022,0.1597542275061052,0.1767545407672009,0.1441955175004
1,All Population,5,Prevalence,117,Saint Vincent and the Grenadines,3,Both,27,Age-standardized,558,Mental disorders,3,Rate,2022,15431.104790711839,17069.51751148824,13911.164001114352
1,All Population,5,Prevalence,162,Bhutan,3,Both,27,Age-standardized,558,Mental disorders,2,Percent,2022,0.1230662081685479,0.1375761141166409,0.1112031813798522
1,All Population,5,Prevalence,162,Bhutan,3,Both,27,Age-standardized,558,Mental disorders,3,Rate,2022,11684.06374471251,12973.81643468109,10572.26195748498
1,All Population,5,Prevalence,53,Serbia,3,Both,27,Age-standardized,558,Mental disorders,2,Percent,2022,0.1431089266916738,0.1641599342313748,0.1261223442668323
1,All Population,5,Prevalence,53,Serbia,3,Both,27,Age-standardized,558,Mental disorders,3,Rate,2022,13418.42329580345,15339.83909986282,11803.80468928691
1,All Population,5,Prevalence,130,Mexico,3,Both,27,Age-standardized,558,Mental disorders,2,Percent,2022,0.1453726616651226,0.1626960783516657,0.1300345010917107
1,All Population,5,Prevalence,130,Mexico,3,Both,27,Age-standardized,558,Mental disorders,3,Rate,2022,13834.00686868639,15467.08688615633,12363.7020868785
1,All Population,5,Prevalence,87,Luxembourg,3,Both,27,Age-standardized,558,Mental disorders,2,Percent,2022,0.180578916848357,0.1944383535428824,0.1681831131606024
1,All Population,5,Prevalence,87,Luxembourg,3,Both,27,Age-standardized,558,Mental disorders,3,Rate,2022,16548.84380138235,17812.0892373565,15410.82077808795
1,All Population,5,Prevalence,102,United States of America,3,Both,27,Age-standardized,558,Mental disorders,2,Percent,2022,0.177566252873839,0.1960510421418259,0.1632578057368899
1,All Population,5,Prevalence,102,United States of America,3,Both,27,Age-standardized,558,Mental disorders,3,Rate,2022,16396.33154946279,18059.33346696928,15066.86022282511
1,All Population,5,Prevalence,145,Kuwait,3,Both,27,Age-standardized,558,Mental disorders,2,Percent,2022,0.142938025921365,0.1557455745500494,0.1312578582640089
1,All Population,5,Prevalence,145,Kuwait,3,Both,27,Age-standardized,558,Mental disorders,3,Rate,2022,13544.26108958002,14781.678464350382,12441.20779181771
1,All Population,5,Prevalence,113,Guyana,3,Both,27,Age-standardized,558,Mental disorders,2,Percent,2022,0.1632567460837316,0.1809786823513802,0.1477935935028394
1,All Population,5,Prevalence,113,Guyana,3,Both,27,Age-standardized,558,Mental disorders,3,Rate,2022,15857.07740591946,17536.754489274652,14343.701306965258
1,All Population,5,Prevalence,119,Trinidad and Tobago,3,Both,27,Age-standardized,558,Mental disorders,2,Percent,2022,0.1605965559390623,0.1769909997304675,0.1458873258632758
1,All Population,5,Prevalence,119,Trinidad and Tobago,3,Both,27,Age-standardized,558,Mental disorders,3,Rate,2022,15432.49243949606,17030.55553629639,13995.95717202354
1,All Population,5,Prevalence,175,Burundi,3,Both,27,Age-standardized,558,Mental disorders,2,Percent,2022,0.1316559594405195,0.1454790878282449,0.1192008647577648
1,All Population,5,Prevalence,175,Burundi,3,Both,27,Age-standardized,558,Mental disorders,3,Rate,2022,12922.62396426407,14244.313639733511,11728.16527689054
1,All Population,5,Prevalence,164,Nepal,3,Both,27,Age-standardized,558,Mental disorders,2,Percent,2022,0.1254208382555009,0.1408341990992903,0.1127412279267489
1,All Population,5,Prevalence,164,Nepal,3,Both,27,Age-standardized,558,Mental disorders,3,Rate,2022,11978.7553563765,13382.503342739268,10801.45203074102
1,All Population,5,Prevalence,210,Liberia,3,Both,27,Age-standardized,558,Mental disorders,2,Percent,2022,0.1540659880284131,0.1755068436175917,0.1367404822054634
1,All Population,5,Prevalence,210,Liberia,3,Both,27,Age-standardized,558,Mental disorders,3,Rate,2022,15252.141009683939,17386.82852946736,13549.41462056684
1,All Population,5,Prevalence,191,Zambia,3,Both,27,Age-standardized,558,Mental disorders,2,Percent,2022,0.1381018733235554,0.1533487533012367,0.1249390858454458
1,All Population,5,Prevalence,191,Zambia,3,Both,27,Age-standardized,558,Mental disorders,3,Rate,2022,13629.43377046076,15146.994871491179,12314.254321149901
1,All Population,5,Prevalence,89,Netherlands,3,Both,27,Age-standardized,558,Mental disorders,2,Percent,2022,0.2307332196086121,0.2496831646094556,0.2140629621008816
1,All Population,5,Prevalence,89,Netherlands,3,Both,27,Age-standardized,558,Mental disorders,3,Rate,2022,21257.48449439067,23117.39066088417,19720.55330255913
1,All Population,5,Prevalence,147,Libya,3,Both,27,Age-standardized,558,Mental disorders,2,Percent,2022,0.1535964300239275,0.1678044762086908,0.1402268010126193
1,All Population,5,Prevalence,147,Libya,3,Both,27,Age-standardized,558,Mental disorders,3,Rate,2022,14890.28180100262,16278.537479398288,13628.963743303699
1,All Population,5,Prevalence,132,Panama,3,Both,27,Age-standardized,558,Mental disorders,2,Percent,2022,0.1313642625444044,0.1463625157047117,0.1185848569152182
1,All Population,5,Prevalence,132,Panama,3,Both,27,Age-standardized,558,Mental disorders,3,Rate,2022,12499.54474928213,13905.067245544631,11284.054578085439
1,All Population,5,Prevalence,55,Slovenia,3,Both,27,Age-standardized,558,Mental disorders,2,Percent,2022,0.145430278405299,0.1671710445269557,0.1276041483021566
1,All Population,5,Prevalence,55,Slovenia,3,Both,27,Age-standardized,558,Mental disorders,3,Rate,2022,13640.788499533699,15674.577133665049,11953.03901496045
1,All Population,5,Prevalence,206,Gambia,3,Both,27,Age-standardized,558,Mental disorders,2,Percent,2022,0.1486197198762999,0.1692872197526323,0.1318202228261408
1,All Population,5,Prevalence,206,Gambia,3,Both,27,Age-standardized,558,Mental disorders,3,Rate,2022,14532.891890706429,16570.6725643059,12905.02750693609
1,All Population,5,Prevalence,160,Afghanistan,3,Both,27,Age-standardized,558,Mental disorders,2,Percent,2022,0.1530717960901612,0.1680886945557502,0.1396724060980001
1,All Population,5,Prevalence,160,Afghanistan,3,Both,27,Age-standardized,558,Mental disorders,3,Rate,2022,15141.34968619568,16591.91197692011,13794.652414343089
1,All Population,5,Prevalence,212,Mauritania,3,Both,27,Age-standardized,558,Mental disorders,2,Percent,2022,0.1316915320010985,0.1488085221216349,0.1171042064092123
1,All Population,5,Prevalence,212,Mauritania,3,Both,27,Age-standardized,558,Mental disorders,3,Rate,2022,12859.270194313342,14472.869724839902,11473.08636906427
1,All Population,5,Prevalence,177,Djibouti,3,Both,27,Age-standardized,558,Mental disorders,2,Percent,2022,0.1291308737291207,0.1424283407877382,0.1172186167367038
1,All Population,5,Prevalence,177,Djibouti,3,Both,27,Age-standardized,558,Mental disorders,3,Rate,2022,12554.02037816959,13787.24317493138,11414.908953853981
1,All Population,5,Prevalence,193,Botswana,3,Both,27,Age-standardized,558,Mental disorders,2,Percent,2022,0.1300698234099108,0.1456066577969463,0.116457394415907
1,All Population,5,Prevalence,193,Botswana,3,Both,27,Age-standardized,558,Mental disorders,3,Rate,2022,12671.01379547051,14199.127066882362,11326.314073806141
1,All Population,5,Prevalence,149,Palestine,3,Both,27,Age-standardized,558,Mental disorders,2,Percent,2022,0.1551623797030388,0.1702551842321513,0.1420868798999951
1,All Population,5,Prevalence,149,Palestine,3,Both,27,Age-standardized,558,Mental disorders,3,Rate,2022,14986.827055708549,16448.57466949211,13679.464315609499
1,All Population,5,Prevalence,208,Guinea,3,Both,27,Age-standardized,558,Mental disorders,2,Percent,2022,0.1560848427314652,0.177645358661253,0.1386601797738609
1,All Population,5,Prevalence,208,Guinea,3,Both,27,Age-standardized,558,Mental disorders,3,Rate,2022,15396.87081282769,17511.67827037399,13673.34522718943
1,All Population,5,Prevalence,369,Nauru,3,Both,27,Age-standardized,558,Mental disorders,2,Percent,2022,0.1195738227468794,0.1381577483517602,0.1052522061165187
1,All Population,5,Prevalence,369,Nauru,3,Both,27,Age-standardized,558,Mental disorders,3,Rate,2022,11613.58388884556,13427.58970476155,10196.00013598298
1,All Population,5,Prevalence,179,Ethiopia,3,Both,27,Age-standardized,558,Mental disorders,2,Percent,2022,0.1388040382526177,0.1538835166773527,0.1265457856032711
1,All Population,5,Prevalence,179,Ethiopia,3,Both,27,Age-standardized,558,Mental disorders,3,Rate,2022,13651.1581405032,15126.00857179752,12431.28438690381
1,All Population,5,Prevalence,195,Namibia,3,Both,27,Age-standardized,558,Mental disorders,2,Percent,2022,0.1279218050561746,0.1439311252682122,0.1136672978859235
1,All Population,5,Prevalence,195,Namibia,3,Both,27,Age-standardized,558,Mental disorders,3,Rate,2022,12394.70049710143,13929.43099616168,11030.54528881369
1,All Population,5,Prevalence,181,Madagascar,3,Both,27,Age-standardized,558,Mental disorders,2,Percent,2022,0.131146521416953,0.144429616701495,0.1193136016346655
1,All Population,5,Prevalence,181,Madagascar,3,Both,27,Age-standardized,558,Mental disorders,3,Rate,2022,12915.45239454868,14207.646700706719,11763.895181979211
1,All Population,5,Prevalence,376,Northern Mariana Islands,3,Both,27,Age-standardized,558,Mental disorders,2,Percent,2022,0.1208186760141842,0.1391865953036694,0.1061920761779253
1,All Population,5,Prevalence,376,Northern Mariana Islands,3,Both,27,Age-standardized,558,Mental disorders,3,Rate,2022,11604.17336669313,13389.466605858799,10188.98122693946
1,All Population,5,Prevalence,197,Eswatini,3,Both,27,Age-standardized,558,Mental disorders,2,Percent,2022,0.1371451231296496,0.1547682184859123,0.1232205715685355
1,All Population,5,Prevalence,197,Eswatini,3,Both,27,Age-standardized,558,Mental disorders,3,Rate,2022,13297.0805285421,15055.770624662091,11933.37499372067
1,All Population,5,Prevalence,6,China,3,Both,27,Age-standardized,558,Mental disorders,2,Percent,2023,0.1342530912060199,0.1535684300147949,0.1209703688078841
1,All Population,5,Prevalence,6,China,3,Both,27,Age-standardized,558,Mental disorders,3,Rate,2023,12705.54995561759,14572.83458837702,11438.01355027903
1,All Population,5,Prevalence,38,Mongolia,3,Both,27,Age-standardized,558,Mental disorders,2,Percent,2023,0.1279746493731903,0.1458524316586006,0.1125908777227976
1,All Population,5,Prevalence,38,Mongolia,3,Both,27,Age-standardized,558,Mental disorders,3,Rate,2023,12160.652199410051,13840.35884712064,10699.621063042721
1,All Population,5,Prevalence,27,Samoa,3,Both,27,Age-standardized,558,Mental disorders,2,Percent,2023,0.1256401985005047,0.1470429368268078,0.1097676917717639
1,All Population,5,Prevalence,27,Samoa,3,Both,27,Age-standardized,558,Mental disorders,3,Rate,2023,12197.934612300409,14283.65437716201,10629.27381850039
1,All Population,5,Prevalence,8,Taiwan,3,Both,27,Age-standardized,558,Mental disorders,2,Percent,2023,0.1176367013409197,0.1363508663590368,0.1047801096611171
1,All Population,5,Prevalence,8,Taiwan,3,Both,27,Age-standardized,558,Mental disorders,3,Rate,2023,11070.977431496,12808.49712971579,9834.62808166898
1,All Population,5,Prevalence,40,Turkmenistan,3,Both,27,Age-standardized,558,Mental disorders,2,Percent,2023,0.1273746341435844,0.1438464055698943,0.1119969259574323
1,All Population,5,Prevalence,40,Turkmenistan,3,Both,27,Age-standardized,558,Mental disorders,3,Rate,2023,12029.5116391512,13646.11424275472,10605.634149386311
1,All Population,5,Prevalence,51,Poland,3,Both,27,Age-standardized,558,Mental disorders,2,Percent,2023,0.1280611707934853,0.1452537961172678,0.1144717060674975
1,All Population,5,Prevalence,51,Poland,3,Both,27,Age-standardized,558,Mental disorders,3,Rate,2023,12015.31938653159,13608.64065480174,10707.932504715829
1,All Population,5,Prevalence,10,Cambodia,3,Both,27,Age-standardized,558,Mental disorders,2,Percent,2023,0.1097316549446139,0.1224581383773134,0.0990464052245656
1,All Population,5,Prevalence,10,Cambodia,3,Both,27,Age-standardized,558,Mental disorders,3,Rate,2023,10674.80363377956,11931.69739386286,9629.34661311741
1,All Population,5,Prevalence,85,Israel,3,Both,27,Age-standardized,558,Mental disorders,2,Percent,2023,0.173898670339522,0.1949510363231392,0.1559499396939541
1,All Population,5,Prevalence,85,Israel,3,Both,27,Age-standardized,558,Mental disorders,3,Rate,2023,16191.30809827807,18172.16395630731,14548.861283001268
1,All Population,5,Prevalence,23,Kiribati,3,Both,27,Age-standardized,558,Mental disorders,2,Percent,2023,0.129014327606527,0.1523137872834573,0.1128989043303097
1,All Population,5,Prevalence,23,Kiribati,3,Both,27,Age-standardized,558,Mental disorders,3,Rate,2023,12760.789737350711,15050.714410570732,11177.08662010696
1,All Population,5,Prevalence,12,Lao People's Democratic Republic,3,Both,27,Age-standardized,558,Mental disorders,2,Percent,2023,0.0980996555753821,0.110463718667585,0.0874119573636703
1,All Population,5,Prevalence,12,Lao People's Democratic Republic,3,Both,27,Age-standardized,558,Mental disorders,3,Rate,2023,9440.67839838843,10642.03761032693,8442.24858022126
1,All Population,5,Prevalence,53,Serbia,3,Both,27,Age-standardized,558,Mental disorders,2,Percent,2023,0.1519444611839299,0.1762708240478481,0.1327265175983566
1,All Population,5,Prevalence,53,Serbia,3,Both,27,Age-standardized,558,Mental disorders,3,Rate,2023,14229.29625394743,16535.21200714454,12390.40597029105
1,All Population,5,Prevalence,87,Luxembourg,3,Both,27,Age-standardized,558,Mental disorders,2,Percent,2023,0.1912219746599024,0.2068534267627463,0.1776710181335428
1,All Population,5,Prevalence,87,Luxembourg,3,Both,27,Age-standardized,558,Mental disorders,3,Rate,2023,17517.605661129608,18950.050196312728,16261.29137350785
1,All Population,5,Prevalence,25,Micronesia (Federated States of),3,Both,27,Age-standardized,558,Mental disorders,2,Percent,2023,0.1252147498061235,0.1465034556770544,0.1094280538492006
1,All Population,5,Prevalence,25,Micronesia (Federated States of),3,Both,27,Age-standardized,558,Mental disorders,3,Rate,2023,12256.975248989429,14349.117387717699,10701.271052479671
1,All Population,5,Prevalence,98,Chile,3,Both,27,Age-standardized,558,Mental disorders,2,Percent,2023,0.2025151200677203,0.2346655522783021,0.1777014518085312
1,All Population,5,Prevalence,98,Chile,3,Both,27,Age-standardized,558,Mental disorders,3,Rate,2023,19118.10869919119,22269.71312498867,16764.685459216962
1,All Population,5,Prevalence,55,Slovenia,3,Both,27,Age-standardized,558,Mental disorders,2,Percent,2023,0.1546914468578939,0.1791030394843456,0.1344857664698011
1,All Population,5,Prevalence,55,Slovenia,3,Both,27,Age-standardized,558,Mental disorders,3,Rate,2023,14495.118022949018,16846.26987871336,12599.954162592101
1,All Population,5,Prevalence,89,Netherlands,3,Both,27,Age-standardized,558,Mental disorders,2,Percent,2023,0.2487165999998865,0.2715069462197264,0.2293815558171912
1,All Population,5,Prevalence,89,Netherlands,3,Both,27,Age-standardized,558,Mental disorders,3,Rate,2023,22892.78036000894,25104.77298903756,21105.41092760335
1,All Population,5,Prevalence,57,Belarus,3,Both,27,Age-standardized,558,Mental disorders,2,Percent,2023,0.1308892588347515,0.1477278228863773,0.1162769943164451
1,All Population,5,Prevalence,57,Belarus,3,Both,27,Age-standardized,558,Mental disorders,3,Rate,2023,12191.51233849749,13751.317390272361,10868.23784945692
1,All Population,5,Prevalence,132,Panama,3,Both,27,Age-standardized,558,Mental disorders,2,Percent,2023,0.1395916048865323,0.1567542929267316,0.1251921721932284
1,All Population,5,Prevalence,132,Panama,3,Both,27,Age-standardized,558,Mental disorders,3,Rate,2023,13260.67991446134,14914.96893793566,11899.38000984911
1,All Population,5,Prevalence,36,Kazakhstan,3,Both,27,Age-standardized,558,Mental disorders,2,Percent,2023,0.1161904485883368,0.1310592960509262,0.1034737582702281
1,All Population,5,Prevalence,36,Kazakhstan,3,Both,27,Age-standardized,558,Mental disorders,3,Rate,2023,10989.11653068767,12396.01817744284,9797.29836587986
1,All Population,5,Prevalence,102,United States of America,3,Both,27,Age-standardized,558,Mental disorders,2,Percent,2023,0.1877558267275865,0.207818285676896,0.1708803996502932
1,All Population,5,Prevalence,102,United States of America,3,Both,27,Age-standardized,558,Mental disorders,3,Rate,2023,17333.87033663206,19160.83073793835,15796.66824008524
1,All Population,5,Prevalence,145,Kuwait,3,Both,27,Age-standardized,558,Mental disorders,2,Percent,2023,0.1502422043334335,0.1649904385277736,0.1376262663316494
1,All Population,5,Prevalence,145,Kuwait,3,Both,27,Age-standardized,558,Mental disorders,3,Rate,2023,14215.972476846,15599.48919153403,13018.24072663407
1,All Population,5,Prevalence,68,Republic of Korea,3,Both,27,Age-standardized,558,Mental disorders,2,Percent,2023,0.1437708405802406,0.1693175071711194,0.1260072217254514
1,All Population,5,Prevalence,68,Republic of Korea,3,Both,27,Age-standardized,558,Mental disorders,3,Rate,2023,13269.078533169559,15639.9415254512,11589.05203776579
1,All Population,5,Prevalence,113,Guyana,3,Both,27,Age-standardized,558,Mental disorders,2,Percent,2023,0.1709466959747561,0.1920554672332636,0.1538350021058311
1,All Population,5,Prevalence,113,Guyana,3,Both,27,Age-standardized,558,Mental disorders,3,Rate,2023,16577.19434482432,18592.41054837372,14889.05395303685
1,All Population,5,Prevalence,147,Libya,3,Both,27,Age-standardized,558,Mental disorders,2,Percent,2023,0.1615754190907995,0.1777798135297746,0.1472691926217523
1,All Population,5,Prevalence,147,Libya,3,Both,27,Age-standardized,558,Mental disorders,3,Rate,2023,15659.397536468889,17240.41644239032,14301.559112135259
1,All Population,5,Prevalence,191,Zambia,3,Both,27,Age-standardized,558,Mental disorders,2,Percent,2023,0.1489040098190358,0.1678842647268111,0.1337326765844839
1,All Population,5,Prevalence,191,Zambia,3,Both,27,Age-standardized,558,Mental disorders,3,Rate,2023,14683.34993207451,16565.323481067982,13173.11865409113
1,All Population,5,Prevalence,179,Ethiopia,3,Both,27,Age-standardized,558,Mental disorders,2,Percent,2023,0.1464960511931586,0.1641892136070843,0.1325835619680808
1,All Population,5,Prevalence,179,Ethiopia,3,Both,27,Age-standardized,558,Mental disorders,3,Rate,2023,14394.651844691001,16125.279195174598,13016.171571403589
1,All Population,5,Prevalence,115,Jamaica,3,Both,27,Age-standardized,558,Mental disorders,2,Percent,2023,0.1611134186267469,0.1793981471528176,0.1461653339190921
1,All Population,5,Prevalence,115,Jamaica,3,Both,27,Age-standardized,558,Mental disorders,3,Rate,2023,15626.12758595453,17379.9244007392,14136.56422663162
1,All Population,5,Prevalence,160,Afghanistan,3,Both,27,Age-standardized,558,Mental disorders,2,Percent,2023,0.1631364024420641,0.180187637921344,0.1485616278489882
1,All Population,5,Prevalence,160,Afghanistan,3,Both,27,Age-standardized,558,Mental disorders,3,Rate,2023,16130.557707159429,17815.05440791664,14692.20832236449
1,All Population,5,Prevalence,128,Guatemala,3,Both,27,Age-standardized,558,Mental disorders,2,Percent,2023,0.1585815642601504,0.1799966366163187,0.1421701399309743
1,All Population,5,Prevalence,128,Guatemala,3,Both,27,Age-standardized,558,Mental disorders,3,Rate,2023,15281.84315619703,17354.58376094127,13713.56715424593
1,All Population,5,Prevalence,72,New Zealand,3,Both,27,Age-standardized,558,Mental disorders,2,Percent,2023,0.2118339541026729,0.2410063946098241,0.1859373700477285
1,All Population,5,Prevalence,72,New Zealand,3,Both,27,Age-standardized,558,Mental disorders,3,Rate,2023,19504.14587105038,22233.489832077692,17124.31792717459
1,All Population,5,Prevalence,117,Saint Vincent and the Grenadines,3,Both,27,Age-standardized,558,Mental disorders,2,Percent,2023,0.1663790557700384,0.1859051591201912,0.1496758128990677
1,All Population,5,Prevalence,117,Saint Vincent and the Grenadines,3,Both,27,Age-standardized,558,Mental disorders,3,Rate,2023,16057.10243598959,17928.70580916751,14413.34537731229
1,All Population,5,Prevalence,149,Palestine,3,Both,27,Age-standardized,558,Mental disorders,2,Percent,2023,0.1633983522050135,0.1802767105342771,0.1488767695123471
1,All Population,5,Prevalence,149,Palestine,3,Both,27,Age-standardized,558,Mental disorders,3,Rate,2023,15827.915741992721,17446.95994674492,14445.41469907289
1,All Population,5,Prevalence,193,Botswana,3,Both,27,Age-standardized,558,Mental disorders,2,Percent,2023,0.1385069334944939,0.1570671527683819,0.122389991698414
1,All Population,5,Prevalence,193,Botswana,3,Both,27,Age-standardized,558,Mental disorders,3,Rate,2023,13485.183634527231,15317.15851047955,11924.73813924402
1,All Population,5,Prevalence,162,Bhutan,3,Both,27,Age-standardized,558,Mental disorders,2,Percent,2023,0.1261695853550953,0.1416559997209021,0.1136945655213469
1,All Population,5,Prevalence,162,Bhutan,3,Both,27,Age-standardized,558,Mental disorders,3,Rate,2023,11966.710764345511,13424.240947562648,10778.99060847256
1,All Population,5,Prevalence,181,Madagascar,3,Both,27,Age-standardized,558,Mental disorders,2,Percent,2023,0.139534457170916,0.1550628525956571,0.1259685658225677
1,All Population,5,Prevalence,181,Madagascar,3,Both,27,Age-standardized,558,Mental disorders,3,Rate,2023,13724.993517784029,15254.97922919845,12372.77139092383
1,All Population,5,Prevalence,83,Iceland,3,Both,27,Age-standardized,558,Mental disorders,2,Percent,2023,0.1901199759161318,0.2051557899396557,0.1769360694707029
1,All Population,5,Prevalence,83,Iceland,3,Both,27,Age-standardized,558,Mental disorders,3,Rate,2023,17491.889368879853,18891.63052681298,16262.586623593661
1,All Population,5,Prevalence,130,Mexico,3,Both,27,Age-standardized,558,Mental disorders,2,Percent,2023,0.1559590989991844,0.1769498096753305,0.1377095579018754
1,All Population,5,Prevalence,130,Mexico,3,Both,27,Age-standardized,558,Mental disorders,3,Rate,2023,14820.87393387192,16821.36422179517,13086.525523562519
1,All Population,5,Prevalence,195,Namibia,3,Both,27,Age-standardized,558,Mental disorders,2,Percent,2023,0.1375154855106667,0.157148148518189,0.1203349105516398
1,All Population,5,Prevalence,195,Namibia,3,Both,27,Age-standardized,558,Mental disorders,3,Rate,2023,13315.4073103129,15183.55998999234,11654.55755794225
1,All Population,5,Prevalence,119,Trinidad and Tobago,3,Both,27,Age-standardized,558,Mental disorders,2,Percent,2023,0.1672558617815024,0.186412410708076,0.1512752700350318
1,All Population,5,Prevalence,119,Trinidad and Tobago,3,Both,27,Age-standardized,558,Mental disorders,3,Rate,2023,16059.402737233,17929.97158089752,14467.333303374418
1,All Population,5,Prevalence,164,Nepal,3,Both,27,Age-standardized,558,Mental disorders,2,Percent,2023,0.1338447040526551,0.1498692492728831,0.1202481412955452
1,All Population,5,Prevalence,164,Nepal,3,Both,27,Age-standardized,558,Mental disorders,3,Rate,2023,12753.11037107441,14296.9534002377,11467.01427697768
1,All Population,5,Prevalence,175,Burundi,3,Both,27,Age-standardized,558,Mental disorders,2,Percent,2023,0.1398097730077786,0.1557206165505638,0.1260308266679929
1,All Population,5,Prevalence,175,Burundi,3,Both,27,Age-standardized,558,Mental disorders,3,Rate,2023,13707.66746128754,15250.726440042008,12367.65778361803
1,All Population,5,Prevalence,206,Gambia,3,Both,27,Age-standardized,558,Mental disorders,2,Percent,2023,0.1613805069911968,0.1852377390165503,0.1415869516070791
1,All Population,5,Prevalence,206,Gambia,3,Both,27,Age-standardized,558,Mental disorders,3,Rate,2023,15765.648999074288,18065.16350523151,13824.46547286129
1,All Population,5,Prevalence,197,Eswatini,3,Both,27,Age-standardized,558,Mental disorders,2,Percent,2023,0.1473691580735198,0.1678966536596011,0.1308908969188706
1,All Population,5,Prevalence,197,Eswatini,3,Both,27,Age-standardized,558,Mental disorders,3,Rate,2023,14270.811355421101,16296.675026178382,12667.96677653354
1,All Population,5,Prevalence,177,Djibouti,3,Both,27,Age-standardized,558,Mental disorders,2,Percent,2023,0.1378702833765809,0.1530679108980634,0.1244667663151299
1,All Population,5,Prevalence,177,Djibouti,3,Both,27,Age-standardized,558,Mental disorders,3,Rate,2023,13394.310664827979,14900.870471907321,12116.66135832827
1,All Population,5,Prevalence,369,Nauru,3,Both,27,Age-standardized,558,Mental disorders,2,Percent,2023,0.127057028603934,0.148809858857128,0.1115030946595511
1,All Population,5,Prevalence,369,Nauru,3,Both,27,Age-standardized,558,Mental disorders,3,Rate,2023,12330.32919934271,14453.814613766312,10771.23223048453
1,All Population,5,Prevalence,208,Guinea,3,Both,27,Age-standardized,558,Mental disorders,2,Percent,2023,0.1666573868876379,0.1907917544916715,0.1469290260605443
1,All Population,5,Prevalence,208,Guinea,3,Both,27,Age-standardized,558,Mental disorders,3,Rate,2023,16423.08957990764,18822.69492322781,14456.83581156113
1,All Population,5,Prevalence,376,Northern Mariana Islands,3,Both,27,Age-standardized,558,Mental disorders,2,Percent,2023,0.1277066875047956,0.1489395584594336,0.1118118511880861
1,All Population,5,Prevalence,376,Northern Mariana Islands,3,Both,27,Age-standardized,558,Mental disorders,3,Rate,2023,12259.89277421233,14317.83263423009,10712.1199783077
1,All Population,5,Prevalence,210,Liberia,3,Both,27,Age-standardized,558,Mental disorders,2,Percent,2023,0.1671292132592466,0.1915482084749667,0.1463099699944208
1,All Population,5,Prevalence,210,Liberia,3,Both,27,Age-standardized,558,Mental disorders,3,Rate,2023,16535.51843304561,18962.13625418943,14485.90290716874
1,All Population,5,Prevalence,212,Mauritania,3,Both,27,Age-standardized,558,Mental disorders,2,Percent,2023,0.1423198868817968,0.1630538032294809,0.1253695744090603
1,All Population,5,Prevalence,212,Mauritania,3,Both,27,Age-standardized,558,Mental disorders,3,Rate,2023,13877.3964555104,15835.3295848391,12256.98304902641
