iso3c,year,youth_unemp,internet,fertility,mental_health,house_price,continent,income_group
AFG,2023,17.494,15.92840004,4.84,0.1631364024420641,NA,Asia,AFG
AFG,2022,17.539,15.86629963,4.932,0.1530717960901612,NA,Asia,AFG
AFG,2021,16.013,16.51429939,5.039,0.1537544249161183,NA,Asia,AFG
AFG,2020,16.053,17.04850006,5.145,0.1512871729515531,NA,Asia,AFG
AFG,2019,15.52,17.60000038,5.238,0.1320280751992188,NA,Asia,AFG
AFG,2018,16.402,16.799999239999998,5.327,0.1315275923676729,NA,Asia,AFG
AFG,2017,17.31,13.5,5.433,0.1310120201011298,NA,Asia,AFG
AFG,2016,14.932,11,5.542,0.1304095020793299,NA,Asia,AFG
AFG,2015,12.534,8.260000229,5.652,0.1299744420253892,NA,Asia,AFG
AFG,2014,10.094,7,5.77,0.1294143645208786,NA,Asia,AFG
AFG,2013,10.104,5.900000095,5.879,0.128864913968763,NA,Asia,AFG
AFG,2012,10.071,5.454500198,5.985,0.1285393088491182,NA,Asia,AFG
AFG,2011,10.044,5,6.094,0.1283558120768881,NA,Asia,AFG
AFG,2010,10.041,4,6.195,0.1284136670263013,NA,Asia,AFG
AFG,2009,10.056,3.55,6.295,0.1285396896849985,NA,Asia,AFG
AFG,2008,10.137,1.84,6.392,0.1286898340900577,NA,Asia,AFG
AFG,2007,10.12,1.899999976,6.508,0.1287634674302241,NA,Asia,AFG
AFG,2006,10.182,2.10712364546412,6.686,0.12875366667144789,NA,Asia,AFG
AFG,2005,10.176,1.22414808372471,6.858,0.1287271569529128,NA,Asia,AFG
AFG,2004,10.111,0.105809030021958,7.018,0.1288207155341786,NA,Asia,AFG
AFG,2003,10.159,0.0878912528559713,7.174,0.1290475466311411,NA,Asia,AFG
AFG,2002,10.181,0.00456139517022146,7.32,0.1290757397712804,NA,Asia,AFG
AFG,2001,10.271,0.00472256824217368,7.453,0.1292227458379666,NA,Asia,AFG
AFG,2000,10.203,NA,7.566,0.1290879865966832,NA,Asia,AFG
ALB,2023,25.41,83.13559161,1.348,0.1419435693435878,NA,Europe,ALB
ALB,2022,24.543,82.61367544,1.355,0.1325978350305963,NA,Europe,ALB
ALB,2021,27.089,79.32371752,1.365,0.1315781078574863,NA,Europe,ALB
ALB,2020,26.422,72.23767711,1.371,0.1307871923121997,NA,Europe,ALB
ALB,2019,26.942,68.5503911218006,1.395,0.1187030871336602,NA,Europe,ALB
ALB,2018,28.109,65.40000153,1.415,0.1187590780397651,NA,Europe,ALB
ALB,2017,31.184,62.40000153,1.486,0.1190255054227118,NA,Europe,ALB
ALB,2016,35.918,59.59999847,1.555,0.1186579522655177,NA,Europe,ALB
ALB,2015,39.628,56.90000153,1.631,0.1176197956023448,NA,Europe,ALB
ALB,2014,39.554,54.29999924,1.721,0.1177026903526118,NA,Europe,ALB
ALB,2013,31.207,51.79999924,1.741,0.1165569271084152,NA,Europe,ALB
ALB,2012,28.871,49.40000153,1.719,0.1163044438474477,NA,Europe,ALB
ALB,2011,22.697,47,1.677,0.1160369406090582,NA,Europe,ALB
ALB,2010,30.867,45,1.653,0.11524167074132011,NA,Europe,ALB
ALB,2009,27.357,41.2,1.638,0.1154915134511567,NA,Europe,ALB
ALB,2008,26.605,23.86,1.616,0.1149897967268874,NA,Europe,ALB
ALB,2007,26.645,15.03610039,1.633,0.1145017769168946,NA,Europe,ALB
ALB,2006,25.877,9.609999657,1.686,0.113781014580716,NA,Europe,ALB
ALB,2005,26.243,6.04389086404814,1.787,0.1133798508106014,NA,Europe,ALB
ALB,2004,26.605,2.42038779776014,1.889,0.1135130488809682,NA,Europe,ALB
ALB,2003,27.516,0.971900415195857,2.006,0.1122865840907859,NA,Europe,ALB
ALB,2002,28.774,0.39008127343332,2.002,0.1128296097765676,NA,Europe,ALB
ALB,2001,29.816,0.325798377067964,2.141,0.1127802133417935,NA,Europe,ALB
ALB,2000,30.433,0.114097346552109,2.217,0.1125868870682901,NA,Europe,ALB
DZA,2023,29.995,76.19760132,2.766,0.1496640894143247,NA,Africa,DZA
DZA,2022,31.359,74.78150177,2.817,0.1441795296197633,NA,Africa,DZA
DZA,2021,33.828,72.21240234,2.87,0.1439365480591769,NA,Africa,DZA
DZA,2020,35.767,63.47269821,2.94,0.145253450540613,NA,Africa,DZA
DZA,2019,31.202,55.79069901,2.997,0.1328625611009697,NA,Africa,DZA
DZA,2018,30.709,49.0384680793271,3.019,0.1336930536035206,NA,Africa,DZA
DZA,2017,30.295,47.69110107,3.09,0.1336919430027401,NA,Africa,DZA
DZA,2016,26.228,42.94549942,3.091,0.133936931593425,NA,Africa,DZA
DZA,2015,30.377,38.20000076,3.091,0.1342079544019518,NA,Africa,DZA
DZA,2014,25.664,29.5,3.084,0.1342764776804529,NA,Africa,DZA
DZA,2013,25.459,22.5,2.997,0.1348794461543784,NA,Africa,DZA
DZA,2012,27.872,18.200000760000002,2.996,0.1353074640470178,NA,Africa,DZA
DZA,2011,22.803,14.899999619999999,2.899,0.1356767783398708,NA,Africa,DZA
DZA,2010,22.161,12.5,2.875,0.1359681506546849,NA,Africa,DZA
DZA,2009,21.78,11.23,2.825,0.1363157808482468,NA,Africa,DZA
DZA,2008,24.431,10.18,2.785,0.1364259645411937,NA,Africa,DZA
DZA,2007,27.939,9.45119062555304,2.704,0.1366839834824283,NA,Africa,DZA
DZA,2006,24.398,7.37598495634886,2.628,0.1367212367282693,NA,Africa,DZA
DZA,2005,31.243,5.843900204,2.562,0.136807951897028,NA,Africa,DZA
DZA,2004,34.211,4.63447508776537,2.5,0.1369667369407497,NA,Africa,DZA
DZA,2003,43.862,2.19535973086144,2.451,0.1370707725660656,NA,Africa,DZA
DZA,2002,46.034,1.59164126035832,2.429,0.1370992695001362,NA,Africa,DZA
DZA,2001,46.927,0.646114016703792,2.519,0.1369114722689245,NA,Africa,DZA
DZA,2000,50.661,0.491705679141589,2.59,0.13683939260415,NA,Africa,DZA
ASM,2023,NA,NA,2.286,0.1282533889665077,NA,Oceania,ASM
ASM,2022,NA,NA,2.305,0.1208124524209869,NA,Oceania,ASM
ASM,2021,NA,NA,2.327,0.1211904303801038,NA,Oceania,ASM
ASM,2020,NA,NA,2.36,0.1181645249071287,NA,Oceania,ASM
ASM,2019,NA,NA,2.404,0.1065976392908462,NA,Oceania,ASM
ASM,2018,NA,NA,2.494,0.1060541987000869,NA,Oceania,ASM
ASM,2017,NA,NA,2.598,0.1053985516231775,NA,Oceania,ASM
ASM,2016,NA,NA,2.699,0.1054349100529096,NA,Oceania,ASM
ASM,2015,NA,NA,2.78,0.1047544037624684,NA,Oceania,ASM
ASM,2014,NA,NA,2.852,0.1032083830501422,NA,Oceania,ASM
ASM,2013,NA,NA,2.932,0.104082324430593,NA,Oceania,ASM
ASM,2012,NA,NA,3.043,0.1018954853777807,NA,Oceania,ASM
ASM,2011,NA,NA,3.169,0.1019979807603157,NA,Oceania,ASM
ASM,2010,NA,NA,3.292,0.1023164074074091,NA,Oceania,ASM
ASM,2009,NA,NA,3.359,0.1018306005662915,NA,Oceania,ASM
ASM,2008,NA,NA,3.42,0.1028930724655709,NA,Oceania,ASM
ASM,2007,NA,NA,3.509,0.1025701603702116,NA,Oceania,ASM
ASM,2006,NA,NA,3.685,0.1021788370480676,NA,Oceania,ASM
ASM,2005,NA,NA,3.863,0.1011345803565826,NA,Oceania,ASM
ASM,2004,NA,NA,3.945,0.1000901728276802,NA,Oceania,ASM
ASM,2003,NA,NA,3.91,0.0997593195082771,NA,Oceania,ASM
ASM,2002,NA,NA,3.866,0.098129610136743,NA,Oceania,ASM
ASM,2001,NA,NA,3.87,0.0979772368776793,NA,Oceania,ASM
ASM,2000,NA,NA,3.89,0.0978426816944843,NA,Oceania,ASM
AND,2023,NA,94.21499634,1.082,0.2040146116026753,NA,Europe,AND
AND,2022,NA,94.05169678,1.071,0.1921337982111478,NA,Europe,AND
AND,2021,NA,93.89749908,1.058,0.1875116832014598,NA,Europe,AND
AND,2020,NA,93.20570374,1.028,0.1880194458139039,NA,Europe,AND
AND,2019,NA,90.71869659,1.045,0.1660033381895476,NA,Europe,AND
AND,2018,NA,93.5,1.053,0.1636564097359801,NA,Europe,AND
AND,2017,NA,91.5674670273926,1.129,0.160682224688148,NA,Europe,AND
AND,2016,NA,89.69999695,1.184,0.1579260279607002,NA,Europe,AND
AND,2015,NA,87.90000153,1.223,0.1555938983249934,NA,Europe,AND
AND,2014,NA,86.09999847,1.168,0.1524669890455076,NA,Europe,AND
AND,2013,NA,84.40000153,1.142,0.1500699232087423,NA,Europe,AND
AND,2012,NA,82.69999695,1.26,0.1477802538770145,NA,Europe,AND
AND,2011,NA,81,1.321,0.1455813097870952,NA,Europe,AND
AND,2010,NA,81,1.275,0.1434975619764785,NA,Europe,AND
AND,2009,NA,78.53,1.208,0.1419818726148725,NA,Europe,AND
AND,2008,NA,70.04,1.25,0.1402365234512832,NA,Europe,AND
AND,2007,NA,70.87,1.189,0.1390471509667743,NA,Europe,AND
AND,2006,NA,48.9368469989479,1.234,0.1382251712854612,NA,Europe,AND
AND,2005,NA,37.6057662174867,1.224,0.1372892294207219,NA,Europe,AND
AND,2004,NA,26.8379543894637,1.229,0.136399850264529,NA,Europe,AND
AND,2003,NA,13.546412876439,1.18,0.135584936516674,NA,Europe,AND
AND,2002,NA,11.2604687170103,1.265,0.1351115283050759,NA,Europe,AND
AND,2001,NA,NA,1.305,0.1349865371238261,NA,Europe,AND
AND,2000,NA,10.53883560922,1.273,0.1348384746642658,NA,Europe,AND
AGO,2023,26.834,37.88589859,5.124,0.1767739950627309,NA,Africa,AGO
AGO,2022,27.143,35.83800125,5.209,0.1662301914028659,NA,Africa,AGO
AGO,2021,30.171,34.55649948,5.304,0.1671644950947486,NA,Africa,AGO
AGO,2020,33.076,33.32089996,5.371,0.1637889685938031,NA,Africa,AGO
AGO,2019,31.832,32.12939835,5.442,0.1451306344446179,NA,Africa,AGO
AGO,2018,32.855,29,5.519,0.1453223786732073,NA,Africa,AGO
AGO,2017,33.725,26,5.6,0.1447876265887535,NA,Africa,AGO
AGO,2016,34.483,23.200000760000002,5.686,0.1449139423561287,NA,Africa,AGO
AGO,2015,35.122,22,5.774,0.1443814943423177,NA,Africa,AGO
AGO,2014,35.743,21.3623407584103,5.864,0.1426674280964539,NA,Africa,AGO
AGO,2013,36.731,13,5.953,0.1446699402489141,NA,Africa,AGO
AGO,2012,37.697,7.699999809,6.039,0.143889314516543,NA,Africa,AGO
AGO,2011,39.007,4.699999809,6.12,0.144351159602154,NA,Africa,AGO
AGO,2010,38.705,2.799999952,6.194,0.1447200072155728,NA,Africa,AGO
AGO,2009,38.213,2.299999952,6.26,0.1447803692713595,NA,Africa,AGO
AGO,2008,37.703,1.899999976,6.32,0.1443027434532591,NA,Africa,AGO
AGO,2007,37.512,1.700000048,6.372,0.1447080952833928,NA,Africa,AGO
AGO,2006,37.636,1.5,6.419,0.1442585775076892,NA,Africa,AGO
AGO,2005,38.018,1.143399954,6.461,0.1446441197931939,NA,Africa,AGO
AGO,2004,38.086,0.464814617985909,6.499,0.1449767772652353,NA,Africa,AGO
AGO,2003,38.403,0.370682065225727,6.533,0.1450740345972364,NA,Africa,AGO
AGO,2002,38.428,0.270376745595134,6.567,0.1452460985078168,NA,Africa,AGO
AGO,2001,38.99,0.136013867429868,6.601,0.1451815336175491,NA,Africa,AGO
AGO,2000,39.012,0.105045562462262,6.639,0.1444540512635046,NA,Africa,AGO
ATG,2023,NA,72.12409973,1.578,0.1719846000385751,NA,Americas,ATG
ATG,2022,NA,71.9233017,1.58,0.163964906972848,NA,Americas,ATG
ATG,2021,NA,71.64530182,1.58,0.1635377612947374,NA,Americas,ATG
ATG,2020,NA,71.36840057,1.569,0.1632529277818546,NA,Americas,ATG
ATG,2019,NA,71.09259796,1.468,0.1486331682604922,NA,Americas,ATG
ATG,2018,NA,70.81790161,1.371,0.148827015846023,NA,Americas,ATG
ATG,2017,NA,70.54419708,1.485,0.1487626921735199,NA,Americas,ATG
ATG,2016,NA,70.27159882,1.458,0.1483635476557988,NA,Americas,ATG
ATG,2015,NA,70,1.567,0.1477500051899034,NA,Americas,ATG
ATG,2014,NA,67.77999878,1.526,0.1471215558510323,NA,Americas,ATG
ATG,2013,NA,63.40000153,1.537,0.146777027725124,NA,Americas,ATG
ATG,2012,NA,58,1.655,0.1464292458501728,NA,Americas,ATG
ATG,2011,NA,52,1.746,0.1458215613508684,NA,Americas,ATG
ATG,2010,NA,47,1.785,0.1456336402623455,NA,Americas,ATG
ATG,2009,NA,42,2.006,0.1455498761050007,NA,Americas,ATG
ATG,2008,NA,38,2.042,0.1452864835316323,NA,Americas,ATG
ATG,2007,NA,34,1.86,0.1449842809159209,NA,Americas,ATG
ATG,2006,NA,30,1.831,0.1446221471188993,NA,Americas,ATG
ATG,2005,NA,27,1.832,0.144233418798241,NA,Americas,ATG
ATG,2004,NA,24.2665437161785,1.852,0.1437768904011272,NA,Americas,ATG
ATG,2003,NA,17.2286487816884,1.887,0.14331359178189,NA,Americas,ATG
ATG,2002,NA,12.5,1.94,0.1427650906835638,NA,Americas,ATG
ATG,2001,NA,8.89928551450583,2.018,0.142129337078947,NA,Americas,ATG
ATG,2000,NA,6.48222573702907,2.196,0.1414878228706913,NA,Americas,ATG
ARG,2023,17.946,89.22897166,1.5,0.1930704295458875,NA,Americas,ARG
ARG,2022,19.004,88.37535691,1.482,0.1797875756401344,NA,Americas,ARG
ARG,2021,23.373,87.15070683,1.585,0.178357255567552,NA,Americas,ARG
ARG,2020,30.429,85.51438646,1.601,0.1747078736626426,NA,Americas,ARG
ARG,2019,25.842,79.9469520347551,1.882,0.1535114059046637,NA,Americas,ARG
ARG,2018,23.845,77.7,2.067,0.1525238196843696,NA,Americas,ARG
ARG,2017,22.843,74.2949068657957,2.168,0.1493810013055151,NA,Americas,ARG
ARG,2016,21.799,70.9689808206024,2.241,0.1496551107940076,NA,Americas,ARG
ARG,2015,20.267,68.0430641088122,2.35,0.1478887741127534,NA,Americas,ARG
ARG,2014,19.137,64.69999695,2.386,0.1468999461427424,NA,Americas,ARG
ARG,2013,19.555,59.90000153,2.335,0.1459410389375924,NA,Americas,ARG
ARG,2012,18.34,55.79999924,2.304,0.1454067836956848,NA,Americas,ARG
ARG,2011,18.71,51,2.393,0.1451910530975536,NA,Americas,ARG
ARG,2010,19.381,45,2.411,0.1451201439926193,NA,Americas,ARG
ARG,2009,21.184,34,2.4,0.1452041142483719,NA,Americas,ARG
ARG,2008,18.927,28.1126234799907,2.432,0.1454225641129904,NA,Americas,ARG
ARG,2007,20.242,25.9466329403819,2.37,0.1452669047400696,NA,Americas,ARG
ARG,2006,23.777,20.9272021035896,2.4,0.1452064539123267,NA,Americas,ARG
ARG,2005,26.207,17.7205833696065,2.426,0.1449315641912334,NA,Americas,ARG
ARG,2004,29.544,16.0366841054923,2.43,0.1446961894493726,NA,Americas,ARG
ARG,2003,32.924,11.9136965509954,2.451,0.1445182748536427,NA,Americas,ARG
ARG,2002,41.353,10.8821243775325,2.493,0.1443823288192226,NA,Americas,ARG
ARG,2001,37.025,9.78080728532407,2.531,0.1442358203864231,NA,Americas,ARG
ARG,2000,32.346,7.0386830862178,2.591,0.1445640453994796,NA,Americas,ARG
ARM,2023,26.736,79.99663036,1.9,0.1606765108093445,NA,Asia,ARM
ARM,2022,26.691,77.02767465,1.7,0.150866693038862,NA,Asia,ARM
ARM,2021,30.095,78.61225758,1.7,0.149616304684043,NA,Asia,ARM
ARM,2020,32.079,76.50770055,1.7,0.1500160854587809,NA,Asia,ARM
ARM,2019,32.613,66.5439496866159,1.6,0.1338576077210017,NA,Asia,ARM
ARM,2018,33.62,68.2450522610271,1.6,0.1341044543205475,NA,Asia,ARM
ARM,2017,37.728,64.7448843250726,1.6,0.1339299835951144,NA,Asia,ARM
ARM,2016,35.657,64.3460297653742,1.6,0.1337840102397628,NA,Asia,ARM
ARM,2015,31.854,59.1008337674937,1.6,0.1336257237010675,NA,Asia,ARM
ARM,2014,36.376,54.6228058583362,1.7,0.1335787396454554,NA,Asia,ARM
ARM,2013,35.034,41.9,1.6,0.13326369211655,NA,Asia,ARM
ARM,2012,34.299,37.5,1.6,0.1328280370242291,NA,Asia,ARM
ARM,2011,38.08,32,1.5,0.1322651865790905,NA,Asia,ARM
ARM,2010,37.517,25,1.5,0.1319391916124318,NA,Asia,ARM
ARM,2009,39.529,15.30000019,1.5,0.1317207040727884,NA,Asia,ARM
ARM,2008,35.614,6.21,1.4,0.1313883892437548,NA,Asia,ARM
ARM,2007,11.92,6.021299839,1.4,0.1309559216668756,NA,Asia,ARM
ARM,2006,11.951,5.631800175,1.3,0.1303931388081192,NA,Asia,ARM
ARM,2005,11.975,5.252999783,1.3,0.1298862809351764,NA,Asia,ARM
ARM,2004,12.005,4.8990085713054,1.4,0.1290990736748083,NA,Asia,ARM
ARM,2003,12.039,4.57521722477781,1.3,0.1287611879854487,NA,Asia,ARM
ARM,2002,12.095,1.9604050458212,1.2,0.1282465127148047,NA,Asia,ARM
ARM,2001,12.159,1.63109466677715,1.2,0.1279651872421991,NA,Asia,ARM
ARM,2000,12.192,1.30047002237784,1.3,0.127676712001392,NA,Asia,ARM
ABW,2023,NA,NA,1.602,NA,NA,Americas,ABW
ABW,2022,NA,NA,1.615,NA,NA,Americas,ABW
ABW,2021,NA,NA,1.631,NA,NA,Americas,ABW
ABW,2020,NA,NA,1.662,NA,NA,Americas,ABW
ABW,2019,NA,NA,1.701,NA,NA,Americas,ABW
ABW,2018,NA,NA,1.732,NA,NA,Americas,ABW
ABW,2017,NA,97.17,1.785,NA,NA,Americas,ABW
ABW,2016,NA,93.542453865048,1.848,NA,NA,Americas,ABW
ABW,2015,NA,88.661226932496,1.899,NA,NA,Americas,ABW
ABW,2014,NA,83.78,1.944,NA,NA,Americas,ABW
ABW,2013,NA,78.9,1.944,NA,NA,Americas,ABW
ABW,2012,NA,74,1.907,NA,NA,Americas,ABW
ABW,2011,NA,69,1.858,NA,NA,Americas,ABW
ABW,2010,NA,62,1.855,NA,NA,Americas,ABW
ABW,2009,NA,58,1.875,NA,NA,Americas,ABW
ABW,2008,NA,52,1.889,NA,NA,Americas,ABW
ABW,2007,NA,30.9,1.881,NA,NA,Americas,ABW
ABW,2006,NA,28,1.862,NA,NA,Americas,ABW
ABW,2005,NA,25.4,1.844,NA,NA,Americas,ABW
ABW,2004,NA,23,1.819,NA,NA,Americas,ABW
ABW,2003,NA,20.8,1.808,NA,NA,Americas,ABW
ABW,2002,NA,18.8,1.8,NA,NA,Americas,ABW
ABW,2001,NA,17.1,1.813,NA,NA,Americas,ABW
ABW,2000,NA,15.4428229480349,1.845,NA,NA,Americas,ABW
AUS,2023,8.388,96.1160965,1.499,0.2352350765055653,119.1121569814435,Oceania,AUS
AUS,2022,8.468,96.11940002,1.63,0.2309924213107917,124.42163251511175,Oceania,AUS
AUS,2021,11.134,96.97219849,1.7,0.2269375808985136,122.74712312765575,Oceania,AUS
AUS,2020,14.142,94.6934967,1.581,0.2256940777985694,106.79288567739,Oceania,AUS
AUS,2019,11.452,93.60990143,1.657,0.2156781927207106,102.54188628676675,Oceania,AUS
AUS,2018,11.935,90.0082016,1.74,0.2129666207976275,108.8032225764805,Oceania,AUS
AUS,2017,12.592,86.5450488476768,1.741,0.2108535313523541,112.236603738206,Oceania,AUS
AUS,2016,12.642,86.54000092,1.752,0.2068272443258069,104.85354909939025,Oceania,AUS
AUS,2015,13.11,84.5605149091408,1.814,0.2038287586818332,100,Oceania,AUS
AUS,2014,13.311,84,1.826,0.2020414374840665,92.8803544731246,Oceania,AUS
AUS,2013,12.22,83.453497167,1.855,0.1973816758384706,86.59194012091963,Oceania,AUS
AUS,2012,11.728,79,1.92,0.1960207726567925,83.06111573957675,Oceania,AUS
AUS,2011,11.37,79.4876977139029,1.926,0.1928544965964562,85.23253725238098,Oceania,AUS
AUS,2010,11.548,76,1.928,0.1897714842254363,89.0250411409941,Oceania,AUS
AUS,2009,11.461,74.25,1.971,0.1873006523160271,81.37236929548853,Oceania,AUS
AUS,2008,8.814,71.67,1.984,0.1837135323965739,80.2480050573369,Oceania,AUS
AUS,2007,9.36,69.45,1.959,0.1816283633453828,79.67050311750876,Oceania,AUS
AUS,2006,10.026,66,1.908,0.1797242614768791,74.32940804242035,Oceania,AUS
AUS,2005,10.619,63,1.807,0.1779076028695361,72.01002846838023,Oceania,AUS
AUS,2004,11.366,NA,1.768,0.1767911753137621,72.2468830612836,Oceania,AUS
AUS,2003,11.962,NA,1.748,0.1755227164886541,68.97298935704205,Oceania,AUS
AUS,2002,12.794,NA,1.756,0.1730450468676939,59.617939391033126,Oceania,AUS
AUS,2001,13.476,52.6892664310395,1.739,0.1724448858886898,51.5436954200393,Oceania,AUS
AUS,2000,12.084,46.7561156116738,1.756,0.1708151190553051,47.96109044669132,Oceania,AUS
AUT,2023,10.98,95.33467117,1.32,0.1741639503995172,127.114416480229,Europe,AUT
AUT,2022,10.327,93.61409139,1.41,0.1637490781501337,141.52906229117875,Europe,AUT
AUT,2021,12.023,92.52915104,1.48,0.162662112767729,136.59930366587176,Europe,AUT
AUT,2020,10.325,87.52942813,1.44,0.1613811316224428,124.94642730319376,Europe,AUT
AUT,2019,8.767,87.7522047870069,1.46,0.1450833141046148,117.31782976436175,Europe,AUT
AUT,2018,9.572,87.4791372262556,1.47,0.1443523165832457,112.61695861479575,Europe,AUT
AUT,2017,9.971,87.9355865856062,1.52,0.1430118118984803,108.565296784429,Europe,AUT
AUT,2016,11.424,84.3237425711653,1.53,0.1409920297514946,105.264721328673,Europe,AUT
AUT,2015,10.91,83.9401419315026,1.49,0.1393029282375261,100,Europe,AUT
AUT,2014,10.508,80.9958249574764,1.46,0.1374658109094213,95.97127392299852,Europe,AUT
AUT,2013,9.767,80.6188,1.44,0.137080318562659,94.20427933747112,Europe,AUT
AUT,2012,9.561,80.0299939169903,1.44,0.1355704376325836,91.54414973039115,Europe,AUT
AUT,2011,9.173,78.7399930986888,1.43,0.1349591469446123,87.8553815069639,Europe,AUT
AUT,2010,9.673,75.17,1.44,0.1341862704863624,85.9760978561309,Europe,AUT
AUT,2009,10.896,73.45,1.39,0.1341280699625619,80.50464672373755,Europe,AUT
AUT,2008,8.72,72.87,1.42,0.1329089202801455,77.72230183844198,Europe,AUT
AUT,2007,9.596,69.37,1.38,0.1318950752933967,78.47567969181743,Europe,AUT
AUT,2006,10.046,63.6,1.41,0.1311674440475441,76.83752003503655,Europe,AUT
AUT,2005,11.178,58,1.41,0.1297053996042005,75.37059222959459,Europe,AUT
AUT,2004,10.991,54.28,1.42,0.1290793855232368,73.50703109949092,Europe,AUT
AUT,2003,7.429,42.7,1.38,0.1284659948129954,76.22784631329802,Europe,AUT
AUT,2002,7.137,36.56,1.39,0.1279748043809412,77.16205839655125,Europe,AUT
AUT,2001,6.001,39.1854501811114,1.33,0.1276003017074963,77.53594990930858,Europe,AUT
AUT,2000,6.285,33.7301329516915,1.36,0.1272228120809911,78.70118066234387,Europe,AUT
AZE,2023,13.581,89,1.55,0.1300788941201509,NA,Asia,AZE
AZE,2022,13.616,88,1.67,0.124748533976496,NA,Asia,AZE
AZE,2021,14.675,85.99998954,1.52,0.12496064195885,NA,Asia,AZE
AZE,2020,15.129,84.59999573,1.7,0.1254047446659617,NA,Asia,AZE
AZE,2019,11.475,81.0999990651547,1.81,0.1146378732578756,NA,Asia,AZE
AZE,2018,11.637,79.7999954887896,1.73,0.115272843217522,NA,Asia,AZE
AZE,2017,12.389,79,1.75,0.1157673458078109,NA,Asia,AZE
AZE,2016,12.925,78.2,1.9,0.1161797995147058,NA,Asia,AZE
AZE,2015,13.363,77,1.94,0.1165800872141395,NA,Asia,AZE
AZE,2014,13.415,75.0000156363396,1.97,0.1169321322991537,NA,Asia,AZE
AZE,2013,13.478,73.000001372,1.98,0.1169180164328514,NA,Asia,AZE
AZE,2012,13.974,54.20000076,2,0.1168849382845137,NA,Asia,AZE
AZE,2011,14.52,50,1.96,0.1167514389721049,NA,Asia,AZE
AZE,2010,14.64,46,1.92,0.116700628606009,NA,Asia,AZE
AZE,2009,13.685,27.4,1.82,0.1161138213991862,NA,Asia,AZE
AZE,2008,13.74,17.08,1.9,0.1157657091182886,NA,Asia,AZE
AZE,2007,13.45,14.53999996,1.97,0.1154545231122165,NA,Asia,AZE
AZE,2006,14.691,11.9921999,1.97,0.1148440826767012,NA,Asia,AZE
AZE,2005,15.332,8.030400276,2,0.1146694101444257,NA,Asia,AZE
AZE,2004,18.243,NA,2.0535,0.1142051997261043,NA,Asia,AZE
AZE,2003,18.959,NA,1.9,0.114017674384848,NA,Asia,AZE
AZE,2002,21.604,4.99971367812957,1.8,0.1136845820518605,NA,Asia,AZE
AZE,2001,22.102,0.305564637615618,1.8,0.1135276485228848,NA,Asia,AZE
AZE,2000,22.121,0.147757575623251,2,0.1134471126523458,NA,Asia,AZE
BHS,2023,17.696,92.38729858,1.373,0.1762772672929128,NA,Americas,BHS
BHS,2022,18.694,92.2559967,1.379,0.1656279870280947,NA,Americas,BHS
BHS,2021,21.768,92.34980011,1.382,0.1691879118277706,NA,Americas,BHS
BHS,2020,23.943,92.4437027,1.386,0.1627804429857477,NA,Americas,BHS
BHS,2019,19.235,90.69329834,1.397,0.1491193941982542,NA,Americas,BHS
BHS,2018,24.16,83,1.404,0.1493895276089067,NA,Americas,BHS
BHS,2017,21.547,80.59999847,1.424,0.1493245099471761,NA,Americas,BHS
BHS,2016,25.844,80,1.495,0.1489246826295959,NA,Americas,BHS
BHS,2015,24.781,78,1.574,0.1482901132602031,NA,Americas,BHS
BHS,2014,28.993,76.91999817,1.687,0.1476639137099362,NA,Americas,BHS
BHS,2013,34.465,72,1.738,0.1473152693111682,NA,Americas,BHS
BHS,2012,30.359,71.74819946,1.761,0.1469708261201198,NA,Americas,BHS
BHS,2011,27.004,65,1.791,0.1463380981911554,NA,Americas,BHS
BHS,2010,26.552,43,1.837,0.1461850677197363,NA,Americas,BHS
BHS,2009,26,33.88,2.011,0.1461064071648734,NA,Americas,BHS
BHS,2008,17.015,31.54,1.999,0.1458458859891048,NA,Americas,BHS
BHS,2007,18.918,27,2.035,0.1455640350520377,NA,Americas,BHS
BHS,2006,16.4,26,2.019,0.1452544252835375,NA,Americas,BHS
BHS,2005,20.264,25,2.008,0.1449256434865233,NA,Americas,BHS
BHS,2004,21.751,22,1.98,0.1445115125825737,NA,Americas,BHS
BHS,2003,24.652,20,1.971,0.1440696961013508,NA,Americas,BHS
BHS,2002,20.375,18,1.984,0.1435480255847976,NA,Americas,BHS
BHS,2001,15.203,11.8,2.02,0.1437615319556862,NA,Americas,BHS
BHS,2000,15.456,8,2.06,0.1439481849674009,NA,Americas,BHS
BHR,2023,5.381,100,1.824,0.1505107087938574,NA,Asia,BHR
BHR,2022,5.33,100,1.839,0.1450751692475717,NA,Asia,BHR
BHR,2021,6.043,100,1.852,0.1457929078136271,NA,Asia,BHR
BHR,2020,6.389,99.67103159,1.86,0.1457349377942252,NA,Asia,BHR
BHR,2019,5.657,99.7015043807778,1.843,0.1361739120498899,NA,Asia,BHR
BHR,2018,5.633,98.6446725799886,1.911,0.1354502330813751,NA,Asia,BHR
BHR,2017,5.593,95.8781357543453,1.984,0.138109741789883,NA,Asia,BHR
BHR,2016,5.527,97.9999807024146,2.042,0.1385635477430593,NA,Asia,BHR
BHR,2015,5.427,93.4783007986129,2.113,0.1398581742615451,NA,Asia,BHR
BHR,2014,5.398,90.5031334814656,2.149,0.1405310428449001,NA,Asia,BHR
BHR,2013,5.439,90.0000397,2.166,0.1403913331099379,NA,Asia,BHR
BHR,2012,5.425,88,2.11,0.140784214454006,NA,Asia,BHR
BHR,2011,5.283,76.9999665032303,2.025,0.1400460084250707,NA,Asia,BHR
BHR,2010,4.953,55,1.987,0.1400749467298547,NA,Asia,BHR
BHR,2009,4.688,53,2.047,0.1391008678453568,NA,Asia,BHR
BHR,2008,4.309,51.95,2.152,0.1403826000212985,NA,Asia,BHR
BHR,2007,4.062,32.91,2.282,0.1385465213639829,NA,Asia,BHR
BHR,2006,3.93,28.24399948,2.464,0.1383187081613797,NA,Asia,BHR
BHR,2005,3.836,21.30369949,2.67,0.1383071129737179,NA,Asia,BHR
BHR,2004,3.905,21.4586805077435,2.774,0.1385821408196048,NA,Asia,BHR
BHR,2003,4.044,21.5549449917804,2.778,0.1388678185078155,NA,Asia,BHR
BHR,2002,4.162,18.0507208881153,2.699,0.1389445656061635,NA,Asia,BHR
BHR,2001,4.265,15.0386342513918,2.653,0.1388171910267789,NA,Asia,BHR
BHR,2000,4.211,6.15373254647607,2.798,0.1394780975482425,NA,Asia,BHR
BGD,2023,7.905,44.50274195,2.163,0.1428318462151695,NA,Asia,BGD
BGD,2022,10.985,41.61650085,2.179,0.1343340663527166,NA,Asia,BGD
BGD,2021,12.72,38.91744466,2.173,0.1353551737392536,NA,Asia,BGD
BGD,2020,13.473,36.10910034,2.175,0.1320448442854705,NA,Asia,BGD
BGD,2019,11.742,30.38310051,2.18,0.1160962600667301,NA,Asia,BGD
BGD,2018,11.907,25.56509972,2.193,0.1157899738339749,NA,Asia,BGD
BGD,2017,12.101,21.5,2.205,0.1152325526255198,NA,Asia,BGD
BGD,2016,10.956,16.89909935,2.227,0.114740748021385,NA,Asia,BGD
BGD,2015,10.561,12.36880016,2.227,0.1143935832269482,NA,Asia,BGD
BGD,2014,10.122,9.052900314,2.228,0.1147508391633292,NA,Asia,BGD
BGD,2013,9.674,6.63,2.247,0.11374651025671,NA,Asia,BGD
BGD,2012,8.538,5,2.263,0.1137137749629577,NA,Asia,BGD
BGD,2011,7.429,4.5,2.309,0.1139234334045035,NA,Asia,BGD
BGD,2010,6.289,3.700000048,2.38,0.1134299631751181,NA,Asia,BGD
BGD,2009,9.557,3.0999999049999998,2.484,0.1138715624481171,NA,Asia,BGD
BGD,2008,8.795,2.5,2.577,0.1145115008740829,NA,Asia,BGD
BGD,2007,8.022,1.799999952,2.666,0.1146918853538727,NA,Asia,BGD
BGD,2006,7.255,1,2.755,0.1148655127778743,NA,Asia,BGD
BGD,2005,8.79,0.241600007,2.846,0.1146601428614336,NA,Asia,BGD
BGD,2004,7.758,0.199036333744363,2.94,0.1147400769498659,NA,Asia,BGD
BGD,2003,6.606,0.163877665498048,3.029,0.1145140829430829,NA,Asia,BGD
BGD,2002,7.782,0.13992028850905,3.126,0.1143850847733592,NA,Asia,BGD
BGD,2001,8.821,0.129807973947512,3.203,0.1145487662602983,NA,Asia,BGD
BGD,2000,9.744,0.0710394230507683,3.279,0.1147768173584982,NA,Asia,BGD
BRB,2023,18.264,69.67510223,1.708,0.1706639987667979,NA,Americas,BRB
BRB,2022,21.026,69.06359863,1.712,0.163162269200271,NA,Americas,BRB
BRB,2021,28.25,69.4756012,1.709,0.1633494397932355,NA,Americas,BRB
BRB,2020,30.031,69.89009857,1.708,0.1606699313308734,NA,Americas,BRB
BRB,2019,25.785,70.30709839,1.715,0.1488888230417211,NA,Americas,BRB
BRB,2018,24.207,70.72650146,1.72,0.1490729650730604,NA,Americas,BRB
BRB,2017,26.206,71.14849854,1.724,0.1490012368557135,NA,Americas,BRB
BRB,2016,26.183,71.57299805,1.724,0.1485927914740457,NA,Americas,BRB
BRB,2015,28.856,72.04940033,1.726,0.1479524721718436,NA,Americas,BRB
BRB,2014,33.056,71.92459869,1.727,0.1472850148222794,NA,Americas,BRB
BRB,2013,29.111,71.80000305,1.729,0.1469103735652588,NA,Americas,BRB
BRB,2012,28.827,71.19999695,1.731,0.1465477877510686,NA,Americas,BRB
BRB,2011,26.83,66.5,1.758,0.1459297547184535,NA,Americas,BRB
BRB,2010,25.369,65.09999847,1.785,0.1457042839597418,NA,Americas,BRB
BRB,2009,23.709,64.69999695,1.77,0.1456437319594859,NA,Americas,BRB
BRB,2008,19.109,61.40000153,1.756,0.1454017636834466,NA,Americas,BRB
BRB,2007,17.46,58.20000076,1.755,0.1451453248618842,NA,Americas,BRB
BRB,2006,20.58,55.29999924,1.702,0.1448441690304257,NA,Americas,BRB
BRB,2005,21.259,52.5,1.738,0.1445080495185076,NA,Americas,BRB
BRB,2004,22.61,49.8,1.797,0.1441000230628261,NA,Americas,BRB
BRB,2003,25.867,39.6896271159532,1.856,0.1436907288023456,NA,Americas,BRB
BRB,2002,22.994,27.836322424146,1.862,0.1431962068843753,NA,Americas,BRB
BRB,2001,22.935,11.9364503383984,1.955,0.1426384599921103,NA,Americas,BRB
BRB,2000,20.823,3.97367835457927,1.933,0.1420748521597641,NA,Americas,BRB
BLR,2023,10.596,91.51249979,1.208,0.1308892588347515,NA,Europe,BLR
BLR,2022,10.283,89.50733148,1.326,0.1254475195764468,NA,Europe,BLR
BLR,2021,10.493,86.88841196,1.371,0.1258838801419118,NA,Europe,BLR
BLR,2020,12.046,85.08791245,1.369,0.1247131486080356,NA,Europe,BLR
BLR,2019,10.207,82.7891520910901,1.382,0.115163312606797,NA,Europe,BLR
BLR,2018,10.651,79.1298866919307,1.448,0.1151938037296326,NA,Europe,BLR
BLR,2017,9.348,74.4364454136036,1.541,0.1152011132522059,NA,Europe,BLR
BLR,2016,10.729,71.1130457603832,1.733,0.1166854773324837,NA,Europe,BLR
BLR,2015,10.774,62.230360906803,1.724,0.1151654411427404,NA,Europe,BLR
BLR,2014,10.799,59.0163187101542,1.696,0.1165879063879411,NA,Europe,BLR
BLR,2013,10.825,54.17,1.668,0.117310759124527,NA,Europe,BLR
BLR,2012,10.829,46.91,1.62,0.116006923750171,NA,Europe,BLR
BLR,2011,10.877,39.6488956598961,1.515,0.1173909854832316,NA,Europe,BLR
BLR,2010,10.89,31.8,1.494,0.117314649552452,NA,Europe,BLR
BLR,2009,10.931,27.43,1.509,0.116812341936188,NA,Europe,BLR
BLR,2008,12.045,23,1.488,0.1163477684248992,NA,Europe,BLR
BLR,2007,13.222,19.7,1.429,0.1161438285818684,NA,Europe,BLR
BLR,2006,14.378,16.2,1.335,0.115463216233062,NA,Europe,BLR
BLR,2005,15.58,NA,1.252,0.1158872366568377,NA,Europe,BLR
BLR,2004,16.808,NA,1.233,0.1150202140753488,NA,Europe,BLR
BLR,2003,18.074,NA,1.232,0.1153855415043465,NA,Europe,BLR
BLR,2002,19.298,8.95097131467325,1.24,0.1151441320223065,NA,Europe,BLR
BLR,2001,20.532,4.30061602151712,1.286,0.1136702595677258,NA,Europe,BLR
BLR,2000,21.7,1.86039812615388,1.317,0.1139199158299782,NA,Europe,BLR
BEL,2023,16.119,94.62625074,1.47,0.1874285216034518,104.17422955851424,Europe,BEL
BEL,2022,16.41,94.00783071,1.53,0.1774272056209943,108.26779649456975,Europe,BEL
BEL,2021,18.206,92.78867618,1.6,0.1726907259750201,113.445875119772,Europe,BEL
BEL,2020,15.326,91.52641629,1.55,0.1747703484200002,109.13082425128975,Europe,BEL
BEL,2019,14.236,90.275428012141,1.6,0.1555907096460776,105.6011262771525,Europe,BEL
BEL,2018,15.748,88.6473429951691,1.62,0.1553929379293492,103.28284497143225,Europe,BEL
BEL,2017,19.236,87.6796808175598,1.65,0.1538279679538251,102.32388212268924,Europe,BEL
BEL,2016,20.108,86.5164766644457,1.68,0.1526868343381767,100.83167476952525,Europe,BEL
BEL,2015,22.125,85.0529417508701,1.7,0.1491191695289075,100.0000000000001,Europe,BEL
BEL,2014,23.225,85.0012379539925,1.74,0.1493305867375348,98.9901935587984,Europe,BEL
BEL,2013,23.689,82.1702,1.76,0.1462541252101213,100.11732759750444,Europe,BEL
BEL,2012,19.738,80.7199905482042,1.8,0.1468393631114078,99.64967618557685,Europe,BEL
BEL,2011,18.724,81.6099959955952,1.81,0.1443805260814821,99.55924215403685,Europe,BEL
BEL,2010,22.391,77.6397855126946,1.86,0.1434152369570233,98.67607982711999,Europe,BEL
BEL,2009,21.94,74.5441455527336,1.84,0.1427310769567444,98.20004407050817,Europe,BEL
BEL,2008,17.97,68.8573221425131,1.85,0.1429659856004593,98.01683248534778,Europe,BEL
BEL,2007,18.841,66.7604202433135,1.82,0.1431050656868596,96.9091041194715,Europe,BEL
BEL,2006,20.511,61.9818700222023,1.8,0.1419586381649578,92.33743088033057,Europe,BEL
BEL,2005,21.482,55.81999969,1.76,0.1424276044201423,86.40597199008894,Europe,BEL
BEL,2004,17.502,53.86,1.72,0.1417099491025439,79.5858385896435,Europe,BEL
BEL,2003,18.982,49.97,1.67,0.1398690400696435,75.06121105636515,Europe,BEL
BEL,2002,15.652,46.33,1.65,0.1400791633862831,71.27078571253902,Europe,BEL
BEL,2001,15.332,31.2883955056566,1.67,0.1402741838397636,67.6802861078193,Europe,BEL
BEL,2000,15.249,29.4316916924341,1.67,0.1399846780109418,66.05989528577783,Europe,BEL
BLZ,2023,17.833,70.18720245,2.007,0.1735325526973744,NA,Americas,BLZ
BLZ,2022,18.422,69.98329926,1.949,0.1651991480452667,NA,Americas,BLZ
BLZ,2021,21.819,70.65370178,1.837,0.1656427551864492,NA,Americas,BLZ
BLZ,2020,22.367,64.43589783,2.04,0.1615957610444815,NA,Americas,BLZ
BLZ,2019,19.934,58.76520157,2.142,0.1450644544400246,NA,Americas,BLZ
BLZ,2018,22.006,53.59360123,2.343,0.1446455203047588,NA,Americas,BLZ
BLZ,2017,15.686,48.8771019,2.368,0.1419968731127908,NA,Americas,BLZ
BLZ,2016,16.547,44.57569885,2.396,0.1414212955221365,NA,Americas,BLZ
BLZ,2015,16.48,41.59000015,2.433,0.14081016452228,NA,Americas,BLZ
BLZ,2014,18.272,38.70000076,2.474,0.1401612665020867,NA,Americas,BLZ
BLZ,2013,16.904,33.59999847,2.498,0.1394839666734366,NA,Americas,BLZ
BLZ,2012,16.914,31,2.51,0.1385820371412646,NA,Americas,BLZ
BLZ,2011,16.956,30.700000760000002,2.531,0.1376131866341772,NA,Americas,BLZ
BLZ,2010,16.92,28.2,2.552,0.1368409793327929,NA,Americas,BLZ
BLZ,2009,16.766,27.200000760000002,2.659,0.136346433573928,NA,Americas,BLZ
BLZ,2008,16.52,26.299999239999998,2.78,0.1360420688421191,NA,Americas,BLZ
BLZ,2007,17.215,24.60000038,2.885,0.1356683740806508,NA,Americas,BLZ
BLZ,2006,19.03,24,3.021,0.1353731716394743,NA,Americas,BLZ
BLZ,2005,22.155,17,3.173,0.1350407444193032,NA,Americas,BLZ
BLZ,2004,21.515,9.8,3.252,0.1346543186320261,NA,Americas,BLZ
BLZ,2003,20.995,NA,3.335,0.1342628239034383,NA,Americas,BLZ
BLZ,2002,20.362,5.68425121358763,3.43,0.1337675427898743,NA,Americas,BLZ
BLZ,2001,18.555,NA,3.526,0.133207608341529,NA,Americas,BLZ
BLZ,2000,22.036,5.96383530272428,3.633,0.1326770979092741,NA,Americas,BLZ
BEN,2023,3.09,32.39400101,4.556,0.1617355107355213,NA,Africa,BEN
BEN,2022,3.13,30.53730011,4.634,0.152737532346791,NA,Africa,BEN
BEN,2021,3.242,28.20470047,4.707,0.1505880876581737,NA,Africa,BEN
BEN,2020,2.96,22.12059975,4.795,0.1485917051254358,NA,Africa,BEN
BEN,2019,2.302,20.50099945,4.9,0.1341593615730456,NA,Africa,BEN
BEN,2018,2.621,19,5.031,0.1332520242855579,NA,Africa,BEN
BEN,2017,2.981,18.7,5.155,0.1316560530048985,NA,Africa,BEN
BEN,2016,3.237,14.5,5.254,0.1302775011938926,NA,Africa,BEN
BEN,2015,3.418,11.25500011,5.32,0.1290036643315298,NA,Africa,BEN
BEN,2014,3.608,6,5.374,0.1270067502354281,NA,Africa,BEN
BEN,2013,3.956,4.900000095,5.41,0.1265487435700986,NA,Africa,BEN
BEN,2012,4.725,4.5,5.429,0.1269570343449284,NA,Africa,BEN
BEN,2011,5.448,4.14832306562512,5.436,0.1272076719542892,NA,Africa,BEN
BEN,2010,2.138,3.13,5.452,0.1273175456848501,NA,Africa,BEN
BEN,2009,1.902,2.24,5.491,0.1292178920963771,NA,Africa,BEN
BEN,2008,1.715,1.85,5.548,0.1289745064232418,NA,Africa,BEN
BEN,2007,1.596,1.79,5.627,0.1287994275823722,NA,Africa,BEN
BEN,2006,1.457,1.537899971,5.673,0.1293226125756604,NA,Africa,BEN
BEN,2005,1.308,1.271000028,5.692,0.1286344123795424,NA,Africa,BEN
BEN,2004,1.135,1.18254096518994,5.718,0.1284076102634483,NA,Africa,BEN
BEN,2003,0.984,0.951327114915695,5.763,0.1281737836852204,NA,Africa,BEN
BEN,2002,0.826,0.7029455951039,5.793,0.1277233528925688,NA,Africa,BEN
BEN,2001,0.909,0.363417890016082,5.848,0.127052173457231,NA,Africa,BEN
BEN,2000,1.003,0.225247851473369,5.937,0.1263677496707781,NA,Africa,BEN
BMU,2023,NA,NA,1.401,0.174223201261164,NA,Americas,BMU
BMU,2022,NA,NA,1.397,0.1668130915933129,NA,Americas,BMU
BMU,2021,NA,NA,1.389,0.1669844108094731,NA,Americas,BMU
BMU,2020,NA,NA,1.451,0.1646870189298619,NA,Americas,BMU
BMU,2019,NA,NA,1.383,0.1529075722660059,NA,Americas,BMU
BMU,2018,NA,NA,1.374,0.1530746365859939,NA,Americas,BMU
BMU,2017,NA,98.37,1.419,0.1529847428034903,NA,Americas,BMU
BMU,2016,NA,98,1.45,0.1525529403572467,NA,Americas,BMU
BMU,2015,NA,98.3236096537251,1.44,0.1518866693052027,NA,Americas,BMU
BMU,2014,NA,96.8,1.42,0.1512106747802438,NA,Americas,BMU
BMU,2013,NA,95.3,1.522,0.1508093631296674,NA,Americas,BMU
BMU,2012,NA,91.2993045243401,1.528,0.1504095929028006,NA,Americas,BMU
BMU,2011,NA,88.336,1.569,0.149753130994146,NA,Americas,BMU
BMU,2010,NA,84.21,1.767,0.1495265961013075,NA,Americas,BMU
BMU,2009,NA,83.25,1.853,0.1493922253412487,NA,Americas,BMU
BMU,2008,NA,82.3,1.86,0.1490657463918464,NA,Americas,BMU
BMU,2007,NA,74.3505940302669,1.934,0.1487243607698622,NA,Americas,BMU
BMU,2006,NA,69.8996551617012,1.79,0.1483219019634538,NA,Americas,BMU
BMU,2005,NA,65.4470657898838,1.782,0.1478911481630044,NA,Americas,BMU
BMU,2004,NA,60.9908670086326,1.76,0.1474155291857056,NA,Americas,BMU
BMU,2003,NA,56.5220121836337,1.79,0.1469221719242013,NA,Americas,BMU
BMU,2002,NA,52.0315973700393,1.815,0.1463550621762687,NA,Americas,BMU
BMU,2001,NA,47.5096998970623,1.861,0.1456928301945322,NA,Americas,BMU
BMU,2000,NA,42.9498600152711,1.738,0.1450468721829765,NA,Americas,BMU
BTN,2023,14.939,90.02140045,1.462,0.1261695853550953,NA,Asia,BTN
BTN,2022,27.177,88.35620117,1.478,0.1230662081685479,NA,Asia,BTN
BTN,2021,20.609,85.636883889999993,1.488,0.1201173331165154,NA,Asia,BTN
BTN,2020,21.989,76.85079956,1.502,0.1225059097078348,NA,Asia,BTN
BTN,2019,11.56,74.17939758,1.448,0.1137258335243886,NA,Asia,BTN
BTN,2018,15.199,63.48680115,1.517,0.1138187713867269,NA,Asia,BTN
BTN,2017,13.355,54.33549881,1.621,0.113673620455751,NA,Asia,BTN
BTN,2016,11.614,46.50320053,1.738,0.1129607777676363,NA,Asia,BTN
BTN,2015,10.115,39.79999924,1.835,0.112322472643599,NA,Asia,BTN
BTN,2014,9.023,30.299999239999998,1.923,0.1120367050417304,NA,Asia,BTN
BTN,2013,9.389,22.39999962,2,0.111359860668049,NA,Asia,BTN
BTN,2012,6.982,15.600000380000001,2.068,0.1110602381468613,NA,Asia,BTN
BTN,2011,8.911,14.399999619999999,2.155,0.1114566800358649,NA,Asia,BTN
BTN,2010,8.784,13.6,2.252,0.1110502257539585,NA,Asia,BTN
BTN,2009,12.42,7.17,2.364,0.1105702413127727,NA,Asia,BTN
BTN,2008,11.941,6.55,2.481,0.1118791495390301,NA,Asia,BTN
BTN,2007,11.413,5.92,2.589,0.109073877628341,NA,Asia,BTN
BTN,2006,9.543,4.518300056,2.66,0.1105076155327275,NA,Asia,BTN
BTN,2005,9.438,3.847100019,2.726,0.1086236374515869,NA,Asia,BTN
BTN,2004,7.489,3.15698419613711,2.781,0.1083785433936948,NA,Asia,BTN
BTN,2003,5.379,2.43691239949767,2.865,0.1081080968640358,NA,Asia,BTN
BTN,2002,5.49,1.67580258375242,3.012,0.1078138388203591,NA,Asia,BTN
BTN,2001,5.589,0.864628564215099,3.188,0.1075150691922061,NA,Asia,BTN
BTN,2000,4.895,0.40094444691941,3.378,0.1080258915845621,NA,Asia,BTN
BOL,2023,4.968,77.30039978,2.547,0.1880894627587495,NA,Americas,BOL
BOL,2022,6.044,72.62270355,2.584,0.1741332075412308,NA,Americas,BOL
BOL,2021,8.199,65.9773785,2.618,0.1706907942308368,NA,Americas,BOL
BOL,2020,15.241,59.94010155,2.651,0.1706897849612296,NA,Americas,BOL
BOL,2019,6.927,47.4748191121692,2.688,0.1493899643329213,NA,Americas,BOL
BOL,2018,6.78,44.2861422024283,2.73,0.1490047079386841,NA,Americas,BOL
BOL,2017,6.654,43.83229828,2.777,0.1478447238179584,NA,Americas,BOL
BOL,2016,6.772,39.69749832,2.829,0.1477629754670301,NA,Americas,BOL
BOL,2015,6.852,37.4868176324391,2.886,0.1477322256488389,NA,Americas,BOL
BOL,2014,4.774,34.6016202324676,2.947,0.147659271049711,NA,Americas,BOL
BOL,2013,5.392,36.99,3.01,0.1476171382612555,NA,Americas,BOL
BOL,2012,3.361,35.34,3.076,0.1475379468065584,NA,Americas,BOL
BOL,2011,5.327,30,3.143,0.1474627398714186,NA,Americas,BOL
BOL,2010,5.283,22.39999962,3.213,0.1475624550015977,NA,Americas,BOL
BOL,2009,5.283,16.799999239999998,3.287,0.1479216930188916,NA,Americas,BOL
BOL,2008,5.686,12.5,3.364,0.1482772642984009,NA,Americas,BOL
BOL,2007,5.546,10.49919987,3.447,0.1488174664676047,NA,Americas,BOL
BOL,2006,5.349,6.20067125473576,3.533,0.1489161686410327,NA,Americas,BOL
BOL,2005,5.22,5.22758395663196,3.558,0.1483513267662177,NA,Americas,BOL
BOL,2004,5.08,4.43992460120042,3.633,0.1492706627283698,NA,Americas,BOL
BOL,2003,4.956,3.50859640072336,3.721,0.1481121948546797,NA,Americas,BOL
BOL,2002,4.744,3.11719294696997,3.802,0.1478849783176017,NA,Americas,BOL
BOL,2001,4.593,2.1204625341365,3.89,0.1475202370989052,NA,Americas,BOL
BOL,2000,4.267,1.4427635847914,3.991,0.1476975271761712,NA,Americas,BOL
BIH,2023,27.27,83.3771539,1.486,0.1470430075505956,NA,Europe,BIH
BIH,2022,31.728,78.8455371,1.481,0.1386926264438487,NA,Europe,BIH
BIH,2021,35.816,75.67620138,1.49,0.1378108986963675,NA,Europe,BIH
BIH,2020,37.924,73.21175294,1.515,0.1365001100165679,NA,Europe,BIH
BIH,2019,35.263,69.9463476317266,1.509,0.1245865739852441,NA,Europe,BIH
BIH,2018,40.535,70.1201350394885,1.504,0.1256250109303592,NA,Europe,BIH
BIH,2017,47.925,64.8920205128383,1.419,0.1259803819294203,NA,Europe,BIH
BIH,2016,56.261,60.2565354318987,1.36,0.1255523390641575,NA,Europe,BIH
BIH,2015,65.239,52.59999847,1.322,0.126507785352645,NA,Europe,BIH
BIH,2014,64.598,49.91770172,1.262,0.1253653156956993,NA,Europe,BIH
BIH,2013,60.919,48.52130127,1.278,0.1262091338424504,NA,Europe,BIH
BIH,2012,65.019,45.0644989,1.252,0.126278590357297,NA,Europe,BIH
BIH,2011,59.568,43.88769913,1.209,0.1257862065753152,NA,Europe,BIH
BIH,2010,59.665,42.75,1.26,0.1264787760122781,NA,Europe,BIH
BIH,2009,50.142,37.74,1.267,0.12416881724934,NA,Europe,BIH
BIH,2008,48.838,34.66,1.21,0.1240878416623968,NA,Europe,BIH
BIH,2007,60.099,27.92,1.19,0.1232794224106518,NA,Europe,BIH
BIH,2006,63.982,25.1223856852117,1.18,0.1219498060365509,NA,Europe,BIH
BIH,2005,61.65,21.3267010007738,1.203,0.121565428777538,NA,Europe,BIH
BIH,2004,59.288,15.4689716227665,1.221,0.1211678549783208,NA,Europe,BIH
BIH,2003,57.108,3.96503683387051,1.219,0.1211654759085509,NA,Europe,BIH
BIH,2002,54.884,2.64826791361244,1.231,0.1212195567903515,NA,Europe,BIH
BIH,2001,52.604,1.20052695129649,1.23,0.1208644726525455,NA,Europe,BIH
BIH,2000,50.405,1.08296074971207,1.282,0.12151874446276591,NA,Europe,BIH
BWA,2023,44.361,NA,2.732,0.1385069334944939,NA,Africa,BWA
BWA,2022,42.611,57.9,2.785,0.1300698234099108,NA,Africa,BWA
BWA,2021,43.355,54.70069885,2.827,0.1288925015725039,NA,Africa,BWA
BWA,2020,40.436,51.67819977,2.861,0.126392548920752,NA,Africa,BWA
BWA,2019,34.588,48.82279968,2.906,0.1121000293155236,NA,Africa,BWA
BWA,2018,34.404,46.12509918,2.941,0.1130019531203055,NA,Africa,BWA
BWA,2017,34.872,43.57640076,2.969,0.1110454363708304,NA,Africa,BWA
BWA,2016,34.851,41.16859818,2.99,0.1116229861921396,NA,Africa,BWA
BWA,2015,34.743,38.89379883,3.008,0.1096735116483608,NA,Africa,BWA
BWA,2014,34.6,36.74474744423,3.027,0.1090791929757799,NA,Africa,BWA
BWA,2013,34.602,30,3.045,0.1084900736352114,NA,Africa,BWA
BWA,2012,34.652,16,3.07,0.1086630768687087,NA,Africa,BWA
BWA,2011,35.196,9,3.103,0.108708154431789,NA,Africa,BWA
BWA,2010,35.093,6,3.135,0.1083252791824065,NA,Africa,BWA
BWA,2009,32.34,6.150000095,3.133,0.1098382726643043,NA,Africa,BWA
BWA,2008,31.491,6.25,3.131,0.1089173792847788,NA,Africa,BWA
BWA,2007,31.605,5.28,3.127,0.1089766356298568,NA,Africa,BWA
BWA,2006,31.91,4.28993297515968,3.114,0.1090592205778976,NA,Africa,BWA
BWA,2005,36.817,3.262599945,3.082,0.1089748483028421,NA,Africa,BWA
BWA,2004,41.676,3.30488925316113,3.063,0.1088633234403228,NA,Africa,BWA
BWA,2003,47.043,3.3451901740614,3.106,0.1087586951339481,NA,Africa,BWA
BWA,2002,43.486,3.38592235064273,3.175,0.1086355274301021,NA,Africa,BWA
BWA,2001,39.245,3.43088678702599,3.248,0.1088965263933169,NA,Africa,BWA
BWA,2000,32.127,2.90266662177209,3.294,0.1087622019947992,NA,Africa,BWA
BRA,2023,17.938,84.15060238,1.619,0.2087608925585135,72.11979731883943,Americas,BRA
BRA,2022,20.732,80.52775094,1.629,0.193404242722308,71.7260526622139,Americas,BRA
BRA,2021,28.311,80.68989314,1.638,0.1921804947762008,74.67832082982446,Americas,BRA
BRA,2020,30.267,81.34269353,1.653,0.1892987306488268,79.67230892868757,Americas,BRA
BRA,2019,27.098,73.9124399133589,1.705,0.1675992966119605,82.18143405400473,Americas,BRA
BRA,2018,27.958,70.4342825404361,1.744,0.1668968463244222,85.05319729356162,Americas,BRA
BRA,2017,28.593,67.4712845236305,1.74,0.1660908360230469,88.93573687121095,Americas,BRA
BRA,2016,26.596,60.8725400681261,1.727,0.16550289063989931,91.81969353619672,Americas,BRA
BRA,2015,19.493,58.3279517340924,1.777,0.1653741065842769,99.99999999999983,Americas,BRA
BRA,2014,15.496,54.5510018796392,1.775,0.164784237755666,104.75504443716525,Americas,BRA
BRA,2013,15.7,51.04,1.761,0.1637628942234539,102.5588013048215,Americas,BRA
BRA,2012,15.854,48.56,1.766,0.1630369955538507,98.10922397310355,Americas,BRA
BRA,2011,16.928,45.69,1.777,0.162226740067972,89.88016963505983,Americas,BRA
BRA,2010,18.239,40.65,1.786,0.1619166059749761,75.0258656042987,Americas,BRA
BRA,2009,19.774,39.22,1.799,0.1621180072812504,64.35922863380182,Americas,BRA
BRA,2008,17.556,33.83,1.815,0.1622701301428479,57.790735938341776,Americas,BRA
BRA,2007,18.795,30.87999916,1.854,0.1623741295431998,NA,Americas,BRA
BRA,2006,19.883,28.17840004,1.896,0.1621120308950829,NA,Americas,BRA
BRA,2005,21.399,21.022747248827,1.942,0.1619042053872705,NA,Americas,BRA
BRA,2004,20.034,19.073672274442,1.973,0.1616608414215763,NA,Americas,BRA
BRA,2003,21.382,13.2075861035303,2.006,0.1614833588438721,NA,Americas,BRA
BRA,2002,20.603,9.14942508560748,2.081,0.1610780658354946,NA,Americas,BRA
BRA,2001,20.019,4.52849486902851,2.162,0.1604166833179484,NA,Americas,BRA
BRA,2000,20.327,2.87068515854108,2.247,0.1596841750717474,NA,Americas,BRA
VGB,2023,NA,NA,1.045,NA,NA,Americas,VGB
VGB,2022,NA,NA,1.025,NA,NA,Americas,VGB
VGB,2021,NA,NA,0.999,NA,NA,Americas,VGB
VGB,2020,NA,NA,0.975,NA,NA,Americas,VGB
VGB,2019,NA,NA,0.941,NA,NA,Americas,VGB
VGB,2018,NA,NA,0.905,NA,NA,Americas,VGB
VGB,2017,NA,77.7042682926829,0.873,NA,NA,Americas,VGB
VGB,2016,NA,77.7014296797074,0.987,NA,NA,Americas,VGB
VGB,2015,NA,NA,1.186,NA,NA,Americas,VGB
VGB,2014,NA,NA,1.235,NA,NA,Americas,VGB
VGB,2013,NA,NA,1.086,NA,NA,Americas,VGB
VGB,2012,NA,37.6,1.103,NA,NA,Americas,VGB
VGB,2011,NA,37.4,1.268,NA,NA,Americas,VGB
VGB,2010,NA,37,1.183,NA,NA,Americas,VGB
VGB,2009,NA,36,1.23,NA,NA,Americas,VGB
VGB,2008,NA,NA,1.272,NA,NA,Americas,VGB
VGB,2007,NA,NA,1.312,NA,NA,Americas,VGB
VGB,2006,NA,NA,1.234,NA,NA,Americas,VGB
VGB,2005,NA,NA,1.34,NA,NA,Americas,VGB
VGB,2004,NA,NA,1.5,NA,NA,Americas,VGB
VGB,2003,NA,NA,1.309,NA,NA,Americas,VGB
VGB,2002,NA,18.8857412653447,1.247,NA,NA,Americas,VGB
VGB,2001,NA,NA,1.517,NA,NA,Americas,VGB
VGB,2000,NA,NA,1.839,NA,NA,Americas,VGB
BRN,2023,17.955,98.97039795,1.747,0.1394734732326367,NA,Asia,BRN
BRN,2022,18.299,98.97042579,1.764,0.1353778465313913,NA,Asia,BRN
BRN,2021,16.238,97.62879944,1.778,0.136163357846103,NA,Asia,BRN
BRN,2020,26.852,96.30549622,1.796,0.1328287755517294,NA,Asia,BRN
BRN,2019,20.141,95,1.819,0.1265470877558611,NA,Asia,BRN
BRN,2018,30.809,95,1.848,0.1248661277121808,NA,Asia,BRN
BRN,2017,29.255,94.86669922,1.881,0.1254476037946628,NA,Asia,BRN
BRN,2016,27.629,90,1.915,0.123268782703368,NA,Asia,BRN
BRN,2015,25.886,71.19999695,1.947,0.1222606254490761,NA,Asia,BRN
BRN,2014,24.092,68.76999664,1.969,0.121243311099231,NA,Asia,BRN
BRN,2013,23.338,64.5,1.978,0.120390577386753,NA,Asia,BRN
BRN,2012,22.601,60.27310181,1.973,0.1198696972538603,NA,Asia,BRN
BRN,2011,22.054,56,1.957,0.1192172914299055,NA,Asia,BRN
BRN,2010,21.674,53,1.937,0.1192375970621279,NA,Asia,BRN
BRN,2009,21.345,49,1.921,0.1188778147622455,NA,Asia,BRN
BRN,2008,20.811,46,1.918,0.1182986857568837,NA,Asia,BRN
BRN,2007,20.414,44.68,1.933,0.1173985524314219,NA,Asia,BRN
BRN,2006,19.929,42.1863491609307,1.969,0.1167524829031565,NA,Asia,BRN
BRN,2005,19.414,36.4663919475782,2.024,0.1161484746508043,NA,Asia,BRN
BRN,2004,18.826,29.7156041447864,2.104,0.1154309119759305,NA,Asia,BRN
BRN,2003,18.328,19.5950032207342,2.185,0.1148557804499212,NA,Asia,BRN
BRN,2002,17.892,15.329879855735,2.264,0.1144269817109946,NA,Asia,BRN
BRN,2001,17.473,12.9177690823013,2.337,0.1137580213768659,NA,Asia,BRN
BRN,2000,17.357,8.99628453448726,2.398,0.1133884640969929,NA,Asia,BRN
BGR,2023,12.049,80.38956462,1.81,0.1280099776230192,127.041097477878,Europe,BGR
BGR,2022,10.582,79.12686326,1.78,0.1228681859840944,125.42619596461175,Europe,BGR
BGR,2021,15.701,75.27144583,1.8,0.1223943064354416,127.49252617887976,Europe,BGR
BGR,2020,14.143,70.16248359,1.77,0.1207686968670813,124.67650159571174,Europe,BGR
BGR,2019,8.777,67.9469809417603,1.79,0.1110504641350313,118.26946297512976,Europe,BGR
BGR,2018,12.676,64.78201069118,1.73,0.1113527835989752,113.8973688865225,Europe,BGR
BGR,2017,12.927,63.4101013837926,1.71,0.1122751436952432,109.35464929526475,Europe,BGR
BGR,2016,17.224,59.825547661014,1.67,0.1127807355758204,105.24157685388275,Europe,BGR
BGR,2015,21.653,56.6562516053086,1.64,0.1131742092684384,100.00000000000003,Europe,BGR
BGR,2014,23.774,55.4903766299262,1.62,0.1141977202861093,99.6025842585545,Europe,BGR
BGR,2013,28.374,53.0615,1.54,0.1130776796276228,99.52044340943985,Europe,BGR
BGR,2012,28.11,51.8999876658503,1.5,0.1138951953518054,100.30660319507592,Europe,BGR
BGR,2011,25.056,47.9799930506026,1.51,0.1125348663917722,105.1965121513245,Europe,BGR
BGR,2010,21.95,46.23,1.57,0.1119300456293913,115.47053975676975,Europe,BGR
BGR,2009,16.263,45,1.66,0.1115631803452559,130.83406270672998,Europe,BGR
BGR,2008,12.804,39.67,1.56,0.1112898717124582,165.3857116240635,Europe,BGR
BGR,2007,15.183,33.64,1.49,0.1114925044900523,140.56443645984876,Europe,BGR
BGR,2006,19.578,27.09,1.44,0.1113616342604506,118.73721225136924,Europe,BGR
BGR,2005,22.391,19.97,1.37,0.1111101879337699,105.7943155514465,Europe,BGR
BGR,2004,24.497,18.13,1.33,0.1120978393815026,NA,Europe,BGR
BGR,2003,27.057,12.04,1.26,0.11085503509289,NA,Europe,BGR
BGR,2002,35.608,9.08,1.23,0.1115366340101231,NA,Europe,BGR
BGR,2001,39.087,7.6122977487982,1.21,0.1100919955678958,NA,Europe,BGR
BGR,2000,33.208,5.37092346908696,1.26,0.1109812681926497,NA,Europe,BGR
BFA,2023,6.569,25.36120033,4.186,0.1638168121690026,NA,Africa,BFA
BFA,2022,6.722,25.3987999,4.275,0.1540151955994493,NA,Africa,BFA
BFA,2021,7.642,18.1522007,4.361,0.1524935098235535,NA,Africa,BFA
BFA,2020,7.978,12.97319984,4.44,0.1508552117824252,NA,Africa,BFA
BFA,2019,7.432,9.27180600953186,4.681,0.1334766141753678,NA,Africa,BFA
BFA,2018,7.638,8.498900414,4.921,0.1322834274161907,NA,Africa,BFA
BFA,2017,7.53,7.790400028,5.17,0.1315249079866159,NA,Africa,BFA
BFA,2016,7.383,7.140999794,5.331,0.1309804448723192,NA,Africa,BFA
BFA,2015,7.162,6.545700073,5.478,0.1302985677584805,NA,Africa,BFA
BFA,2014,6.835,6,5.595,0.129031166256832,NA,Africa,BFA
BFA,2013,6.525,5,5.697,0.1279596290219306,NA,Africa,BFA
BFA,2012,6.21,3.7249999049999998,5.793,0.1272321744447931,NA,Africa,BFA
BFA,2011,6.114,3,5.869,0.1269428363018954,NA,Africa,BFA
BFA,2010,5.921,2.4000000950000002,5.936,0.1270352344752603,NA,Africa,BFA
BFA,2009,5.845,1.129999995,5.992,0.1259671425277271,NA,Africa,BFA
BFA,2008,5.513,0.920000017,6.05,0.1282296197935132,NA,Africa,BFA
BFA,2007,5.205,0.75,6.11,0.1268412962128597,NA,Africa,BFA
BFA,2006,5.776,0.632700026,6.17,0.1280506511107465,NA,Africa,BFA
BFA,2005,6.295,0.469900012,6.182,0.127205955163332,NA,Africa,BFA
BFA,2004,5.42,0.400295285492178,6.216,0.1268480291813979,NA,Africa,BFA
BFA,2003,4.339,0.373440303233526,6.28,0.1268051732855427,NA,Africa,BFA
BFA,2002,4.414,0.200992597925001,6.339,0.1253352882591316,NA,Africa,BFA
BFA,2001,4.261,0.157732464653607,6.431,0.1242276637951826,NA,Africa,BFA
BFA,2000,4.173,0.0770801689426014,6.519,0.1237993169998469,NA,Africa,BFA
BDI,2023,1.7,7.172299862,4.878,0.1398097730077786,NA,Africa,BDI
BDI,2022,1.705,7.144800186,4.98,0.1316559594405195,NA,Africa,BDI
BDI,2021,1.772,6.777999878,5.078,0.1318144608337899,NA,Africa,BDI
BDI,2020,1.69,6.430099964,5.177,0.1291192941763427,NA,Africa,BDI
BDI,2019,1.754,6.072199821,5.271,0.1156127236257455,NA,Africa,BDI
BDI,2018,1.993,4.019499779,5.38,0.1152112298703618,NA,Africa,BDI
BDI,2017,2.225,2.6607485347534,5.481,0.1144176204646488,NA,Africa,BDI
BDI,2016,2.456,2.200000048,5.587,0.1138449002495701,NA,Africa,BDI
BDI,2015,2.681,2,5.695,0.1134537414651896,NA,Africa,BDI
BDI,2014,2.927,1.04239212643994,5.794,0.1127917015696166,NA,Africa,BDI
BDI,2013,2.71,1.2642181112,5.889,0.1123051053393221,NA,Africa,BDI
BDI,2012,2.539,1.220000029,5.991,0.1120542394684739,NA,Africa,BDI
BDI,2011,2.405,1.110000014,6.108,0.1117489889154515,NA,Africa,BDI
BDI,2010,2.3,1,6.26,0.1119513056766365,NA,Africa,BDI
BDI,2009,2.206,0.899999976,6.409,0.1118894298144939,NA,Africa,BDI
BDI,2008,2.133,0.81,6.515,0.1121812324705505,NA,Africa,BDI
BDI,2007,3.035,0.7,6.588,0.1121849471799123,NA,Africa,BDI
BDI,2006,3.897,0.657599986,6.659,0.1123023288726857,NA,Africa,BDI
BDI,2005,3.874,0.542100012,6.708,0.112778794773863,NA,Africa,BDI
BDI,2004,3.88,0.349060461879596,6.746,0.1127446528993354,NA,Africa,BDI
BDI,2003,3.854,0.201273196735924,6.785,0.1126993606068565,NA,Africa,BDI
BDI,2002,3.871,0.118228412267794,6.819,0.112676321104748,NA,Africa,BDI
BDI,2001,3.862,0.106001245363203,6.849,0.1126805233153871,NA,Africa,BDI
BDI,2000,3.853,0.077248447383456,6.872,0.1127027688919039,NA,Africa,BDI
CPV,2023,28.045,74.59919739,1.522,0.1612924893655451,NA,Africa,CPV
CPV,2022,28.651,73.32740021,1.533,0.1487377514314271,NA,Africa,CPV
CPV,2021,31.656,70.28250122,1.554,0.1475974912415506,NA,Africa,CPV
CPV,2020,34.474,69.37339783,1.591,0.1453475584455678,NA,Africa,CPV
CPV,2019,28.107,61.9433977593088,1.698,0.1270338970428565,NA,Africa,CPV
CPV,2018,27.575,59.5,1.804,0.1261206019755713,NA,Africa,CPV
CPV,2017,31.887,57.1621463484891,1.93,0.1250091415663416,NA,Africa,CPV
CPV,2016,30.182,50.3228178676892,1.966,0.1240641563561542,NA,Africa,CPV
CPV,2015,28.567,42.6830141582781,1.968,0.1229022581081639,NA,Africa,CPV
CPV,2014,26.927,40.25999832,2.031,0.1217623420403877,NA,Africa,CPV
CPV,2013,25.299,37.5,2.067,0.1207740359541378,NA,Africa,CPV
CPV,2012,23.851,34.74,2.153,0.119823940217619,NA,Africa,CPV
CPV,2011,22.619,32,2.329,0.1194555863796007,NA,Africa,CPV
CPV,2010,21.32,30,2.329,0.1192371443101017,NA,Africa,CPV
CPV,2009,25.824,21,2.246,0.1193254057076154,NA,Africa,CPV
CPV,2008,25.199,14,2.298,0.1196388778244652,NA,Africa,CPV
CPV,2007,24.911,8.28321981953034,2.409,0.1195100456597501,NA,Africa,CPV
CPV,2006,24.799,6.80891100753313,2.555,0.1193602341603455,NA,Africa,CPV
CPV,2005,24.666,6.07408710659813,2.726,0.1191084658711487,NA,Africa,CPV
CPV,2004,24.479,5.31883206957883,2.9,0.118771988911962,NA,Africa,CPV
CPV,2003,24.514,4.32488539053715,3.033,0.1183750666319749,NA,Africa,CPV
CPV,2002,23.98,3.5187571749658,3.192,0.1177782494879381,NA,Africa,CPV
CPV,2001,23.6,2.68533271272311,3.366,0.11701859259643731,NA,Africa,CPV
CPV,2000,23.109,1.82244385164396,3.545,0.1163132188642867,NA,Africa,CPV
KHM,2023,0.703,68.92549896,2.579,0.1097316549446139,NA,Asia,KHM
KHM,2022,0.687,65.49079895,2.616,0.1059340827574924,NA,Asia,KHM
KHM,2021,0.83,60.76269913,2.664,0.1069653982901285,NA,Asia,KHM
KHM,2020,0.474,56.37590027,2.699,0.1033367337734827,NA,Asia,KHM
KHM,2019,0.378,52.305878224498,2.725,0.096235771520562,NA,Asia,KHM
KHM,2018,0.38,65,2.724,0.096088231277698,NA,Asia,KHM
KHM,2017,0.382,32.9002785437986,2.719,0.0954287539778069,NA,Asia,KHM
KHM,2016,1.137,32.3984517141849,2.725,0.0948618607111187,NA,Asia,KHM
KHM,2015,0.744,6.43319107021405,2.729,0.0943304019189721,NA,Asia,KHM
KHM,2014,1.056,14,2.734,0.093691155998759,NA,Asia,KHM
KHM,2013,0.757,6,2.742,0.0930580166217477,NA,Asia,KHM
KHM,2012,0.678,4.94,2.751,0.0920907791989729,NA,Asia,KHM
KHM,2011,0.598,3.0999999049999998,2.782,0.0914707442335496,NA,Asia,KHM
KHM,2010,0.964,1.26,2.859,0.0910241278069323,NA,Asia,KHM
KHM,2009,0.798,0.53,2.971,0.0906996584790581,NA,Asia,KHM
KHM,2008,1.308,0.51,3.048,0.0901098115225831,NA,Asia,KHM
KHM,2007,2.04,0.49,3.13,0.090021373226659,NA,Asia,KHM
KHM,2006,1.886,0.468400002,3.175,0.0897685661371592,NA,Asia,KHM
KHM,2005,1.736,0.317321781089656,3.238,0.0898514605868887,NA,Asia,KHM
KHM,2004,1.613,0.300436644360101,3.307,0.0890341097451888,NA,Asia,KHM
KHM,2003,1.48,0.260570197574002,3.429,0.0892641974873689,NA,Asia,KHM
KHM,2002,1.395,0.226983237666204,3.57,0.0890845325892039,NA,Asia,KHM
KHM,2001,1.299,0.0769560555527296,3.687,0.0889795809753562,NA,Asia,KHM
KHM,2000,1.223,0.047022640068885,3.794,0.0891365302315699,NA,Asia,KHM
CMR,2023,6.621,42.24380112,4.322,0.1599993358702847,NA,Africa,CMR
CMR,2022,6.667,40.12559891,4.397,0.1487544469588294,NA,Africa,CMR
CMR,2021,7.225,38.89260101,4.468,0.148695613688923,NA,Africa,CMR
CMR,2020,7.371,37.69749832,4.557,0.1459065398465658,NA,Africa,CMR
CMR,2019,6.585,36.53919983,4.651,0.1292807579009346,NA,Africa,CMR
CMR,2018,6.503,29.700000760000002,4.74,0.1288056687371143,NA,Africa,CMR
CMR,2017,6.407,23.2029719748646,4.804,0.127836582383032,NA,Africa,CMR
CMR,2016,6.301,20.60000038,4.842,0.1268864587020308,NA,Africa,CMR
CMR,2015,6.233,18.299999239999998,4.841,0.1263874970377285,NA,Africa,CMR
CMR,2014,6.198,16.2148722257524,4.844,0.1259483210422523,NA,Africa,CMR
CMR,2013,6.236,10,4.905,0.1248829284208074,NA,Africa,CMR
CMR,2012,6.273,7.5,4.982,0.1245239424916393,NA,Africa,CMR
CMR,2011,6.313,5,5.052,0.1246909555166051,NA,Africa,CMR
CMR,2010,6.322,4.300000191,5.154,0.1246297219520752,NA,Africa,CMR
CMR,2009,5.709,3.84,5.236,0.1245171608938715,NA,Africa,CMR
CMR,2008,5.118,3.4000000950000002,5.294,0.1249344106477062,NA,Africa,CMR
CMR,2007,4.576,2.93,5.343,0.1247780058624811,NA,Africa,CMR
CMR,2006,5.6,2.028700113,5.369,0.1237955816414718,NA,Africa,CMR
CMR,2005,6.629,1.402699947,5.421,0.1232174016536266,NA,Africa,CMR
CMR,2004,7.7,0.976075415490902,5.436,0.1226547922822647,NA,Africa,CMR
CMR,2003,8.92,0.587622611130454,5.432,0.1219096681874669,NA,Africa,CMR
CMR,2002,10.117,0.360871584267755,5.435,0.121948627730397,NA,Africa,CMR
CMR,2001,11.255,0.277051321848797,5.441,0.1213936160862073,NA,Africa,CMR
CMR,2000,11.379,0.252120077733662,5.514,0.1218674548307153,NA,Africa,CMR
CAN,2023,10.806,94.14530182,1.27,0.178467241307527,143.34749005535076,Americas,CAN
CAN,2022,10.082,94,1.34,0.1694169882644497,151.94687846268425,Americas,CAN
CAN,2021,13.557,93.93710327,1.44,0.168695377128341,144.48081164022025,Americas,CAN
CAN,2020,20.125,92.3,1.41,0.1684409065158529,129.65293977597224,Americas,CAN
CAN,2019,10.744,91.91290283,1.47,0.1541101560062052,122.64851608019674,Americas,CAN
CAN,2018,10.709,94.64,1.51,0.1543439897440006,122.85360858371524,Americas,CAN
CAN,2017,11.236,92.70140076,1.55,0.1533973979327436,120.4278446338025,Americas,CAN
CAN,2016,12.597,91.16000366,1.59,0.1521836298493081,109.07755120011424,Americas,CAN
CAN,2015,12.759,90,1.6,0.1515551497198674,99.99999999999997,Americas,CAN
CAN,2014,13.203,87.12000275,1.61,0.1510045129742563,95.8658679059409,Americas,CAN
CAN,2013,13.243,85.80000305,1.61,0.1491733237329849,92.79912577934923,Americas,CAN
CAN,2012,14.036,83,1.63,0.1497940692081064,91.46114969175953,Americas,CAN
CAN,2011,13.915,83,1.63,0.1481244432645003,88.43488359022248,Americas,CAN
CAN,2010,14.575,80.3,1.65,0.148612928665379,85.66759818896398,Americas,CAN
CAN,2009,15.059,80.3,1.69,0.1481803297435237,79.66863995152443,Americas,CAN
CAN,2008,11.379,76.69999695,1.7,0.1474059036059631,81.13540803471244,Americas,CAN
CAN,2007,11.022,73.2,1.67,0.1468817182015556,78.40506871327987,Americas,CAN
CAN,2006,11.617,72.40000153,1.63,0.1460121291034772,71.46946171302608,Americas,CAN
CAN,2005,12.393,71.66,1.58,0.1452989080329935,65.0885308563185,Americas,CAN
CAN,2004,13.443,65.9559634648989,1.56,0.1453426590203839,61.30607372476248,Americas,CAN
CAN,2003,13.624,64.2,1.55,0.143657364384167,57.612620194228995,Americas,CAN
CAN,2002,13.618,61.5932992681952,1.52,0.1441460542046551,54.07557152919398,Americas,CAN
CAN,2001,12.869,60.2,1.54,0.1444269322576634,51.05845493528495,Americas,CAN
CAN,2000,12.669,51.3,1.51,0.1426814226379795,49.77618534556962,Americas,CAN
CYM,2023,NA,NA,1.531,NA,NA,Americas,CYM
CYM,2022,NA,NA,1.541,NA,NA,Americas,CYM
CYM,2021,NA,NA,1.551,NA,NA,Americas,CYM
CYM,2020,NA,NA,1.554,NA,NA,Americas,CYM
CYM,2019,NA,NA,1.508,NA,NA,Americas,CYM
CYM,2018,NA,NA,1.277,NA,NA,Americas,CYM
CYM,2017,NA,81.0676932508161,1.222,NA,NA,Americas,CYM
CYM,2016,NA,79,1.231,NA,NA,Americas,CYM
CYM,2015,NA,77,1.269,NA,NA,Americas,CYM
CYM,2014,NA,74.1,1.334,NA,NA,Americas,CYM
CYM,2013,NA,71.4,1.445,NA,NA,Americas,CYM
CYM,2012,NA,69.7,1.531,NA,NA,Americas,CYM
CYM,2011,NA,69.46594499,1.637,NA,NA,Americas,CYM
CYM,2010,NA,66,1.694,NA,NA,Americas,CYM
CYM,2009,NA,64.5,1.723,NA,NA,Americas,CYM
CYM,2008,NA,61,1.703,NA,NA,Americas,CYM
CYM,2007,NA,52,1.681,NA,NA,Americas,CYM
CYM,2006,NA,44.5,1.665,NA,NA,Americas,CYM
CYM,2005,NA,38.0343830823064,1.665,NA,NA,Americas,CYM
CYM,2004,NA,NA,1.671,NA,NA,Americas,CYM
CYM,2003,NA,NA,1.672,NA,NA,Americas,CYM
CYM,2002,NA,NA,1.681,NA,NA,Americas,CYM
CYM,2001,NA,NA,1.697,NA,NA,Americas,CYM
CYM,2000,NA,NA,1.707,NA,NA,Americas,CYM
CAF,2023,9.861,13.8416996,6.012,0.1782704552872656,NA,Africa,CAF
CAF,2022,10.078,13.75360012,6.023,0.1681317115180311,NA,Africa,CAF
CAF,2021,10.831,NA,6.052,0.1662365396618621,NA,Africa,CAF
CAF,2020,10.863,NA,6.059,0.1642833368415028,NA,Africa,CAF
CAF,2019,9.637,7.509200096,6.09,0.1450873550924585,NA,Africa,CAF
CAF,2018,9.574,5.099999905,6.108,0.1444808155862083,NA,Africa,CAF
CAF,2017,9.726,4,6.127,0.1439666677173635,NA,Africa,CAF
CAF,2016,9.746,3.0999999049999998,6.126,0.1426105478643784,NA,Africa,CAF
CAF,2015,9.809,2.9000000950000002,6.126,0.1406704818119853,NA,Africa,CAF
CAF,2014,9.726,2.700000048,6.099,0.1392338288497167,NA,Africa,CAF
CAF,2013,9.798,2.5,6.075,0.138188061474572,NA,Africa,CAF
CAF,2012,9.966,2.4000000950000002,6.047,0.1370692441177714,NA,Africa,CAF
CAF,2011,10.187,2.200000048,6.009,0.1366442177983561,NA,Africa,CAF
CAF,2010,10.338,2,5.963,0.1367582011384667,NA,Africa,CAF
CAF,2009,10.21,1.799999952,5.936,0.1373479829777671,NA,Africa,CAF
CAF,2008,10.096,1,5.902,0.1365705754086774,NA,Africa,CAF
CAF,2007,10.245,0.375815961044797,5.867,0.1369782511676583,NA,Africa,CAF
CAF,2006,10.335,0.311199993,5.84,0.1370474379429633,NA,Africa,CAF
CAF,2005,10.554,0.26820001,5.812,0.1365811417359758,NA,Africa,CAF
CAF,2004,10.684,0.223401395464406,5.784,0.136952916357021,NA,Africa,CAF
CAF,2003,10.947,0.151563337940017,5.799,0.1365279406745595,NA,Africa,CAF
CAF,2002,11.017,0.128537116506299,5.785,0.1364243221278326,NA,Africa,CAF
CAF,2001,11.037,0.0785434278394038,5.807,0.1362785286920786,NA,Africa,CAF
CAF,2000,10.963,0.0533941742150456,5.851,0.1356720388161063,NA,Africa,CAF
TCD,2023,1.452,12.03590012,6.12,0.1743351311460765,NA,Africa,TCD
TCD,2022,1.459,11.17029953,6.215,0.1647787746534394,NA,Africa,TCD
TCD,2021,2.018,9.653699875,6.255,0.1589080010097294,NA,Africa,TCD
TCD,2020,1.877,8.343099594,6.346,0.1636207785552107,NA,Africa,TCD
TCD,2019,1.494,7.618199825,6.412,0.1410855157098858,NA,Africa,TCD
TCD,2018,1.512,6.956299782,6.464,0.1400784437478772,NA,Africa,TCD
TCD,2017,1.493,6.351900101,6.537,0.1383058248193144,NA,Africa,TCD
TCD,2016,1.463,5.800000191,6.623,0.1361275273354339,NA,Africa,TCD
TCD,2015,1.426,3.5,6.706,0.1349489740465198,NA,Africa,TCD
TCD,2014,1.39,2.9000000950000002,6.781,0.1326943940579191,NA,Africa,TCD
TCD,2013,1.362,2.5,6.839,0.1312989578321736,NA,Africa,TCD
TCD,2012,1.309,2.0999999049999998,6.905,0.1302495102707184,NA,Africa,TCD
TCD,2011,1.317,1.899999976,6.948,0.1292287686799748,NA,Africa,TCD
TCD,2010,1.299,1.700000048,6.99,0.128556102002501,NA,Africa,TCD
TCD,2009,1.297,1.5,7.021,0.1287366035453897,NA,Africa,TCD
TCD,2008,1.273,1.19,7.063,0.1288872324155626,NA,Africa,TCD
TCD,2007,1.22,0.847224520710968,7.092,0.1282990953523358,NA,Africa,TCD
TCD,2006,1.104,0.581045764229641,7.118,0.1282502816144072,NA,Africa,TCD
TCD,2005,1.018,0.399257700084004,7.134,0.1278430833042509,NA,Africa,TCD
TCD,2004,1.038,0.360920107034467,7.16,0.127570525956131,NA,Africa,TCD
TCD,2003,1.097,0.320308555366775,7.179,0.1273202266678637,NA,Africa,TCD
TCD,2002,1.117,0.166069664674347,7.201,0.127313874929813,NA,Africa,TCD
TCD,2001,1.114,0.0459341343557353,7.231,0.1265828693610143,NA,Africa,TCD
TCD,2000,1.099,0.03570707628555,7.249,0.1261986217279818,NA,Africa,TCD
CHL,2023,21.973,94.45742345,1.167,0.2025151200677203,131.65055550651624,Americas,CHL
CHL,2022,18.287,92.31819916,1.255,0.189592766764347,130.7207402123655,Americas,CHL
CHL,2021,20.477,90.23280334,1.176,0.1877340257017785,135.490711557628,Americas,CHL
CHL,2020,24.377,87.45929718,1.307,0.1853461356298022,126.5520389761825,Americas,CHL
CHL,2019,18.953,85.01760101,1.43,0.1636624228086849,124.948490316809,Americas,CHL
CHL,2018,18.138,84.90000153,1.543,0.1632614215855992,117.36996364585676,Americas,CHL
CHL,2017,17.732,82.3274869338464,1.563,0.1612845029850274,108.57870824077075,Americas,CHL
CHL,2016,15.799,83.5585860244169,1.686,0.163269931962744,102.868472651738,Americas,CHL
CHL,2015,15.813,76.6295919508796,1.737,0.1609299353686609,99.99999999999993,Americas,CHL
CHL,2014,16.976,61.11000061,1.774,0.1611959369088428,93.40884801630398,Americas,CHL
CHL,2013,16.682,58,1.786,0.1607873359627483,87.57447462621593,Americas,CHL
CHL,2012,16.927,55.04999924,1.798,0.1586181645978005,81.59566304528417,Americas,CHL
CHL,2011,18.003,52.2496072877744,1.823,0.1581045225891805,75.78000298888175,Americas,CHL
CHL,2010,19.058,45,1.844,0.1575787218715564,69.69753792793574,Americas,CHL
CHL,2009,26.739,41.56,1.855,0.1570760518589092,66.7463439504715,Americas,CHL
CHL,2008,23.763,37.29999924,1.85,0.1564677329564217,65.1858766256785,Americas,CHL
CHL,2007,21.64,35.90000153,1.826,0.1558384526067333,64.6192834421927,Americas,CHL
CHL,2006,22.111,34.4977511736017,1.798,0.1551742211000117,62.01097996473255,Americas,CHL
CHL,2005,23.407,31.1753006,1.825,0.1544992178319476,60.401385534126575,Americas,CHL
CHL,2004,24.52,28.1779101232438,1.844,0.1539303520739232,59.16805994709573,Americas,CHL
CHL,2003,24.725,25.4737788864723,1.885,0.1540465149266303,56.02053705169018,Americas,CHL
CHL,2002,24.977,22.1,1.934,0.1542085335239909,54.98962129559268,Americas,CHL
CHL,2001,24.559,19.1,2.007,0.1530468268339713,NA,Americas,CHL
CHL,2000,24.745,16.6,2.046,0.1532943617850165,NA,Americas,CHL
CHN,2023,15.562,90.6,0.999,0.1342530912060199,131.71828114343026,Asia,CHN
CHN,2022,14.673,75.61131603,1.034,0.1324747545392508,132.23344946462225,Asia,CHN
CHN,2021,12.404,73.05323517,1.117,0.1297457419546907,133.56473757531276,Asia,CHN
CHN,2020,12.65,70.05275998,1.236,0.1311109987491683,129.74731830745225,Asia,CHN
CHN,2019,10.681,64.080881297515,1.496,0.1254893910243316,128.3169794481045,Asia,CHN
CHN,2018,9.674,65.35839844,1.539,0.1240075907863968,127.0653428959625,Asia,CHN
CHN,2017,10.431,54.3,1.795,0.1226150087389247,122.48897442744325,Asia,CHN
CHN,2016,10.574,53.2,1.772,0.1211295024780931,109.87570296841025,Asia,CHN
CHN,2015,10.68,50.29999924,1.67,0.1197925428550319,99.99999999999997,Asia,CHN
CHN,2014,10.507,47.90000153,1.769,0.1190541731055398,102.70431449623332,Asia,CHN
CHN,2013,10.316,45.79999924,1.714,0.1185183782161233,99.98041683926468,Asia,CHN
CHN,2012,10.154,42.30009842,1.798,0.1186321278866571,95.67538696533182,Asia,CHN
CHN,2011,9.976,38.3,1.668,0.1185980021931179,99.00677256070777,Asia,CHN
CHN,2010,9.823,34.3,1.687,0.1185038766436344,96.86970725193295,Asia,CHN
CHN,2009,10.15,28.9,1.714,0.1186192765947448,NA,Asia,CHN
CHN,2008,9.803,22.6,1.701,0.1177530438658398,NA,Asia,CHN
CHN,2007,9.224,16,1.666,0.1182029087864271,NA,Asia,CHN
CHN,2006,9.331,10.5231526193851,1.644,0.117245651312541,NA,Asia,CHN
CHN,2005,9.495,8.52325700269541,1.624,0.1170811478798039,NA,Asia,CHN
CHN,2004,9.433,7.3,1.605,0.1171915739842783,NA,Asia,CHN
CHN,2003,9.624,6.2,1.57,0.1168756727186242,NA,Asia,CHN
CHN,2002,8.919,4.59570433077551,1.566,0.1168874371020045,NA,Asia,CHN
CHN,2001,7.994,2.63965021485872,1.563,0.1166638422597156,NA,Asia,CHN
CHN,2000,6.84,1.77591320677415,1.628,0.1165708885254631,NA,Asia,CHN
COL,2023,19.365,77.33686322,1.645,0.140546764472338,101.8836491439415,Americas,COL
COL,2022,20.972,72.79637855,1.663,0.131461880802378,102.17855480844625,Americas,COL
COL,2021,24.757,73.02837449,1.68,0.1304064920709381,107.950639995834,Americas,COL
COL,2020,27.248,69.79533474,1.694,0.1282717433462879,109.16922230023201,Americas,COL
COL,2019,20.658,65.0069007159493,1.71,0.1145497615052165,109.00819213474675,Americas,COL
COL,2018,19.45,64.1263768204459,1.715,0.1140145976222909,107.56758695153525,Americas,COL
COL,2017,18.467,62.2598803162841,1.717,0.1135423546185211,105.568131200576,Americas,COL
COL,2016,18.274,58.1364935728703,1.719,0.1132676343929026,102.51858446396525,Americas,COL
COL,2015,17.316,55.9049725142924,1.771,0.1132383435435074,99.99999999999983,Americas,COL
COL,2014,18.245,52.568136539247,1.822,0.1132487460395787,97.65856552117987,Americas,COL
COL,2013,18.729,51.7,1.86,0.1132743780802682,93.18944416644122,Americas,COL
COL,2012,20.086,48.98,1.899,0.1134630982637162,87.04758374710268,Americas,COL
COL,2011,21.169,40.3509157546318,1.938,0.1136669360482772,81.90981085399225,Americas,COL
COL,2010,22.572,36.5,2.01,0.1139270633909938,80.14244479784355,Americas,COL
COL,2009,23.542,30,2.096,0.1143141062284212,76.17231098402357,Americas,COL
COL,2008,22.804,25.6,2.155,0.1148201231257727,72.08187702802633,Americas,COL
COL,2007,22.195,21.799999239999998,2.195,0.115206730733351,65.58595129488623,Americas,COL
COL,2006,22.328,15.3416745365682,2.241,0.1155808228493614,59.05311961072752,Americas,COL
COL,2005,22.595,11.0072638904585,2.309,0.1158450848207484,55.3267105265437,Americas,COL
COL,2004,26.324,9.1186903029666,2.384,0.1160752172981745,53.224470308768474,Americas,COL
COL,2003,25.154,7.38892371052557,2.45,0.1163415437775988,51.46214191179725,Americas,COL
COL,2002,26.895,4.6,2.489,0.1164777547793772,53.681344082112226,Americas,COL
COL,2001,27.488,2.85419997133433,2.522,0.1164309840585171,56.777816734778554,Americas,COL
COL,2000,37.389,2.207532992624,2.574,0.1163377859779551,58.71317902912375,Americas,COL
COM,2023,8.829,31.92749977,3.878,0.1495094503696694,NA,Africa,COM
COM,2022,8.884,31.37409973,3.935,0.1414395768583437,NA,Africa,COM
COM,2021,9.798,30.68120003,3.999,0.1382861035791066,NA,Africa,COM
COM,2020,10.485,22.42040062,4.071,0.1374304779211319,NA,Africa,COM
COM,2019,9.093,16.38380051,4.138,0.1204341760582875,NA,Africa,COM
COM,2018,9.204,NA,4.208,0.1177253137303841,NA,Africa,COM
COM,2017,9.357,8.478199959,4.278,0.1174519851712718,NA,Africa,COM
COM,2016,9.497,7.938300133,4.348,0.1138762128453988,NA,Africa,COM
COM,2015,9.395,7.459199905,4.42,0.1118224663064625,NA,Africa,COM
COM,2014,9.358,6.980000019,4.489,0.1131374667026441,NA,Africa,COM
COM,2013,9.284,6.5,4.572,0.110297040662535,NA,Africa,COM
COM,2012,9.404,5.975299835,4.652,0.1098240566441335,NA,Africa,COM
COM,2011,9.407,5.5,4.722,0.1095491400910772,NA,Africa,COM
COM,2010,9.476,5.099999905,4.755,0.1093498376593366,NA,Africa,COM
COM,2009,9.615,3.5,4.778,0.1093050179480631,NA,Africa,COM
COM,2008,9.755,3,4.805,0.1092529458135641,NA,Africa,COM
COM,2007,9.813,2.5,4.859,0.1091707259293166,NA,Africa,COM
COM,2006,9.802,2.200000048,4.934,0.1091072831413325,NA,Africa,COM
COM,2005,9.85,2,5.012,0.1090637061394766,NA,Africa,COM
COM,2004,9.904,1.32732717785355,5.065,0.1089792493623094,NA,Africa,COM
COM,2003,9.854,0.848189370151537,5.115,0.1088510173546944,NA,Africa,COM
COM,2002,9.561,0.554869674985088,5.155,0.1087706525894627,NA,Africa,COM
COM,2001,9.569,0.443068372538977,5.195,0.1087238204764057,NA,Africa,COM
COM,2000,9.595,0.271740607285909,5.227,0.1097857752699501,NA,Africa,COM
COD,2023,8.011,18.96789932,6.051,0.1572053941578396,NA,Africa,COD
COD,2022,8.1,17.99620056,6.106,0.1492080285385603,NA,Africa,COD
COD,2021,9.179,16.1595993,6.156,0.1481894451545639,NA,Africa,COD
COD,2020,9.595,14.51049995,6.206,0.1476694566747632,NA,Africa,COD
COD,2019,8.208,13.02970028,6.253,0.1292800549436777,NA,Africa,COD
COD,2018,8.301,11.69999981,6.302,0.1288621931324288,NA,Africa,COD
COD,2017,8.334,NA,6.349,0.1292881305415844,NA,Africa,COD
COD,2016,8.277,10.1,6.392,0.1283643212507498,NA,Africa,COD
COD,2015,8.22,3.799999952,6.437,0.1277650664596548,NA,Africa,COD
COD,2014,8.275,3,6.483,0.1274597198623425,NA,Africa,COD
COD,2013,8.376,2.200000048,6.527,0.1272598450551716,NA,Africa,COD
COD,2012,8.456,1.679999948,6.559,0.1276906273788874,NA,Africa,COD
COD,2011,8.004,1.200000048,6.582,0.1277143002567704,NA,Africa,COD
COD,2010,7.496,0.72,6.587,0.1279212405209023,NA,Africa,COD
COD,2009,6.994,0.560000002,6.591,0.128386296256025,NA,Africa,COD
COD,2008,6.449,0.439999998,6.58,0.1281558016412454,NA,Africa,COD
COD,2007,5.944,0.370000005,6.559,0.1281284302888409,NA,Africa,COD
COD,2006,5.436,0.296099991,6.547,0.1281639623692264,NA,Africa,COD
COD,2005,4.934,0.238000005,6.526,0.1282743418931954,NA,Africa,COD
COD,2004,4.971,0.196208375178039,6.53,0.1282738282848609,NA,Africa,COD
COD,2003,5.07,0.134914837437335,6.549,0.1284301879275899,NA,Africa,COD
COD,2002,5.21,0.0927907024606925,6.606,0.1285586492805041,NA,Africa,COD
COD,2001,5.296,0.0114757819210493,6.663,0.1281531537306293,NA,Africa,COD
COD,2000,5.296,0.0059021136806903,6.702,0.1281933479181896,NA,Africa,COD
COG,2023,40.717,43.15039825,4.157,0.1667430867965795,NA,Africa,COG
COG,2022,41.175,40.98669815,4.215,0.1579796025779806,NA,Africa,COG
COG,2021,44.676,30.02739906,4.28,0.1550536971899331,NA,Africa,COG
COG,2020,46.705,21.99850082,4.329,0.1540670908263372,NA,Africa,COG
COG,2019,42.045,16.11639977,4.38,0.1371207621619171,NA,Africa,COG
COG,2018,42.657,11.8071003,4.442,0.1353768636169377,NA,Africa,COG
COG,2017,42.478,8.649999619,4.496,0.1376554929688422,NA,Africa,COG
COG,2016,41.705,8.121899605,4.546,0.1388672430956098,NA,Africa,COG
COG,2015,41.214,7.616000175,4.607,0.1350821319086449,NA,Africa,COG
COG,2014,40.641,7.110000134,4.665,0.1370805782048282,NA,Africa,COG
COG,2013,40.919,6.599999905,4.731,0.1357808668502641,NA,Africa,COG
COG,2012,40.298,6.106699944,4.785,0.1351521765236931,NA,Africa,COG
COG,2011,40.186,5.6,4.826,0.1355612419612222,NA,Africa,COG
COG,2010,39.891,5,4.851,0.1329224589933245,NA,Africa,COG
COG,2009,40.713,4.5,4.808,0.1358335940491955,NA,Africa,COG
COG,2008,40.773,4.28750990276481,4.726,0.1349228901123062,NA,Africa,COG
COG,2007,40.582,2.75970437370903,4.649,0.1352395079770612,NA,Africa,COG
COG,2006,39.804,2.007999897,4.651,0.1350474741841061,NA,Africa,COG
COG,2005,40.023,1.463400006,4.669,0.1358447747894347,NA,Africa,COG
COG,2004,40.013,1.07750492958505,4.69,0.1353527032709446,NA,Africa,COG
COG,2003,39.796,0.460014186837522,4.696,0.1355835919726299,NA,Africa,COG
COG,2002,39.249,0.157249517243982,4.697,0.1364380506158148,NA,Africa,COG
COG,2001,39.557,0.0322236164306931,4.67,0.135493286018935,NA,Africa,COG
COG,2000,39.258,0.0263547320580279,4.724,0.1366164463639166,NA,Africa,COG
CRI,2023,24.308,85.39514799,1.33,0.1514434661713199,NA,Americas,CRI
CRI,2022,30.718,82.59801121,1.335,0.1445004805293184,NA,Americas,CRI
CRI,2021,39.201,82.74901607,1.353,0.142101420270708,NA,Americas,CRI
CRI,2020,40.11,80.530186079999993,1.448,0.1396117354213031,NA,Americas,CRI
CRI,2019,31.194,81.2025964435269,1.6,0.1279073606143488,NA,Americas,CRI
CRI,2018,25.071,73.4797284369906,1.706,0.1257405625776932,NA,Americas,CRI
CRI,2017,20.736,71.5816646195022,1.714,0.1250342198381024,NA,Americas,CRI
CRI,2016,21.65,65.8804491942718,1.746,0.1244971992170817,NA,Americas,CRI
CRI,2015,22.363,59.7629501371681,1.797,0.1240221892166783,NA,Americas,CRI
CRI,2014,24.23,53,1.8,0.1234869087494003,NA,Americas,CRI
CRI,2013,21.559,45.96,1.779,0.122791175450285,NA,Americas,CRI
CRI,2012,22.372,47.5,1.851,0.1221715597722524,NA,Americas,CRI
CRI,2011,22.037,39.2121959961842,1.877,0.121763752861043,NA,Americas,CRI
CRI,2010,17.378,36.5,1.827,0.1214735532929309,NA,Americas,CRI
CRI,2009,18.365,34.33,1.953,0.1214281412737444,NA,Americas,CRI
CRI,2008,11.247,32.29,1.98,0.1214142348932594,NA,Americas,CRI
CRI,2007,11.067,28.39999962,1.954,0.1213118615362295,NA,Americas,CRI
CRI,2006,14.269,25.10000038,1.937,0.1211155403302596,NA,Americas,CRI
CRI,2005,15.519,22.07,2.038,0.1209098786120115,NA,Americas,CRI
CRI,2004,14.531,20.7923067055542,2.028,0.1213310663266804,NA,Americas,CRI
CRI,2003,15.051,20.3336148143541,2.084,0.1210344347394105,NA,Americas,CRI
CRI,2002,14.457,19.8948511346293,2.162,0.1200127436742482,NA,Americas,CRI
CRI,2001,13.806,9.55948213497093,2.312,0.1209253219296196,NA,Americas,CRI
CRI,2000,11.237,5.80025302331829,2.413,0.1197920812282121,NA,Americas,CRI
CIV,2023,4.243,40.65284979,4.283,0.1581486507156116,NA,Africa,CIV
CIV,2022,4.304,38.41328122,4.349,0.1485360291599432,NA,Africa,CIV
CIV,2021,4.753,35.95069885,4.411,0.1468410966360923,NA,Africa,CIV
CIV,2020,4.687,36.01660156,4.461,0.1450662343761808,NA,Africa,CIV
CIV,2019,4.043,36.2889545655205,4.523,0.1294025662194854,NA,Africa,CIV
CIV,2018,4.667,37.546536130128104,4.596,0.1278569502927735,NA,Africa,CIV
CIV,2017,5.257,43.8399208514876,4.757,0.1266398838187521,NA,Africa,CIV
CIV,2016,2.04,41.2078149304414,4.873,0.1257018469783004,NA,Africa,CIV
CIV,2015,3.376,38.4400001654616,4.97,0.1250776349585964,NA,Africa,CIV
CIV,2014,4.701,10,5.071,0.1242352793133713,NA,Africa,CIV
CIV,2013,6.27,6.599999905,5.135,0.1227591990341019,NA,Africa,CIV
CIV,2012,9.891,4.400000095,5.19,0.1210280388711969,NA,Africa,CIV
CIV,2011,9.682,2.9000000950000002,5.244,0.1202536445976093,NA,Africa,CIV
CIV,2010,9.067,2.700000048,5.292,0.1193397842034097,NA,Africa,CIV
CIV,2009,8.921,2,5.332,0.1186074606449302,NA,Africa,CIV
CIV,2008,8.642,1.899999976,5.357,0.1189529674615745,NA,Africa,CIV
CIV,2007,8.457,1.799999952,5.403,0.1189884926160827,NA,Africa,CIV
CIV,2006,8.124,1.52489996,5.448,0.1191384855081964,NA,Africa,CIV
CIV,2005,8.035,1.039199948,5.499,0.1191017663480926,NA,Africa,CIV
CIV,2004,7.841,0.849282414747704,5.527,0.1190605411352912,NA,Africa,CIV
CIV,2003,7.68,0.758669629452205,5.572,0.1189043468397918,NA,Africa,CIV
CIV,2002,7.278,0.497929360753307,5.641,0.1187379184923323,NA,Africa,CIV
CIV,2001,6.896,0.395747702246439,5.704,0.1176771533906286,NA,Africa,CIV
CIV,2000,6.468,0.231461670612799,5.773,0.1172739745955947,NA,Africa,CIV
HRV,2023,18.91,83.24117599,1.46,0.1535760249208013,141.78700533080348,Europe,HRV
HRV,2022,17.744,82.07155532,1.53,0.1437691463414947,137.60839143538774,Europe,HRV
HRV,2021,21.542,81.25396608,1.62,0.1437256420415166,132.5097097740525,Europe,HRV
HRV,2020,20.673,78.32090004,1.48,0.1405825319015457,126.77210934077999,Europe,HRV
HRV,2019,16.71,79.0797836757554,1.47,0.1292024718157593,118.36821396987625,Europe,HRV
HRV,2018,23.509,75.2946259897258,1.47,0.1281663775252603,109.84711900201825,Europe,HRV
HRV,2017,27.425,67.0961920368478,1.42,0.1280119003968791,105.00592892991725,Europe,HRV
HRV,2016,30.949,72.6972696701463,1.43,0.1277575701848604,102.018456100541,Europe,HRV
HRV,2015,42.31,69.8450359238281,1.41,0.1277005418509194,99.9999999999998,Europe,HRV
HRV,2014,45.703,68.5678992528467,1.46,0.1265517629999482,102.65006955406051,Europe,HRV
HRV,2013,50.488,66.7476,1.46,0.1268595977970704,103.9544541785385,Europe,HRV
HRV,2012,42.512,61.9399731527956,1.52,0.1266379679441422,110.33006845939676,Europe,HRV
HRV,2011,36.666,57.7899789891444,1.41,0.1263769085462562,115.6054540332015,Europe,HRV
HRV,2010,32.355,56.55,1.46,0.1263533875305576,117.9166032760035,Europe,HRV
HRV,2009,25.213,50.58,1.5,0.1261907886199817,127.68076479137825,Europe,HRV
HRV,2008,23.678,44.24,1.47,0.125812541452792,138.639186220758,Europe,HRV
HRV,2007,25.123,41.44,1.48,0.125630320160984,128.54449301748025,Europe,HRV
HRV,2006,29.1,37.97999954,1.47,0.1251984978310012,118.011188492763,Europe,HRV
HRV,2005,32.541,33.13999939,1.5,0.1248398091125642,103.85057320228525,Europe,HRV
HRV,2004,32.826,30.91,1.43,0.1245226848126937,NA,Europe,HRV
HRV,2003,36.089,22.75,1.41,0.1241196819004141,NA,Europe,HRV
HRV,2002,36.533,17.76,1.42,0.1237986866974612,NA,Europe,HRV
HRV,2001,39.721,11.5585731811648,1.46,0.1236282362591039,NA,Europe,HRV
HRV,2000,41.872,6.64488254374396,1.39,0.1234257391059076,NA,Europe,HRV
CUB,2023,4.247,69.55580139,1.439,0.1752330037572842,NA,Americas,CUB
CUB,2022,4.336,67.88410187,1.412,0.1684951192392162,NA,Americas,CUB
CUB,2021,4.91,67.64354869,1.427,0.170138782418191,NA,Americas,CUB
CUB,2020,5.172,71.11907507,1.489,0.1655431263047598,NA,Americas,CUB
CUB,2019,4.249,67.9708086565152,1.54,0.1535919756954499,NA,Americas,CUB
CUB,2018,4.237,62.6789236230601,1.607,0.155685317385031,NA,Americas,CUB
CUB,2017,4.29,57.1484043170788,1.585,0.1552686559179162,NA,Americas,CUB
CUB,2016,4.964,42.9786751910106,1.6,0.155707470763966,NA,Americas,CUB
CUB,2015,5.966,37.3050974155373,1.685,0.156019848187696,NA,Americas,CUB
CUB,2014,6.596,29.0701843656523,1.655,0.1563560796446009,NA,Americas,CUB
CUB,2013,8.07,27.93,1.678,0.1569459556236514,NA,Americas,CUB
CUB,2012,8.446,21.200000760000002,1.668,0.1575703299153563,NA,Americas,CUB
CUB,2011,7.664,16.0172907996413,1.734,0.1579968861663354,NA,Americas,CUB
CUB,2010,6.026,15.9,1.673,0.1591883933072097,NA,Americas,CUB
CUB,2009,3.493,14.33,1.678,0.1596935436580845,NA,Americas,CUB
CUB,2008,3.403,12.94,1.576,0.1591979129742075,NA,Americas,CUB
CUB,2007,3.967,11.69,1.436,0.1600168387069256,NA,Americas,CUB
CUB,2006,4.196,11.1596013147617,1.402,0.1584650620750894,NA,Americas,CUB
CUB,2005,4.22,9.73806220781346,1.486,0.1579114586181828,NA,Americas,CUB
CUB,2004,3.908,8.40798475900703,1.546,0.1572744247564388,NA,Americas,CUB
CUB,2003,4.742,5.2412690536929,1.627,0.1565747566062846,NA,Americas,CUB
CUB,2002,6.83,3.77058503769014,1.645,0.1557618204660564,NA,Americas,CUB
CUB,2001,8.508,1.07975172188907,1.595,0.1548874408937678,NA,Americas,CUB
CUB,2000,11.119,0.541182548811058,1.608,0.154616846059429,NA,Americas,CUB
CUW,2023,NA,NA,1.3,NA,NA,Americas,CUW
CUW,2022,NA,NA,1.4,NA,NA,Americas,CUW
CUW,2021,NA,NA,1.4,NA,NA,Americas,CUW
CUW,2020,NA,NA,1.4,NA,NA,Americas,CUW
CUW,2019,NA,NA,1.6,NA,NA,Americas,CUW
CUW,2018,NA,NA,1.7,NA,NA,Americas,CUW
CUW,2017,NA,68.1272162511339,1.5,NA,NA,Americas,CUW
CUW,2016,NA,61.855510740634,1.7,NA,NA,Americas,CUW
CUW,2015,NA,NA,1.9,NA,NA,Americas,CUW
CUW,2014,NA,NA,2,NA,NA,Americas,CUW
CUW,2013,NA,NA,2.1,NA,NA,Americas,CUW
CUW,2012,NA,NA,2.2,NA,NA,Americas,CUW
CUW,2011,NA,NA,2.1,NA,NA,Americas,CUW
CUW,2010,NA,NA,2.2,NA,NA,Americas,CUW
CUW,2009,NA,NA,2.1,NA,NA,Americas,CUW
CUW,2008,NA,NA,2.2,NA,NA,Americas,CUW
CUW,2007,NA,NA,2,NA,NA,Americas,CUW
CUW,2006,NA,NA,2.1,NA,NA,Americas,CUW
CUW,2005,NA,NA,2.037,NA,NA,Americas,CUW
CUW,2004,NA,NA,2.099,NA,NA,Americas,CUW
CUW,2003,NA,NA,2.191,NA,NA,Americas,CUW
CUW,2002,NA,NA,2.3,NA,NA,Americas,CUW
CUW,2001,NA,NA,2.405,NA,NA,Americas,CUW
CUW,2000,NA,NA,2.342,NA,NA,Americas,CUW
CYP,2023,16.22,91.22110357,1.389,0.2075386614764165,NA,Asia,CYP
CYP,2022,18.707,89.60099194,1.393,0.1955509824321118,NA,Asia,CYP
CYP,2021,17.173,90.75951564,1.392,0.1919190569867749,NA,Asia,CYP
CYP,2020,18.491,90.80194644,1.361,0.1880742812696069,NA,Asia,CYP
CYP,2019,16.856,86.0636299618935,1.33,0.1681748138217986,NA,Asia,CYP
CYP,2018,20.654,84.4335825186889,1.319,0.1675900363355515,NA,Asia,CYP
CYP,2017,25.013,80.743188971932,1.323,0.1649933924374963,NA,Asia,CYP
CYP,2016,28.902,75.9002054030125,1.357,0.1632519238081814,NA,Asia,CYP
CYP,2015,32.539,71.7157409175171,1.323,0.1608976234465152,NA,Asia,CYP
CYP,2014,35.516,69.3286967086473,1.312,0.157529949939751,NA,Asia,CYP
CYP,2013,38.083,65.4548,1.304,0.1545406918862629,NA,Asia,CYP
CYP,2012,27.244,60.6898684001903,1.382,0.15241972833327,NA,Asia,CYP
CYP,2011,21.156,56.8598923503507,1.36,0.1497292965185505,NA,Asia,CYP
CYP,2010,15.852,52.99,1.434,0.1465383390086364,NA,Asia,CYP
CYP,2009,13.276,49.81,1.475,0.1452310857497136,NA,Asia,CYP
CYP,2008,8.532,42.31,1.479,0.1418117324309594,NA,Asia,CYP
CYP,2007,9.486,40.77,1.449,0.1401665649162702,NA,Asia,CYP
CYP,2006,9.872,35.83,1.509,0.1389330394722456,NA,Asia,CYP
CYP,2005,13.541,32.81,1.479,0.1377966673599621,NA,Asia,CYP
CYP,2004,10.213,33.83,1.512,0.1365825994442189,NA,Asia,CYP
CYP,2003,8.611,30.09,1.505,0.1359352775363489,NA,Asia,CYP
CYP,2002,7.449,28.32,1.497,0.1354676165585392,NA,Asia,CYP
CYP,2001,7.976,18.8187590408455,1.566,0.1350112507704586,NA,Asia,CYP
CYP,2000,8.904,15.2553943710137,1.638,0.1352879103821952,NA,Asia,CYP
CZE,2023,8.507,85.99404818,1.46,0.1412238053645648,144.3180527047115,Europe,CZE
CZE,2022,6.72,84.54009378,1.64,0.1337240943619917,159.32055329640525,Europe,CZE
CZE,2021,8.134,82.67062427,1.83,0.1362620871808051,155.7007732490615,Europe,CZE
CZE,2020,7.936,81.33889705,1.74,0.133511881232812,135.54462296781,Europe,CZE
CZE,2019,5.615,80.8669444139622,1.71,0.1224190092858824,128.7651248082995,Europe,CZE
CZE,2018,6.714,80.6881675434288,1.71,0.1236343002427747,121.41001199360474,Europe,CZE
CZE,2017,7.936,78.7191728513432,1.69,0.1234969026722704,115.03744050267599,Europe,CZE
CZE,2016,10.488,76.4811986951838,1.63,0.12430134723893391,106.031263261839,Europe,CZE
CZE,2015,12.582,75.668838699279,1.57,0.1239514435022566,100.00000000000006,Europe,CZE
CZE,2014,15.841,74.2317116367383,1.53,0.1248766616523156,96.71833716017323,Europe,CZE
CZE,2013,18.958,74.1104,1.46,0.1247894263637789,95.4811401156408,Europe,CZE
CZE,2012,19.508,73.4300078241036,1.45,0.1238119214969305,96.05245378482053,Europe,CZE
CZE,2011,18.077,70.49,1.43,0.1235262907664665,99.29164178196245,Europe,CZE
CZE,2010,18.356,68.82,1.51,0.1231618453656975,100.48363869151197,Europe,CZE
CZE,2009,16.656,64.43,1.51,0.1228731832037533,104.68861221649274,Europe,CZE
CZE,2008,9.874,62.97,1.51,0.1225713029766526,110.02185021988825,Europe,CZE
CZE,2007,10.734,51.93,1.45,0.1227288519961489,NA,Europe,CZE
CZE,2006,17.447,47.93,1.34,0.122518555597717,NA,Europe,CZE
CZE,2005,19.248,35.27,1.29,0.1218188177361401,NA,Europe,CZE
CZE,2004,20.377,35.5,1.23,0.1230328415728273,NA,Europe,CZE
CZE,2003,17.555,34.3,1.18,0.1218208800533528,NA,Europe,CZE
CZE,2002,15.982,23.93,1.17,0.1216443168864915,NA,Europe,CZE
CZE,2001,16.557,14.6971721171129,1.15,0.1224276432741584,NA,Europe,CZE
CZE,2000,16.97,9.78052788834393,1.15,0.1211586013446849,NA,Europe,CZE
DNK,2023,11.499,98.77559197,1.5,0.1817114384236626,118.3469387905995,Europe,DNK
DNK,2022,10.533,97.86011812,1.55,0.1737894391870553,126.78966537834324,Europe,DNK
DNK,2021,10.8,98.8658506,1.72,0.1688397319099646,130.447154704501,Europe,DNK
DNK,2020,11.634,96.54914573,1.68,0.169775916655496,119.14815460584676,Europe,DNK
DNK,2019,10.041,98.0464347521549,1.7,0.1555824392771262,114.42241567580325,Europe,DNK
DNK,2018,10.52,97.3192043651002,1.73,0.1541887917258864,112.835232170518,Europe,DNK
DNK,2017,12.384,97.0993621555621,1.75,0.1517689149106641,108.6029413176455,Europe,DNK
DNK,2016,12.147,96.9677852516645,1.79,0.1493477613080859,104.4712402874765,Europe,DNK
DNK,2015,12.152,96.3305016195436,1.71,0.1476137657805129,100.00000000000006,Europe,DNK
DNK,2014,14.196,95.9935053764454,1.69,0.1444523454879021,93.61646553327607,Europe,DNK
DNK,2013,14.774,94.6297,1.67,0.1417228259980267,90.77130602998704,Europe,DNK
DNK,2012,15.775,92.2600117153012,1.73,0.1398392186992154,88.04272192952152,Europe,DNK
DNK,2011,16.306,89.8100133895232,1.75,0.1402223275744026,92.56329080434715,Europe,DNK
DNK,2010,15.554,88.72,1.87,0.1368924414739651,96.32879963596115,Europe,DNK
DNK,2009,13.441,86.84,1.84,0.1358251518512149,95.95384638037567,Europe,DNK
DNK,2008,9.471,85.02,1.89,0.1336102210592405,110.465328440881,Europe,DNK
DNK,2007,7.495,85.03,1.84,0.1317611660797422,120.109231857563,Europe,DNK
DNK,2006,7.686,86.65,1.85,0.1293296915231555,118.97683422549375,Europe,DNK
DNK,2005,8.603,82.74,1.8,0.1292824145655795,98.01696971595332,Europe,DNK
DNK,2004,7.776,80.93,1.78,0.1267118516174063,83.09823031818227,Europe,DNK
DNK,2003,9.804,76.26,1.76,0.1269350055497574,75.77507234519899,Europe,DNK
DNK,2002,7.043,64.25,1.72,0.1257411368283624,73.06425449495005,Europe,DNK
DNK,2001,8.229,42.9575247201878,1.74,0.1254643114786416,71.8613378199442,Europe,DNK
DNK,2000,6.726,39.1724308555053,1.77,0.1246980869486996,69.46205614185692,Europe,DNK
DJI,2023,76.393,64.75869751,2.609,0.1378702833765809,NA,Africa,DJI
DJI,2022,76.609,63.77600098,2.653,0.1291308737291207,NA,Africa,DJI
DJI,2021,79.377,61.41120148,2.699,0.1293887864945518,NA,Africa,DJI
DJI,2020,81.882,59.92570114,2.745,0.1234241174188046,NA,Africa,DJI
DJI,2019,75.906,58.4762001,2.798,0.1105413611204055,NA,Africa,DJI
DJI,2018,74.98,57.06169891,2.858,0.1108405972146727,NA,Africa,DJI
DJI,2017,73.951,55.6814092453962,2.916,0.1087194354307165,NA,Africa,DJI
DJI,2016,73.014,30.799999239999998,2.969,0.1061877386152345,NA,Africa,DJI
DJI,2015,72.492,22.89999962,3.041,0.1067455484153813,NA,Africa,DJI
DJI,2014,72.035,17,3.116,0.1056097893906694,NA,Africa,DJI
DJI,2013,71.343,12.69999981,3.187,0.1035033412591928,NA,Africa,DJI
DJI,2012,70.783,9.399999619,3.255,0.104846593221349,NA,Africa,DJI
DJI,2011,70.486,7,3.341,0.1027202635594258,NA,Africa,DJI
DJI,2010,70.021,6.5,3.431,0.1028839308251203,NA,Africa,DJI
DJI,2009,69.335,4,3.521,0.1019646218477045,NA,Africa,DJI
DJI,2008,68.403,2.26,3.621,0.1017134127855518,NA,Africa,DJI
DJI,2007,68.053,1.62,3.756,0.0999422420708369,NA,Africa,DJI
DJI,2006,67.666,1.269999981,3.899,0.0999226071980526,NA,Africa,DJI
DJI,2005,67.305,0.953599989,4.035,0.1005601808143622,NA,Africa,DJI
DJI,2004,66.899,0.781317175068661,4.162,0.1004448067034388,NA,Africa,DJI
DJI,2003,66.643,0.625940229399888,4.296,0.0996191630560782,NA,Africa,DJI
DJI,2002,66.37,0.48697170451894,4.41,0.1019716620856585,NA,Africa,DJI
DJI,2001,65.648,0.343526262964202,4.518,0.1012936046403146,NA,Africa,DJI
DJI,2000,65.03,0.194500528399956,4.601,0.10120911672980171,NA,Africa,DJI
DMA,2023,NA,81.33650208,1.484,0.1693223335972713,NA,Americas,DMA
DMA,2022,NA,80.57980347,1.482,0.1615551203018221,NA,Americas,DMA
DMA,2021,NA,78.07949829,1.484,0.1619219079366126,NA,Americas,DMA
DMA,2020,NA,75.65670013,1.495,0.1589146825856065,NA,Americas,DMA
DMA,2019,NA,73.38200378,1.504,0.1470336861588519,NA,Americas,DMA
DMA,2018,NA,NA,1.517,0.1471949163311087,NA,Americas,DMA
DMA,2017,NA,69.61969757,1.54,0.1471012189387242,NA,Americas,DMA
DMA,2016,NA,67.02999878,1.581,0.1467504357320925,NA,Americas,DMA
DMA,2015,NA,65,1.648,0.1461227828148863,NA,Americas,DMA
DMA,2014,NA,57.5,1.713,0.145498045090802,NA,Americas,DMA
DMA,2013,NA,51,1.778,0.1451133548668127,NA,Americas,DMA
DMA,2012,NA,49.79999924,1.827,0.1447342271068697,NA,Americas,DMA
DMA,2011,NA,48.59999847,1.861,0.1440914012479469,NA,Americas,DMA
DMA,2010,NA,47.45,1.887,0.1438651018641993,NA,Americas,DMA
DMA,2009,NA,42.02000046,1.918,0.1437882211342226,NA,Americas,DMA
DMA,2008,NA,41.15999985,1.968,0.1435038225648041,NA,Americas,DMA
DMA,2007,NA,40.2745018,2.022,0.1432208379833029,NA,Americas,DMA
DMA,2006,NA,39.39820099,2.074,0.1428845727644913,NA,Americas,DMA
DMA,2005,NA,38.54359818,1.998,0.1425293045657139,NA,Americas,DMA
DMA,2004,NA,30.3196130921568,2.023,0.1421312244076936,NA,Americas,DMA
DMA,2003,NA,23.6204198529629,2.075,0.1417441442284293,NA,Americas,DMA
DMA,2002,NA,18.4248927671241,2.16,0.1412761727434307,NA,Americas,DMA
DMA,2001,NA,13.2452280386761,2.399,0.1407296315271943,NA,Americas,DMA
DMA,2000,NA,8.81484419762881,2.346,0.1401939695738807,NA,Americas,DMA
DOM,2023,11.559,86.12689972,2.243,0.1847998815152095,NA,Americas,DOM
DOM,2022,12.852,81.51269675,2.267,0.1780509814303318,NA,Americas,DOM
DOM,2021,16.874,85.24298638,2.294,0.1759704452981804,NA,Americas,DOM
DOM,2020,14.766,81.61730194,2.329,0.1769947627639737,NA,Americas,DOM
DOM,2019,15.835,79.71549988,2.366,0.1601888357197466,NA,Americas,DOM
DOM,2018,14.847,74.8220483597284,2.397,0.1599439765371455,NA,Americas,DOM
DOM,2017,13.441,67.5712453277737,2.398,0.1598247565149715,NA,Americas,DOM
DOM,2016,16.738,63.8708647408206,2.41,0.1590246884243568,NA,Americas,DOM
DOM,2015,16.426,54.2157663369785,2.43,0.1588433646789735,NA,Americas,DOM
DOM,2014,13.343,49.58000183,2.451,0.1577764677173807,NA,Americas,DOM
DOM,2013,17.392,45.9,2.474,0.1588017798270307,NA,Americas,DOM
DOM,2012,14.821,42.32,2.497,0.1571020787290793,NA,Americas,DOM
DOM,2011,13.956,38,2.527,0.1567791597680123,NA,Americas,DOM
DOM,2010,10.81,31.39999962,2.556,0.1563274656910064,NA,Americas,DOM
DOM,2009,12.479,27.72,2.574,0.1562270219566325,NA,Americas,DOM
DOM,2008,10.548,20.82,2.546,0.1558167473842935,NA,Americas,DOM
DOM,2007,12.326,17.66,2.51,0.1544668599278515,NA,Americas,DOM
DOM,2006,10.779,14.8449283654589,2.508,0.1551201976885668,NA,Americas,DOM
DOM,2005,13.492,11.4831977789344,2.574,0.1532936001701632,NA,Americas,DOM
DOM,2004,12.899,8.8655534607044,2.641,0.1527913591794542,NA,Americas,DOM
DOM,2003,13.423,7.89839293716387,2.703,0.1522698092833409,NA,Americas,DOM
DOM,2002,12.721,6.8237257325842,2.764,0.1516801738601048,NA,Americas,DOM
DOM,2001,13.455,4.42939069666645,2.827,0.1510099990719271,NA,Americas,DOM
DOM,2000,12.402,3.70469235587688,2.869,0.15101883139928,NA,Americas,DOM
ECU,2023,7.782,72.6943146,1.823,0.1799647693338966,NA,Americas,ECU
ECU,2022,8.298,69.71811356,1.861,0.167387094613381,NA,Americas,ECU
ECU,2021,9.136,69.1147995,1.909,0.1629562017009667,NA,Americas,ECU
ECU,2020,11.068,70.7,1.967,0.1650130586450103,NA,Americas,ECU
ECU,2019,8.733,59.2,2.035,0.1444960598965404,NA,Americas,ECU
ECU,2018,7.956,57.5,2.111,0.1440774209560045,NA,Americas,ECU
ECU,2017,8.465,55.79999924,2.128,0.1418261609383373,NA,Americas,ECU
ECU,2016,10.349,54.0629247288864,2.122,0.1429037023328391,NA,Americas,ECU
ECU,2015,8.824,48.9404337892669,2.209,0.1415353659818093,NA,Americas,ECU
ECU,2014,9.031,45.5903906666095,2.274,0.1407338398312548,NA,Americas,ECU
ECU,2013,8.332,40.279121941,2.362,0.1411883989553391,NA,Americas,ECU
ECU,2012,8.538,35.1351464545516,2.509,0.139671276039297,NA,Americas,ECU
ECU,2011,8.899,31.3668083587433,2.605,0.1398792093139121,NA,Americas,ECU
ECU,2010,9.286,29.03,2.615,0.1396705801949798,NA,Americas,ECU
ECU,2009,9.864,24.6,2.678,0.1392718652944393,NA,Americas,ECU
ECU,2008,9.163,18.8,2.688,0.140928908911202,NA,Americas,ECU
ECU,2007,7.017,10.80000019,2.704,0.1394905834928812,NA,Americas,ECU
ECU,2006,7.926,7.199999809,2.753,0.1395795384647149,NA,Americas,ECU
ECU,2005,7.864,5.994299889,2.8,0.1393960548279522,NA,Americas,ECU
ECU,2004,10.204,4.83444263759525,2.853,0.1391722640103037,NA,Americas,ECU
ECU,2003,10.849,4.46022834472698,2.911,0.1388817490482583,NA,Americas,ECU
ECU,2002,9.507,4.26079691519764,2.972,0.1384750294789516,NA,Americas,ECU
ECU,2001,8.551,2.67044367376705,3.037,0.1380277232071874,NA,Americas,ECU
ECU,2000,9.768,1.46218853556457,3.102,0.1381570039757406,NA,Americas,ECU
EGY,2023,17.153,74.01190186,2.75,0.165558584822032,NA,Africa,EGY
EGY,2022,16.342,72.19806556,2.75,0.1575077983767825,NA,Africa,EGY
EGY,2021,18.21,72.05599976,2.75,0.1571638553947485,NA,Africa,EGY
EGY,2020,18.463,71.91420096,2.85,0.1574771125618186,NA,Africa,EGY
EGY,2019,20.631,57.2828663990195,2.87,0.1401528205563194,NA,Africa,EGY
EGY,2018,26.252,46.92433676792,3.02,0.1398320321237976,NA,Africa,EGY
EGY,2017,32.644,44.9502042452857,3.31,0.1398352022680123,NA,Africa,EGY
EGY,2016,33.655,41.2480670885772,3.35,0.1394241876312252,NA,Africa,EGY
EGY,2015,34.16,37.8193834276939,3.5,0.1395071697095729,NA,Africa,EGY
EGY,2014,32.198,33.8946039115275,3.49,0.1393489392697892,NA,Africa,EGY
EGY,2013,34.12,29.4,3.49,0.1382172329116642,NA,Africa,EGY
EGY,2012,34.439,26.4,3.4,0.1380993139182968,NA,Africa,EGY
EGY,2011,29.426,25.6,3.311,0.1378484788325582,NA,Africa,EGY
EGY,2010,24.583,21.6,3.296,0.1363256400620313,NA,Africa,EGY
EGY,2009,25.219,20,3.259,0.1366929974828564,NA,Africa,EGY
EGY,2008,25.536,18.01,3.238,0.1375145926716104,NA,Africa,EGY
EGY,2007,25.076,16.03,3.237,0.1361824015796255,NA,Africa,EGY
EGY,2006,30.516,13.66,3.223,0.1367218334446752,NA,Africa,EGY
EGY,2005,31.222,12.75,3.254,0.1368982787221025,NA,Africa,EGY
EGY,2004,28.348,11.92,3.283,0.1371673267586157,NA,Africa,EGY
EGY,2003,29.399,4.03788510706701,3.352,0.1351626402397807,NA,Africa,EGY
EGY,2002,26.4,2.71999971465421,3.412,0.1363110881561922,NA,Africa,EGY
EGY,2001,27.632,0.838945611477604,3.46,0.1359307060525358,NA,Africa,EGY
EGY,2000,24.998,0.641265037504813,3.505,0.1358944549855528,NA,Africa,EGY
SLV,2023,7.031,62.61989975,1.775,0.1467740660895369,NA,Americas,SLV
SLV,2022,7.48,60.05609894,1.785,0.1387561929607429,NA,Americas,SLV
SLV,2021,9.804,57.26380157,1.803,0.1375425105765795,NA,Americas,SLV
SLV,2020,11.084,54.60136976,1.819,0.1366450561546915,NA,Americas,SLV
SLV,2019,9.6,50.4911940673888,1.838,0.1227774760552404,NA,Americas,SLV
SLV,2018,9.278,43.79999924,1.849,0.1235044797533887,NA,Americas,SLV
SLV,2017,9.747,33.8207289048526,1.896,0.1217101829898102,NA,Americas,SLV
SLV,2016,9.499,28.99710083,1.965,0.1212750932678351,NA,Americas,SLV
SLV,2015,8.661,26.8026049600572,2.067,0.1207102845876626,NA,Americas,SLV
SLV,2014,9.597,24.7617121459061,2.126,0.1200068843614796,NA,Americas,SLV
SLV,2013,8.512,23.1093,2.154,0.119173441004375,NA,Americas,SLV
SLV,2012,8.435,20.3213877242007,2.187,0.1182364618273451,NA,Americas,SLV
SLV,2011,8.541,18.89999962,2.224,0.1172038624813582,NA,Americas,SLV
SLV,2010,10.156,15.9,2.239,0.1162678781594074,NA,Americas,SLV
SLV,2009,13.87,12.11,2.261,0.1156303236497164,NA,Americas,SLV
SLV,2008,10.867,10.08,2.291,0.1152261882323453,NA,Americas,SLV
SLV,2007,11.372,6.11,2.354,0.1148179188295628,NA,Americas,SLV
SLV,2006,11.572,5.5,2.395,0.114494443048078,NA,Americas,SLV
SLV,2005,12.671,4.199999809,2.44,0.114185047678389,NA,Americas,SLV
SLV,2004,11.834,3.2,2.516,0.1138368905272136,NA,Americas,SLV
SLV,2003,11.901,2.5,2.636,0.1134357560013637,NA,Americas,SLV
SLV,2002,10.777,1.9,2.775,0.1129280986545832,NA,Americas,SLV
SLV,2001,12.135,1.5,2.93,0.1123438497892057,NA,Americas,SLV
SLV,2000,11.969,1.17739726914477,3.076,0.1122871141304322,NA,Americas,SLV
GNQ,2023,15.457,63.51950073,4.081,0.1639196068528408,NA,Africa,GNQ
GNQ,2022,15.81,63.65950012,4.17,0.15435183304023611,NA,Africa,GNQ
GNQ,2021,16.976,58.71730042,4.266,0.1530291031740518,NA,Africa,GNQ
GNQ,2020,17.393,55.00130081,4.346,0.1529396275307999,NA,Africa,GNQ
GNQ,2019,15.221,49.13370132,4.429,0.134501279758902,NA,Africa,GNQ
GNQ,2018,15.14,29.39999962,4.513,0.1341293206602188,NA,Africa,GNQ
GNQ,2017,15.389,26.23999977,4.599,0.1338136307223975,NA,Africa,GNQ
GNQ,2016,15.377,23.78000069,4.686,0.1331293783624604,NA,Africa,GNQ
GNQ,2015,15.404,21.31999969,4.774,0.1334227869856331,NA,Africa,GNQ
GNQ,2014,15.211,18.86000061,4.863,0.1331470654378115,NA,Africa,GNQ
GNQ,2013,15.252,16.39999962,4.952,0.1326781132631131,NA,Africa,GNQ
GNQ,2012,15.426,13.94320011,5.04,0.1356472588941926,NA,Africa,GNQ
GNQ,2011,15.564,11.5,5.126,0.1324289296074181,NA,Africa,GNQ
GNQ,2010,15.606,6,5.209,0.1330863069780392,NA,Africa,GNQ
GNQ,2009,15.127,2.130000114,5.288,0.1334239622696299,NA,Africa,GNQ
GNQ,2008,14.696,1.820000052,5.363,0.1308637319826519,NA,Africa,GNQ
GNQ,2007,14.744,1.557100058,5.433,0.1319677649598582,NA,Africa,GNQ
GNQ,2006,14.698,1.279199958,5.498,0.1327928297834513,NA,Africa,GNQ
GNQ,2005,14.852,1.149799943,5.559,0.1312228712003518,NA,Africa,GNQ
GNQ,2004,14.887,0.843930284607049,5.618,0.1325270931567984,NA,Africa,GNQ
GNQ,2003,15.098,0.520524272046806,5.675,0.1317078787262895,NA,Africa,GNQ
GNQ,2002,15.063,0.321197997152044,5.731,0.1290911860059522,NA,Africa,GNQ
GNQ,2001,14.989,0.16526042288306,5.785,0.1297640522298736,NA,Africa,GNQ
GNQ,2000,14.787,0.132354665123789,5.834,0.1293086298759251,NA,Africa,GNQ
ERI,2023,9.965,NA,3.713,0.1389305880504397,NA,Africa,ERI
ERI,2022,10.186,NA,3.786,0.1325435892726601,NA,Africa,ERI
ERI,2021,10.976,NA,3.867,0.1301375701981084,NA,Africa,ERI
ERI,2020,11.1,14.34939957,3.933,0.130336026429113,NA,Africa,ERI
ERI,2019,9.845,11.22379971,3.997,0.1169968171088921,NA,Africa,ERI
ERI,2018,9.802,5.293000221,4.056,0.1161406731035475,NA,Africa,ERI
ERI,2017,9.989,2.496099949,4.112,0.1150343881281302,NA,Africa,ERI
ERI,2016,9.998,1.177099943,4.164,0.1139611917812356,NA,Africa,ERI
ERI,2015,10.034,1.083699942,4.217,0.1124809969982148,NA,Africa,ERI
ERI,2014,9.896,0.99000001,4.273,0.1116730398865467,NA,Africa,ERI
ERI,2013,9.945,0.899999976,4.335,0.1110547094880941,NA,Africa,ERI
ERI,2012,10.103,0.800000012,4.407,0.1094520019955293,NA,Africa,ERI
ERI,2011,10.326,0.699999988,4.486,0.1103997663924227,NA,Africa,ERI
ERI,2010,10.469,0.610000014,4.571,0.1103619799773869,NA,Africa,ERI
ERI,2009,10.245,0.540000021,4.656,0.1102566926314021,NA,Africa,ERI
ERI,2008,10.056,0.469999999,4.737,0.1107058480353849,NA,Africa,ERI
ERI,2007,10.147,0.409999996,4.812,0.1103185414408606,NA,Africa,ERI
ERI,2006,10.135,NA,4.881,0.1106003725103935,NA,Africa,ERI
ERI,2005,10.223,NA,4.934,0.1104936551277642,NA,Africa,ERI
ERI,2004,10.234,NA,5.036,0.1101256763685667,NA,Africa,ERI
ERI,2003,10.42,NA,5.143,0.1112373905396316,NA,Africa,ERI
ERI,2002,10.428,0.227090137626716,5.233,0.1112224087533175,NA,Africa,ERI
ERI,2001,10.371,0.157815289303043,5.306,0.1111243418503958,NA,Africa,ERI
ERI,2000,10.216,0.136711941104496,5.397,0.1119400038770526,NA,Africa,ERI
EST,2023,17.207,93.18342241,1.31,0.1309481645976085,132.24290171342025,Europe,EST
EST,2022,18.392,91.52016546,1.41,0.125888132035034,136.355697017199,Europe,EST
EST,2021,16.622,90.97970174,1.61,0.1268131381330379,131.18168283577177,Europe,EST
EST,2020,18.417,89.05828666,1.58,0.1249494404346099,118.5382164229225,Europe,EST
EST,2019,11.623,90.2289281997919,1.66,0.1165083764006615,110.40174299194899,Europe,EST
EST,2018,12.076,89.3570077747426,1.67,0.1167103471455843,106.301332678102,Europe,EST
EST,2017,12.176,88.1024568740199,1.59,0.116842196274641,103.92590612767275,Europe,EST
EST,2016,14.125,87.2402327514547,1.6,0.1169323840821539,102.92320334891178,Europe,EST
EST,2015,14.342,88.4097035040431,1.58,0.1168242403803623,99.99999999999983,Europe,EST
EST,2014,14.975,84.2415280294352,1.54,0.1172851170278587,93.73578892565442,Europe,EST
EST,2013,18.704,80.0043,1.52,0.1177268484333161,82.97684133599653,Europe,EST
EST,2012,20.862,78.3899259259259,1.56,0.1174515395168705,77.28761089022008,Europe,EST
EST,2011,22.386,76.5,1.61,0.1181080722545388,75.0916112660413,Europe,EST
EST,2010,32.938,74.1,1.72,0.1174156423546312,72.84346032725988,Europe,EST
EST,2009,27.41,72.5,1.7,0.1165719426076887,71.75427785419114,Europe,EST
EST,2008,12.032,70.58,1.72,0.115453970974507,113.18822054519745,Europe,EST
EST,2007,10.097,66.19,1.69,0.1150882582106324,135.03098033986527,Europe,EST
EST,2006,12.118,63.51,1.58,0.1135912472581485,120.45608323361975,Europe,EST
EST,2005,15.123,61.45,1.52,0.1133406144454533,84.97745711024128,Europe,EST
EST,2004,25.603,53.2,1.47,0.1136444914393327,NA,Europe,EST
EST,2003,26.721,45.32,1.37,0.1133652849651699,NA,Europe,EST
EST,2002,20.194,41.52,1.36,0.1125271272972474,NA,Europe,EST
EST,2001,23.847,31.5274897673756,1.32,0.1134736903154284,NA,Europe,EST
EST,2000,21.114,28.5769538105646,1.36,0.1120581238438382,NA,Europe,EST
SWZ,2023,54.239,61.33330154,2.753,0.1473691580735198,NA,Africa,SWZ
SWZ,2022,58.474,57.34370041,2.801,0.1371451231296496,NA,Africa,SWZ
SWZ,2021,56.669,53.99530029,2.841,0.1364104301850575,NA,Africa,SWZ
SWZ,2020,58.611,49.01300049,2.888,0.1341805276775641,NA,Africa,SWZ
SWZ,2019,51.201,43.93389893,2.925,0.1168850978191171,NA,Africa,SWZ
SWZ,2018,49.927,39.38100052,2.971,0.1150147126128093,NA,Africa,SWZ
SWZ,2017,48.365,35.33160019,3.018,0.1147539409295979,NA,Africa,SWZ
SWZ,2016,46.973,28.56999969,3.068,0.1144464926527154,NA,Africa,SWZ
SWZ,2015,48.353,25.64299965,3.122,0.1141190846388878,NA,Africa,SWZ
SWZ,2014,49.309,25,3.181,0.1139301343462134,NA,Africa,SWZ
SWZ,2013,50.462,24.700000760000002,3.237,0.1137270465170828,NA,Africa,SWZ
SWZ,2012,51.687,20.78179932,3.266,0.1135353737958643,NA,Africa,SWZ
SWZ,2011,53.245,18.13,3.317,0.1142030188589019,NA,Africa,SWZ
SWZ,2010,54.535,11.04,3.375,0.114113412151081,NA,Africa,SWZ
SWZ,2009,55.585,8.94,3.504,0.1133662309199768,NA,Africa,SWZ
SWZ,2008,56.211,6.85,3.567,0.1149627153435819,NA,Africa,SWZ
SWZ,2007,56.793,4.1,3.58,0.1132868504250025,NA,Africa,SWZ
SWZ,2006,55.638,3.69653878906882,3.632,0.1132742338555526,NA,Africa,SWZ
SWZ,2005,54.7,3.697000027,3.704,0.1132034135762277,NA,Africa,SWZ
SWZ,2004,53.665,3.22868507316111,3.76,0.1131290232674634,NA,Africa,SWZ
SWZ,2003,52.664,2.43707385055863,3.796,0.113069911298954,NA,Africa,SWZ
SWZ,2002,51.557,1.81620380712642,3.854,0.1129975636761154,NA,Africa,SWZ
SWZ,2001,50.336,1.28159005046719,3.944,0.1136603789583641,NA,Africa,SWZ
SWZ,2000,48.798,0.926191777269401,4.03,0.113583365657143,NA,Africa,SWZ
ETH,2023,5.455,20.33749962,3.989,0.1464960511931586,NA,Africa,ETH
ETH,2022,5.45,17.9836998,4.082,0.1388040382526177,NA,Africa,ETH
ETH,2021,6.246,16.6981031,4.177,0.1393257231146533,NA,Africa,ETH
ETH,2020,6.356,16.06959915,4.274,0.1359730869841338,NA,Africa,ETH
ETH,2019,4.752,15.98460007,4.347,0.120178303389855,NA,Africa,ETH
ETH,2018,4.515,15.88619995,4.371,0.1197215811365142,NA,Africa,ETH
ETH,2017,4.25,15.62440014,4.401,0.1190985518278421,NA,Africa,ETH
ETH,2016,4.031,15.3669238595896,4.473,0.1182879183088087,NA,Africa,ETH
ETH,2015,3.813,13.8551755555556,4.529,0.1174201669402395,NA,Africa,ETH
ETH,2014,3.634,7.699999809,4.605,0.116616236611709,NA,Africa,ETH
ETH,2013,3.429,4.599999905,4.708,0.1162110857789597,NA,Africa,ETH
ETH,2012,3.414,2.9000000950000002,4.887,0.1160845435211844,NA,Africa,ETH
ETH,2011,3.42,1.100000024,5.08,0.1154067169351565,NA,Africa,ETH
ETH,2010,3.435,0.75,5.282,0.1158005224607638,NA,Africa,ETH
ETH,2009,3.46,0.540000021,5.488,0.1158563210446799,NA,Africa,ETH
ETH,2008,3.453,0.449999988,5.695,0.1157580401107495,NA,Africa,ETH
ETH,2007,3.457,0.37,5.887,0.1154747956391373,NA,Africa,ETH
ETH,2006,3.45,0.310592656856176,6.047,0.1156502329332489,NA,Africa,ETH
ETH,2005,3.602,0.219659818999505,6.194,0.1155063077943272,NA,Africa,ETH
ETH,2004,3.982,0.155334520794722,6.301,0.1154242155625619,NA,Africa,ETH
ETH,2003,4.316,0.105811658802603,6.4,0.1160032081155433,NA,Africa,ETH
ETH,2002,4.472,0.0724022618698295,6.499,0.116680019535034,NA,Africa,ETH
ETH,2001,4.683,0.0371623810686744,6.579,0.115913349968618,NA,Africa,ETH
ETH,2000,5.127,0.0152637672082567,6.654,0.1166289574292629,NA,Africa,ETH
FRO,2023,NA,NA,1.8676,NA,NA,Europe,FRO
FRO,2022,NA,NA,2.0788,NA,NA,Europe,FRO
FRO,2021,NA,NA,2.3109,NA,NA,Europe,FRO
FRO,2020,NA,NA,2.3301,NA,NA,Europe,FRO
FRO,2019,NA,NA,2.4187,NA,NA,Europe,FRO
FRO,2018,NA,NA,2.5015,NA,NA,Europe,FRO
FRO,2017,NA,97.5819589384468,2.4684,NA,NA,Europe,FRO
FRO,2016,NA,95.1086816720257,2.6078,NA,NA,Europe,FRO
FRO,2015,NA,94.2,2.411,NA,NA,Europe,FRO
FRO,2014,NA,93.3,2.5485,NA,NA,Europe,FRO
FRO,2013,NA,90,2.5099,NA,NA,Europe,FRO
FRO,2012,NA,85.3351892392109,2.5311,NA,NA,Europe,FRO
FRO,2011,NA,80.7321728,2.2832,NA,NA,Europe,FRO
FRO,2010,NA,75.2,2.5033,NA,NA,Europe,FRO
FRO,2009,NA,75.18,2.3435,NA,NA,Europe,FRO
FRO,2008,NA,75.57,2.5294,NA,NA,Europe,FRO
FRO,2007,NA,75.98,2.5395,NA,NA,Europe,FRO
FRO,2006,NA,69.359445124439,2.4764,NA,NA,Europe,FRO
FRO,2005,NA,67.9026317413939,2.6115,NA,NA,Europe,FRO
FRO,2004,NA,66.5335994677312,2.5775,NA,NA,Europe,FRO
FRO,2003,NA,58.9126409695337,2.5267,NA,NA,Europe,FRO
FRO,2002,NA,53.2992218313613,2.5436,NA,NA,Europe,FRO
FRO,2001,NA,43.2469835228993,2.297,NA,NA,Europe,FRO
FRO,2000,NA,32.916392363397,2.5604,NA,NA,Europe,FRO
FJI,2023,15.296,74.1160965,2.281,0.1224595307021706,NA,Oceania,FJI
FJI,2022,15.729,72.56549835,2.305,0.1155643678233909,NA,Oceania,FJI
FJI,2021,16.146,70.56800079,2.332,0.1162877357777761,NA,Oceania,FJI
FJI,2020,16.749,68.62560272,2.357,0.1125798568837317,NA,Oceania,FJI
FJI,2019,15.28,63.21789932,2.385,0.1028293386897302,NA,Oceania,FJI
FJI,2018,15.207,58.2364006,2.419,0.1022778818831866,NA,Oceania,FJI
FJI,2017,15.117,53.6473999,2.461,0.1016008945605571,NA,Oceania,FJI
FJI,2016,14.992,49.41999817,2.518,0.1008722141149772,NA,Oceania,FJI
FJI,2015,14.631,42.5,2.567,0.1002156278770363,NA,Oceania,FJI
FJI,2014,14.435,37.40000153,2.591,0.099459339567822,NA,Oceania,FJI
FJI,2013,14.203,35.20000076,2.604,0.098785905688336,NA,Oceania,FJI
FJI,2012,13.934,33.74240112,2.612,0.0981600873794556,NA,Oceania,FJI
FJI,2011,13.694,28,2.631,0.0975800783158558,NA,Oceania,FJI
FJI,2010,13.061,20,2.696,0.0972096439596677,NA,Oceania,FJI
FJI,2009,12.477,17,2.76,0.0968462473451914,NA,Oceania,FJI
FJI,2008,11.711,13,2.819,0.0965606253580335,NA,Oceania,FJI
FJI,2007,11.048,10.89780045,2.872,0.0963780884940071,NA,Oceania,FJI
FJI,2006,10.257,9.6000384001536,2.905,0.0961586295899241,NA,Oceania,FJI
FJI,2005,9.64,8.45363663371359,2.917,0.0959442840328545,NA,Oceania,FJI
FJI,2004,11.577,7.4129434854202,2.941,0.0956917301857204,NA,Oceania,FJI
FJI,2003,11.514,6.72543473821551,2.957,0.0959945889997952,NA,Oceania,FJI
FJI,2002,11.447,6.15264970011985,2.968,0.0958028822736684,NA,Oceania,FJI
FJI,2001,11.19,1.8579785936093,2.973,0.0951298030123509,NA,Oceania,FJI
FJI,2000,11.098,1.4968547339902,2.992,0.0962291289366153,NA,Oceania,FJI
FIN,2023,16.106,93.51385075,1.26,0.1505064366728074,88.66551869067735,Europe,FIN
FIN,2022,14.138,92.98879471,1.32,0.1456449587715362,98.6947283400799,Europe,FIN
FIN,2021,17.058,92.80806082,1.46,0.1439787724649598,104.01910417312875,Europe,FIN
FIN,2020,21.193,92.17027106,1.37,0.1439059656536365,101.641342594417,Europe,FIN
FIN,2019,17.128,89.6073851129779,1.35,0.1349271215540368,100.26360381305217,Europe,FIN
FIN,2018,16.958,88.8899599985585,1.41,0.1334851430830105,100.823600704536,Europe,FIN
FIN,2017,20.041,87.4689290730615,1.49,0.1336854566123434,101.189647691185,Europe,FIN
FIN,2016,20.057,87.7036499599455,1.57,0.1331793975493413,101.130677521915,Europe,FIN
FIN,2015,22.304,86.4221333325445,1.65,0.1313612865300232,100.00000000000017,Europe,FIN
FIN,2014,20.454,86.5303927529377,1.71,0.1315436252665818,100.46225320462474,Europe,FIN
FIN,2013,19.817,91.5144,1.75,0.1304592563639494,102.11958873186674,Europe,FIN
FIN,2012,18.868,89.879997974222,1.8,0.1293045687653014,103.383107311031,Europe,FIN
FIN,2011,19.934,88.70999491353,1.83,0.1279272409116245,103.7961037754785,Europe,FIN
FIN,2010,21.288,86.89,1.87,0.1268748902255511,103.9320441579815,Europe,FIN
FIN,2009,21.376,82.49,1.86,0.1259521769642728,99.14396867343548,Europe,FIN
FIN,2008,16.337,83.67,1.85,0.1250260822837341,99.59981046097703,Europe,FIN
FIN,2007,16.426,80.78,1.83,0.1243050031974533,102.157395820415,Europe,FIN
FIN,2006,25.774,79.66,1.84,0.1234912242685663,98.32967578464633,Europe,FIN
FIN,2005,26.78,74.48,1.8,0.1231431182428258,93.20946994366957,Europe,FIN
FIN,2004,27.404,72.39,1.8,0.1227167217494479,87.290062835269,Europe,FIN
FIN,2003,28.102,69.22,1.76,0.1221811602284949,80.9283440487376,Europe,FIN
FIN,2002,28.8,62.43,1.72,0.1220153912131584,76.85822007460236,Europe,FIN
FIN,2001,27.321,43.1053633522263,1.73,0.1217046321041112,73.70008135334348,Europe,FIN
FIN,2000,29.333,37.2484617371121,1.73,0.1215416502535722,76.78605546278835,Europe,FIN
FRA,2023,17.419,86.83635789,1.66,0.2026455080368692,110.66798992949775,Europe,FRA
FRA,2022,17.856,85.33331734,1.78,0.1914052113429555,119.07640225387075,Europe,FRA
FRA,2021,19.252,86.09548575,1.83,0.1888727136798478,117.42559006839,Europe,FRA
FRA,2020,20.398,84.70639801,1.82,0.1882021416639874,111.57362151056076,Europe,FRA
FRA,2019,19.929,83.3397440866883,1.86,0.1695007195401414,106.64644521862225,Europe,FRA
FRA,2018,20.953,82.0431867788484,1.87,0.1685375837937607,104.08540533083749,Europe,FRA
FRA,2017,22.572,80.5024597243607,1.89,0.1666549141601569,102.954682851984,Europe,FRA
FRA,2016,24.938,79.2698113207547,1.92,0.1658282208683514,100.7062376549665,Europe,FRA
FRA,2015,25.262,78.0060377071902,1.96,0.1647176229904328,100.00000000000006,Europe,FRA
FRA,2014,24.828,83.7510996681821,2,0.1633440281133722,102.181026158319,Europe,FRA
FRA,2013,24.363,81.9198,1.99,0.1627272410597464,104.19937768499724,Europe,FRA
FRA,2012,24.949,81.44,2.01,0.1623943977465599,107.06534894958175,Europe,FRA
FRA,2011,23.018,77.8199989926706,2.01,0.1620336568179189,109.0775949200315,Europe,FRA
FRA,2010,23.592,77.28,2.03,0.1612882673028968,104.8251973613805,Europe,FRA
FRA,2009,24.006,71.58,2,0.1609499985687802,100.85914162402774,Europe,FRA
FRA,2008,19.214,70.68,2.01,0.1605126167997444,106.8874795069125,Europe,FRA
FRA,2007,19.644,66.09,1.98,0.1602442695675326,108.85865132688275,Europe,FRA
FRA,2006,22.447,46.87,2,0.1600366847951799,104.11394364767975,Europe,FRA
FRA,2005,21.225,42.87,1.94,0.1597831384682362,94.88769496339307,Europe,FRA
FRA,2004,19.667,39.15,1.92,0.1594841370139187,83.66602334253125,Europe,FRA
FRA,2003,17.178,36.14,1.89,0.1590805635955629,74.30567740973243,Europe,FRA
FRA,2002,18.846,30.18,1.88,0.1586969879706758,67.46956922466524,Europe,FRA
FRA,2001,17.91,26.3259035521688,1.9,0.1583798793597722,62.59644855907357,Europe,FRA
FRA,2000,20.484,14.3079239430677,1.89,0.157987025564291,59.06529534359275,Europe,FRA
PYF,2023,36.378,NA,1.501,NA,NA,Oceania,PYF
PYF,2022,36.815,NA,1.515,NA,NA,Oceania,PYF
PYF,2021,38.858,NA,1.532,NA,NA,Oceania,PYF
PYF,2020,41.469,NA,1.57,NA,NA,Oceania,PYF
PYF,2019,36.499,NA,1.567,NA,NA,Oceania,PYF
PYF,2018,36.201,NA,1.645,NA,NA,Oceania,PYF
PYF,2017,35.867,72.7038953132942,1.669,NA,NA,Oceania,PYF
PYF,2016,35.778,68.440419493378,1.763,NA,NA,Oceania,PYF
PYF,2015,35.583,64.560209747212,1.872,NA,NA,Oceania,PYF
PYF,2014,35.457,60.68,1.957,NA,NA,Oceania,PYF
PYF,2013,35.431,56.8,1.937,NA,NA,Oceania,PYF
PYF,2012,35.349,52.8766305867993,2.026,NA,NA,Oceania,PYF
PYF,2011,35.51,49,2.061,NA,NA,Oceania,PYF
PYF,2010,35.095,49,2.165,NA,NA,Oceania,PYF
PYF,2009,34.61,44.6,2.148,NA,NA,Oceania,PYF
PYF,2008,34.109,33.87,2.195,NA,NA,Oceania,PYF
PYF,2007,34.11,28.59,2.122,NA,NA,Oceania,PYF
PYF,2006,33.855,25.1079642462589,2.217,NA,NA,Oceania,PYF
PYF,2005,33.474,21.5421854743002,2.181,NA,NA,Oceania,PYF
PYF,2004,33.244,17.8845374263753,2.198,NA,NA,Oceania,PYF
PYF,2003,33.262,14.1242937853107,2.26,NA,NA,Oceania,PYF
PYF,2002,33.02,8.20021648571522,2.425,NA,NA,Oceania,PYF
PYF,2001,32.796,6.25158894552365,2.523,NA,NA,Oceania,PYF
PYF,2000,32.458,6.3570635452072,2.596,NA,NA,Oceania,PYF
GAB,2023,36.407,68.19789886,3.647,0.1667395699555963,NA,Africa,GAB
GAB,2022,36.64,67.67169952,3.712,0.1574764378752228,NA,Africa,GAB
GAB,2021,38.244,65.76809692,3.776,0.1560267857652353,NA,Africa,GAB
GAB,2020,39.702,63.91790009,3.831,0.1536185949769325,NA,Africa,GAB
GAB,2019,36.711,59.51760101,3.884,0.1358802372145738,NA,Africa,GAB
GAB,2018,36.804,55.42020035,3.908,0.1334234353100878,NA,Africa,GAB
GAB,2017,36.532,51.60490036,3.913,0.1330729503081954,NA,Africa,GAB
GAB,2016,36.191,48.0522995,3.921,0.1325823690169914,NA,Africa,GAB
GAB,2015,35.857,45.78450012,3.921,0.1319418817607447,NA,Africa,GAB
GAB,2014,35.658,38.07120132,3.953,0.1315041581391976,NA,Africa,GAB
GAB,2013,35.345,30.53800011,4.019,0.1313356395211542,NA,Africa,GAB
GAB,2012,35.117,24,4.086,0.1311895664866302,NA,Africa,GAB
GAB,2011,35.337,18,4.151,0.1311381184856562,NA,Africa,GAB
GAB,2010,35.935,13,4.153,0.1312071191527172,NA,Africa,GAB
GAB,2009,35.359,9.5,4.138,0.131272904740956,NA,Africa,GAB
GAB,2008,34.867,7.5,4.118,0.1313442840412153,NA,Africa,GAB
GAB,2007,33.725,5.767000198,4.142,0.1313838740028357,NA,Africa,GAB
GAB,2006,33.336,5.48920080280135,4.17,0.1313076982913113,NA,Africa,GAB
GAB,2005,32.223,4.89326474972412,4.21,0.1312462242263745,NA,Africa,GAB
GAB,2004,33.149,2.97906980035019,4.252,0.1311362226813119,NA,Africa,GAB
GAB,2003,33.795,2.65958659385985,4.299,0.1309722488790641,NA,Africa,GAB
GAB,2002,34.845,1.93953010616212,4.36,0.1317527585558272,NA,Africa,GAB
GAB,2001,36.263,1.34762022159633,4.417,0.1314498317487484,NA,Africa,GAB
GAB,2000,36.985,1.21614061828589,4.469,0.1312482958330596,NA,Africa,GAB
GMB,2023,10.811,48.72829819,4.006,0.1613805069911968,NA,Africa,GMB
GMB,2022,10.163,48.22539902,4.078,0.1486197198762999,NA,Africa,GMB
GMB,2021,10.444,41.67309952,4.165,0.1461476631357972,NA,Africa,GMB
GMB,2020,10.14,36.01100159,4.248,0.1447130709918352,NA,Africa,GMB
GMB,2019,7.809,31.11829948,4.33,0.1244380677591177,NA,Africa,GMB
GMB,2018,7.15,28.30900002,4.42,0.124905225258147,NA,Africa,GMB
GMB,2017,8.415,22.5156002,4.614,0.1240311482563755,NA,Africa,GMB
GMB,2016,9.815,19.90640068,4.809,0.1212459358732134,NA,Africa,GMB
GMB,2015,11.019,17.59950066,5.003,0.1223071908615804,NA,Africa,GMB
GMB,2014,12.207,15.56000042,5.197,0.1198854498297764,NA,Africa,GMB
GMB,2013,13.73,14,5.392,0.1183626384636896,NA,Africa,GMB
GMB,2012,14.847,12.44919968,5.519,0.1185483488865829,NA,Africa,GMB
GMB,2011,14.761,10.87030029,5.542,0.1168925814592884,NA,Africa,GMB
GMB,2010,14.108,9.2,5.558,0.1165886291042748,NA,Africa,GMB
GMB,2009,14.22,7.6300001140000004,5.574,0.1166259932244891,NA,Africa,GMB
GMB,2008,14.533,6.8800001140000004,5.625,0.1175832930671996,NA,Africa,GMB
GMB,2007,14.926,6.20503741852418,5.685,0.1180978000225294,NA,Africa,GMB
GMB,2006,14.739,5.23769115841218,5.736,0.1172835331688765,NA,Africa,GMB
GMB,2005,14.407,3.799000025,5.708,0.1184254300891867,NA,Africa,GMB
GMB,2004,14.459,3.30800347812937,5.683,0.1185621844894424,NA,Africa,GMB
GMB,2003,14.522,2.436781193062,5.656,0.11725626939389,NA,Africa,GMB
GMB,2002,14.592,1.79677988296495,5.656,0.1171518272800994,NA,Africa,GMB
GMB,2001,14.181,1.33679116648397,5.67,0.1162675936932736,NA,Africa,GMB
GMB,2000,14.29,0.921794919066406,5.716,0.116199994317398,NA,Africa,GMB
GEO,2023,29.931,81.88425624,1.81,0.1361305703819028,NA,Asia,GEO
GEO,2022,30.136,78.71127536,1.82,0.1301510349280136,NA,Asia,GEO
GEO,2021,30.603,76.4427093,1.98,0.1291252228132846,NA,Asia,GEO
GEO,2020,30.851,72.53157487,1.976,0.1291118281912902,NA,Asia,GEO
GEO,2019,30.059,68.8467135616978,2.021,0.1155834259139058,NA,Asia,GEO
GEO,2018,29.691,62.7179081974285,2.093,0.1178441614566987,NA,Asia,GEO
GEO,2017,28.687,59.7055045962571,2.136,0.1164264419049056,NA,Asia,GEO
GEO,2016,35.019,58.4592896118725,2.228,0.1174502835818448,NA,Asia,GEO
GEO,2015,35.85,47.5697596438736,2.214,0.1179832501784774,NA,Asia,GEO
GEO,2014,37.367,49.1024547144647,2.18,0.1179217364132109,NA,Asia,GEO
GEO,2013,40.223,43.3,1.993,0.1176763361301382,NA,Asia,GEO
GEO,2012,37.431,36.93999863,1.929,0.1177264424644044,NA,Asia,GEO
GEO,2011,40.71,31.52000046,1.915,0.1176844120830684,NA,Asia,GEO
GEO,2010,39.911,26.9,1.973,0.1172491557276256,NA,Asia,GEO
GEO,2009,41.902,20.06999969,1.993,0.1167434289686306,NA,Asia,GEO
GEO,2008,35.471,10.01000023,1.832,0.1173756614112557,NA,Asia,GEO
GEO,2007,28.744,8.26,1.697,0.1165340818160368,NA,Asia,GEO
GEO,2006,27.299,7.52687684487832,1.617,0.1164550591714059,NA,Asia,GEO
GEO,2005,26.159,6.079500198,1.583,0.1164405714476775,NA,Asia,GEO
GEO,2004,25.352,3.88622135350273,1.566,0.1162778550005694,NA,Asia,GEO
GEO,2003,22.768,2.55881648068489,1.552,0.1159458060312265,NA,Asia,GEO
GEO,2002,25.086,1.58787562980332,1.571,0.1160655694470607,NA,Asia,GEO
GEO,2001,18.774,0.992344436138154,1.579,0.1159881861629497,NA,Asia,GEO
GEO,2000,19.589,0.484746298540492,1.609,0.1155656959568695,NA,Asia,GEO
DEU,2023,6.02,92.4763763,1.39,0.1647136588414823,120.38966010608775,Europe,DEU
DEU,2022,6.049,91.62984383,1.455,0.1553599954414473,140.28987114712675,Europe,DEU
DEU,2021,6.665,91.43060973,1.58,0.1577119501083793,141.06656757612376,Europe,DEU
DEU,2020,7.862,89.81294133,1.53,0.1562147560586322,130.5613780803115,Europe,DEU
DEU,2019,5.859,88.1345169091916,1.54,0.1413046207312104,121.8415404441195,Europe,DEU
DEU,2018,6.22,87.037112092841,1.57,0.1407244645933579,116.84084499126575,Europe,DEU
DEU,2017,6.77,84.3941537010844,1.57,0.1402859875725114,111.41234872124375,Europe,DEU
DEU,2016,7.079,84.1652066441212,1.6,0.1401884994226745,106.74986606032999,Europe,DEU
DEU,2015,7.328,87.5897993525767,1.5,0.1396614910182896,100.00000000000007,Europe,DEU
DEU,2014,7.612,86.1937006578756,1.47,0.1390960940702164,95.9971589045569,Europe,DEU
DEU,2013,7.825,84.17,1.42,0.1385161153268326,94.09349575664575,Europe,DEU
DEU,2012,8.119,82.3499984738392,1.41,0.1383530578581821,92.67254379790023,Europe,DEU
DEU,2011,8.927,81.26999953602,1.39,0.1388842908921974,90.98156501222867,Europe,DEU
DEU,2010,10.416,82,1.39,0.1391325139360929,89.6671893077306,Europe,DEU
DEU,2009,11.309,79,1.36,0.1391770927040996,90.21875739339022,Europe,DEU
DEU,2008,10.929,78,1.38,0.1389677527971002,89.3968262341216,Europe,DEU
DEU,2007,11.824,75.16,1.37,0.1383441521950981,89.98091231123232,Europe,DEU
DEU,2006,13.402,72.16,1.33,0.1380935773291902,93.72811204780703,Europe,DEU
DEU,2005,15.463,68.71,1.34,0.1377988469228968,95.24138437546935,Europe,DEU
DEU,2004,12.984,64.73,1.36,0.1378476768673939,95.24865445348743,Europe,DEU
DEU,2003,11.024,55.9,1.34,0.1377268234599056,97.94820777526377,Europe,DEU
DEU,2002,9.285,48.82,1.34,0.1376566137006547,99.2837535551401,Europe,DEU
DEU,2001,7.787,31.650939416316,1.35,0.1372363235152972,102.15914899868599,Europe,DEU
DEU,2000,8.545,30.2163466048889,1.38,0.1374339200170913,104.20278942893,Europe,DEU
GHA,2023,5.352,70.67430115,3.397,0.1489679263797131,NA,Africa,GHA
GHA,2022,5.402,69.91329956,3.434,0.1413601024376092,NA,Africa,GHA
GHA,2021,5.985,68.6,3.492,0.1411585942738614,NA,Africa,GHA
GHA,2020,6.319,62.51760101,3.541,0.1386617522549385,NA,Africa,GHA
GHA,2019,5.875,22.0732,3.593,0.1247229505418077,NA,Africa,GHA
GHA,2018,6.107,43,3.65,0.1245192956504869,NA,Africa,GHA
GHA,2017,6.375,37.88420105,3.715,0.1242132087822602,NA,Africa,GHA
GHA,2016,10.616,28,3.873,0.1231815876545992,NA,Africa,GHA
GHA,2015,14.238,23,3.982,0.1221023027584424,NA,Africa,GHA
GHA,2014,9.307,19,4.029,0.1211319415733259,NA,Africa,GHA
GHA,2013,4.718,15,4.114,0.120376005819134,NA,Africa,GHA
GHA,2012,6.664,10.6,4.154,0.1196400374328902,NA,Africa,GHA
GHA,2011,8.808,9,4.177,0.1192123503284373,NA,Africa,GHA
GHA,2010,11.059,7.8,4.181,0.118877274900817,NA,Africa,GHA
GHA,2009,10.811,5.44,4.179,0.1191548417039435,NA,Africa,GHA
GHA,2008,10.264,4.27,4.217,0.1193390559648795,NA,Africa,GHA
GHA,2007,9.996,3.85,4.288,0.119038703025181,NA,Africa,GHA
GHA,2006,9.494,2.72317597313987,4.399,0.1190387884733233,NA,Africa,GHA
GHA,2005,10.671,1.83119746104616,4.496,0.1190367352479384,NA,Africa,GHA
GHA,2004,11.854,1.71679770389504,4.504,0.1188873064619801,NA,Africa,GHA
GHA,2003,13.052,1.19305791098328,4.597,0.1188213144648957,NA,Africa,GHA
GHA,2002,14.261,0.830284033818738,4.687,0.1178237611208428,NA,Africa,GHA
GHA,2001,15.376,0.200008060324831,4.768,0.117051360046624,NA,Africa,GHA
GHA,2000,16.422,0.153615297625799,4.827,0.1172998411701863,NA,Africa,GHA
GIB,2023,NA,NA,1.888,NA,NA,Europe,GIB
GIB,2022,NA,NA,1.895,NA,NA,Europe,GIB
GIB,2021,NA,NA,1.899,NA,NA,Europe,GIB
GIB,2020,NA,NA,1.907,NA,NA,Europe,GIB
GIB,2019,NA,NA,1.912,NA,NA,Europe,GIB
GIB,2018,NA,NA,1.921,NA,NA,Europe,GIB
GIB,2017,NA,NA,1.93,NA,NA,Europe,GIB
GIB,2016,NA,94.4444715818151,1.94,NA,NA,Europe,GIB
GIB,2015,NA,NA,2.074,NA,NA,Europe,GIB
GIB,2014,NA,NA,2.084,NA,NA,Europe,GIB
GIB,2013,NA,NA,2.099,NA,NA,Europe,GIB
GIB,2012,NA,65.017,1.999,NA,NA,Europe,GIB
GIB,2011,NA,65,1.974,NA,NA,Europe,GIB
GIB,2010,NA,65,1.954,NA,NA,Europe,GIB
GIB,2009,NA,65.07,1.926,NA,NA,Europe,GIB
GIB,2008,NA,58,1.903,NA,NA,Europe,GIB
GIB,2007,NA,51.61,1.852,NA,NA,Europe,GIB
GIB,2006,NA,45.29864751181,1.802,NA,NA,Europe,GIB
GIB,2005,NA,39.0701308849385,1.754,NA,NA,Europe,GIB
GIB,2004,NA,32.8860826098395,1.689,NA,NA,Europe,GIB
GIB,2003,NA,28.3257797920554,1.634,NA,NA,Europe,GIB
GIB,2002,NA,23.670239745714,1.683,NA,NA,Europe,GIB
GIB,2001,NA,21.171109436031,2.104,NA,NA,Europe,GIB
GIB,2000,NA,19.1316381248919,2.185,NA,NA,Europe,GIB
GRC,2023,26.543,85.0102229,1.26,0.2116307751233577,138.1292373236765,Europe,GRC
GRC,2022,31.29,83.17066333,1.32,0.2018130617046473,125.504838356983,Europe,GRC
GRC,2021,35.39,78.49426371,1.43,0.1992431142745012,119.35714405841425,Europe,GRC
GRC,2020,33.74,78.11584474,1.39,0.1964700524458516,112.00097974925475,Europe,GRC
GRC,2019,34.754,75.6712066931757,1.34,0.1768947124835509,105.92098782761624,Europe,GRC
GRC,2018,40.011,72.2383733920483,1.35,0.1767255348060639,98.85393184160525,Europe,GRC
GRC,2017,43.392,69.8929706543154,1.35,0.1738183316383908,97.17340392344123,Europe,GRC
GRC,2016,47.223,69.0879154723892,1.38,0.1727698478996361,98.45707450164522,Europe,GRC
GRC,2015,49.731,66.8349594911035,1.33,0.1733149330817351,100.00000000000013,Europe,GRC
GRC,2014,52.645,63.2073404784561,1.3,0.1689147591846518,103.9489256706275,Europe,GRC
GRC,2013,58.491,59.8663,1.29,0.1687157612156674,109.66684350647625,Europe,GRC
GRC,2012,55.656,55.0699934418411,1.34,0.1668408912742707,120.98971914581576,Europe,GRC
GRC,2011,44.951,51.6499951676815,1.4,0.1619529273375642,138.33211566942725,Europe,GRC
GRC,2010,33.005,44.4,1.48,0.160665418209845,150.61841784970076,Europe,GRC
GRC,2009,25.469,42.4,1.5,0.1586066257501464,163.8380606806635,Europe,GRC
GRC,2008,21.61,38.2,1.5,0.1555884096552835,171.19859293746626,Europe,GRC
GRC,2007,22.731,35.88,1.41,0.1543646541130585,174.79435591181726,Europe,GRC
GRC,2006,24.658,32.25,1.4,0.1536033088446403,170.55475769454475,Europe,GRC
GRC,2005,25.811,24,1.34,0.1528240024626508,155.39643740917302,Europe,GRC
GRC,2004,26.57,21.42,1.31,0.1520831922555858,143.85466504475474,Europe,GRC
GRC,2003,26.499,17.8,1.29,0.1519846952278421,144.75788413054323,Europe,GRC
GRC,2002,26.711,14.67,1.28,0.1520400929197738,142.19979923782324,Europe,GRC
GRC,2001,27.816,10.9350258080278,1.25,0.1507119178730107,126.661561460474,Europe,GRC
GRC,2000,28.957,9.13883730776798,1.25,0.1516966746937988,112.444215998642,Europe,GRC
GRL,2023,NA,NA,1.769,0.1989175295381208,NA,Americas,GRL
GRL,2022,NA,NA,1.818,0.1881611634384203,NA,Americas,GRL
GRL,2021,NA,NA,1.82,0.1865071271667551,NA,Americas,GRL
GRL,2020,NA,NA,2.109,0.1845923345786072,NA,Americas,GRL
GRL,2019,NA,NA,2.115,0.1656454383667141,NA,Americas,GRL
GRL,2018,NA,NA,2.024,0.1646899848319105,NA,Americas,GRL
GRL,2017,NA,69.4824617821988,2.125,0.1638729413975063,NA,Americas,GRL
GRL,2016,NA,68.500873675421,2.066,0.163305454229104,NA,Americas,GRL
GRL,2015,NA,67.600443481006,2.116,0.1628095175492315,NA,Americas,GRL
GRL,2014,NA,66.7,1.987,0.1622086712233075,NA,Americas,GRL
GRL,2013,NA,65.8,2.069,0.161375114860869,NA,Americas,GRL
GRL,2012,NA,64.8960100995989,2.006,0.1608672994399845,NA,Americas,GRL
GRL,2011,NA,64,2.097,0.1607068379115271,NA,Americas,GRL
GRL,2010,NA,63,2.184,0.160587340440039,NA,Americas,GRL
GRL,2009,NA,62.83,2.344,0.1611733896624593,NA,Americas,GRL
GRL,2008,NA,62.82,2.249,0.1616945797320645,NA,Americas,GRL
GRL,2007,NA,61.07,2.223,0.1620329501494755,NA,Americas,GRL
GRL,2006,NA,59.361687268664,2.28,0.16213485632323,NA,Americas,GRL
GRL,2005,NA,57.7034045008656,2.326,0.162144908823986,NA,Americas,GRL
GRL,2004,NA,56.0990147610533,2.442,0.1624337868878181,NA,Americas,GRL
GRL,2003,NA,54.5342598293605,2.328,0.162757948148377,NA,Americas,GRL
GRL,2002,NA,44.154789028418,2.613,0.1626176047092461,NA,Americas,GRL
GRL,2001,NA,35.4641368915684,2.506,0.1620256231172323,NA,Americas,GRL
GRL,2000,NA,31.7478112321162,2.406,0.1614334205000735,NA,Americas,GRL
GRD,2023,NA,69.4131012,1.487,0.1719449198865792,NA,Americas,GRD
GRD,2022,NA,68.42030334,1.502,0.162851240896449,NA,Americas,GRD
GRD,2021,NA,67.02279663,1.517,0.1644177703873892,NA,Americas,GRD
GRD,2020,NA,65.65380096,1.532,0.1596573633548854,NA,Americas,GRD
GRD,2019,NA,64.31279755,1.542,0.1471603271162085,NA,Americas,GRD
GRD,2018,NA,61.42459869,1.53,0.1472872339544681,NA,Americas,GRD
GRD,2017,NA,54.20000076,1.438,0.147161742553452,NA,Americas,GRD
GRD,2016,NA,53.29999924,1.616,0.1467127541169775,NA,Americas,GRD
GRD,2015,NA,52.5,1.715,0.1460341155601923,NA,Americas,GRD
GRD,2014,NA,51.6,1.799,0.1453457366993036,NA,Americas,GRD
GRD,2013,NA,35,1.913,0.1449260871067321,NA,Americas,GRD
GRD,2012,NA,32,1.967,0.1445104942639335,NA,Americas,GRD
GRD,2011,NA,30,2.006,0.1438436106108143,NA,Americas,GRD
GRD,2010,NA,27,2.038,0.143600385464555,NA,Americas,GRD
GRD,2009,NA,24.049999239999998,2.078,0.1434862778677945,NA,Americas,GRD
GRD,2008,NA,23.18000031,2.116,0.1432076957582594,NA,Americas,GRD
GRD,2007,NA,22.29,2.154,0.1429136996816424,NA,Americas,GRD
GRD,2006,NA,21.39599991,2.195,0.1425727851520419,NA,Americas,GRD
GRD,2005,NA,20.4878006,2.242,0.1421933851286352,NA,Americas,GRD
GRD,2004,NA,19.570620584378698,2.285,0.1417356615928265,NA,Americas,GRD
GRD,2003,NA,18.6451821830564,2.332,0.1412785396883354,NA,Americas,GRD
GRD,2002,NA,14.7588405454867,2.378,0.1407121268378426,NA,Americas,GRD
GRD,2001,NA,5.12810398216998,2.421,0.1400670718380036,NA,Americas,GRD
GRD,2000,NA,4.06390799146313,2.441,0.1394651116658263,NA,Americas,GRD
GUM,2023,12.852,NA,2.781,0.1276014550446674,NA,Oceania,GUM
GUM,2022,13.032,NA,2.819,0.1209502457789461,NA,Oceania,GUM
GUM,2021,14.353,NA,2.856,0.1209179727161965,NA,Oceania,GUM
GUM,2020,15.401,NA,2.895,0.1185648765715733,NA,Oceania,GUM
GUM,2019,13.131,NA,2.938,0.1077534416098147,NA,Oceania,GUM
GUM,2018,13.125,NA,2.995,0.107225429271951,NA,Oceania,GUM
GUM,2017,12.999,80.5054655600831,3.088,0.1065823384796787,NA,Oceania,GUM
GUM,2016,12.889,77.009999893206,3.171,0.1065644761423761,NA,Oceania,GUM
GUM,2015,16.405,73.139999947043,2.933,0.1058581461579679,NA,Oceania,GUM
GUM,2014,17.999,69.27,2.946,0.1043117334386911,NA,Oceania,GUM
GUM,2013,27.064,65.4,2.883,0.1058741238068432,NA,Oceania,GUM
GUM,2012,28.608,61.5341593079002,3.117,0.1044840903616474,NA,Oceania,GUM
GUM,2011,31.963,57.7,2.876,0.1039124333887432,NA,Oceania,GUM
GUM,2010,19.48,54.04,2.973,0.1049961846118215,NA,Oceania,GUM
GUM,2009,21.991,50.6420283820435,2.891,0.1036541432249344,NA,Oceania,GUM
GUM,2008,21.008,48.4187021509296,2.905,0.1032797460026896,NA,Oceania,GUM
GUM,2007,19.763,46.1504736192355,2.905,0.1035652715306935,NA,Oceania,GUM
GUM,2006,17.017,43.8514430048178,2.807,0.1010734214083588,NA,Oceania,GUM
GUM,2005,16.277,38.559877557558,2.638,0.1014746107004111,NA,Oceania,GUM
GUM,2004,18.154,36.1617878387908,2.772,0.101158049530271,NA,Oceania,GUM
GUM,2003,22.854,33.7166817880876,2.657,0.0995321250808782,NA,Oceania,GUM
GUM,2002,27.07,31.1922942556271,2.582,0.0993025233355031,NA,Oceania,GUM
GUM,2001,31.521,25.3802275337398,2.817,0.0991557703420004,NA,Oceania,GUM
GUM,2000,36.524,16.1131270423389,2.915,0.0990183366229946,NA,Oceania,GUM
GTM,2023,4.326,56.72669983,2.311,0.1585815642601504,NA,Americas,GTM
GTM,2022,6.274,54.40430069,2.343,0.1468197217585685,NA,Americas,GTM
GTM,2021,3.789,50.84164945,2.388,0.1490827756291628,NA,Americas,GTM
GTM,2020,5.157,47.51229858,2.47,0.1464280532013117,NA,Americas,GTM
GTM,2019,4.461,44.401049838502,2.593,0.1288392845656161,NA,Americas,GTM
GTM,2018,4.679,41.5,2.743,0.1281902612674413,NA,Americas,GTM
GTM,2017,4.939,37.90000153,2.857,0.1256307301583509,NA,Americas,GTM
GTM,2016,5.582,34.50930023,2.973,0.1258436117973798,NA,Americas,GTM
GTM,2015,5.581,28.80590057,3.029,0.1260082164670141,NA,Americas,GTM
GTM,2014,5.691,23.39999962,3.088,0.1254938673906664,NA,Americas,GTM
GTM,2013,5.512,19.700000760000002,3.151,0.125384219652274,NA,Americas,GTM
GTM,2012,4.618,16,3.219,0.1235377735022115,NA,Americas,GTM
GTM,2011,4.991,12.30000019,3.292,0.1228545960384985,NA,Americas,GTM
GTM,2010,5.296,10.5,3.375,0.1209041138390803,NA,Americas,GTM
GTM,2009,5.16,9.300000191,3.465,0.1210965863829356,NA,Americas,GTM
GTM,2008,4.937,8.300000191,3.571,0.1206695190159609,NA,Americas,GTM
GTM,2007,4.961,7.300000191,3.716,0.1218080279606327,NA,Americas,GTM
GTM,2006,5.161,6.5,3.845,0.1217121111207791,NA,Americas,GTM
GTM,2005,5.353,5.699999809,3.974,0.1212404069258204,NA,Americas,GTM
GTM,2004,5.351,5.1,4.134,0.1212184289151831,NA,Americas,GTM
GTM,2003,4.425,4.54885490848324,4.25,0.1208366294975869,NA,Americas,GTM
GTM,2002,3.442,3.39174627024502,4.371,0.1203974052260512,NA,Americas,GTM
GTM,2001,3.438,1.7382017815873,4.502,0.1199590217713189,NA,Americas,GTM
GTM,2000,3.34,0.712332904508925,4.583,0.1194637804475606,NA,Americas,GTM
GIN,2023,7.071,32.31560135,4.217,0.1666573868876379,NA,Africa,GIN
GIN,2022,7.095,31.31399918,4.303,0.1560848427314652,NA,Africa,GIN
GIN,2021,7.976,28.61330032,4.399,0.1541370131657826,NA,Africa,GIN
GIN,2020,8.414,26.14550018,4.489,0.152475859889847,NA,Africa,GIN
GIN,2019,6.988,23.89049911,4.576,0.1350706995559812,NA,Africa,GIN
GIN,2018,6.616,21.8300230430563,4.669,0.1339785369159534,NA,Africa,GIN
GIN,2017,6.436,18.700000760000002,4.793,0.1330683407562062,NA,Africa,GIN
GIN,2016,6.35,13.100000380000001,4.915,0.1318238434559331,NA,Africa,GIN
GIN,2015,6.266,9.199999809,5.002,0.1306613631481345,NA,Africa,GIN
GIN,2014,5.974,6.400000095,5.07,0.1300592762961565,NA,Africa,GIN
GIN,2013,5.898,4.5,5.151,0.1281894403207291,NA,Africa,GIN
GIN,2012,5.844,3.0999999049999998,5.232,0.1287885357518067,NA,Africa,GIN
GIN,2011,5.964,2,5.337,0.1280452963529683,NA,Africa,GIN
GIN,2010,5.963,1,5.435,0.1271416965285016,NA,Africa,GIN
GIN,2009,5.886,0.94,5.528,0.1273045586236016,NA,Africa,GIN
GIN,2008,5.803,0.92,5.596,0.126597762272035,NA,Africa,GIN
GIN,2007,5.796,0.780025279059244,5.664,0.1264944354621516,NA,Africa,GIN
GIN,2006,5.863,0.637499988,5.704,0.1255044913522561,NA,Africa,GIN
GIN,2005,5.831,0.542299986,5.727,0.1252305679121007,NA,Africa,GIN
GIN,2004,5.753,0.508819332302937,5.733,0.1257539795656071,NA,Africa,GIN
GIN,2003,5.694,0.450960370842751,5.744,0.1245892241466892,NA,Africa,GIN
GIN,2002,5.636,0.402022748744397,5.781,0.1251777151347029,NA,Africa,GIN
GIN,2001,5.673,0.175541868491054,5.834,0.1247158760727722,NA,Africa,GIN
GIN,2000,5.683,0.0954249236063846,5.918,0.1233402115110563,NA,Africa,GIN
GNB,2023,2.817,28.71240044,3.836,0.1556626832672076,NA,Africa,GNB
GNB,2022,2.835,27.67379951,3.911,0.1449470823162993,NA,Africa,GNB
GNB,2021,2.941,23.3519001,3.998,0.1403151364239878,NA,Africa,GNB
GNB,2020,2.733,20.45730019,4.075,0.1418237452494219,NA,Africa,GNB
GNB,2019,2.063,17.92149925,4.153,0.1221609132386806,NA,Africa,GNB
GNB,2018,3.868,15.69999981,4.241,0.1212348452997244,NA,Africa,GNB
GNB,2017,3.835,14.80000019,4.347,0.1208336996513025,NA,Africa,GNB
GNB,2016,3.867,13.80000019,4.519,0.1199179264257276,NA,Africa,GNB
GNB,2015,3.884,6.099999905,4.661,0.1187137626652967,NA,Africa,GNB
GNB,2014,3.962,3.319999933,4.79,0.1197148907954715,NA,Africa,GNB
GNB,2013,3.88,3.0999999049999998,4.93,0.1166212750722704,NA,Africa,GNB
GNB,2012,3.849,2.894000053,5.003,0.1172356082002187,NA,Africa,GNB
GNB,2011,3.8,2.671999931,5.067,0.1174002924688116,NA,Africa,GNB
GNB,2010,3.832,2.450000048,5.111,0.1153918028825952,NA,Africa,GNB
GNB,2009,3.859,2.30328059172582,5.176,0.1170350092664625,NA,Africa,GNB
GNB,2008,3.851,2.35488871087933,5.266,0.1181018107551767,NA,Africa,GNB
GNB,2007,3.824,2.20630002,5.365,0.1166003929595524,NA,Africa,GNB
GNB,2006,3.834,2.057199955,5.406,0.1182322656443658,NA,Africa,GNB
GNB,2005,3.862,1.90139997,5.46,0.1169909774679383,NA,Africa,GNB
GNB,2004,3.89,1.80814220342991,5.5,0.1169719495554548,NA,Africa,GNB
GNB,2003,3.847,1.35419747762901,5.577,0.1173924604610808,NA,Africa,GNB
GNB,2002,3.828,1.02299323436117,5.634,0.1158375986729396,NA,Africa,GNB
GNB,2001,3.684,0.299569144677667,5.688,0.1169713615968407,NA,Africa,GNB
GNB,2000,3.975,0.230103170591588,5.786,0.1154608151094348,NA,Africa,GNB
GUY,2023,24.705,79.3553009,2.412,0.1709466959747561,NA,Americas,GUY
GUY,2022,24.566,76.56240082,2.437,0.1632567460837316,NA,Americas,GUY
GUY,2021,29.122,71.65090179,2.462,0.1621640415052603,NA,Americas,GUY
GUY,2020,30.998,62.95399857,2.491,0.1576314021513908,NA,Americas,GUY
GUY,2019,26.304,55.31269836,2.521,0.1445997234526406,NA,Americas,GUY
GUY,2018,25.254,48.59889984,2.553,0.1444829347495423,NA,Americas,GUY
GUY,2017,24.956,42.6753006,2.593,0.1440613844013419,NA,Americas,GUY
GUY,2016,24.598,35.65999985,2.634,0.1434680380508526,NA,Americas,GUY
GUY,2015,24.21,34,2.667,0.1426460908872868,NA,Americas,GUY
GUY,2014,23.693,32,2.695,0.1418095048681293,NA,Americas,GUY
GUY,2013,23.258,31,2.711,0.1411428457337384,NA,Americas,GUY
GUY,2012,22.956,30.5,2.701,0.1404826681381918,NA,Americas,GUY
GUY,2011,22.721,30,2.694,0.1407693068832945,NA,Americas,GUY
GUY,2010,22.536,29.9,2.684,0.1404565692712102,NA,Americas,GUY
GUY,2009,22.12,23.9,2.694,0.1401240308418344,NA,Americas,GUY
GUY,2008,21.747,18.2,2.697,0.1418196888836303,NA,Americas,GUY
GUY,2007,21.53,13.80000019,2.681,0.138777141099489,NA,Americas,GUY
GUY,2006,21.355,8.899999619,2.659,0.1401900968177275,NA,Americas,GUY
GUY,2005,22.205,5.699999809,2.648,0.1388846584228587,NA,Americas,GUY
GUY,2004,22.726,3.7,2.681,0.1384624186106894,NA,Americas,GUY
GUY,2003,23.301,2.4,2.75,0.1372638256042862,NA,Americas,GUY
GUY,2002,23.901,1.5,2.844,0.1384628290960852,NA,Americas,GUY
GUY,2001,24.285,1,2.958,0.1368910729277451,NA,Americas,GUY
GUY,2000,24.877,0.6,3.057,0.136315257783746,NA,Americas,GUY
HTI,2023,36.326,47.99269867,2.656,0.1719721560755327,NA,Americas,HTI
HTI,2022,36.326,47.77470016,2.699,0.1657819508537347,NA,Americas,HTI
HTI,2021,37.806,43.37919998,2.748,0.1642726650434407,NA,Americas,HTI
HTI,2020,39.534,39.38809967,2.804,0.1603562249628187,NA,Americas,HTI
HTI,2019,35.247,35.76409912,2.862,0.1486465177008062,NA,Americas,HTI
HTI,2018,34.896,32.4736271300557,2.924,0.1482563787841028,NA,Americas,HTI
HTI,2017,34.752,27.200000760000002,2.985,0.1447284137440404,NA,Americas,HTI
HTI,2016,34.536,22.799999239999998,3.054,0.1454705643471365,NA,Americas,HTI
HTI,2015,34.179,14.19999981,3.11,0.1428740308953602,NA,Americas,HTI
HTI,2014,34.092,11.399999619999999,3.164,0.1423733374615131,NA,Americas,HTI
HTI,2013,33.745,10.600000380000001,3.221,0.141901741933057,NA,Americas,HTI
HTI,2012,34.295,9.800000191,3.321,0.141889858224473,NA,Americas,HTI
HTI,2011,35.353,9,3.431,0.1419379678907732,NA,Americas,HTI
HTI,2010,36.918,8.369999886,3.497,0.1415435961820023,NA,Americas,HTI
HTI,2009,37.562,8.100000381,3.565,0.1433056587780496,NA,Americas,HTI
HTI,2008,39.205,7.599999905,3.621,0.1436882474598126,NA,Americas,HTI
HTI,2007,40.519,7.199999809,3.687,0.1433891159769696,NA,Americas,HTI
HTI,2006,37.961,6.796000004,3.761,0.1437081377537209,NA,Americas,HTI
HTI,2005,34.803,6.376200199,3.835,0.1421132945533145,NA,Americas,HTI
HTI,2004,32.117,5.401261907622,3.943,0.1412391972342892,NA,Americas,HTI
HTI,2003,29.201,1.64735834557778,4.047,0.1409964804944103,NA,Americas,HTI
HTI,2002,26.489,0.893432988337908,4.125,0.1397540535222043,NA,Americas,HTI
HTI,2001,23.512,0.340832326173809,4.248,0.1383322037602986,NA,Americas,HTI
HTI,2000,20.509,0.231270714628821,4.39,0.1395457293421141,NA,Americas,HTI
HND,2023,10.478,58.0685997,2.5,0.1486030208638694,NA,Americas,HND
HND,2022,13.571,56.88069916,2.522,0.1386413507319547,NA,Americas,HND
HND,2021,14.269,51.95159912,2.548,0.1374471289029471,NA,Americas,HND
HND,2020,17.065,45.24829865,2.577,0.1367349286351507,NA,Americas,HND
HND,2019,10.774,39.3883521850111,2.611,0.1205743229948883,NA,Americas,HND
HND,2018,10.49,36.0400608231468,2.645,0.1204833273872494,NA,Americas,HND
HND,2017,10.746,31.7357924661485,2.663,0.1197156284164829,NA,Americas,HND
HND,2016,12.58,29.5282180796457,2.704,0.1190000919541825,NA,Americas,HND
HND,2015,11.042,27.1395454833776,2.746,0.1186850281307624,NA,Americas,HND
HND,2014,11.865,23,2.793,0.1163791908063166,NA,Americas,HND
HND,2013,9.823,17.8,2.855,0.1169575059827027,NA,Americas,HND
HND,2012,6.972,18.12,2.927,0.1151717043031365,NA,Americas,HND
HND,2011,8.064,15.9,2.998,0.1154479611466998,NA,Americas,HND
HND,2010,7.506,11.09,3.078,0.1126371963727717,NA,Americas,HND
HND,2009,6,9.800000191,3.173,0.1127994367041101,NA,Americas,HND
HND,2008,5.521,9.6,3.26,0.110861769707685,NA,Americas,HND
HND,2007,5.505,9.399999619,3.351,0.1110911102523471,NA,Americas,HND
HND,2006,6.186,7.800000191,3.449,0.1113575472679187,NA,Americas,HND
HND,2005,8.732,6.5,3.577,0.110459317495017,NA,Americas,HND
HND,2004,10.55,5.6,3.71,0.1110979375072458,NA,Americas,HND
HND,2003,9.201,4.8,3.844,0.1108914566334434,NA,Americas,HND
HND,2002,6.963,2.5974025974026,4,0.1091314874564178,NA,Americas,HND
HND,2001,6.814,1.41528193123711,4.153,0.1087639439275973,NA,Americas,HND
HND,2000,6.585,1.20385599891878,4.289,0.1090958390453958,NA,Americas,HND
HKG,2023,8.973,95.97781908,0.751,NA,NA,Asia,HKG
HKG,2022,11.03,95.61357052,0.701,NA,NA,Asia,HKG
HKG,2021,12.79,93.08715788,0.772,NA,NA,Asia,HKG
HKG,2020,15.533,92.41313602,0.883,NA,NA,Asia,HKG
HKG,2019,8.527,91.7434003891587,1.064,NA,NA,Asia,HKG
HKG,2018,8.731,90.5073953294283,1.08,NA,NA,Asia,HKG
HKG,2017,8.531,89.4159446487565,1.128,NA,NA,Asia,HKG
HKG,2016,9.728,87.47941467087,1.205,NA,NA,Asia,HKG
HKG,2015,10.424,84.9483529634062,1.196,NA,NA,Asia,HKG
HKG,2014,9.202,79.8662704309064,1.235,NA,NA,Asia,HKG
HKG,2013,9.444,74.2,1.125,NA,NA,Asia,HKG
HKG,2012,9.229,72.9,1.285,NA,NA,Asia,HKG
HKG,2011,9.269,72.19999695,1.204,NA,NA,Asia,HKG
HKG,2010,12.097,72,1.127,NA,NA,Asia,HKG
HKG,2009,12.49,69.4,1.055,NA,NA,Asia,HKG
HKG,2008,8.514,66.7,1.064,NA,NA,Asia,HKG
HKG,2007,8.973,64.8,1.028,NA,NA,Asia,HKG
HKG,2006,10.374,60.8,0.984,NA,NA,Asia,HKG
HKG,2005,10.671,56.9,0.959,NA,NA,Asia,HKG
HKG,2004,12.073,56.3998803935333,0.922,NA,NA,Asia,HKG
HKG,2003,14.84,52.2000433497404,0.901,NA,NA,Asia,HKG
HKG,2002,14.814,43.0823830278909,0.941,NA,NA,Asia,HKG
HKG,2001,11.196,38.6714032309569,0.931,NA,NA,Asia,HKG
HKG,2000,11.064,27.8277606812581,1.032,NA,NA,Asia,HKG
HUN,2023,12.779,91.4500713,1.55,0.134690305915222,169.24252427585674,Europe,HUN
HUN,2022,10.541,89.14282688,1.57,0.128478945825748,179.94330475823674,Europe,HUN
HUN,2021,13.549,88.64083466,1.63,0.1295170705558031,169.5674100029345,Europe,HUN
HUN,2020,12.882,84.77115202,1.61,0.1282201613371916,154.09886865957625,Europe,HUN
HUN,2019,11.472,80.3716936050482,1.58,0.1187307712239088,150.962381960186,Europe,HUN
HUN,2018,10.115,76.0743606365063,1.57,0.1193589026372727,134.80998194392026,Europe,HUN
HUN,2017,10.699,76.7505471201922,1.56,0.1197041666373495,122.03527065046426,Europe,HUN
HUN,2016,12.923,79.2594121273057,1.55,0.1202183298474522,112.31207124771575,Europe,HUN
HUN,2015,17.272,72.8347370323805,1.46,0.1205194870825004,100.00000000000003,Europe,HUN
HUN,2014,20.378,75.6531974544103,1.45,0.1204700149457406,88.85771963264335,Europe,HUN
HUN,2013,26.545,72.6439,1.36,0.1206295120745281,86.25174616207205,Europe,HUN
HUN,2012,28.185,70.579998153838,1.34,0.1205176705099379,89.80368112469195,Europe,HUN
HUN,2011,25.957,68.0199878861296,1.23,0.1193980919216328,98.17710202363175,Europe,HUN
HUN,2010,26.392,65,1.25,0.119165902107837,104.99352224414025,Europe,HUN
HUN,2009,26.393,62,1.32,0.1188933951447441,111.458754555412,Europe,HUN
HUN,2008,19.602,61,1.35,0.1177343351209977,122.3977955926455,Europe,HUN
HUN,2007,18.147,53.3,1.32,0.1174898848935918,126.3994076737385,Europe,HUN
HUN,2006,19.364,47.06,1.34,0.1173228383487395,NA,Europe,HUN
HUN,2005,19.653,38.97,1.31,0.1176128377070973,NA,Europe,HUN
HUN,2004,14.604,27.74,1.28,0.1177829861747607,NA,Europe,HUN
HUN,2003,13.171,21.63,1.27,0.1169699741988742,NA,Europe,HUN
HUN,2002,11.754,16.67,1.3,0.1171571488786557,NA,Europe,HUN
HUN,2001,11.036,14.5285543028277,1.31,0.1169012569033009,NA,Europe,HUN
HUN,2000,12.862,6.99967635062916,1.32,0.1162322339143948,NA,Europe,HUN
ISL,2023,8.488,97.94860077,1.55,0.1901199759161318,168.06906916330848,Europe,ISL
ISL,2022,8.421,97.58339691,1.589,0.1827555458699075,168.173899544648,Europe,ISL
ISL,2021,11.831,99.68701957,1.82,0.1805382869059383,148.697042695102,Europe,ISL
ISL,2020,9.872,99.5327519,1.72,0.1776911332514241,136.4322232915005,Europe,ISL
ISL,2019,8.449,99.5049411693787,1.74,0.1617025652571696,132.94438561682026,Europe,ISL
ISL,2018,5.902,99.0109539916991,1.71,0.1604193691974067,133.33008480979376,Europe,ISL
ISL,2017,7.544,98.2552011867973,1.71,0.1561036602784456,128.2638144302265,Europe,ISL
ISL,2016,6.317,98.23999786,1.74,0.1541587377268014,107.19891772932625,Europe,ISL
ISL,2015,8.578,98.19999695,1.8,0.152599717971491,99.99999999999997,Europe,ISL
ISL,2014,9.566,98.1580233097118,1.93,0.1513373802132621,94.0443489389981,Europe,ISL
ISL,2013,10.415,96.5468,1.93,0.1497777912604052,89.14697616909235,Europe,ISL
ISL,2012,13.201,96.2097995545657,2.04,0.1481057678348279,87.42276709660948,Europe,ISL
ISL,2011,14.151,94.8196868008949,2.02,0.1462709787145663,86.37752823695047,Europe,ISL
ISL,2010,15.857,93.39,2.2,0.1446620149802436,85.54791248755015,Europe,ISL
ISL,2009,15.455,93,2.23,0.1432654313252379,91.67318625743452,Europe,ISL
ISL,2008,7.868,91,2.15,0.1417436742047266,117.3583764877055,Europe,ISL
ISL,2007,6.685,90.6,2.09,0.1408608458361367,126.49616305312651,Europe,ISL
ISL,2006,7.921,89.51,2.08,0.140260798666115,121.12544325034575,Europe,ISL
ISL,2005,7.051,87,2.05,0.1395787476335655,111.2965541040886,Europe,ISL
ISL,2004,11.49,83.88,2.04,0.1388184318468089,87.76212457247743,Europe,ISL
ISL,2003,11.815,83.14,1.99,0.1380196748252281,82.1250805469485,Europe,ISL
ISL,2002,6.158,79.12,1.93,0.1375809712785553,74.33073173525051,Europe,ISL
ISL,2001,4.86,49.3929953676426,1.95,0.137481995425922,74.76539686505603,Europe,ISL
ISL,2000,4.246,44.470533824288,2.08,0.1373832223633334,76.25095018707974,Europe,ISL
IND,2023,15.595,60.25230026,1.975,0.1462090150792447,99.342531818453807,Asia,IND
IND,2022,17.732,55.9,1.994,0.1376309634812883,99.11910164486318,Asia,IND
IND,2021,20.824,49.2580986,2.014,0.1356581238743571,103.5936567628795,Asia,IND
IND,2020,24.666,43.40544313,2.047,0.1344665511065646,106.6998037421925,Asia,IND
IND,2019,22.947,29.52350044,2.12,0.1198010023717864,108.53545232440351,Asia,IND
IND,2018,26.003,20.0813000379384,2.184,0.1190151040283189,108.8927261407785,Asia,IND
IND,2017,25.591,18.200000760000002,2.193,0.1186569884908217,107.5095404911485,Asia,IND
IND,2016,25.23,16.5,2.284,0.1180531185142007,102.55235532760457,Asia,IND
IND,2015,24.959,14.899999619999999,2.289,0.1172833321622973,99.99999999999977,Asia,IND
IND,2014,24.709,13.5,2.293,0.1163297328023571,91.28578116185523,Asia,IND
IND,2013,24.473,12.30000019,2.399,0.1154313864000267,84.41637152532198,Asia,IND
IND,2012,24.135,11.100000380000001,2.47,0.1148780543287223,79.3809851194292,Asia,IND
IND,2011,23.641,10.07,2.532,0.1142566714924112,69.20029351148256,Asia,IND
IND,2010,23.299,7.5,2.598,0.1135616879120791,62.85232115237862,Asia,IND
IND,2009,22.862,5.12,2.674,0.1128470165440762,57.431410364929825,Asia,IND
IND,2008,22.417,4.38,2.711,0.1122110483628149,NA,Asia,IND
IND,2007,21.863,3.95,2.775,0.1115149240450393,NA,Asia,IND
IND,2006,21.472,2.80549986534254,2.867,0.1110826984784391,NA,Asia,IND
IND,2005,21.117,2.388099909,2.958,0.1109572002559152,NA,Asia,IND
IND,2004,20.988,1.97613649190559,3.046,0.11076580095342,NA,Asia,IND
IND,2003,20.855,1.68648997063625,3.122,0.1111377358649259,NA,Asia,IND
IND,2002,20.761,1.53787558175083,3.217,0.1114654885315964,NA,Asia,IND
IND,2001,20.422,0.660146377009928,3.303,0.1114277405607005,NA,Asia,IND
IND,2000,20.198,0.527532449930946,3.35,0.1118006170493411,NA,Asia,IND
IDN,2023,13.015,69.20836554,2.127,0.1001338022929102,92.88318887458918,Asia,IDN
IDN,2022,14.054,66.48461277,2.149,0.0949170278473703,95.11540694837875,Asia,IDN
IDN,2021,13.8,62.10447842,2.166,0.0949291384426429,97.84641051071247,Asia,IDN
IDN,2020,14.773,53.72649449,2.189,0.0929581669388508,98.12143419564585,Asia,IDN
IDN,2019,13.577,47.6906489788375,2.205,0.0849612477072353,98.51990546382174,Asia,IDN
IDN,2018,16.369,39.9046386385762,2.219,0.084619111786975107,99.79438022523198,Asia,IDN
IDN,2017,14.553,32.335806250688,2.253,0.0840203567751717,99.84022951543368,Asia,IDN
IDN,2016,15.997,25.447353701827,2.311,0.0832429719483901,100.06291825364053,Asia,IDN
IDN,2015,17.224,22.062742603379,2.346,0.0829343277383648,99.99999999999991,Asia,IDN
IDN,2014,15.977,17.1431598350566,2.393,0.0822782998461036,99.08897696971857,Asia,IDN
IDN,2013,15.977,14.94,2.441,0.0818665065906585,97.90186842736425,Asia,IDN
IDN,2012,15.673,14.52,2.514,0.0814512302121072,92.49911911066795,Asia,IDN
IDN,2011,18.393,12.28,2.515,0.0808516376451125,93.94459487680187,Asia,IDN
IDN,2010,17.691,10.92,2.462,0.0807260290919519,96.16860936958263,Asia,IDN
IDN,2009,19.106,6.92,2.442,0.0807574138069595,100.6719234564752,Asia,IDN
IDN,2008,19.644,7.917500019,2.44,0.0800930306812509,104.79980390529175,Asia,IDN
IDN,2007,22.861,5.78627472934199,2.476,0.0804403507686475,116.1588835082305,Asia,IDN
IDN,2006,24.616,4.7648131336665704,2.457,0.0803591044305388,129.76435015281425,Asia,IDN
IDN,2005,26.302,3.60202476259646,2.452,0.0800422029030772,140.247005673317,Asia,IDN
IDN,2004,23.617,2.60028587633414,2.415,0.0801018506797987,150.649782500972,Asia,IDN
IDN,2003,21.436,2.38701977959476,2.41,0.0798197597288557,154.231614637435,Asia,IDN
IDN,2002,21.434,2.13413573295808,2.436,0.079711749738071,156.25529784900326,Asia,IDN
IDN,2001,19.035,2.01861385948459,2.466,0.0797732561805409,NA,Asia,IDN
IDN,2000,19.147,0.925563864466858,2.503,0.0793957815078551,NA,Asia,IDN
IRN,2023,21.265,83.71050262,1.695,0.2202052715534367,NA,Asia,IRN
IRN,2022,22.686,81.71649933,1.704,0.2044202226808981,NA,Asia,IRN
IRN,2021,23.752,78.5957366,1.709,0.2018172026365735,NA,Asia,IRN
IRN,2020,23.712,75.56986637,1.7,0.2024033259177098,NA,Asia,IRN
IRN,2019,25.948,72.4509047672065,1.766,0.1774259562958751,NA,Asia,IRN
IRN,2018,27.502,70.2005650008363,1.919,0.1778907093438115,NA,Asia,IRN
IRN,2017,28.208,64.0439736249513,2.023,0.1776109851342872,NA,Asia,IRN
IRN,2016,29.087,53.2267716709857,2.054,0.1773062356575411,NA,Asia,IRN
IRN,2015,25.962,45.3349761533285,2.017,0.177143428266872,NA,Asia,IRN
IRN,2014,24.972,39.353614505223,1.975,0.1759486613365337,NA,Asia,IRN
IRN,2013,23.872,29.95,1.913,0.1765183459227874,NA,Asia,IRN
IRN,2012,26.894,22.73,1.851,0.17583261394537,NA,Asia,IRN
IRN,2011,26.645,19,1.792,0.17459424147032,NA,Asia,IRN
IRN,2010,28.7,15.9,1.749,0.1737190453327463,NA,Asia,IRN
IRN,2009,24.716,13.80000019,1.74,0.1744432338536806,NA,Asia,IRN
IRN,2008,23.136,12.02,1.743,0.1752978137719091,NA,Asia,IRN
IRN,2007,22.347,9.470000267,1.748,0.1767561517679033,NA,Asia,IRN
IRN,2006,23.534,8.760000229,1.755,0.1773979609902738,NA,Asia,IRN
IRN,2005,23.396,8.100000381,1.756,0.1781259698317787,NA,Asia,IRN
IRN,2004,20.347,7.49,1.78,0.178144297324443,NA,Asia,IRN
IRN,2003,22.683,6.93372195304053,1.801,0.1781540869824773,NA,Asia,IRN
IRN,2002,25.174,4.62617511492205,1.836,0.1780610198213433,NA,Asia,IRN
IRN,2001,24.28,1.48422133163363,1.918,0.1779539187535246,NA,Asia,IRN
IRN,2000,23.088,0.934190019959829,1.999,0.1777253866111375,NA,Asia,IRN
IRQ,2023,31.514,81.80889893,3.249,0.1676693220597004,NA,Asia,IRQ
IRQ,2022,31.791,78.71560926,3.294,0.1572142450720819,NA,Asia,IRQ
IRQ,2021,35.653,65.00219727,3.358,0.1552941061389287,NA,Asia,IRQ
IRQ,2020,34.45,53.67779922,3.419,0.1569963715700022,NA,Asia,IRQ
IRQ,2019,29.75,44.3263465511579,3.48,0.1376436519840879,NA,Asia,IRQ
IRQ,2018,27.338,33.92810059,3.547,0.1375743577672825,NA,Asia,IRQ
IRQ,2017,25.276,25.96920013,3.64,0.1376943909202841,NA,Asia,IRQ
IRQ,2016,22.446,19.87719917,3.843,0.1375499601937372,NA,Asia,IRQ
IRQ,2015,21.387,15.21440029,4.08,0.1370844672558764,NA,Asia,IRQ
IRQ,2014,19.908,11.6453267304545,4.31,0.1364708987450661,NA,Asia,IRQ
IRQ,2013,17.913,9.199999809,4.441,0.1357194930987117,NA,Asia,IRQ
IRQ,2012,16.091,7.099999905,4.544,0.1349486273612975,NA,Asia,IRQ
IRQ,2011,16.453,5,4.588,0.1348043010616517,NA,Asia,IRQ
IRQ,2010,16.579,2.5,4.457,0.1345652468020165,NA,Asia,IRQ
IRQ,2009,16.818,1.06,4.378,0.1344290678593822,NA,Asia,IRQ
IRQ,2008,16.914,1,4.373,0.1343296858218032,NA,Asia,IRQ
IRQ,2007,17.207,0.93,4.404,0.134128391200438,NA,Asia,IRQ
IRQ,2006,16.761,0.95234424383919,4.459,0.1340520121254179,NA,Asia,IRQ
IRQ,2005,16.908,0.899999976,4.446,0.1336865845020183,NA,Asia,IRQ
IRQ,2004,17.022,0.9,4.527,0.1334292915197388,NA,Asia,IRQ
IRQ,2003,17.271,0.6,4.581,0.1335007170592846,NA,Asia,IRQ
IRQ,2002,16.64,0.5,4.668,0.132997210250361,NA,Asia,IRQ
IRQ,2001,15.955,0.1,4.799,0.132989365800357,NA,Asia,IRQ
IRQ,2000,15.505,NA,4.92,0.1330199856188446,NA,Asia,IRQ
IRL,2023,10.161,96.8660965,1.5,0.2143226578451302,133.46873649013574,Europe,IRL
IRL,2022,9.389,95.03690338,1.51,0.202435573342606,140.6890433880945,Europe,IRL
IRL,2021,15.612,93.50610352,1.72,0.2000962491158978,134.56647772273874,Europe,IRL
IRL,2020,15.263,91.99989097,1.6,0.1966358739979367,127.99765160051174,Europe,IRL
IRL,2019,12.457,87.0000552425146,1.69,0.17749606582364,127.70052001974375,Europe,IRL
IRL,2018,13.756,87.0001401148942,1.74,0.1756191377409684,126.91481678384,Europe,IRL
IRL,2017,14.402,84.1140070623844,1.76,0.1732704673676649,116.87336138159175,Europe,IRL
IRL,2016,16.797,83.5,1.81,0.1725117551411075,106.5855228955145,Europe,IRL
IRL,2015,20.235,83.4947916666667,1.85,0.1692658947400619,100,Europe,IRL
IRL,2014,23.416,83.4917223351728,1.89,0.167655973235097,90.70102499578968,Europe,IRL
IRL,2013,26.732,78.2477,1.93,0.1648871815354699,78.91953115055901,Europe,IRL
IRL,2012,30.792,76.919992540097,1.98,0.1619462040511115,79.07832464483637,Europe,IRL
IRL,2011,29.579,74.8899729670944,2.03,0.1593268498154982,92.70882622907605,Europe,IRL
IRL,2010,28.157,69.85,2.05,0.1555341506509985,112.96768047337275,Europe,IRL
IRL,2009,24.509,67.38,2.06,0.1540645780073398,128.46076764210125,Europe,IRL
IRL,2008,13.471,65.34,2.06,0.1516908945778255,146.7706255222005,Europe,IRL
IRL,2007,9.159,61.158324551,2.01,0.1494623011777658,158.50044608308923,Europe,IRL
IRL,2006,7.909,54.82,1.91,0.1493603108375803,152.12773587508275,Europe,IRL
IRL,2005,7.821,41.61,1.86,0.1465652015939444,136.2048948608315,Europe,IRL
IRL,2004,7.874,36.99,1.93,0.1450453798995904,127.4271317417875,Europe,IRL
IRL,2003,7.706,34.31,1.96,0.1435678242648634,116.24772121457775,Europe,IRL
IRL,2002,7.358,25.85,1.97,0.1430706719143407,104.892158376065,Europe,IRL
IRL,2001,5.858,23.1388121904053,1.94,0.1429589970797543,102.37388297752699,Europe,IRL
IRL,2000,6.257,17.8504672405807,1.89,0.14151672486628,94.23411402534107,Europe,IRL
IMN,2023,NA,NA,1.548,NA,NA,Europe,IMN
IMN,2022,NA,NA,1.556,NA,NA,Europe,IMN
IMN,2021,NA,NA,1.569,NA,NA,Europe,IMN
IMN,2020,NA,NA,1.585,NA,NA,Europe,IMN
IMN,2019,NA,NA,1.606,NA,NA,Europe,IMN
IMN,2018,NA,NA,1.636,NA,NA,Europe,IMN
IMN,2017,NA,NA,1.674,NA,NA,Europe,IMN
IMN,2016,NA,NA,1.713,NA,NA,Europe,IMN
IMN,2015,NA,NA,1.748,NA,NA,Europe,IMN
IMN,2014,NA,NA,1.79,NA,NA,Europe,IMN
IMN,2013,NA,NA,1.824,NA,NA,Europe,IMN
IMN,2012,NA,NA,1.864,NA,NA,Europe,IMN
IMN,2011,NA,NA,1.903,NA,NA,Europe,IMN
IMN,2010,NA,NA,1.928,NA,NA,Europe,IMN
IMN,2009,NA,NA,1.937,NA,NA,Europe,IMN
IMN,2008,NA,NA,1.941,NA,NA,Europe,IMN
IMN,2007,NA,NA,1.927,NA,NA,Europe,IMN
IMN,2006,NA,NA,1.905,NA,NA,Europe,IMN
IMN,2005,NA,NA,1.863,NA,NA,Europe,IMN
IMN,2004,NA,NA,1.826,NA,NA,Europe,IMN
IMN,2003,NA,NA,1.84,NA,NA,Europe,IMN
IMN,2002,NA,NA,1.863,NA,NA,Europe,IMN
IMN,2001,NA,NA,1.87,NA,NA,Europe,IMN
IMN,2000,NA,NA,1.866,NA,NA,Europe,IMN
ISR,2023,5.873,87.03842615,2.85,0.173898670339522,136.5339608242275,Asia,ISR
ISR,2022,6.719,91.85079615,2.89,0.1659493245894201,138.998340271294,Asia,ISR
ISR,2021,7.649,90.29689758,3,0.1657091526720953,124.38170687812425,Asia,ISR
ISR,2020,7.645,90.12734091,2.9,0.1643346880829612,116.3506330792335,Asia,ISR
ISR,2019,6.525,86.7878776180583,3.01,0.1497925108648679,112.33938618301225,Asia,ISR
ISR,2018,7.025,83.7331569615326,3.09,0.1489117456763581,110.9937503824105,Asia,ISR
ISR,2017,7.151,81.5811835871611,3.11,0.1483262914919462,112.80443385734425,Asia,ISR
ISR,2016,8.514,79.6531241815281,3.11,0.1474169654651336,108.5082684917865,Asia,ISR
ISR,2015,9.202,77.3520896572253,3.09,0.1464750052571153,99.99999999999994,Asia,ISR
ISR,2014,10.429,75.0177531628076,3.08,0.1459760666544682,94.0828128754805,Asia,ISR
ISR,2013,10.4,70.250311945000007,3.03,0.1456023546393763,88.84185099742837,Asia,ISR
ISR,2012,11.99,70.8,3.05,0.1438576405857734,83.13436952982018,Asia,ISR
ISR,2011,11.825,68.8738779907441,2.98,0.1431335353098496,82.10314361711215,Asia,ISR
ISR,2010,14.22,67.5,3.03,0.1422096411980382,76.5504922905844,Asia,ISR
ISR,2009,14.709,63.12,2.96,0.1412295220151851,66.71005323798508,Asia,ISR
ISR,2008,12.481,59.39,2.96,0.1400984011408332,60.16848027507592,Asia,ISR
ISR,2007,16.252,48.1280621948445,2.9,0.139088641208582,58.268118745924575,Asia,ISR
ISR,2006,18.41,27.8810997,2.88,0.1386875573230976,59.8736865062206,Asia,ISR
ISR,2005,17.862,25.19400024,2.84,0.1378206709491616,60.93787260156287,Asia,ISR
ISR,2004,20.657,22.7704855254035,2.9,0.137154243532588,61.7203382367423,Asia,ISR
ISR,2003,22.409,19.5933936579649,2.95,0.1363569919351602,62.440279561457025,Asia,ISR
ISR,2002,20.845,17.7645990630493,2.89,0.1355167622779181,66.25556309487925,Asia,ISR
ISR,2001,18.701,17.3786238639049,2.92,0.1348090158756755,65.9323325513669,Asia,ISR
ISR,2000,17.315,20.8737899981674,2.95,0.1345724961665699,68.8619375227253,Asia,ISR
ITA,2023,22.727,87.0278292,1.21,0.1734893108411517,91.10368456318993,Europe,ITA
ITA,2022,23.704,85.06074504,1.24,0.1636185887404506,94.49594191167088,Europe,ITA
ITA,2021,29.665,74.8623274,1.25,0.1602540932941902,97.16998730100245,Europe,ITA
ITA,2020,29.629,70.48342785,1.24,0.1602515884748433,96.1396898598098,Europe,ITA
ITA,2019,29.102,67.8507102874836,1.27,0.1442974411893884,94.59297245667665,Europe,ITA
ITA,2018,32.185,74.3871829234822,1.31,0.1428861171641967,95.5382960481508,Europe,ITA
ITA,2017,34.726,63.0773469984291,1.34,0.1419762272475408,97.34977522930666,Europe,ITA
ITA,2016,37.758,61.3242527666303,1.36,0.1414457779897703,99.7309442316483,Europe,ITA
ITA,2015,40.316,58.1417349568747,1.36,0.1406139425822999,100.00000000000007,Europe,ITA
ITA,2014,42.669,55.6384602242293,1.38,0.138256834165254,104.10048647890775,Europe,ITA
ITA,2013,40.022,58.4593,1.39,0.1369665556475245,109.52939989619576,Europe,ITA
ITA,2012,35.294,55.829997993283,1.42,0.1340487879039797,118.42662990325925,Europe,ITA
ITA,2011,29.145,54.3899983018814,1.42,0.1326177974153562,124.8022696259735,Europe,ITA
ITA,2010,27.91,53.68,1.44,0.1313443630667433,126.69916615506276,Europe,ITA
ITA,2009,25.352,48.83,1.44,0.1293780686899848,129.29073057797876,Europe,ITA
ITA,2008,21.217,44.53,1.44,0.1289666692870542,133.61696360633576,Europe,ITA
ITA,2007,20.384,40.79,1.39,0.1278918955354034,135.53581032461676,Europe,ITA
ITA,2006,21.792,37.99,1.37,0.12764592828416849,131.83574367673626,Europe,ITA
ITA,2005,24.113,35,1.33,0.127184999838238,127.27833926127124,Europe,ITA
ITA,2004,24.424,33.24,1.34,0.1261204109360782,120.9137450862985,Europe,ITA
ITA,2003,26.983,29.04,1.29,0.1259648576858452,112.71189180964325,Europe,ITA
ITA,2002,27.171,28.04,1.27,0.1245971526382654,105.3432010829455,Europe,ITA
ITA,2001,27.806,27.2221169788811,1.25,0.1241892550142315,98.9332427965189,Europe,ITA
ITA,2000,31.46,23.1108742441037,1.26,0.1238322286861059,93.80118124592848,Europe,ITA
JAM,2023,9.992,89.47304282,1.358,0.1611134186267469,NA,Americas,JAM
JAM,2022,13.117,85.84329987,1.372,0.1568906941374071,NA,Americas,JAM
JAM,2021,16.837,82.36071561,1.378,0.1581540747137181,NA,Americas,JAM
JAM,2020,20.087,76.38400269,1.383,0.1542952163551975,NA,Americas,JAM
JAM,2019,15.96,70.8410169743356,1.39,0.1423185451719377,NA,Americas,JAM
JAM,2018,18.064,68.2145170876072,1.4,0.1426350882844541,NA,Americas,JAM
JAM,2017,21.686,55.0720670507751,1.428,0.1410713963505514,NA,Americas,JAM
JAM,2016,24.661,44.3668563671334,1.464,0.1406226008278208,NA,Americas,JAM
JAM,2015,25.777,42.2212211907441,1.508,0.1395079168045818,NA,Americas,JAM
JAM,2014,26.348,40.4027351046672,1.544,0.1380657611966502,NA,Americas,JAM
JAM,2013,27.228,37.1,1.591,0.1370410251829635,NA,Americas,JAM
JAM,2012,23.401,33.79,1.648,0.1360833789755414,NA,Americas,JAM
JAM,2011,20.363,37.438613414848,1.717,0.1346080699748476,NA,Americas,JAM
JAM,2010,20.451,27.67,1.799,0.1332804084880939,NA,Americas,JAM
JAM,2009,18.552,24.3,1.879,0.1319497547049709,NA,Americas,JAM
JAM,2008,17.182,23.6,1.953,0.1309584497629552,NA,Americas,JAM
JAM,2007,17.009,21.10000038,2.023,0.1302475797849623,NA,Americas,JAM
JAM,2006,16.951,16.39999962,2.089,0.1295971746385214,NA,Americas,JAM
JAM,2005,16.841,12.80000019,2.148,0.1293451296734788,NA,Americas,JAM
JAM,2004,16.706,10,2.198,0.1290095972197301,NA,Americas,JAM
JAM,2003,16.546,7.8,2.244,0.1286424305334388,NA,Americas,JAM
JAM,2002,16.598,6.1,2.271,0.1282093352873808,NA,Americas,JAM
JAM,2001,16.548,3.8630203874764,2.296,0.1277029889657631,NA,Americas,JAM
JAM,2000,16.597,3.11577802729967,2.345,0.1280043046350321,NA,Americas,JAM
JPN,2023,4.116,85.00990295,1.2,0.1437535901351245,116.0708743743545,Asia,JPN
JPN,2022,4.434,84.92343147,1.26,0.1412305085683901,116.51256582486874,Asia,JPN
JPN,2021,4.707,82.91407928,1.3,0.142993557447665,111.05991538964025,Asia,JPN
JPN,2020,4.679,90.21945812,1.33,0.1378292612342353,105.8486566812265,Asia,JPN
JPN,2019,3.938,92.7303978145525,1.36,0.1342414754851514,106.6759596147065,Asia,JPN
JPN,2018,3.668,88.7463508901772,1.42,0.1323780240733986,105.91680659758126,Asia,JPN
JPN,2017,4.611,91.7265472366635,1.43,0.1312258461604671,104.64413989149425,Asia,JPN
JPN,2016,5.12,93.1827212821617,1.44,0.129943470863744,102.514594196164,Asia,JPN
JPN,2015,5.471,91.0580283929962,1.45,0.1297175913922316,99.99999999999987,Asia,JPN
JPN,2014,6.299,89.1068330166075,1.42,0.1280412932662847,98.20963246376326,Asia,JPN
JPN,2013,6.809,88.219428911,1.43,0.1268787538797219,98.65807286624528,Asia,JPN
JPN,2012,8.236,79.4964,1.41,0.1258615214524227,96.90006974531845,Asia,JPN
JPN,2011,8.325,79.0541135244739,1.39,0.1251530702103886,97.16139282388752,Asia,JPN
JPN,2010,9.46,78.21,1.39,0.1245413996332479,96.58038914697192,Asia,JPN
JPN,2009,9.205,78,1.37,0.1237655746457659,93.7815686636607,Asia,JPN
JPN,2008,7.314,75.4,1.37,0.122972319781426,97.34769140509535,Asia,JPN
JPN,2007,7.871,74.3,1.34,0.1222647549186299,97.49505052680877,Asia,JPN
JPN,2006,8.301,68.6852703213795,1.32,0.121650359851024,98.15257975931272,Asia,JPN
JPN,2005,8.705,66.9210661042901,1.26,0.1209743741375341,101.11288415593992,Asia,JPN
JPN,2004,9.573,62.3939296327259,1.29,0.1203597372623262,105.39774553166875,Asia,JPN
JPN,2003,10.199,48.4352658899653,1.29,0.1195526918973763,111.594404079933,Asia,JPN
JPN,2002,10.062,46.5942011179917,1.32,0.1187096980682341,117.755131316493,Asia,JPN
JPN,2001,9.603,38.5320608612719,1.33,0.1179617606938844,122.5943114544095,Asia,JPN
JPN,2000,9.212,29.9907403589142,1.36,0.117423330965273,126.504639424985,Asia,JPN
JOR,2023,38.837,92.53443944,2.639,0.1579539735430089,NA,Asia,JOR
JOR,2022,42.028,90.4999984,2.679,0.150095571535617,NA,Asia,JOR
JOR,2021,43.862,85.999997,2.735,0.1494000308515788,NA,Asia,JOR
JOR,2020,42.458,78.4178009,2.791,0.1502108194357846,NA,Asia,JOR
JOR,2019,37.205,70.08470154,2.855,0.1337370219504585,NA,Asia,JOR
JOR,2018,38.941,65.2,2.923,0.133882327442515,NA,Asia,JOR
JOR,2017,35.438,64.5,2.994,0.1343177041678312,NA,Asia,JOR
JOR,2016,35.61,56.15000153,3.072,0.1344978555518103,NA,Asia,JOR
JOR,2015,30.914,54.22000122,3.141,0.1341422208757923,NA,Asia,JOR
JOR,2014,27.612,46.2,3.302,0.1335084582361516,NA,Asia,JOR
JOR,2013,29.536,41.4,3.449,0.1339549370294442,NA,Asia,JOR
JOR,2012,28.853,37,3.568,0.1337354434629379,NA,Asia,JOR
JOR,2011,30.787,34.9,3.69,0.1313368470006398,NA,Asia,JOR
JOR,2010,30.059,27.2,3.78,0.1325191121442131,NA,Asia,JOR
JOR,2009,31.368,26,3.841,0.1312653415255191,NA,Asia,JOR
JOR,2008,30.716,23,3.876,0.1319337010253216,NA,Asia,JOR
JOR,2007,31.755,20,3.797,0.1315288625784322,NA,Asia,JOR
JOR,2006,33.022,13.86709976,3.711,0.1318419218214376,NA,Asia,JOR
JOR,2005,34.989,12.93290043,3.653,0.1323598815509889,NA,Asia,JOR
JOR,2004,34.093,11.6587413706379,3.729,0.132430031327613,NA,Asia,JOR
JOR,2003,33.288,8.46600501623938,3.816,0.1302127760391893,NA,Asia,JOR
JOR,2002,35.349,6.02553241191204,3.805,0.1310179591153381,NA,Asia,JOR
JOR,2001,33.899,4.70571958094159,3.803,0.1306639119144356,NA,Asia,JOR
JOR,2000,31.651,2.62327542156362,3.864,0.1291135490671711,NA,Asia,JOR
KAZ,2023,3.814,92.87846096,3.012,0.1161904485883368,NA,Asia,KAZ
KAZ,2022,3.822,92.29685266,3.05,0.112039460378563,NA,Asia,KAZ
KAZ,2021,4.216,90.9239507,3.32,0.1123258501627063,NA,Asia,KAZ
KAZ,2020,3.775,85.94259898,3.13,0.1096221961296953,NA,Asia,KAZ
KAZ,2019,3.766,81.8776204746284,2.89,0.1022063050267067,NA,Asia,KAZ
KAZ,2018,3.776,78.9039190578816,2.845,0.1029435160320475,NA,Asia,KAZ
KAZ,2017,3.79,76.4267482325439,2.745,0.1022363847458663,NA,Asia,KAZ
KAZ,2016,3.806,74.5877264735738,2.795,0.1028520693165656,NA,Asia,KAZ
KAZ,2015,3.761,70.82993359566,2.755,0.1027352450353803,NA,Asia,KAZ
KAZ,2014,3.838,66,2.76,0.1025912069403405,NA,Asia,KAZ
KAZ,2013,3.923,63.30422443,2.67,0.1021885482740011,NA,Asia,KAZ
KAZ,2012,3.94,61.9066274652008,2.64,0.1020408735384965,NA,Asia,KAZ
KAZ,2011,4.576,50.6,2.605,0.1014295799653055,NA,Asia,KAZ
KAZ,2010,5.215,31.6,2.61,0.1012070202485985,NA,Asia,KAZ
KAZ,2009,6.675,18.2,2.58,0.1007057192178865,NA,Asia,KAZ
KAZ,2008,7.389,11,2.616,0.1004233454426205,NA,Asia,KAZ
KAZ,2007,9.349,4.02,2.49,0.1001237524194692,NA,Asia,KAZ
KAZ,2006,11.181,3.268399954,2.38,0.0993056312738106,NA,Asia,KAZ
KAZ,2005,12.714,2.961699963,2.274,0.0985487312501909,NA,Asia,KAZ
KAZ,2004,14.116,2.6503946570164,2.201,0.0987247815062562,NA,Asia,KAZ
KAZ,2003,14.349,2.00041475265872,2.075,0.0977673160007766,NA,Asia,KAZ
KAZ,2002,16.697,1.67477099516366,1.956,0.0974031072390202,NA,Asia,KAZ
KAZ,2001,18.715,1.00612421099739,1.906,0.0977420697012782,NA,Asia,KAZ
KAZ,2000,22.71,0.668594402621264,1.898,0.0973914422244994,NA,Asia,KAZ
KEN,2023,15.164,32.07040024,3.208,0.1293599110908684,NA,Africa,KEN
KEN,2022,15.488,29.40589905,3.262,0.1222906949144304,NA,Africa,KEN
KEN,2021,12.232,26.96290016,3.312,0.1226578061582046,NA,Africa,KEN
KEN,2020,13.619,24.7227993,3.364,0.1220602735801485,NA,Africa,KEN
KEN,2019,12.547,22.6687733618171,3.433,0.1093645481059332,NA,Africa,KEN
KEN,2018,10.818,19.5,3.536,0.1086354476183019,NA,Africa,KEN
KEN,2017,9.097,17.82710075,3.609,0.1079789968519112,NA,Africa,KEN
KEN,2016,7.333,16.6,3.689,0.1084479332628494,NA,Africa,KEN
KEN,2015,7.299,16.5878548475992,3.766,0.1068814955131698,NA,Africa,KEN
KEN,2014,7.253,16.5,3.843,0.1077946500411273,NA,Africa,KEN
KEN,2013,7.183,13,3.955,0.107513940438311,NA,Africa,KEN
KEN,2012,6.945,10.5,4.116,0.1065888433294947,NA,Africa,KEN
KEN,2011,6.924,8.800000191,4.284,0.1068185163943175,NA,Africa,KEN
KEN,2010,7.049,7.2,4.446,0.1064690965587121,NA,Africa,KEN
KEN,2009,7.03,6.1,4.567,0.1069050680087194,NA,Africa,KEN
KEN,2008,6.839,5.199999809,4.66,0.1069684435016208,NA,Africa,KEN
KEN,2007,6.561,4.400000095,4.718,0.1069909994233173,NA,Africa,KEN
KEN,2006,6.571,3.5999999049999998,4.754,0.1070032744391154,NA,Africa,KEN
KEN,2005,6.654,3.101900101,4.801,0.107043214937822,NA,Africa,KEN
KEN,2004,6.818,3.0235280420962,4.861,0.1069151202746425,NA,Africa,KEN
KEN,2003,6.829,2.94190286101524,4.937,0.1068920940462757,NA,Africa,KEN
KEN,2002,6.885,1.20777388492125,5.027,0.1068841879890396,NA,Africa,KEN
KEN,2001,6.778,0.619782266151425,5.094,0.1067162418103297,NA,Africa,KEN
KEN,2000,6.763,0.318059713612037,5.136,0.107045297082509,NA,Africa,KEN
KIR,2023,NA,88,3.147,0.129014327606527,NA,Oceania,KIR
KIR,2022,NA,84.99849701,3.182,0.1221096484734498,NA,Oceania,KIR
KIR,2021,NA,67.08760071,3.219,0.12204101444664,NA,Oceania,KIR
KIR,2020,NA,52.95090103,3.254,0.1189707615883413,NA,Oceania,KIR
KIR,2019,NA,41.79299927,3.29,0.1071447864379747,NA,Oceania,KIR
KIR,2018,NA,32.9864006,3.318,0.1066090781400252,NA,Oceania,KIR
KIR,2017,NA,25.30960083,3.339,0.1059700393058993,NA,Oceania,KIR
KIR,2016,NA,19.41939926,3.375,0.1052447581440109,NA,Oceania,KIR
KIR,2015,NA,14.899999619999999,3.438,0.1045353182087717,NA,Oceania,KIR
KIR,2014,NA,12.25,3.521,0.1036956125874957,NA,Oceania,KIR
KIR,2013,NA,11.5,3.643,0.102966951323997,NA,Oceania,KIR
KIR,2012,NA,10.74680042,3.768,0.1022917826053886,NA,Oceania,KIR
KIR,2011,NA,10,3.878,0.1016480782730431,NA,Oceania,KIR
KIR,2010,NA,9.07,3.898,0.101175949506883,NA,Oceania,KIR
KIR,2009,NA,8.97,3.905,0.1006619682946456,NA,Oceania,KIR
KIR,2008,NA,7,3.899,0.1001535655067998,NA,Oceania,KIR
KIR,2007,NA,6,3.865,0.0997614752684008,NA,Oceania,KIR
KIR,2006,NA,4.5,3.815,0.0993702064407061,NA,Oceania,KIR
KIR,2005,NA,4,3.76,0.0990104869355632,NA,Oceania,KIR
KIR,2004,NA,3.5,3.734,0.0986827515576199,NA,Oceania,KIR
KIR,2003,NA,3,3.702,0.0983465453090548,NA,Oceania,KIR
KIR,2002,NA,2.5,3.814,0.098072790498095,NA,Oceania,KIR
KIR,2001,NA,2.33745894837722,3.957,0.0978476508412566,NA,Oceania,KIR
KIR,2000,NA,1.78522547397736,4.071,0.0976583533919898,NA,Oceania,KIR
PRK,2023,7.577,NA,1.78,0.1259532620891508,NA,Asia,PRK
PRK,2022,7.61,NA,1.797,0.1224303000124561,NA,Asia,PRK
PRK,2021,8.1,NA,1.806,0.11816077636116851,NA,Asia,PRK
PRK,2020,8.51,NA,1.821,0.1197886328390761,NA,Asia,PRK
PRK,2019,7.605,NA,1.825,0.1114225605959852,NA,Asia,PRK
PRK,2018,7.765,NA,1.834,0.1088176972020185,NA,Asia,PRK
PRK,2017,7.923,NA,1.848,0.1073387319043817,NA,Asia,PRK
PRK,2016,8.091,NA,1.856,0.106969098713221,NA,Asia,PRK
PRK,2015,7.758,NA,1.863,0.1050630166104972,NA,Asia,PRK
PRK,2014,7.628,NA,1.874,0.103708429175036,NA,Asia,PRK
PRK,2013,7.687,NA,1.877,0.1025579507265471,NA,Asia,PRK
PRK,2012,7.576,NA,1.882,0.1019895424515776,NA,Asia,PRK
PRK,2011,7.654,NA,1.883,0.1015300757087859,NA,Asia,PRK
PRK,2010,7.462,NA,1.89,0.1009974647981839,NA,Asia,PRK
PRK,2009,7.579,NA,1.905,0.1005384564945136,NA,Asia,PRK
PRK,2008,7.557,NA,1.97,0.1000695956031113,NA,Asia,PRK
PRK,2007,7.727,NA,1.943,0.0998856576087221,NA,Asia,PRK
PRK,2006,7.821,NA,1.936,0.0996470939467555,NA,Asia,PRK
PRK,2005,7.885,NA,1.872,0.099678671285094,NA,Asia,PRK
PRK,2004,7.957,0,1.899,0.09976564644951,NA,Asia,PRK
PRK,2003,8.039,0,1.909,0.0998724361649254,NA,Asia,PRK
PRK,2002,7.995,0,1.919,0.1000924162885018,NA,Asia,PRK
PRK,2001,8.062,0,1.94,0.1003955458931417,NA,Asia,PRK
PRK,2000,8.005,0,1.941,0.1006923538629117,NA,Asia,PRK
KOR,2023,5.405,97.41597478,0.721,0.1437708405802406,93.97170335736102,Asia,KOR
KOR,2022,6.638,97.16855335,0.778,0.1384257844381239,104.68713993421588,Asia,KOR
KOR,2021,8.055,97.57132698,0.808,0.1392522967175513,107.03795689437726,Asia,KOR
KOR,2020,10.143,96.50506052,0.837,0.1355931986240999,100.88241174159818,Asia,KOR
KOR,2019,9.827,96.157579184239,0.918,0.129095501612594,98.53111365047228,Asia,KOR
KOR,2018,10.12,96.0228595797887,0.977,0.1275287669489566,99.52094822762385,Asia,KOR
KOR,2017,9.781,95.0694218761004,1.052,0.1284673589253066,99.54764321426914,Asia,KOR
KOR,2016,10.145,92.843025679607507,1.172,0.1269537862991282,100.29259784809035,Asia,KOR
KOR,2015,9.899,89.8962557995106,1.239,0.1269948927477918,100.00000000000006,Asia,KOR
KOR,2014,8.594,87.5568264944747,1.205,0.1263401707868173,98.20278911275477,Asia,KOR
KOR,2013,8.943,84.77,1.187,0.1253177589524151,97.90240024703787,Asia,KOR
KOR,2012,7.738,84.07,1.297,0.1244541820261749,100.10009166072942,Asia,KOR
KOR,2011,8.298,83.7591201534472,1.244,0.1235240333727872,101.153878633846,Asia,KOR
KOR,2010,8.54,83.7,1.226,0.1236115993681956,100.03825718885807,Asia,KOR
KOR,2009,9.221,81.6,1.149,0.1235617863071307,100.33035669921242,Asia,KOR
KOR,2008,8.65,81,1.192,0.122302744052249,102.07538640701425,Asia,KOR
KOR,2007,7.853,78.8,1.259,0.1228731038862092,99.6480054699598,Asia,KOR
KOR,2006,8.916,78.1,1.132,0.1222280770616026,92.39250343743728,Asia,KOR
KOR,2005,9.321,73.5,1.085,0.1215861104067293,88.02301334288063,Asia,KOR
KOR,2004,9.798,72.7,1.164,0.1212814612713267,89.08521849558862,Asia,KOR
KOR,2003,9.424,65.5,1.191,0.1202723709375406,91.34211873035315,Asia,KOR
KOR,2002,7.902,59.4,1.178,0.1202179574256053,86.65104398805835,Asia,KOR
KOR,2001,9.359,56.6,1.309,0.1193289713494369,76.67550958230447,Asia,KOR
KOR,2000,10.002,44.7,1.48,0.1188121326572173,76.80469218865355,Asia,KOR
KWT,2023,15.091,99.74731125,1.524,0.1502422043334335,NA,Asia,KWT
KWT,2022,15.19,99.74729919,1.546,0.142938025921365,NA,Asia,KWT
KWT,2021,17.755,99.7,2.148,0.1432194833988475,NA,Asia,KWT
KWT,2020,19.059,99.10587017,2.033,0.142432507604217,NA,Asia,KWT
KWT,2019,15.223,99.5426764518489,2.082,0.1278430482304984,NA,Asia,KWT
KWT,2018,15.224,99.5988495907557,2.118,0.1306394269419115,NA,Asia,KWT
KWT,2017,15.255,97.9999893344615,2.16,0.1291708824079226,NA,Asia,KWT
KWT,2016,15.143,85.59999847,2.061,0.130064288500553,NA,Asia,KWT
KWT,2015,16.18,82,2.03,0.1286903535602414,NA,Asia,KWT
KWT,2014,15.464,78.69999695,2.06,0.1271820478748109,NA,Asia,KWT
KWT,2013,13.635,75.45999908,1.968,0.1270504237612834,NA,Asia,KWT
KWT,2012,11.994,70.44999695,1.99,0.1256651774583335,NA,Asia,KWT
KWT,2011,10.297,65.7690706867398,1.956,0.1281856802760561,NA,Asia,KWT
KWT,2010,8.584,61.40000153,2.044,0.1267515101855642,NA,Asia,KWT
KWT,2009,7.241,50.79999924,2.155,0.1283108491839261,NA,Asia,KWT
KWT,2008,7.82,42,2.266,0.127924064751573,NA,Asia,KWT
KWT,2007,6.858,34.79999924,2.412,0.1281769771108472,NA,Asia,KWT
KWT,2006,5.858,28.79120064,2.589,0.1278785163709201,NA,Asia,KWT
KWT,2005,6.573,25.92609978,2.731,0.1277217823416849,NA,Asia,KWT
KWT,2004,7.328,22.9271120360078,2.762,0.1276404024437367,NA,Asia,KWT
KWT,2003,5.219,22.4029383804612,2.771,0.1276361757552358,NA,Asia,KWT
KWT,2002,4.224,10.2489679289296,2.795,0.1275060757924368,NA,Asia,KWT
KWT,2001,2.976,8.55179243431475,2.839,0.1274321047917308,NA,Asia,KWT
KWT,2000,2.988,6.73139576837536,2.887,0.1274124992129302,NA,Asia,KWT
KGZ,2023,8.451,91.04440308,2.7,0.1184363432801183,NA,Asia,KGZ
KGZ,2022,10.914,84.1937027,2.8,0.1136928606686938,NA,Asia,KGZ
KGZ,2021,11.649,77.11769867,2.89,0.114314446943673,NA,Asia,KGZ
KGZ,2020,11.862,72,3.1,0.1118168916923086,NA,Asia,KGZ
KGZ,2019,12.821,64.1,3.3,0.1020079235402354,NA,Asia,KGZ
KGZ,2018,9.559,62.8,3.3,0.1018494884429399,NA,Asia,KGZ
KGZ,2017,9.3,50.80530167,3,0.1018029255132248,NA,Asia,KGZ
KGZ,2016,8.925,40.52619934,3.1,0.1016949256643395,NA,Asia,KGZ
KGZ,2015,8.508,30.24699974,3.2,0.1017198790667759,NA,Asia,KGZ
KGZ,2014,8.129,28.299999239999998,3.2,0.1021437674327045,NA,Asia,KGZ
KGZ,2013,7.654,23,3.1,0.1023791568847765,NA,Asia,KGZ
KGZ,2012,7.548,19.799999239999998,3.2,0.1016651937264935,NA,Asia,KGZ
KGZ,2011,7.085,17.5,3.1,0.1013047715335239,NA,Asia,KGZ
KGZ,2010,6.734,16.299999239999998,3.1,0.1014679479242692,NA,Asia,KGZ
KGZ,2009,6.424,16,2.9,0.1003204630452838,NA,Asia,KGZ
KGZ,2008,6.154,15.69999981,2.8,0.1002359070237165,NA,Asia,KGZ
KGZ,2007,5.9,14.03,2.7,0.0995030387093023,NA,Asia,KGZ
KGZ,2006,5.626,12.30690002,2.7,0.1011246036458425,NA,Asia,KGZ
KGZ,2005,5.356,10.53380013,2.5,0.1002716106366177,NA,Asia,KGZ
KGZ,2004,5.111,5.09038530732863,2.6,0.1001835619682544,NA,Asia,KGZ
KGZ,2003,4.842,3.90876626828521,2.5,0.1014185339413984,NA,Asia,KGZ
KGZ,2002,4.576,2.99926518003089,2.4,0.1014959857314836,NA,Asia,KGZ
KGZ,2001,4.321,3.00294132719239,2.4,0.1006248139715724,NA,Asia,KGZ
KGZ,2000,4.064,1.04140114469361,2.4,0.100514298984019,NA,Asia,KGZ
LAO,2023,2.176,64.39800262,2.421,0.0980996555753821,NA,Asia,LAO
LAO,2022,2.184,64.54000092,2.455,0.0948598630932077,NA,Asia,LAO
LAO,2021,3.326,62,2.494,0.0957691870849228,NA,Asia,LAO
LAO,2020,4.237,54,2.535,0.093202173064096,NA,Asia,LAO
LAO,2019,4.472,47.03229904,2.589,0.0884269444520517,NA,Asia,LAO
LAO,2018,5.128,36.27130127,2.633,0.0865505727228449,NA,Asia,LAO
LAO,2017,5.779,25.51040077,2.691,0.0865634970066344,NA,Asia,LAO
LAO,2016,4.836,21.87000084,2.744,0.0858496543580638,NA,Asia,LAO
LAO,2015,3.899,18.200000760000002,2.796,0.0848628803951778,NA,Asia,LAO
LAO,2014,3.414,14.26000023,2.802,0.0839820507239351,NA,Asia,LAO
LAO,2013,2.937,12.5,2.872,0.0829982563762844,NA,Asia,LAO
LAO,2012,2.468,10.74769974,2.953,0.082392739790894,NA,Asia,LAO
LAO,2011,2.022,9,3.049,0.0810767405577417,NA,Asia,LAO
LAO,2010,1.578,7,3.137,0.0805333414568264,NA,Asia,LAO
LAO,2009,1.832,6,3.229,0.0804896192946379,NA,Asia,LAO
LAO,2008,2.058,3.55,3.331,0.0795850228124177,NA,Asia,LAO
LAO,2007,2.307,1.64,3.438,0.0797382503599851,NA,Asia,LAO
LAO,2006,2.568,1.16989994,3.559,0.0800401553038457,NA,Asia,LAO
LAO,2005,2.863,0.850399971,3.685,0.0795217484284392,NA,Asia,LAO
LAO,2004,3.167,0.361434490258043,3.898,0.0795019677258182,NA,Asia,LAO
LAO,2003,3.46,0.333912466428616,4.024,0.0794314403223235,NA,Asia,LAO
LAO,2002,3.746,0.267899241309349,4.132,0.0793852430435628,NA,Asia,LAO
LAO,2001,3.981,0.181664460654566,4.29,0.0788085612301365,NA,Asia,LAO
LAO,2000,4.307,0.111044032290124,4.429,0.0788811871293203,NA,Asia,LAO
LVA,2023,12.323,92.18791291,1.36,0.1376196904846081,137.76334548132974,Europe,LVA
LVA,2022,15.27,91.03009059,1.47,0.1313559054827722,143.311021779386,Europe,LVA
LVA,2021,14.785,91.17964988,1.57,0.1323199650546251,143.050296403243,Europe,LVA
LVA,2020,14.868,88.89796078,1.55,0.1294271499095226,132.375053543294,Europe,LVA
LVA,2019,12.415,86.13545644343,1.61,0.1199639033107192,128.22242085408124,Europe,LVA
LVA,2018,12.192,83.5771748630956,1.6,0.1200748665787147,121.6036416885725,Europe,LVA
LVA,2017,16.971,80.1140770037369,1.69,0.1204065794408081,113.94114921047151,Europe,LVA
LVA,2016,17.271,79.8420977843089,1.74,0.120432768922522,107.72961633699725,Europe,LVA
LVA,2015,16.316,79.2005829239344,1.7,0.1202681747106333,100.00000000000003,Europe,LVA
LVA,2014,19.595,75.8261041383556,1.65,0.1200892841987566,103.60013641578098,Europe,LVA
LVA,2013,23.237,75.2344,1.52,0.1200563141042994,98.50279285834222,Europe,LVA
LVA,2012,28.564,73.1199437663748,1.44,0.120621094957312,92.40714467642078,Europe,LVA
LVA,2011,31.069,69.7499545592245,1.33,0.120973151686452,91.77728130979698,Europe,LVA
LVA,2010,36.24,68.42,1.36,0.1201223336423393,86.5730194101622,Europe,LVA
LVA,2009,33.432,66.84,1.46,0.1211454676509799,94.96835225653427,Europe,LVA
LVA,2008,13.648,63.41,1.58,0.1206620944521595,155.7253663558655,Europe,LVA
LVA,2007,10.56,59.17,1.54,0.1191536213890374,175.874796169956,Europe,LVA
LVA,2006,13.615,53.63,1.46,0.119946885353479,142.454735200078,Europe,LVA
LVA,2005,15.141,46,1.39,0.1179407805810342,NA,Europe,LVA
LVA,2004,21.798,38.58,1.29,0.1187142403534116,NA,Europe,LVA
LVA,2003,20.418,26.98,1.32,0.1177750316901919,NA,Europe,LVA
LVA,2002,25.252,21.94,1.26,0.1174627029458425,NA,Europe,LVA
LVA,2001,24.162,7.21934580836289,1.22,0.1166701604532981,NA,Europe,LVA
LVA,2000,21.266,6.31906208267861,1.25,0.1175439000258901,NA,Europe,LVA
LBN,2023,22.744,81.7059021,2.239,0.1860420157559074,NA,Asia,LBN
LBN,2022,22.9,81.46479797,2.263,0.1740352561897903,NA,Asia,LBN
LBN,2021,25.203,82.65599823,2.283,0.1734650038504082,NA,Asia,LBN
LBN,2020,26.576,82.0664978,2.308,0.1719683701282006,NA,Asia,LBN
LBN,2019,23.28,81.48120117,2.327,0.150573868145249,NA,Asia,LBN
LBN,2018,22.668,80.90000153,2.347,0.1497976028067752,NA,Asia,LBN
LBN,2017,22.039,78.18080139,2.372,0.1507921604161427,NA,Asia,LBN
LBN,2016,21.37,76.11000061,2.39,0.1510724579442305,NA,Asia,LBN
LBN,2015,20.591,74,2.382,0.1513834920336844,NA,Asia,LBN
LBN,2014,19.772,73,2.375,0.1514636636649379,NA,Asia,LBN
LBN,2013,19.112,70.5,2.361,0.151361339106215,NA,Asia,LBN
LBN,2012,18.192,61.24980164,2.345,0.1502609900891434,NA,Asia,LBN
LBN,2011,17.134,52,2.32,0.1505324456259094,NA,Asia,LBN
LBN,2010,16.079,43.68000031,2.256,0.1497644191487098,NA,Asia,LBN
LBN,2009,15.297,30.13999939,2.191,0.150094844864296,NA,Asia,LBN
LBN,2008,18.543,22.53,2.172,0.1502137341305212,NA,Asia,LBN
LBN,2007,21.837,18.74,2.201,0.1492171971810705,NA,Asia,LBN
LBN,2006,21.264,15,2.244,0.149998680561466,NA,Asia,LBN
LBN,2005,20.489,10.14000034,2.291,0.1490805998637785,NA,Asia,LBN
LBN,2004,19.785,9,2.378,0.148121736785314,NA,Asia,LBN
LBN,2003,20.15,8,2.457,0.1489908722476182,NA,Asia,LBN
LBN,2002,20.473,7,2.523,0.1486822064722219,NA,Asia,LBN
LBN,2001,20.912,6.78321977527715,2.576,0.1488916395050588,NA,Asia,LBN
LBN,2000,21.168,7.95274373635276,2.6,0.1489702670801256,NA,Asia,LBN
LSO,2023,24.738,48.98590088,2.694,0.1420593787409826,NA,Africa,LSO
LSO,2022,25.057,48.06959915,2.716,0.1309844656305206,NA,Africa,LSO
LSO,2021,27.188,45.05670166,2.769,0.1297140274669538,NA,Africa,LSO
LSO,2020,28.218,43.65750122,2.846,0.1264407547314656,NA,Africa,LSO
LSO,2019,25.318,42.301733569273,2.924,0.1094933320127671,NA,Africa,LSO
LSO,2018,24.887,40.79999924,3.016,0.1086633634448684,NA,Africa,LSO
LSO,2017,24.478,39,3.105,0.1096781637759099,NA,Africa,LSO
LSO,2016,24.045,32.4538569477365,3.18,0.1065732396832207,NA,Africa,LSO
LSO,2015,23.997,25,3.217,0.1062929173130448,NA,Africa,LSO
LSO,2014,23.636,22,3.239,0.1047123074509748,NA,Africa,LSO
LSO,2013,23.291,15,3.283,0.1024798001183636,NA,Africa,LSO
LSO,2012,22.917,10,3.296,0.1037303839515608,NA,Africa,LSO
LSO,2011,23.196,7,3.343,0.1020026780367663,NA,Africa,LSO
LSO,2010,22.992,3.859999895,3.25,0.1027793655780164,NA,Africa,LSO
LSO,2009,22.917,3.72,3.309,0.1033795060597303,NA,Africa,LSO
LSO,2008,22.478,3.58,3.392,0.1031678864659155,NA,Africa,LSO
LSO,2007,22.496,3.44543125970873,3.442,0.1018890693387227,NA,Africa,LSO
LSO,2006,22.56,2.97970818724486,3.414,0.1031697549147696,NA,Africa,LSO
LSO,2005,22.466,2.580199957,3.428,0.1024996350904408,NA,Africa,LSO
LSO,2004,22.553,2.17552433931097,3.508,0.1024312106164059,NA,Africa,LSO
LSO,2003,22.387,1.53249659019509,3.619,0.1018286847751472,NA,Africa,LSO
LSO,2002,22.382,1.08394313737534,3.682,0.1029283459417116,NA,Africa,LSO
LSO,2001,22.357,0.261150063093855,3.63,0.1024219174274215,NA,Africa,LSO
LSO,2000,22.439,0.211806070361977,3.605,0.1030033502851124,NA,Africa,LSO
LBR,2023,2.215,31.22410011,3.95,0.1671292132592466,NA,Africa,LBR
LBR,2022,2.232,30.38010025,4.016,0.1540659880284131,NA,Africa,LBR
LBR,2021,2.82,26.38229942,4.089,0.1509887983663035,NA,Africa,LBR
LBR,2020,2.91,22.91069984,4.174,0.1496119709485974,NA,Africa,LBR
LBR,2019,2.302,19.89579964,4.257,0.1298726249644349,NA,Africa,LBR
LBR,2018,2.298,17.27770042,4.336,0.1280512649685364,NA,Africa,LBR
LBR,2017,2.301,16.299999239999998,4.396,0.1285741163593387,NA,Africa,LBR
LBR,2016,2.305,15.69999981,4.461,0.128023602109004,NA,Africa,LBR
LBR,2015,1.923,10,4.523,0.1267703797596736,NA,Africa,LBR
LBR,2014,1.554,5.409999847,4.622,0.1259100875082461,NA,Africa,LBR
LBR,2013,1.954,3.200000048,4.749,0.1242607491616751,NA,Africa,LBR
LBR,2012,2.366,2.5999999049999998,4.881,0.1226493176543667,NA,Africa,LBR
LBR,2011,2.768,2.5,4.97,0.1235353556510867,NA,Africa,LBR
LBR,2010,3.151,2.3,5.058,0.1246295271723834,NA,Africa,LBR
LBR,2009,3.129,2,5.174,0.1240413562511972,NA,Africa,LBR
LBR,2008,3.11,0.529999971,5.328,0.1259534861893605,NA,Africa,LBR
LBR,2007,3.117,0.551400006,5.462,0.127088173270083,NA,Africa,LBR
LBR,2006,3.153,0.529999971,5.53,0.1262105430048329,NA,Africa,LBR
LBR,2005,3.251,0.551400006,5.519,0.1275294199735518,NA,Africa,LBR
LBR,2004,3.257,0.0310111848040233,5.506,0.1273731449346203,NA,Africa,LBR
LBR,2003,3.252,0.0318689345450327,5.547,0.1275308018119457,NA,Africa,LBR
LBR,2002,3.099,0.0327133071190699,5.653,0.1269335949917544,NA,Africa,LBR
LBR,2001,2.999,0.033812227177592,5.774,0.1259851419919691,NA,Africa,LBR
LBR,2000,2.921,0.0177027057169472,5.875,0.1250705180110053,NA,Africa,LBR
LBY,2023,49.864,82.10469818,2.355,0.1615754190907995,NA,Africa,LBY
LBY,2022,50.841,80.64720154,2.402,0.1535964300239275,NA,Africa,LBY
LBY,2021,52.086,77.438797,2.462,0.1543495650156278,NA,Africa,LBY
LBY,2020,53.562,74.35810089,2.507,0.153124972476175,NA,Africa,LBY
LBY,2019,50.569,71.40409851,2.539,0.1373095498226273,NA,Africa,LBY
LBY,2018,50.136,47.5,2.581,0.1377034616299127,NA,Africa,LBY
LBY,2017,50.471,47.5,2.626,0.1380176389389086,NA,Africa,LBY
LBY,2016,51.378,35,2.673,0.1381828197612686,NA,Africa,LBY
LBY,2015,51.538,25,2.711,0.1382314507277781,NA,Africa,LBY
LBY,2014,50.68,17.76000023,2.754,0.1385921568491818,NA,Africa,LBY
LBY,2013,50.576,16.5,2.716,0.1372720332880713,NA,Africa,LBY
LBY,2012,49.879,15.19999981,2.68,0.1364321432093129,NA,Africa,LBY
LBY,2011,50.372,14,2.646,0.1376581744852394,NA,Africa,LBY
LBY,2010,49.563,14,2.603,0.1350655572857352,NA,Africa,LBY
LBY,2009,49.126,10.80000019,2.556,0.1354044543002108,NA,Africa,LBY
LBY,2008,48.284,9,2.599,0.1374342653230167,NA,Africa,LBY
LBY,2007,47.384,4.72199937850513,2.648,0.134872410142133,NA,Africa,LBY
LBY,2006,47.013,4.301099777,2.699,0.1355376342142951,NA,Africa,LBY
LBY,2005,46.395,3.91779995,2.765,0.1362269340064922,NA,Africa,LBY
LBY,2004,46.672,3.53283816154549,2.773,0.1356307284701084,NA,Africa,LBY
LBY,2003,46.7,2.81451798740855,2.797,0.1359334166618082,NA,Africa,LBY
LBY,2002,46.894,2.24441822165946,2.831,0.1365341577127093,NA,Africa,LBY
LBY,2001,46.677,0.366533175284228,2.866,0.1361432693377617,NA,Africa,LBY
LBY,2000,46.657,0.187042622337565,2.906,0.1373415064081899,NA,Africa,LBY
LIE,2023,NA,98.13230133,1.45,NA,NA,Europe,LIE
LIE,2022,NA,97.88069916,1.47,NA,NA,Europe,LIE
LIE,2021,NA,95.56939697,1.53,NA,NA,Europe,LIE
LIE,2020,NA,94.34999847,1.46,NA,NA,Europe,LIE
LIE,2019,NA,93.14610291,1.48,NA,NA,Europe,LIE
LIE,2018,NA,NA,1.58,NA,NA,Europe,LIE
LIE,2017,NA,99.54660034,1.44,NA,NA,Europe,LIE
LIE,2016,NA,98.09390259,1.61,NA,NA,Europe,LIE
LIE,2015,NA,96.6411972,1.4,NA,NA,Europe,LIE
LIE,2014,NA,95.20999908,1.59,NA,NA,Europe,LIE
LIE,2013,NA,93.80000305,1.45,NA,NA,Europe,LIE
LIE,2012,NA,89.40769958,1.51,NA,NA,Europe,LIE
LIE,2011,NA,85,1.69,NA,NA,Europe,LIE
LIE,2010,NA,80,1.4,NA,NA,Europe,LIE
LIE,2009,NA,75,1.71,NA,NA,Europe,LIE
LIE,2008,NA,70,1.43,NA,NA,Europe,LIE
LIE,2007,NA,65.0802002,1.42,NA,NA,Europe,LIE
LIE,2006,NA,64.21420288,1.43,NA,NA,Europe,LIE
LIE,2005,NA,63.37139893,1.49,NA,NA,Europe,LIE
LIE,2004,NA,64.0074481394199,1.44,NA,NA,Europe,LIE
LIE,2003,NA,58.8096918372148,1.36,NA,NA,Europe,LIE
LIE,2002,NA,59.4707106749926,1.47,NA,NA,Europe,LIE
LIE,2001,NA,45.1168526483592,1.52,NA,NA,Europe,LIE
LIE,2000,NA,36.5152298938015,1.57,NA,NA,Europe,LIE
LTU,2023,13.712,88.50287484,1.18,0.1446930889249561,143.1199831535755,Europe,LTU
LTU,2022,11.873,87.72420219,1.27,0.138249711717325,141.5565376649675,Europe,LTU
LTU,2021,14.304,86.93054425,1.36,0.1387531300560534,140.67810476850775,Europe,LTU
LTU,2020,19.556,83.05554724,1.36,0.1358771322235238,126.855646815553,Europe,LTU
LTU,2019,11.85,81.5818683764046,1.43,0.1243986631019327,119.66177085090575,Europe,LTU
LTU,2018,11.117,79.7225827680518,1.53,0.1245682412942056,114.43571251171875,Europe,LTU
LTU,2017,13.266,77.6152565124514,1.57,0.1247975047150349,109.38546515915274,Europe,LTU
LTU,2016,14.455,74.3766455618662,1.63,0.1248912325339356,104.227196282367,Europe,LTU
LTU,2015,16.302,71.3780590101754,1.63,0.124684486784451,100.00000000000004,Europe,LTU
LTU,2014,19.258,72.1335378644566,1.57,0.1243218235638306,95.48570343847058,Europe,LTU
LTU,2013,21.896,68.4529,1.59,0.1237823005100023,89.7164780541139,Europe,LTU
LTU,2012,26.684,67.2299893276414,1.6,0.123134785862229,89.46523423919882,Europe,LTU
LTU,2011,32.587,63.6399774002179,1.55,0.1231554840089585,92.72534611813693,Europe,LTU
LTU,2010,35.744,62.12,1.5,0.1225822272813358,90.76250391771651,Europe,LTU
LTU,2009,29.584,59.76,1.5,0.1213729964701241,99.4898700952549,Europe,LTU
LTU,2008,13.353,55.22,1.45,0.1222461643761097,148.186791624009,Europe,LTU
LTU,2007,8.394,49.9,1.36,0.1205050254071555,150.7857637871585,Europe,LTU
LTU,2006,9.984,43.9,1.33,0.1201161179438098,126.27518409193576,Europe,LTU
LTU,2005,15.766,36.22,1.29,0.119853456289334,NA,Europe,LTU
LTU,2004,20.252,31.23,1.27,0.1195700920831885,NA,Europe,LTU
LTU,2003,26.932,25.91,1.26,0.1192855458220944,NA,Europe,LTU
LTU,2002,20.422,17.69,1.23,0.1190414003247322,NA,Europe,LTU
LTU,2001,31.526,7.17935699381369,1.29,0.118811171389676,NA,Europe,LTU
LTU,2000,28.535,6.42706749477765,1.39,0.1192292412289727,NA,Europe,LTU
LUX,2023,18.848,99.34785707,1.25,0.1912219746599024,142.43302035708274,Europe,LUX
LUX,2022,17.599,98.24203749,1.31,0.180578916848357,164.05387440283948,Europe,LUX
LUX,2021,18.666,98.66086333,1.38,0.1779435571461315,157.94846689742974,Europe,LUX
LUX,2020,23.182,98.45962893,1.36,0.1764110891923041,140.76016702856825,Europe,LUX
LUX,2019,16.975,97.120635693272,1.34,0.1569432490188235,124.115729646626,Europe,LUX
LUX,2018,14.18,97.061298705829,1.38,0.1550563146656927,114.28247621278724,Europe,LUX
LUX,2017,15.473,97.3629603241751,1.39,0.1531400733835857,108.70347060985274,Europe,LUX
LUX,2016,21.98,98.1366986657616,1.41,0.1514899152171518,105.21229532861025,Europe,LUX
LUX,2015,17.5,96.3767141704759,1.47,0.150082853645268,99.99999999999986,Europe,LUX
LUX,2014,24.278,94.6702052774766,1.5,0.1483953773235101,95.71178412408042,Europe,LUX
LUX,2013,16.289,93.7765,1.55,0.1468287646487849,92.32822179995784,Europe,LUX
LUX,2012,16.578,91.9499237417387,1.57,0.1454894958833315,89.29095904486365,Europe,LUX
LUX,2011,18.048,90.0298585646936,1.52,0.1440022859400642,87.52395229866579,Europe,LUX
LUX,2010,13.917,90.62,1.63,0.1429039988376369,86.92583780881648,Europe,LUX
LUX,2009,16.781,87.31,1.59,0.1417975817025618,84.08960091335263,Europe,LUX
LUX,2008,17.761,82.23,1.61,0.1407175649292427,84.60403263056048,Europe,LUX
LUX,2007,14.824,78.92,1.61,0.139807747763482,83.70559514713736,Europe,LUX
LUX,2006,15.966,72.51,1.65,0.1391075741057471,NA,Europe,LUX
LUX,2005,13.629,70,1.63,0.1383429912941118,NA,Europe,LUX
LUX,2004,16.805,65.88,1.66,0.1375427200941265,NA,Europe,LUX
LUX,2003,10.888,54.55,1.62,0.1367359166611001,NA,Europe,LUX
LUX,2002,6.948,39.84,1.63,0.1362703163195224,NA,Europe,LUX
LUX,2001,6.329,36.163422506306,1.66,0.1361729469123215,NA,Europe,LUX
LUX,2000,6.375,22.8873279731211,1.76,0.1360618652088304,NA,Europe,LUX
MAC,2023,6.557,89.82640076,0.586,NA,NA,Asia,MAC
MAC,2022,6.949,89.48549652,0.68,NA,NA,Asia,MAC
MAC,2021,6.393,88.46810492,0.756,NA,NA,Asia,MAC
MAC,2020,7.591,87.46230316,0.841,NA,NA,Asia,MAC
MAC,2019,4.936,86.4679257062588,0.899,NA,NA,Asia,MAC
MAC,2018,5.053,83.7940896091516,0.915,NA,NA,Asia,MAC
MAC,2017,5.1,83.1740890688259,1.021,NA,NA,Asia,MAC
MAC,2016,4.98,81.6429854646415,1.138,NA,NA,Asia,MAC
MAC,2015,4.338,77.6001318608868,1.142,NA,NA,Asia,MAC
MAC,2014,3.886,69.7809492200465,1.224,NA,NA,Asia,MAC
MAC,2013,4.128,65.8,1.15,NA,NA,Asia,MAC
MAC,2012,5.479,61.31,1.357,NA,NA,Asia,MAC
MAC,2011,5.754,60.2036967182195,1.15,NA,NA,Asia,MAC
MAC,2010,5.416,55.198,1.07,NA,NA,Asia,MAC
MAC,2009,7.538,54,1.004,NA,NA,Asia,MAC
MAC,2008,5.898,49.24,0.979,NA,NA,Asia,MAC
MAC,2007,6.503,47.32699966,1.008,NA,NA,Asia,MAC
MAC,2006,7.162,46.4,0.954,NA,NA,Asia,MAC
MAC,2005,8.26,34.86289978,0.912,NA,NA,Asia,MAC
MAC,2004,10.488,31.4840973824121,0.855,NA,NA,Asia,MAC
MAC,2003,11.813,25.7421239826498,0.837,NA,NA,Asia,MAC
MAC,2002,10.844,25.1718801643395,0.813,NA,NA,Asia,MAC
MAC,2001,9.87,22.5212167700561,0.818,NA,NA,Asia,MAC
MAC,2000,10.905,13.6085897418451,0.933,NA,NA,Asia,MAC
MDG,2023,5.43,18.24080086,3.972,0.139534457170916,NA,Africa,MDG
MDG,2022,5.584,17.81170082,4.036,0.131146521416953,NA,Africa,MDG
MDG,2021,6.056,13.74590015,4.104,0.1306528595789922,NA,Africa,MDG
MDG,2020,5.874,11.35470009,4.17,0.1288430678516254,NA,Africa,MDG
MDG,2019,4.485,9.379400253,4.221,0.1138547609346012,NA,Africa,MDG
MDG,2018,4.183,7.747799873,4.246,0.1138416336333197,NA,Africa,MDG
MDG,2017,3.878,6.406000137,4.259,0.1124891303468435,NA,Africa,MDG
MDG,2016,3.583,4.713699818,4.285,0.1122085302219475,NA,Africa,MDG
MDG,2015,3.305,4.173999786,4.335,0.111393192631435,NA,Africa,MDG
MDG,2014,2.538,3.700000048,4.421,0.1103471433502625,NA,Africa,MDG
MDG,2013,1.782,3,4.527,0.1098425417805896,NA,Africa,MDG
MDG,2012,1.01,2.299999952,4.613,0.1099000821229906,NA,Africa,MDG
MDG,2011,3.217,1.899999976,4.737,0.1083515226168805,NA,Africa,MDG
MDG,2010,4.78,1.700000048,4.896,0.1087257045050874,NA,Africa,MDG
MDG,2009,3.99,1.629999995,5.003,0.1078059244970004,NA,Africa,MDG
MDG,2008,3.364,1.649999976,5.043,0.1069848346128071,NA,Africa,MDG
MDG,2007,2.967,0.649999976,5.083,0.1073010511706017,NA,Africa,MDG
MDG,2006,2.615,0.607599974,5.133,0.1052685251822565,NA,Africa,MDG
MDG,2005,2.273,0.567700028,5.195,0.1065012761333058,NA,Africa,MDG
MDG,2004,4.649,0.525353654946669,5.264,0.1064156030247976,NA,Africa,MDG
MDG,2003,6.875,0.423252419277809,5.329,0.1052671492847867,NA,Africa,MDG
MDG,2002,7.645,0.339720154596142,5.412,0.1065266740530286,NA,Africa,MDG
MDG,2001,7.802,0.222511586178292,5.528,0.1047577136975784,NA,Africa,MDG
MDG,2000,8.407,0.196394691006341,5.665,0.1058630751325986,NA,Africa,MDG
MWI,2023,6.842,17.98810346,3.648,0.1427669182531949,NA,Africa,MWI
MWI,2022,6.848,16.84830093,3.72,0.1335428284869852,NA,Africa,MWI
MWI,2021,7.632,15.30300045,3.791,0.1327732822026515,NA,Africa,MWI
MWI,2020,7.831,13.89949989,3.877,0.1291429466143299,NA,Africa,MWI
MWI,2019,6.812,11.05860043,3.952,0.1150722573078063,NA,Africa,MWI
MWI,2018,6.853,8.798299789,4.021,0.1139691532779266,NA,Africa,MWI
MWI,2017,6.865,7,4.113,0.1132469439838967,NA,Africa,MWI
MWI,2016,6.819,6.300000191,4.216,0.112083713310399,NA,Africa,MWI
MWI,2015,6.75,6,4.384,0.1103568342600106,NA,Africa,MWI
MWI,2014,6.753,5.829999924,4.569,0.1097070875740491,NA,Africa,MWI
MWI,2013,6.751,5.050000191,4.759,0.1088246000180849,NA,Africa,MWI
MWI,2012,6.71,4.350599766,4.902,0.1060318246324162,NA,Africa,MWI
MWI,2011,6.579,3.33,5.083,0.1068949011055638,NA,Africa,MWI
MWI,2010,6.517,2.26,5.263,0.105343323438872,NA,Africa,MWI
MWI,2009,6.455,1.07,5.453,0.1045101574147189,NA,Africa,MWI
MWI,2008,6.507,0.7,5.609,0.1057185140401889,NA,Africa,MWI
MWI,2007,6.575,0.965864736553132,5.724,0.1043933786551856,NA,Africa,MWI
MWI,2006,6.642,0.425099999,5.802,0.1044919572383759,NA,Africa,MWI
MWI,2005,6.616,0.384499997,5.848,0.1049103104047608,NA,Africa,MWI
MWI,2004,6.647,0.347505334967577,5.864,0.1053916242194461,NA,Africa,MWI
MWI,2003,6.849,0.278815116302304,5.875,0.1053006035285934,NA,Africa,MWI
MWI,2002,6.937,0.21509472652259,5.903,0.1057093687589416,NA,Africa,MWI
MWI,2001,6.919,0.164020725330811,5.943,0.1052704958575829,NA,Africa,MWI
MWI,2000,6.758,0.126780944756387,6.002,0.1052033108355289,NA,Africa,MWI
MYS,2023,12.146,97.69272633,1.55,0.1053133604780922,NA,Asia,MYS
MYS,2022,12.159,97.3986404,1.55,0.1034915901295517,NA,Asia,MYS
MYS,2021,11.579,96.7514278,1.555,0.1072213316768165,NA,Asia,MYS
MYS,2020,12.365,89.55501192,1.68,0.0996473385177007,NA,Asia,MYS
MYS,2019,11.211,84.1871450078281,1.777,0.094805411812708,NA,Asia,MYS
MYS,2018,11.395,81.2010486181174,1.838,0.0948291662915139,NA,Asia,MYS
MYS,2017,11.277,80.1404790103961,1.893,0.0941919349285542,NA,Asia,MYS
MYS,2016,10.836,78.7883099275229,1.942,0.0941790745224993,NA,Asia,MYS
MYS,2015,10.979,71.0640678111957,2.008,0.0933582347102002,NA,Asia,MYS
MYS,2014,9.77,63.6654258813225,2.058,0.0916689598523281,NA,Asia,MYS
MYS,2013,10.072,57.05751226,2.07,0.0912991748751837,NA,Asia,MYS
MYS,2012,10.137,65.8,2.117,0.0896223045335811,NA,Asia,MYS
MYS,2011,9.821,61,2.153,0.0879297756370636,NA,Asia,MYS
MYS,2010,10.871,56.3,2.144,0.0873482024936172,NA,Asia,MYS
MYS,2009,11.235,55.9,2.223,0.0872047332610813,NA,Asia,MYS
MYS,2008,10.588,55.8,2.262,0.0857580332594625,NA,Asia,MYS
MYS,2007,10.757,55.7,2.252,0.0856611695569116,NA,Asia,MYS
MYS,2006,10.681,51.6379889864403,2.308,0.085321506820896,NA,Asia,MYS
MYS,2005,11.325,48.6291702459839,2.391,0.0847977944454961,NA,Asia,MYS
MYS,2004,11.361,42.2522656295248,2.493,0.0833289072922007,NA,Asia,MYS
MYS,2003,11.494,34.9711523397291,2.601,0.084336725322068,NA,Asia,MYS
MYS,2002,11.191,32.3382043389359,2.658,0.0823521575394446,NA,Asia,MYS
MYS,2001,11.396,26.6959725007084,2.807,0.0825129462717041,NA,Asia,MYS
MYS,2000,9.6,21.3847311644538,2.942,0.0827660343927226,NA,Asia,MYS
MDV,2023,14.124,84.552902220000007,1.575,0.0987975826829122,NA,Asia,MDV
MDV,2022,14.27,83.91189054,1.583,0.094990702718369,NA,Asia,MDV
MDV,2021,15.319,81.95760345,1.599,0.0958498212845545,NA,Asia,MDV
MDV,2020,16.149,79.09780121,1.613,0.0937545050367178,NA,Asia,MDV
MDV,2019,13.496,77.46970367,1.64,0.0878773027060896,NA,Asia,MDV
MDV,2018,14.024,70.93689728,1.71,0.087400850379921,NA,Asia,MDV
MDV,2017,14.589,64.95500183,1.798,0.0883215087332491,NA,Asia,MDV
MDV,2016,15.126,59.47750092,1.903,0.0866768119683823,NA,Asia,MDV
MDV,2015,16.833,54.4620018,2.004,0.0869418003514987,NA,Asia,MDV
MDV,2014,18.374,49.27999878,2.089,0.0860278642560669,NA,Asia,MDV
MDV,2013,19.636,44.09999847,2.174,0.0854535624151271,NA,Asia,MDV
MDV,2012,20.815,38.93009949,2.254,0.0848038038083985,NA,Asia,MDV
MDV,2011,22.11,34,2.307,0.0837677807733581,NA,Asia,MDV
MDV,2010,23.344,26.53,2.349,0.0834486971245295,NA,Asia,MDV
MDV,2009,24.656,24.8,2.39,0.0833198433845342,NA,Asia,MDV
MDV,2008,21.896,23.2,2.371,0.0823138914058485,NA,Asia,MDV
MDV,2007,19.866,16.3,2.293,0.0822721908936772,NA,Asia,MDV
MDV,2006,17.714,11.0363527828647,2.204,0.082000887336567,NA,Asia,MDV
MDV,2005,15.6,6.86960506696215,2.199,0.0816648985049041,NA,Asia,MDV
MDV,2004,13.26,6.58825487530861,2.262,0.0807412562835942,NA,Asia,MDV
MDV,2003,11.118,5.97659284988557,2.342,0.0811725097759727,NA,Asia,MDV
MDV,2002,8.945,5.3477651689359,2.425,0.0800323852820004,NA,Asia,MDV
MDV,2001,6.704,3.61729064930367,2.532,0.0805049728033651,NA,Asia,MDV
MDV,2000,4.403,2.2038729393788,2.691,0.07986804627439,NA,Asia,MDV
MLI,2023,3.861,36.03879929,5.614,0.157933888815844,NA,Africa,MLI
MLI,2022,3.205,35.19919968,5.692,0.1457560745570308,NA,Africa,MLI
MLI,2021,4.433,33.95650101,5.779,0.1437986122200168,NA,Africa,MLI
MLI,2020,6.733,29.11300087,5.85,0.1418842770511899,NA,Africa,MLI
MLI,2019,4.669,24.96030045,5.892,0.1230470316236603,NA,Africa,MLI
MLI,2018,2.335,21.39999962,6.118,0.121903391234558,NA,Africa,MLI
MLI,2017,2.234,18.89999962,6.251,0.1203174427882821,NA,Africa,MLI
MLI,2016,2.134,14,6.319,0.1186466038305645,NA,Africa,MLI
MLI,2015,2.171,10.32999992,6.385,0.1170490678348897,NA,Africa,MLI
MLI,2014,2.243,7,6.441,0.115570084402661,NA,Africa,MLI
MLI,2013,2.28,3.5,6.491,0.1148842398258382,NA,Africa,MLI
MLI,2012,2.231,2.799999952,6.523,0.1139021365650467,NA,Africa,MLI
MLI,2011,2.176,2.2,6.545,0.1133430244791923,NA,Africa,MLI
MLI,2010,2.147,2,6.579,0.113314658972812,NA,Africa,MLI
MLI,2009,2.176,1.799999952,6.592,0.1136204813441498,NA,Africa,MLI
MLI,2008,2.151,1.57,6.624,0.1137360317798652,NA,Africa,MLI
MLI,2007,2.138,0.81,6.647,0.1133586762667661,NA,Africa,MLI
MLI,2006,2.157,0.729600012,6.677,0.1136661881605731,NA,Africa,MLI
MLI,2005,2.128,0.507099986,6.708,0.1135787521206939,NA,Africa,MLI
MLI,2004,2.169,0.432819639900985,6.741,0.1131531609975132,NA,Africa,MLI
MLI,2003,2.024,0.310364443230575,6.783,0.1137118739804231,NA,Africa,MLI
MLI,2002,2.113,0.2270455784917,6.819,0.1134300727516747,NA,Africa,MLI
MLI,2001,2.083,0.185897413256084,6.852,0.1130152221093514,NA,Africa,MLI
MLI,2000,2.161,0.142545755049184,6.886,0.1125814377141012,NA,Africa,MLI
MLT,2023,9.323,92.07266941,1.06,0.2268216417224298,NA,Europe,MLT
MLT,2022,9.064,91.54062209,1.08,0.211955964252673,NA,Europe,MLT
MLT,2021,9.871,87.46977742,1.13,0.2060608971421343,NA,Europe,MLT
MLT,2020,11.536,86.85876183,1.14,0.2047953340404115,NA,Europe,MLT
MLT,2019,10.07,85.7785963798031,1.14,0.1811079316310499,NA,Europe,MLT
MLT,2018,9.355,81.6580442928014,1.23,0.1778613785151178,NA,Europe,MLT
MLT,2017,10.589,81.0119110762945,1.26,0.1762207251701384,NA,Europe,MLT
MLT,2016,10.713,78.0751488032182,1.37,0.1726255635949136,NA,Europe,MLT
MLT,2015,11.653,75.9600189752747,1.37,0.1698576047378827,NA,Europe,MLT
MLT,2014,11.696,73.1141157845193,1.38,0.16684745728332331,NA,Europe,MLT
MLT,2013,12.729,68.9138,1.36,0.1637475332007059,NA,Europe,MLT
MLT,2012,13.846,68.1998742928975,1.42,0.1609704786040378,NA,Europe,MLT
MLT,2011,13.341,68.0198237885462,1.45,0.1578988312046273,NA,Europe,MLT
MLT,2010,13.245,63,1.36,0.1549974950777708,NA,Europe,MLT
MLT,2009,14.506,58.86,1.42,0.1518583334318968,NA,Europe,MLT
MLT,2008,11.619,50.08,1.43,0.1486191120661638,NA,Europe,MLT
MLT,2007,13.491,46.9,1.35,0.1462578629551023,NA,Europe,MLT
MLT,2006,15.462,40.41,1.36,0.1446357609357097,NA,Europe,MLT
MLT,2005,16.121,41.24,1.38,0.143036047238798,NA,Europe,MLT
MLT,2004,18.586,34.62,1.4,0.141811595625683,NA,Europe,MLT
MLT,2003,17.572,31.64,1.48,0.140631063473751,NA,Europe,MLT
MLT,2002,15.433,28.92,1.45,0.1400107891999351,NA,Europe,MLT
MLT,2001,17.743,17.8778483243348,1.48,0.139920052134826,NA,Europe,MLT
MLT,2000,11.84,13.1137087111024,1.68,0.1398239116513953,NA,Europe,MLT
MHL,2023,NA,64.07589722,2.919,0.125560164009039,NA,Oceania,MHL
MHL,2022,NA,64.26719666,2.936,0.1185296166175249,NA,Oceania,MHL
MHL,2021,NA,63.97259903,2.964,0.1187148511691567,NA,Oceania,MHL
MHL,2020,NA,56.41910172,2.989,0.1157360056424742,NA,Oceania,MHL
MHL,2019,NA,49.75749969,3.012,0.1048356195367574,NA,Oceania,MHL
MHL,2018,NA,43.88249969,3.038,0.1042815372537652,NA,Oceania,MHL
MHL,2017,NA,38.70119858,3.064,0.1036187599671643,NA,Oceania,MHL
MHL,2016,NA,29.78779984,3.091,0.1028803371802993,NA,Oceania,MHL
MHL,2015,NA,19.28240013,3.131,0.1021767120754531,NA,Oceania,MHL
MHL,2014,NA,16.799999239999998,3.18,0.1013704957063399,NA,Oceania,MHL
MHL,2013,NA,14,3.247,0.1006953294540694,NA,Oceania,MHL
MHL,2012,NA,12.5,3.382,0.1000809413155423,NA,Oceania,MHL
MHL,2011,NA,10,3.527,0.09949321830658,NA,Oceania,MHL
MHL,2010,NA,7,3.673,0.099062412203973,NA,Oceania,MHL
MHL,2009,NA,5.599999905,3.83,0.098578198443434,NA,Oceania,MHL
MHL,2008,NA,4.599999905,3.967,0.0981101243590897,NA,Oceania,MHL
MHL,2007,NA,3.950000048,4.09,0.0977545112182667,NA,Oceania,MHL
MHL,2006,NA,3.79559021427832,4.197,0.0974036294476533,NA,Oceania,MHL
MHL,2005,NA,3.8787023977433,4.276,0.0970814508196616,NA,Oceania,MHL
MHL,2004,NA,3.59977681383754,4.34,0.096767692316933,NA,Oceania,MHL
MHL,2003,NA,2.5697503671072,4.418,0.0964549300654553,NA,Oceania,MHL
MHL,2002,NA,2.33544457522934,4.488,0.0962258170324551,NA,Oceania,MHL
MHL,2001,NA,1.7066140776699,4.583,0.0960773863220268,NA,Oceania,MHL
MHL,2000,NA,1.53427179624871,4.695,0.0959370974358874,NA,Oceania,MHL
MRT,2023,23.24,44.95629883,4.697,0.1423198868817968,NA,Africa,MRT
MRT,2022,23.509,42.46450043,4.77,0.1316915320010985,NA,Africa,MRT
MRT,2021,24.854,35.63660049,4.848,0.1290994393456845,NA,Africa,MRT
MRT,2020,25.518,29.90649986,4.912,0.1293622909651982,NA,Africa,MRT
MRT,2019,23.371,25.0977993,4.984,0.1112079117539202,NA,Africa,MRT
MRT,2018,22.196,22.96699905,5.044,0.1108837071638704,NA,Africa,MRT
MRT,2017,20.967,21.01720047,5.106,0.1096009870111237,NA,Africa,MRT
MRT,2016,19.825,19.23279953,5.157,0.1075435481956062,NA,Africa,MRT
MRT,2015,18.503,17.60000038,5.211,0.1082191575218277,NA,Africa,MRT
MRT,2014,17.358,11.80000019,5.261,0.1068144138149511,NA,Africa,MRT
MRT,2013,16.199,6.199999809,5.317,0.1072274641617948,NA,Africa,MRT
MRT,2012,15.087,5,5.352,0.1068405850037389,NA,Africa,MRT
MRT,2011,15.22,4.5,5.38,0.1070748967283983,NA,Africa,MRT
MRT,2010,15.351,4,5.384,0.1068874136748257,NA,Africa,MRT
MRT,2009,15.477,2.279999971,5.406,0.1064645755174914,NA,Africa,MRT
MRT,2008,14.854,1.870000005,5.436,0.1069591404801295,NA,Africa,MRT
MRT,2007,14.563,1.433599949,5.426,0.1068722577071357,NA,Africa,MRT
MRT,2006,14.368,0.979700029,5.404,0.1056523759645983,NA,Africa,MRT
MRT,2005,14.721,0.670000017,5.376,0.1068187909743159,NA,Africa,MRT
MRT,2004,14.952,0.481470438230954,5.374,0.1047981601655032,NA,Africa,MRT
MRT,2003,15.134,0.424004895843197,5.364,0.1059420595710495,NA,Africa,MRT
MRT,2002,15.49,0.363229414608579,5.373,0.1046678799306338,NA,Africa,MRT
MRT,2001,15.419,0.261448551967195,5.407,0.1047573269395115,NA,Africa,MRT
MRT,2000,15.297,0.192031462434805,5.456,0.1046945707201735,NA,Africa,MRT
MUS,2023,16.448,79.5,1.4,0.1110807138638358,NA,Africa,MUS
MUS,2022,22.321,75.5,1.33,0.1079526534546156,NA,Africa,MUS
MUS,2021,25.369,71.59999847,1.42,0.1076195815723525,NA,Africa,MUS
MUS,2020,25.032,67.73290684,1.46,0.104839027159651,NA,Africa,MUS
MUS,2019,22.083,61.7299551453346,1.41,0.0960795372210677,NA,Africa,MUS
MUS,2018,24.196,58.596169704299,1.42,0.0968253327142955,NA,Africa,MUS
MUS,2017,24.231,55.4032403002657,1.46,0.0971678333803749,NA,Africa,MUS
MUS,2016,22.979,52.19129944,1.41,0.0969838017121303,NA,Africa,MUS
MUS,2015,25.564,50.1393184766711,1.37,0.0983010822293012,NA,Africa,MUS
MUS,2014,24.728,44.8032753683379,1.44,0.0976621535423027,NA,Africa,MUS
MUS,2013,22.175,40.116825135,1.45,0.097527229032898,NA,Africa,MUS
MUS,2012,23.574,35.42,1.56,0.0971617238435139,NA,Africa,MUS
MUS,2011,21.588,34.95000076,1.55,0.0958820557726772,NA,Africa,MUS
MUS,2010,23.524,28.33,1.57,0.0956989961370515,NA,Africa,MUS
MUS,2009,21.439,22.51,1.59,0.0959225502300628,NA,Africa,MUS
MUS,2008,19.206,21.81,1.67,0.0943082382687571,NA,Africa,MUS
MUS,2007,24.515,20.22,1.74,0.0945748454913931,NA,Africa,MUS
MUS,2006,23.251,16.7,1.77,0.0943458926589674,NA,Africa,MUS
MUS,2005,25.657,15.1722002,1.88,0.0940395932654144,NA,Africa,MUS
MUS,2004,24.659,13.6890885885342,1.92,0.0923444984841641,NA,Africa,MUS
MUS,2003,25.25,12.1871062041308,1.87,0.0935364118190286,NA,Africa,MUS
MUS,2002,25.739,10.252624671916,1.94,0.0911522663062863,NA,Africa,MUS
MUS,2001,27.843,8.78090401892036,1.91,0.0922332798977841,NA,Africa,MUS
MUS,2000,26.388,7.28153511499385,1.99,0.0907614477821167,NA,Africa,MUS
MEX,2023,5.844,81.18318755,1.91,0.1559590989991844,127.55321089053226,Americas,MEX
MEX,2022,6.465,78.63217894,1.94,0.1453726616651226,118.01938659247651,Americas,MEX
MEX,2021,7.626,75.62650476,1.97,0.1441496776067748,118.1344612705,Americas,MEX
MEX,2020,8.053,71.49017499,1.99,0.1435106151092424,115.49914712835624,Americas,MEX
MEX,2019,7.16,69.6321092705209,2.02,0.1271951910632365,114.49117171532001,Americas,MEX
MEX,2018,6.815,56.6595667981289,2.03,0.1267936508069798,108.18690849383525,Americas,MEX
MEX,2017,6.849,53.0317886110982,2.041,0.1262869553075062,103.7604933501805,Americas,MEX
MEX,2016,7.621,59.5404459967255,2.086,0.1256443073955109,101.656354692226,Americas,MEX
MEX,2015,8.516,57.4310429923633,2.137,0.1252505165164099,99.99999999999983,Americas,MEX
MEX,2014,9.418,44.3856962723411,2.211,0.1247509413663887,93.23626295894617,Americas,MEX
MEX,2013,9.398,43.46,2.269,0.1237418376732858,93.88806300678542,Americas,MEX
MEX,2012,9.357,39.75,2.294,0.1226336261619101,91.35326694897532,Americas,MEX
MEX,2011,9.765,37.1762954125184,2.317,0.1213740448440976,92.85936856870292,Americas,MEX
MEX,2010,9.704,31.05,2.34,0.1202684858512624,90.84758452642087,Americas,MEX
MEX,2009,10.012,26.34,2.364,0.1192193660456971,94.28277079258002,Americas,MEX
MEX,2008,7.594,21.71,2.391,0.1182109642812623,93.55118971567705,Americas,MEX
MEX,2007,7.124,20.81,2.421,0.1173365112264213,94.32691574985385,Americas,MEX
MEX,2006,6.98,19.52000046,2.456,0.1165336478935733,93.81747036026782,Americas,MEX
MEX,2005,6.878,17.20999908,2.495,0.1157614492883846,90.91128025812304,Americas,MEX
MEX,2004,8.2,14.1,2.536,0.1149927212870534,NA,Americas,MEX
MEX,2003,7.099,12.9,2.579,0.1141938872473311,NA,Americas,MEX
MEX,2002,6.093,11.9,2.633,0.1134565495974931,NA,Americas,MEX
MEX,2001,4.975,7.0380231165045,2.671,0.1127991639294953,NA,Americas,MEX
MEX,2000,5.228,5.08138415338066,2.714,0.1121598475202972,NA,Americas,MEX
FSM,2023,NA,39.39889908,2.748,0.1252147498061235,NA,Oceania,FSM
FSM,2022,NA,39.027900699999996,2.785,0.118240657172849,NA,Oceania,FSM
FSM,2021,NA,NA,2.818,0.1184594072850592,NA,Oceania,FSM
FSM,2020,NA,39.38330078,2.852,0.1154368378258859,NA,Oceania,FSM
FSM,2019,NA,37.97370148,2.883,0.1045659091661497,NA,Oceania,FSM
FSM,2018,NA,36.61460114,2.922,0.1040158196976142,NA,Oceania,FSM
FSM,2017,NA,35.30410004,2.957,0.1033553678558978,NA,Oceania,FSM
FSM,2016,NA,33.35219955,3.001,0.102616849863777,NA,Oceania,FSM
FSM,2015,NA,31.50110054,3.049,0.1019140586290948,NA,Oceania,FSM
FSM,2014,NA,29.64999962,3.091,0.1011090831748091,NA,Oceania,FSM
FSM,2013,NA,27.799999239999998,3.133,0.100426765836574,NA,Oceania,FSM
FSM,2012,NA,25.97439957,3.18,0.0998028366541897,NA,Oceania,FSM
FSM,2011,NA,22.799999239999998,3.223,0.0992057559699641,NA,Oceania,FSM
FSM,2010,NA,20,3.271,0.0987719349747078,NA,Oceania,FSM
FSM,2009,NA,15.35,3.313,0.0982895196679648,NA,Oceania,FSM
FSM,2008,NA,14.49,3.368,0.0978198361486532,NA,Oceania,FSM
FSM,2007,NA,13.62110043,3.439,0.097462679559691,NA,Oceania,FSM
FSM,2006,NA,12.75030041,3.514,0.0971127333028797,NA,Oceania,FSM
FSM,2005,NA,11.88140011,3.595,0.0967935894865603,NA,Oceania,FSM
FSM,2004,NA,11.0178673081514,3.681,0.0964834194457545,NA,Oceania,FSM
FSM,2003,NA,9.23250210039423,3.785,0.0961827672745848,NA,Oceania,FSM
FSM,2002,NA,5.57009970478472,3.934,0.0959604036524912,NA,Oceania,FSM
FSM,2001,NA,4.66052719883673,4.084,0.0958342816154265,NA,Oceania,FSM
FSM,2000,NA,3.73486213690137,4.217,0.0956939594470245,NA,Oceania,FSM
MDA,2023,4.031,76.50330353,1.731,0.1457491434820009,NA,Europe,MDA
MDA,2022,2.905,74.91899872,1.694,0.1367326417270405,NA,Europe,MDA
MDA,2021,1.797,74.91899872,1.751,0.1365009141480068,NA,Europe,MDA
MDA,2020,4.053,74.11830139,1.77,0.1345430029712631,NA,Europe,MDA
MDA,2019,3.256,73.32610321,1.78,0.1213444876081268,NA,Europe,MDA
MDA,2018,3.208,72.54239655,1.81,0.12001464737126501,NA,Europe,MDA
MDA,2017,3.925,71.76709747,1.81,0.1197356871958448,NA,Europe,MDA
MDA,2016,3.02,70.9999991066624,1.89,0.1194110025043616,NA,Europe,MDA
MDA,2015,3.341,69.0000044661932,1.87,0.11982060203416,NA,Europe,MDA
MDA,2014,2.298,66.9999982002077,1.82,0.1197562612894326,NA,Europe,MDA
MDA,2013,2.953,37.43999863,1.622,0.1191217386136176,NA,Europe,MDA
MDA,2012,3.452,34.65000153,1.661,0.1200442249286673,NA,Europe,MDA
MDA,2011,4.865,32.06999969,1.65,0.1187486825591632,NA,Europe,MDA
MDA,2010,5.686,29.68000031,1.703,0.1184607816430556,NA,Europe,MDA
MDA,2009,6.669,27.5,1.719,0.1187015268056041,NA,Europe,MDA
MDA,2008,5.888,23.39,1.638,0.1183321094321428,NA,Europe,MDA
MDA,2007,7.582,20.45,1.575,0.1176035282786007,NA,Europe,MDA
MDA,2006,9.796,19.6206477051634,1.537,0.1183777232673314,NA,Europe,MDA
MDA,2005,14.642,14.6302704551796,1.528,0.1170622262206339,NA,Europe,MDA
MDA,2004,15.492,10.629390841654,1.543,0.1168207153920956,NA,Europe,MDA
MDA,2003,14.85,7.40754458415897,1.479,0.117056071850502,NA,Europe,MDA
MDA,2002,15.334,3.78724279887342,1.448,0.1168100968539974,NA,Europe,MDA
MDA,2001,16.495,1.48781295215565,1.471,0.1161060880232143,NA,Europe,MDA
MDA,2000,16.003,1.28284641670022,1.496,0.1169078090392315,NA,Europe,MDA
MCO,2023,NA,98.87049866,2.11,0.2081826549641076,NA,Europe,MCO
MCO,2022,NA,98.75189972,2.114,0.1948347489730569,NA,Europe,MCO
MCO,2021,NA,99.07759857,2.122,0.1916889549710188,NA,Europe,MCO
MCO,2020,NA,98.57080078,2.38,0.1888226223450297,NA,Europe,MCO
MCO,2019,NA,98,2.403,0.1668967195444685,NA,Europe,MCO
MCO,2018,NA,NA,2.485,0.1644710072935342,NA,Europe,MCO
MCO,2017,NA,97.0530014,2.418,0.1621126677829593,NA,Europe,MCO
MCO,2016,NA,95.20819855,2.578,0.1597766181626678,NA,Europe,MCO
MCO,2015,NA,93.36329651,2.503,0.1573310294741639,NA,Europe,MCO
MCO,2014,NA,92.40000153,2.485,0.1550004579564945,NA,Europe,MCO
MCO,2013,NA,90.69999695,2.313,0.1525310522845041,NA,Europe,MCO
MCO,2012,NA,87,2.294,0.1501599951380382,NA,Europe,MCO
MCO,2011,NA,80.30000305,2.22,0.1478873584670923,NA,Europe,MCO
MCO,2010,NA,75,2.385,0.1458546845632451,NA,Europe,MCO
MCO,2009,NA,70.1,2.397,0.1442135638676775,NA,Europe,MCO
MCO,2008,NA,67.25,2.384,0.1423470635731654,NA,Europe,MCO
MCO,2007,NA,64.37770081,2.206,0.1410670248980394,NA,Europe,MCO
MCO,2006,NA,61.47600174,2.101,0.1401536730472055,NA,Europe,MCO
MCO,2005,NA,55.46480179,2.006,0.1391918317111833,NA,Europe,MCO
MCO,2004,NA,52.4901966838546,1.994,0.1382958501484236,NA,Europe,MCO
MCO,2003,NA,49.4911689195459,1.914,0.1374032258438367,NA,Europe,MCO
MCO,2002,NA,48.0471171729696,2.006,0.1368896381390417,NA,Europe,MCO
MCO,2001,NA,46.6461423640265,2.176,0.1367605576409083,NA,Europe,MCO
MCO,2000,NA,42.1848634460346,2.082,0.136689026355041,NA,Europe,MCO
MNG,2023,11.605,83.74320221,2.7,0.1279746493731903,NA,Asia,MNG
MNG,2022,11.434,81.07720184,2.7,0.1226439625937818,NA,Asia,MNG
MNG,2021,16.508,81.60682285,2.8,0.1237915223561056,NA,Asia,MNG
MNG,2020,14.889,62.50002848,2.9,0.1206801753924308,NA,Asia,MNG
MNG,2019,21.128,51.079994082603,3,0.1121759020254466,NA,Asia,MNG
MNG,2018,16.46,47.1300018848989,2.9,0.1120144461696674,NA,Asia,MNG
MNG,2017,17.435,23.71430016,2.8,0.1119137113909809,NA,Asia,MNG
MNG,2016,20.14,22.2657705007562,3,0.1115649412104441,NA,Asia,MNG
MNG,2015,12.738,22.5000041337688,3,0.1112074628564871,NA,Asia,MNG
MNG,2014,11.961,19.9424474349209,3.1,0.1105661243205159,NA,Asia,MNG
MNG,2013,10.581,17.699984237,3,0.1099751166615434,NA,Asia,MNG
MNG,2012,8.366,16.4,2.7,0.1095533038915024,NA,Asia,MNG
MNG,2011,10.274,12.4999911084745,2.6,0.1092316688157529,NA,Asia,MNG
MNG,2010,14.559,10.2,2.4,0.1089568626228095,NA,Asia,MNG
MNG,2009,10.064,10,2.8,0.1087307839922723,NA,Asia,MNG
MNG,2008,9.738,9.800000191,2.6,0.1085461177325503,NA,Asia,MNG
MNG,2007,12.04,9,2.3,0.1082871455967057,NA,Asia,MNG
MNG,2006,11.691,9,2.1,0.1080552189929968,NA,Asia,MNG
MNG,2005,11.281,9,2,0.1078132310571597,NA,Asia,MNG
MNG,2004,10.902,NA,2,0.1075710323219497,NA,Asia,MNG
MNG,2003,10.605,NA,2,0.1073118066761872,NA,Asia,MNG
MNG,2002,9.66,2.0395726034818,2.1,0.107091217370293,NA,Asia,MNG
MNG,2001,9.501,1.65323823906982,2.2,0.1068782625311743,NA,Asia,MNG
MNG,2000,9.312,1.25565200358112,2.2,0.1066717714555098,NA,Asia,MNG
MNE,2023,23.335,88.5515976,1.74,0.1579940793615004,NA,Europe,MNE
MNE,2022,29.795,88.22192026,1.8,0.1476143736253885,NA,Europe,MNE
MNE,2021,37.399,82.21969752,1.75,0.1463277735888319,NA,Europe,MNE
MNE,2020,36.216,77.60879306,1.75,0.1440100723649926,NA,Europe,MNE
MNE,2019,25.305,73.4766657478691,1.8,0.1289428805548334,NA,Europe,MNE
MNE,2018,29.61,71.5171004874886,1.8,0.1298922988888897,NA,Europe,MNE
MNE,2017,31.846,71.2723325399382,1.8,0.1288069510639979,NA,Europe,MNE
MNE,2016,36.061,69.8816468416779,1.8,0.1284263768126037,NA,Europe,MNE
MNE,2015,37.722,68.1197860085679,1.7,0.1280309360991589,NA,Europe,MNE
MNE,2014,36.008,63.8868840056697,1.75,0.1277924249966732,NA,Europe,MNE
MNE,2013,41.825,60.31,1.73,0.127649812765725,NA,Europe,MNE
MNE,2012,44.038,56.8387825490631,1.72,0.1275263687952412,NA,Europe,MNE
MNE,2011,37.039,35.6115412460109,1.65,0.127142121778836,NA,Europe,MNE
MNE,2010,36.707,37.5,1.7,0.126658339388593,NA,Europe,MNE
MNE,2009,35.588,35.09999847,1.98,0.1261329722417969,NA,Europe,MNE
MNE,2008,32.047,32.90000153,1.89,0.1255412456198587,NA,Europe,MNE
MNE,2007,36.086,30.799999239999998,1.8,0.1250216789378487,NA,Europe,MNE
MNE,2006,45.845,28.89999962,1.73,0.1246570234809998,NA,Europe,MNE
MNE,2005,55.647,27.10000038,1.69,0.1242032195030102,NA,Europe,MNE
MNE,2004,55.556,25.3500686036232,1.734,0.124267391003313,NA,Europe,MNE
MNE,2003,55.513,NA,1.804,0.1243907256033362,NA,Europe,MNE
MNE,2002,55.43,NA,1.813,0.1235754941613565,NA,Europe,MNE
MNE,2001,55.669,NA,1.855,0.1238102278487186,NA,Europe,MNE
MNE,2000,55.557,NA,1.903,0.1235882434979792,NA,Europe,MNE
MAR,2023,21.974,91,2.23,0.1531439950947274,NA,Africa,MAR
MAR,2022,22.713,89.9,2.256,0.146963605970178,NA,Africa,MAR
MAR,2021,25.053,88.13031937,2.288,0.1460738379498461,NA,Africa,MAR
MAR,2020,26.795,84.12036305,2.32,0.1456663828165429,NA,Africa,MAR
MAR,2019,22.475,84.1203630467602,2.342,0.1306891541795131,NA,Africa,MAR
MAR,2018,22.431,64.8038651924043,2.354,0.1305930595617813,NA,Africa,MAR
MAR,2017,22.167,61.7622120123071,2.375,0.129705913677342,NA,Africa,MAR
MAR,2016,22.265,58.271236420398,2.396,0.1296718919882837,NA,Africa,MAR
MAR,2015,20.826,57.0799993486116,2.406,0.1297412948095679,NA,Africa,MAR
MAR,2014,19.97,56.7746379160074,2.425,0.1296426894105065,NA,Africa,MAR
MAR,2013,19.162,56,2.478,0.1298574317048252,NA,Africa,MAR
MAR,2012,18.642,55.4160531914894,2.543,0.1293101600708129,NA,Africa,MAR
MAR,2011,17.931,46.107482597,2.595,0.1291743504015285,NA,Africa,MAR
MAR,2010,17.621,52,2.629,0.1301262858014675,NA,Africa,MAR
MAR,2009,16.646,41.3,2.624,0.1295549643381083,NA,Africa,MAR
MAR,2008,18.2,33.1,2.612,0.1292397226450075,NA,Africa,MAR
MAR,2007,15.597,21.5,2.618,0.1300990700491995,NA,Africa,MAR
MAR,2006,16.473,19.7711915653115,2.611,0.1309173103023578,NA,Africa,MAR
MAR,2005,15.713,15.0844445240204,2.613,0.1303563052753003,NA,Africa,MAR
MAR,2004,15.443,11.6079347729582,2.611,0.1295640254434489,NA,Africa,MAR
MAR,2003,17.041,3.35336668122363,2.606,0.1306648569784004,NA,Africa,MAR
MAR,2002,17.599,2.37325319241544,2.617,0.1300537861371851,NA,Africa,MAR
MAR,2001,18.869,1.37143810096418,2.686,0.1293865511016365,NA,Africa,MAR
MAR,2000,20.391,0.693791244805455,2.774,0.129850637091175,NA,Africa,MAR
MOZ,2023,11.471,19.94560051,4.763,0.1523782814327532,NA,Africa,MOZ
MOZ,2022,11.619,18.96220016,4.84,0.1438233212499952,NA,Africa,MOZ
MOZ,2021,9.836,16.35759926,4.905,0.14368540392144,NA,Africa,MOZ
MOZ,2020,9.707,14.28740025,4.959,0.1394908371489987,NA,Africa,MOZ
MOZ,2019,8.511,12.47929955,5.016,0.1262230118842311,NA,Africa,MOZ
MOZ,2018,8.173,10.899999619999999,5.07,0.125850265293569,NA,Africa,MOZ
MOZ,2017,7.798,7.7963266079129,5.128,0.1246244440330635,NA,Africa,MOZ
MOZ,2016,7.401,7,5.188,0.124077720210247,NA,Africa,MOZ
MOZ,2015,7.097,6.5,5.245,0.123217616104896,NA,Africa,MOZ
MOZ,2014,7.027,6,5.304,0.1220859004584731,NA,Africa,MOZ
MOZ,2013,6.986,5.5,5.43,0.1218197287709153,NA,Africa,MOZ
MOZ,2012,6.928,5,5.518,0.1210275235701366,NA,Africa,MOZ
MOZ,2011,6.922,4.599999905,5.599,0.1194412735228925,NA,Africa,MOZ
MOZ,2010,6.871,4.17,5.66,0.1212111639066423,NA,Africa,MOZ
MOZ,2009,6.79,2.68,5.681,0.1209511697240396,NA,Africa,MOZ
MOZ,2008,6.639,1.56,5.598,0.1213239362749762,NA,Africa,MOZ
MOZ,2007,6.595,0.91,5.466,0.1224467968999477,NA,Africa,MOZ
MOZ,2006,6.525,0.842954488044236,5.452,0.1219853982455165,NA,Africa,MOZ
MOZ,2005,6.525,0.854399979,5.5,0.1222207277844978,NA,Africa,MOZ
MOZ,2004,6.382,0.679447835392438,5.551,0.1218877188402866,NA,Africa,MOZ
MOZ,2003,6.216,0.419538843913707,5.6,0.1208275631222842,NA,Africa,MOZ
MOZ,2002,6.246,0.259612611253739,5.667,0.1219816467074645,NA,Africa,MOZ
MOZ,2001,6.094,0.160031946644069,5.755,0.120405018203551,NA,Africa,MOZ
MOZ,2000,6.044,0.109592530041641,5.83,0.1213761743819106,NA,Africa,MOZ
MMR,2023,10.069,NA,2.115,0.1049724345904534,NA,Asia,MMR
MMR,2022,10.148,NA,2.131,0.1002778987639496,NA,Asia,MMR
MMR,2021,12.818,NA,2.158,0.1001231418971372,NA,Asia,MMR
MMR,2020,4.955,45.4477005,2.179,0.0978693078684322,NA,Asia,MMR
MMR,2019,1.313,36.54050064,2.206,0.0901198920646919,NA,Asia,MMR
MMR,2018,1.843,29.37899971,2.228,0.0894720942558018,NA,Asia,MMR
MMR,2017,3.586,23.621081950267,2.252,0.0887314814421433,NA,Asia,MMR
MMR,2016,2.551,16,2.27,0.0879293012295748,NA,Asia,MMR
MMR,2015,1.588,10.899999619999999,2.266,0.087588962994225,NA,Asia,MMR
MMR,2014,1.575,7.400000095,2.252,0.0867501070179675,NA,Asia,MMR
MMR,2013,1.57,1.799999952,2.264,0.0862135409811442,NA,Asia,MMR
MMR,2012,1.555,1.399999976,2.276,0.0857370020865952,NA,Asia,MMR
MMR,2011,1.533,0.98,2.306,0.0851982216117104,NA,Asia,MMR
MMR,2010,1.504,0.25,2.335,0.0846425677225073,NA,Asia,MMR
MMR,2009,1.478,0.219999999,2.369,0.0842310024896791,NA,Asia,MMR
MMR,2008,1.449,0.22,2.404,0.0836713047715816,NA,Asia,MMR
MMR,2007,1.416,0.217128445069958,2.447,0.0834309798763741,NA,Asia,MMR
MMR,2006,1.39,0.18204833106115,2.471,0.0830825427044737,NA,Asia,MMR
MMR,2005,1.368,0.065200001,2.515,0.0827811511015802,NA,Asia,MMR
MMR,2004,1.357,0.024337392002823,2.588,0.0824358254265905,NA,Asia,MMR
MMR,2003,1.35,0.0240641491408465,2.68,0.0821146914833547,NA,Asia,MMR
MMR,2002,1.333,4.2649350636189e-4,2.765,0.0818811800401166,NA,Asia,MMR
MMR,2001,1.324,2.89277380848561e-4,2.793,0.0816613668753243,NA,Asia,MMR
MMR,2000,1.337,NA,2.813,0.0816219765388036,NA,Asia,MMR
NAM,2023,37.129,63.69549942,3.212,0.1375154855106667,NA,Africa,NAM
NAM,2022,37.809,62.99720001,3.248,0.1279218050561746,NA,Africa,NAM
NAM,2021,40.1,60.25999832,3.303,0.1271333773879351,NA,Africa,NAM
NAM,2020,41.505,57.8608017,3.349,0.1239809726332454,NA,Africa,NAM
NAM,2019,38.157,49.77590179,3.404,0.1110600031926103,NA,Africa,NAM
NAM,2018,37.974,42.8207016,3.462,0.1092245635918582,NA,Africa,NAM
NAM,2017,41.466,36.83739853,3.511,0.1100994646542593,NA,Africa,NAM
NAM,2016,44.21,31.0333004,3.574,0.1077673920159835,NA,Africa,NAM
NAM,2015,41.224,25.68790054,3.604,0.1079555016299362,NA,Africa,NAM
NAM,2014,38.733,14.84000015,3.635,0.1070639231363342,NA,Africa,NAM
NAM,2013,40.505,13.899999619999999,3.653,0.104641569588261,NA,Africa,NAM
NAM,2012,34.093,12.94139957,3.676,0.10454202904434,NA,Africa,NAM
NAM,2011,39.367,12,3.658,0.1026006861526408,NA,Africa,NAM
NAM,2010,44.529,11.6,3.657,0.1017574427128965,NA,Africa,NAM
NAM,2009,44.461,6.5,3.633,0.1012615131802091,NA,Africa,NAM
NAM,2008,43.724,5.32900377208954,3.616,0.1009907448451456,NA,Africa,NAM
NAM,2007,43.687,4.83561077833704,3.608,0.1007483235594889,NA,Africa,NAM
NAM,2006,43.017,4.39887064732726,3.601,0.1012275505324144,NA,Africa,NAM
NAM,2005,43.261,4.010000229,3.571,0.1015820474900664,NA,Africa,NAM
NAM,2004,43.012,3.8047156152631,3.545,0.1014231745259485,NA,Africa,NAM
NAM,2003,42.872,3.35983988553801,3.58,0.1027544164384483,NA,Africa,NAM
NAM,2002,41.736,2.63369976876116,3.693,0.1023617891992525,NA,Africa,NAM
NAM,2001,40.647,2.41697944170998,3.827,0.1023797449012777,NA,Africa,NAM
NAM,2000,39.243,1.64473954726899,3.991,0.1021618761172045,NA,Africa,NAM
NRU,2023,NA,83.03970337,3.331,0.127057028603934,NA,Oceania,NRU
NRU,2022,NA,83.22660065,3.379,0.1195738227468794,NA,Oceania,NRU
NRU,2021,NA,80.29499817,3.425,0.1197001512111797,NA,Oceania,NRU
NRU,2020,NA,77.46659851,3.466,0.1166232011108011,NA,Oceania,NRU
NRU,2019,NA,74.73789978,3.531,0.1051748711484237,NA,Oceania,NRU
NRU,2018,NA,NA,3.683,0.1046049803569511,NA,Oceania,NRU
NRU,2017,NA,62.38510132,3.879,0.1039198838287855,NA,Oceania,NRU
NRU,2016,NA,NA,4.027,0.1031514393942168,NA,Oceania,NRU
NRU,2015,NA,NA,4.075,0.1024098369479865,NA,Oceania,NRU
NRU,2014,NA,NA,4.085,0.1015423946271771,NA,Oceania,NRU
NRU,2013,NA,NA,4.098,0.1007800607266472,NA,Oceania,NRU
NRU,2012,NA,NA,4.115,0.1000727843884762,NA,Oceania,NRU
NRU,2011,NA,54,4.117,0.0994091493052044,NA,Oceania,NRU
NRU,2010,NA,NA,4.019,0.0989398279738813,NA,Oceania,NRU
NRU,2009,NA,NA,3.847,0.0984380202030532,NA,Oceania,NRU
NRU,2008,NA,NA,3.665,0.0979500414832749,NA,Oceania,NRU
NRU,2007,NA,NA,3.504,0.097580905616149,NA,Oceania,NRU
NRU,2006,NA,NA,3.4,0.0972302471074379,NA,Oceania,NRU
NRU,2005,NA,NA,3.377,0.0969286577330212,NA,Oceania,NRU
NRU,2004,NA,NA,3.378,0.0966590178140347,NA,Oceania,NRU
NRU,2003,NA,NA,3.388,0.0964055473458212,NA,Oceania,NRU
NRU,2002,NA,NA,3.4,0.0962451611857501,NA,Oceania,NRU
NRU,2001,NA,2.98715523250025,3.461,0.0961676289567696,NA,Oceania,NRU
NRU,2000,NA,NA,3.543,0.0960976373441002,NA,Oceania,NRU
NPL,2023,20.43,45.80680084,1.984,0.1338447040526551,NA,Asia,NPL
NPL,2022,20.607,45.45080185,2.002,0.1254208382555009,NA,Asia,NPL
NPL,2021,22.639,40.98910141,2.025,0.1253608898014164,NA,Asia,NPL
NPL,2020,24.072,36.96530151,2.051,0.1229551898943134,NA,Asia,NPL
NPL,2019,19.679,33.33660126,2.08,0.1103893102357324,NA,Asia,NPL
NPL,2018,19.604,28.60000038,2.12,0.1097771296999527,NA,Asia,NPL
NPL,2017,19.571,24.3,2.173,0.1089767969298394,NA,Asia,NPL
NPL,2016,19.548,20.700000760000002,2.226,0.1078858605566738,NA,Asia,NPL
NPL,2015,19.403,17.58160019,2.273,0.1069064417701196,NA,Asia,NPL
NPL,2014,19.348,15.43999958,2.319,0.1059391612700304,NA,Asia,NPL
NPL,2013,19.377,13.30000019,2.36,0.1052174593521157,NA,Asia,NPL
NPL,2012,19.306,11.14929962,2.42,0.104678463973107,NA,Asia,NPL
NPL,2011,19.294,9,2.462,0.1041201954374167,NA,Asia,NPL
NPL,2010,19.207,7.93,2.541,0.1037264146769273,NA,Asia,NPL
NPL,2009,19.213,1.97,2.63,0.1034932600178586,NA,Asia,NPL
NPL,2008,19.202,1.73,2.737,0.1039808081964214,NA,Asia,NPL
NPL,2007,19.22,1.41,2.857,0.1035001134571297,NA,Asia,NPL
NPL,2006,19.126,1.14138916388191,2.967,0.104176368486895,NA,Asia,NPL
NPL,2005,19.054,0.82655126590551,3.115,0.1042762112026164,NA,Asia,NPL
NPL,2004,19.097,0.449843651215974,3.279,0.1041654584467898,NA,Asia,NPL
NPL,2003,19.053,0.382810917017044,3.439,0.1038543767558093,NA,Asia,NPL
NPL,2002,18.955,0.312956060108532,3.604,0.1038033410591287,NA,Asia,NPL
NPL,2001,18.826,0.240015303375743,3.793,0.1034484512243947,NA,Asia,NPL
NPL,2000,18.877,0.204651683653029,3.984,0.1032124394490191,NA,Asia,NPL
NLD,2023,8.272,97.00680272,1.43,0.2487165999998865,139.52355117083525,Europe,NLD
NLD,2022,7.647,92.51968504,1.49,0.2307332196086121,152.24441071027974,Europe,NLD
NLD,2021,9.335,92.05298013,1.62,0.2263601793870951,144.35839820277175,Europe,NLD
NLD,2020,8.879,91.33333333,1.54,0.2232707495191372,131.5751819882525,Europe,NLD
NLD,2019,6.606,93.2885906040269,1.57,0.1946812373485732,124.342882514197,Europe,NLD
NLD,2018,7.046,91.8918918918919,1.59,0.1936336839905007,118.648359893342,Europe,NLD
NLD,2017,8.716,93.1972789115646,1.62,0.1892298381673574,110.79514280246374,Europe,NLD
NLD,2016,10.64,90.4109589041096,1.66,0.1896316230824193,104.5451070099245,Europe,NLD
NLD,2015,11.104,91.7241379310345,1.66,0.1834074512165624,100,Europe,NLD
NLD,2014,12.529,91.6666666666667,1.71,0.1829277519142418,96.67259301726695,Europe,NLD
NLD,2013,12.942,93.9564,1.68,0.1794239643392849,96.73431042532425,Europe,NLD
NLD,2012,11.454,92.859992359525,1.72,0.175598268149639,104.913339169159,Europe,NLD
NLD,2011,9.777,91.4199957622284,1.76,0.1726530741174417,113.666185781922,Europe,NLD
NLD,2010,10.765,90.72,1.79,0.1727798332553324,119.1747614754285,Europe,NLD
NLD,2009,9.87,89.63,1.79,0.1714268635664824,123.180990089731,Europe,NLD
NLD,2008,8.315,87.42,1.77,0.1691951993536507,127.50024141944975,Europe,NLD
NLD,2007,9.098,85.82,1.72,0.1683154798322342,127.70134203586825,Europe,NLD
NLD,2006,9.759,83.7,1.72,0.1669327546904178,124.43473327223376,Europe,NLD
NLD,2005,11.538,81,1.71,0.1643710296882143,122.680614699454,Europe,NLD
NLD,2004,7.913,68.52,1.72,0.1659590138697677,120.19705178961325,Europe,NLD
NLD,2003,6.529,64.35,1.75,0.1626639471746399,116.90986828358174,Europe,NLD
NLD,2002,4.54,61.29,1.73,0.1628123288923658,115.5571881739005,Europe,NLD
NLD,2001,4.325,49.3730621073123,1.71,0.1620178819431633,112.5346226158315,Europe,NLD
NLD,2000,5.191,43.984351373138,1.72,0.1608469090238675,104.60928515787297,Europe,NLD
NCL,2023,31.752,NA,1.98,NA,NA,Oceania,NCL
NCL,2022,33.324,NA,1.998,NA,NA,Oceania,NCL
NCL,2021,34.404,NA,2.012,NA,NA,Oceania,NCL
NCL,2020,46.146,NA,2.022,NA,NA,Oceania,NCL
NCL,2019,32.409,NA,2.05,NA,NA,Oceania,NCL
NCL,2018,39.948,NA,2.041,NA,NA,Oceania,NCL
NCL,2017,36.413,82.0058408035186,2.043,NA,NA,Oceania,NCL
NCL,2016,37.053,NA,2.078,NA,NA,Oceania,NCL
NCL,2015,37.587,74.00175279141,2.079,NA,NA,Oceania,NCL
NCL,2014,38.207,70,2.118,NA,NA,Oceania,NCL
NCL,2013,37.577,66,2.167,NA,NA,Oceania,NCL
NCL,2012,36.776,58,2.202,NA,NA,Oceania,NCL
NCL,2011,36.311,50,2.2,NA,NA,Oceania,NCL
NCL,2010,36.126,42,2.187,NA,NA,Oceania,NCL
NCL,2009,35.809,33.99,2.194,NA,NA,Oceania,NCL
NCL,2008,36.709,34.51,2.204,NA,NA,Oceania,NCL
NCL,2007,37.584,35.05,2.215,NA,NA,Oceania,NCL
NCL,2006,38.611,33.5157146807209,2.241,NA,NA,Oceania,NCL
NCL,2005,39.753,32.3590147531561,2.227,NA,NA,Oceania,NCL
NCL,2004,41.014,30.2980462088488,2.243,NA,NA,Oceania,NCL
NCL,2003,41.773,26.4083344703588,2.268,NA,NA,Oceania,NCL
NCL,2002,42.549,22.389797417113,2.347,NA,NA,Oceania,NCL
NCL,2001,43.213,18.2371097828416,2.422,NA,NA,Oceania,NCL
NCL,2000,44.181,13.9395488232698,2.509,NA,NA,Oceania,NCL
NZL,2023,10.714,93.32610321,1.57,0.2118339541026729,137.9470673899635,Oceania,NZL
NZL,2022,9.362,93.07289886,1.67,0.2068499800574963,155.66622994078475,Oceania,NZL
NZL,2021,10.49,91.99060059,1.65,0.2047280690242652,164.2645057010065,Oceania,NZL
NZL,2020,12.442,90.92099762,1.62,0.2057190238839185,133.79698488412174,Oceania,NZL
NZL,2019,11.294,89.86370087,1.72,0.1958667154221414,123.3880652891255,Oceania,NZL
NZL,2018,11.83,89,1.71,0.1960998849797045,121.62530386300675,Oceania,NZL
NZL,2017,12.968,87.69999695,1.81,0.1962056124876962,118.941469474277,Oceania,NZL
NZL,2016,13.474,86.5,1.87,0.1964755194163154,113.43506133138125,Oceania,NZL
NZL,2015,13.872,85.19999695,1.99,0.196786795117417,100.00000000000003,Oceania,NZL
NZL,2014,14.109,84,1.92,0.1974245779369946,89.65234633605823,Oceania,NZL
NZL,2013,15.302,82.77999878,2.01,0.19764471767818,84.9315342595081,Oceania,NZL
NZL,2012,18.003,81.644470179502,2.1,0.1978489137534163,78.56224627814673,Oceania,NZL
NZL,2011,17.512,81.23000336,2.09,0.1977334611939933,75.7792382974841,Oceania,NZL
NZL,2010,17.421,80.45999908,2.17,0.1976394813870999,77.41750102419597,Oceania,NZL
NZL,2009,16.759,79.7,2.13,0.1973093008472686,76.88823905409106,Oceania,NZL
NZL,2008,11.411,72.02999878,2.19,0.1966751213339618,80.21285039303878,Oceania,NZL
NZL,2007,10.101,69.76000214,2.18,0.1958707514084783,87.0104766995655,Oceania,NZL
NZL,2006,9.946,69,2.01,0.1949877042376925,79.73942803379686,Oceania,NZL
NZL,2005,9.752,62.72019958,1.97,0.1939737728609987,74.56736459212352,Oceania,NZL
NZL,2004,9.656,61.8476278106481,1.98,0.1928440090779297,66.58415375404682,Oceania,NZL
NZL,2003,10.486,60.9625398663824,1.93,0.1915506116824133,57.24229371978595,Oceania,NZL
NZL,2002,11.728,59.0807532812931,1.89,0.1901660870027018,48.1151243470159,Oceania,NZL
NZL,2001,12.092,53.2410152941279,1.97,0.1887610197102711,44.42860055168085,Oceania,NZL
NZL,2000,13.498,47.3795565432096,1.98,0.1874846978188933,44.52139597376005,Oceania,NZL
NIC,2023,9.203,60.30120087,2.218,0.1523596795189262,NA,Americas,NIC
NIC,2022,9.503,59.38000107,2.24,0.1427675276045022,NA,Americas,NIC
NIC,2021,11.057,51.62039948,2.265,0.1419371665629065,NA,Americas,NIC
NIC,2020,11.424,44.87490082,2.299,0.1401461691765843,NA,Americas,NIC
NIC,2019,10.056,39.01079941,2.321,0.1242519904534125,NA,Americas,NIC
NIC,2018,9.714,33.9129982,2.347,0.1244170789704741,NA,Americas,NIC
NIC,2017,6.251,30.39999962,2.378,0.1232121636809054,NA,Americas,NIC
NIC,2016,7.338,24.57180023,2.407,0.1228519947378852,NA,Americas,NIC
NIC,2015,8.793,19.70429993,2.434,0.1216871012597443,NA,Americas,NIC
NIC,2014,8.437,17.60000038,2.463,0.1224570376554079,NA,Americas,NIC
NIC,2013,9.007,15.5,2.492,0.12090646756825,NA,Americas,NIC
NIC,2012,8.142,13.5,2.527,0.1207520767175735,NA,Americas,NIC
NIC,2011,10.189,10.6,2.558,0.12061739735484,NA,Americas,NIC
NIC,2010,12.083,10,2.596,0.1203886844937381,NA,Americas,NIC
NIC,2009,12.717,7.300000191,2.626,0.1202850101453253,NA,Americas,NIC
NIC,2008,9.906,5.300000191,2.66,0.1201583300647442,NA,Americas,NIC
NIC,2007,7.878,3.9000000950000002,2.697,0.1199010692988737,NA,Americas,NIC
NIC,2006,8.608,2.8055730627337,2.733,0.1200974611910062,NA,Americas,NIC
NIC,2005,8.676,2.566400051,2.765,0.1198237552344853,NA,Americas,NIC
NIC,2004,10.285,2.32066460863941,2.784,0.1190303461361851,NA,Americas,NIC
NIC,2003,12.021,1.88041253242301,2.827,0.1202216704967544,NA,Americas,NIC
NIC,2002,11.88,1.71472958428668,2.887,0.1187050331193446,NA,Americas,NIC
NIC,2001,11.509,1.44879942820716,2.996,0.11760483734476,NA,Americas,NIC
NIC,2000,11.413,0.980216486692385,3.12,0.1187744058988216,NA,Americas,NIC
NER,2023,0.398,12.98079967,6.061,0.1515008028864476,NA,Africa,NER
NER,2022,0.397,13.087499619999999,6.135,0.1413231513973578,NA,Africa,NER
NER,2021,0.718,12.45689964,6.2,0.1383429265454038,NA,Africa,NER
NER,2020,0.743,11.85680008,6.369,0.137949513166322,NA,Africa,NER
NER,2019,0.75,11.28549957,6.537,0.1197447153782067,NA,Africa,NER
NER,2018,0.739,10.74180031,6.706,0.1179820137739358,NA,Africa,NER
NER,2017,0.734,10.2243115586561,6.874,0.1158960691207713,NA,Africa,NER
NER,2016,0.716,4.322800159,7.043,0.1142331333281519,NA,Africa,NER
NER,2015,0.704,2.476200104,7.215,0.1122545582538892,NA,Africa,NER
NER,2014,0.674,1.24867568902241,7.342,0.1106681480120045,NA,Africa,NER
NER,2013,2.328,1.149999976,7.445,0.1097162949127068,NA,Africa,NER
NER,2012,3.854,1.049999952,7.527,0.1083477617266046,NA,Africa,NER
NER,2011,0.466,0.9,7.592,0.1086180797018363,NA,Africa,NER
NER,2010,1.21,0.829999983,7.64,0.1086929290962648,NA,Africa,NER
NER,2009,2.133,0.76,7.679,0.1087278329377978,NA,Africa,NER
NER,2008,2.997,0.7,7.702,0.1092022904847657,NA,Africa,NER
NER,2007,3.955,0.390399992,7.726,0.1092383642922959,NA,Africa,NER
NER,2006,5.02,0.294,7.744,0.1084128865408064,NA,Africa,NER
NER,2005,6.184,0.221300006,7.769,0.1081487740205851,NA,Africa,NER
NER,2004,5.54,0.189933733703092,7.777,0.1087017809133077,NA,Africa,NER
NER,2003,4.529,0.155698703668983,7.789,0.1074170921308649,NA,Africa,NER
NER,2002,3.831,0.127152468779619,7.797,0.1082798389653842,NA,Africa,NER
NER,2001,3.107,0.10518543139701,7.81,0.1080992180856021,NA,Africa,NER
NER,2000,3.057,0.0362612938065891,7.829,0.1076743673228077,NA,Africa,NER
NGA,2023,5.131,40.06399918,4.482,0.1538978259518232,NA,Africa,NGA
NGA,2022,6.024,39.14720154,4.552,0.1459176136402104,NA,Africa,NGA
NGA,2021,8.991,35.50979996,4.636,0.1432070251446023,NA,Africa,NGA
NGA,2020,10.842,31.88879967,4.7,0.1417941146613247,NA,Africa,NGA
NGA,2019,10.418,29.74410057,4.861,0.1256407186377298,NA,Africa,NGA
NGA,2018,10.138,27.74370003,5.021,0.1249633296095898,NA,Africa,NGA
NGA,2017,9.707,25.87789917,5.182,0.1245594369152497,NA,Africa,NGA
NGA,2016,9.1,24.137500760000002,5.343,0.1231296552629357,NA,Africa,NGA
NGA,2015,8.457,22.51420021,5.503,0.1212701506311236,NA,Africa,NGA
NGA,2014,8.044,21,5.622,0.1192805256693559,NA,Africa,NGA
NGA,2013,7.713,19.10000038,5.694,0.1174543513472941,NA,Africa,NGA
NGA,2012,7.861,16.10000038,5.797,0.115756884951013,NA,Africa,NGA
NGA,2011,7.896,13.80000019,5.893,0.1151368500841475,NA,Africa,NGA
NGA,2010,7.861,11.5,5.948,0.114800354154991,NA,Africa,NGA
NGA,2009,7.836,9.300000191,5.993,0.1136029995028607,NA,Africa,NGA
NGA,2008,7.921,8,6.024,0.1139777158375441,NA,Africa,NGA
NGA,2007,7.859,6.769999981,6.027,0.1131954681820302,NA,Africa,NGA
NGA,2006,7.687,5.54503608300536,6.053,0.1125217548444463,NA,Africa,NGA
NGA,2005,7.538,3.54915571796492,6.063,0.1124059686102607,NA,Africa,NGA
NGA,2004,7.228,1.28613764134527,6.09,0.1121759044986274,NA,Africa,NGA
NGA,2003,7.233,0.558576244860521,6.1,0.1114395061964033,NA,Africa,NGA
NGA,2002,7.219,0.320461975542327,6.116,0.1112618434352331,NA,Africa,NGA
NGA,2001,7.539,0.089901370457273,6.128,0.1102146467343293,NA,Africa,NGA
NGA,2000,7.571,0.0640808079494101,6.124,0.1102737903621803,NA,Africa,NGA
MKD,2023,29.685,88.5,1.5,0.1448710747928287,NA,Europe,MKD
MKD,2022,32.595,83.85030365,1.6,0.1351372378507228,NA,Europe,MKD
MKD,2021,36.097,81.873703,1.6,0.1351523456728335,NA,Europe,MKD
MKD,2020,35.622,81.40553811,1.31,0.1333067792343661,NA,Europe,MKD
MKD,2019,35.353,81.4128827618364,1.34,0.1204213169612608,NA,Europe,MKD
MKD,2018,45.495,79.1677551850871,1.42,0.1202103563850083,NA,Europe,MKD
MKD,2017,46.759,74.5168241807954,1.43,0.1201704664150448,NA,Europe,MKD
MKD,2016,48.48,72.1568144676058,1.5,0.1201100730493814,NA,Europe,MKD
MKD,2015,47.478,70.3802030766689,1.49,0.1201963221543589,NA,Europe,MKD
MKD,2014,53.073,68.0584815397496,1.5,0.1197526974794086,NA,Europe,MKD
MKD,2013,51.588,65.24,1.5,0.1190428895243773,NA,Europe,MKD
MKD,2012,53.713,57.449947312961,1.5,0.1194828769043661,NA,Europe,MKD
MKD,2011,55.109,56.7,1.46,0.1181625027473821,NA,Europe,MKD
MKD,2010,55.198,51.9,1.6,0.1174992601238802,NA,Europe,MKD
MKD,2009,55.156,51.77,1.5,0.1168009338680829,NA,Europe,MKD
MKD,2008,56.802,46.04,1.47,0.1164489514105946,NA,Europe,MKD
MKD,2007,58.213,36.29999924,1.46,0.1154961403385678,NA,Europe,MKD
MKD,2006,60.112,28.62,1.46,0.1155794861045224,NA,Europe,MKD
MKD,2005,61.967,26.450000760000002,1.5,0.1148725143598056,NA,Europe,MKD
MKD,2004,64.163,24.44,1.524,0.1146037888031944,NA,Europe,MKD
MKD,2003,65.75,19.07,1.745,0.1151733617678448,NA,Europe,MKD
MKD,2002,58.444,17.33,1.786,0.1147927974362113,NA,Europe,MKD
MKD,2001,55.55,3.46818460849398,1.729,0.1142095153409022,NA,Europe,MKD
MKD,2000,58.347,2.48556631640066,1.863,0.1133405527011836,NA,Europe,MKD
MNP,2023,NA,NA,2.348,0.1277066875047956,NA,Oceania,MNP
MNP,2022,NA,NA,2.388,0.1208186760141842,NA,Oceania,MNP
MNP,2021,NA,NA,2.441,0.1210262921657191,NA,Oceania,MNP
MNP,2020,NA,NA,2.494,0.118195682230157,NA,Oceania,MNP
MNP,2019,NA,NA,2.559,0.1072825809519725,NA,Oceania,MNP
MNP,2018,NA,NA,2.643,0.106695070886383,NA,Oceania,MNP
MNP,2017,NA,NA,2.762,0.1059736668090576,NA,Oceania,MNP
MNP,2016,NA,NA,2.923,0.1051708757868527,NA,Oceania,MNP
MNP,2015,NA,NA,3.134,0.1044675959058007,NA,Oceania,MNP
MNP,2014,NA,NA,3.372,0.103687164970236,NA,Oceania,MNP
MNP,2013,NA,NA,3.535,0.1030529614003245,NA,Oceania,MNP
MNP,2012,NA,NA,3.328,0.1024945505856897,NA,Oceania,MNP
MNP,2011,NA,NA,3.208,0.1018777725912545,NA,Oceania,MNP
MNP,2010,NA,NA,2.982,0.1021372170483631,NA,Oceania,MNP
MNP,2009,NA,NA,2.736,0.1016583546757724,NA,Oceania,MNP
MNP,2008,NA,NA,2.815,0.1012143898577875,NA,Oceania,MNP
MNP,2007,NA,NA,2.786,0.1031569480293037,NA,Oceania,MNP
MNP,2006,NA,NA,2.613,0.1005453137438748,NA,Oceania,MNP
MNP,2005,NA,NA,2.256,0.1011149863980113,NA,Oceania,MNP
MNP,2004,NA,NA,2.066,0.1007641694205034,NA,Oceania,MNP
MNP,2003,NA,NA,1.893,0.099041725341995,NA,Oceania,MNP
MNP,2002,NA,NA,1.678,0.098732334618875,NA,Oceania,MNP
MNP,2001,NA,NA,1.736,0.0984662454647891,NA,Oceania,MNP
MNP,2000,NA,NA,1.64,0.0982763446797351,NA,Oceania,MNP
NOR,2023,10.975,99.00000258,1.4,0.180902570292194,115.3927328969825,Europe,NOR
NOR,2022,9.908,98.99997764,1.41,0.1714902981291264,122.18984160754825,Europe,NOR
NOR,2021,12.848,99.0000036,1.55,0.1692221545052907,121.52723133267224,Europe,NOR
NOR,2020,11.215,94.60755647,1.48,0.1671524532357522,112.25661631119975,Europe,NOR
NOR,2019,9.813,98.0000043853142,1.53,0.15329546656001,108.77829635233076,Europe,NOR
NOR,2018,9.599,96.4916579887094,1.56,0.1518692624064785,107.77571418375675,Europe,NOR
NOR,2017,10.275,96.3576012951191,1.62,0.1498690929905607,108.02392600760601,Europe,NOR
NOR,2016,11.044,97.2982036675068,1.71,0.147863354815012,104.44308131701024,Europe,NOR
NOR,2015,9.804,96.810325691365,1.72,0.1466212730998609,100.00000000000013,Europe,NOR
NOR,2014,7.786,96.3005098242892,1.75,0.1461647194718208,95.97033451394427,Europe,NOR
NOR,2013,9.043,95.0534,1.78,0.1453882904572591,95.12337756395343,Europe,NOR
NOR,2012,8.382,94.6499780533304,1.85,0.1435023913196933,93.0485690674998,Europe,NOR
NOR,2011,8.413,93.4899826515194,1.88,0.1419873314785892,87.82948162079265,Europe,NOR
NOR,2010,9.228,93.39,1.95,0.1406316507352445,82.02211372645765,Europe,NOR
NOR,2009,9.051,92.08,1.98,0.1396767492977845,77.1693353416544,Europe,NOR
NOR,2008,7.426,90.57,1.96,0.1387972377287455,77.41964186736115,Europe,NOR
NOR,2007,7.341,86.93,1.9,0.1386936860470811,80.71364753328527,Europe,NOR
NOR,2006,8.634,82.55,1.9,0.1385972940289864,72.43112151642835,Europe,NOR
NOR,2005,11.293,81.99,1.84,0.1383443023861887,64.77833827857027,Europe,NOR
NOR,2004,12.787,77.69,1.83,0.1380675499086452,60.439334696502975,Europe,NOR
NOR,2003,11.826,78.13,1.8,0.1376655302602365,55.4561549231803,Europe,NOR
NOR,2002,13.036,72.84,1.75,0.1374259929150041,56.06653380165085,Europe,NOR
NOR,2001,12.144,64,1.78,0.1375162880685398,54.13689244708165,Europe,NOR
NOR,2000,11.047,52,1.85,0.1371294275658794,51.75652394566273,Europe,NOR
OMN,2023,13.594,95.25170135,2.525,0.1486339125496455,NA,Asia,OMN
OMN,2022,14.562,95.24530029,2.449,0.1394802113968023,NA,Asia,OMN
OMN,2021,9.097,95.23880005,2.588,0.1415911842637735,NA,Asia,OMN
OMN,2020,13.523,95.23229321,2.638,0.1390169837517941,NA,Asia,OMN
OMN,2019,9.015,90.25939941,2.696,0.1244145042126344,NA,Asia,OMN
OMN,2018,7.851,85.5,2.81,0.1247186554877211,NA,Asia,OMN
OMN,2017,11.058,80.18560028,2.923,0.1246496704046611,NA,Asia,OMN
OMN,2016,14.199,76.8453904741456,2.949,0.1247660208830258,NA,Asia,OMN
OMN,2015,15.152,73.52999878,2.965,0.1248224899293015,NA,Asia,OMN
OMN,2014,15.327,70.22000122,2.97,0.1246973448616528,NA,Asia,OMN
OMN,2013,15.453,66.45,2.954,0.1248387873693043,NA,Asia,OMN
OMN,2012,15.655,60,2.928,0.1256752363264393,NA,Asia,OMN
OMN,2011,15.209,48,2.955,0.1258726741639504,NA,Asia,OMN
OMN,2010,13.873,35.8278,2.973,0.1258160442654437,NA,Asia,OMN
OMN,2009,13.54,26.799999239999998,2.829,0.1272397567973769,NA,Asia,OMN
OMN,2008,13.739,20,2.762,0.1263914863904533,NA,Asia,OMN
OMN,2007,13.914,16.68,2.761,0.1266171261814767,NA,Asia,OMN
OMN,2006,13.991,8.299699783,2.879,0.1267160969468672,NA,Asia,OMN
OMN,2005,14.587,6.683599949,3.029,0.1268357348909259,NA,Asia,OMN
OMN,2004,14.939,6.75885217024525,3.2,0.1269041858287656,NA,Asia,OMN
OMN,2003,14.571,7.25574294536556,3.371,0.1269023814895456,NA,Asia,OMN
OMN,2002,13.526,6.87339603918545,3.51,0.1267991670944382,NA,Asia,OMN
OMN,2001,13.341,5.89384152148671,3.662,0.1266306220260222,NA,Asia,OMN
OMN,2000,13.733,3.52042141651097,3.852,0.1265088928669157,NA,Asia,OMN
PAK,2023,9.423,NA,3.605,0.1456871055649307,NA,Asia,PAK
PAK,2022,9.448,NA,3.662,0.1376083313800873,NA,Asia,PAK
PAK,2021,11.053,NA,3.72,0.1372107901415438,NA,Asia,PAK
PAK,2020,10.739,18.935,3.765,0.1367948169427097,NA,Asia,PAK
PAK,2019,9.599,17.070901719916,3.81,0.1211093526997988,NA,Asia,PAK
PAK,2018,7.864,15.34000015,3.855,0.1211857143091463,NA,Asia,PAK
PAK,2017,6.519,13.77999973,3.9,0.1209518327063734,NA,Asia,PAK
PAK,2016,5.165,12.385446763381,3.902,0.1209498016920543,NA,Asia,PAK
PAK,2015,6.682,11,3.988,0.1208820958747895,NA,Asia,PAK
PAK,2014,4.052,10,4.055,0.1206733196481999,NA,Asia,PAK
PAK,2013,5.98,9,4.125,0.1203189512126998,NA,Asia,PAK
PAK,2012,7.556,8.100000381,4.204,0.1201514322411211,NA,Asia,PAK
PAK,2011,1.719,8,4.305,0.119769451893491,NA,Asia,PAK
PAK,2010,1.287,8,4.398,0.1193646219050255,NA,Asia,PAK
PAK,2009,1.08,7.5,4.465,0.1189376883510534,NA,Asia,PAK
PAK,2008,0.99,7,4.515,0.1177493864278271,NA,Asia,PAK
PAK,2007,0.82,6.800000191,4.554,0.1169546998569207,NA,Asia,PAK
PAK,2006,0.939,6.5,4.589,0.1167422953039268,NA,Asia,PAK
PAK,2005,0.938,6.332300186,4.595,0.115838980784958,NA,Asia,PAK
PAK,2004,0.943,6.16432098534156,4.685,0.1155666609084975,NA,Asia,PAK
PAK,2003,0.948,5.04115812592502,4.894,0.1152156034740907,NA,Asia,PAK
PAK,2002,0.95,2.57742673683831,5.012,0.1150914400013724,NA,Asia,PAK
PAK,2001,0.958,1.31855077925626,5.182,0.1145691413498755,NA,Asia,PAK
PAK,2000,0.967,NA,5.352,0.1144513349351968,NA,Asia,PAK
PLW,2023,NA,82.91629791,1.907,0.1273160413468896,NA,Oceania,PLW
PLW,2022,NA,82.56749725,1.927,0.1204362192276104,NA,Oceania,PLW
PLW,2021,NA,NA,1.95,0.1205516407880141,NA,Oceania,PLW
PLW,2020,NA,NA,1.972,0.1176446897844927,NA,Oceania,PLW
PLW,2019,NA,NA,1.984,0.1067965089225497,NA,Oceania,PLW
PLW,2018,NA,NA,1.97,0.1062640239958351,NA,Oceania,PLW
PLW,2017,NA,NA,2.019,0.1056134339272763,NA,Oceania,PLW
PLW,2016,NA,NA,2.055,0.1048768753218207,NA,Oceania,PLW
PLW,2015,NA,NA,2.002,0.104168426423975,NA,Oceania,PLW
PLW,2014,NA,NA,2.032,0.1033397076191093,NA,Oceania,PLW
PLW,2013,NA,NA,2.054,0.1026255211129447,NA,Oceania,PLW
PLW,2012,NA,NA,2.006,0.1019671967856847,NA,Oceania,PLW
PLW,2011,NA,NA,1.965,0.1013418006945474,NA,Oceania,PLW
PLW,2010,NA,NA,1.937,0.1008986822830607,NA,Oceania,PLW
PLW,2009,NA,NA,1.935,0.1004301973263394,NA,Oceania,PLW
PLW,2008,NA,NA,1.947,0.0999961772338883,NA,Oceania,PLW
PLW,2007,NA,NA,1.968,0.0996849824163153,NA,Oceania,PLW
PLW,2006,NA,NA,1.996,0.099378857026349507,NA,Oceania,PLW
PLW,2005,NA,NA,2.017,0.0990974603900356,NA,Oceania,PLW
PLW,2004,NA,26.9703326341025,1.989,0.0988224215896235,NA,Oceania,PLW
PLW,2003,NA,21.6015271777354,1.962,0.0985487280122603,NA,Oceania,PLW
PLW,2002,NA,20.243939470621,1.923,0.0983536940801777,NA,Oceania,PLW
PLW,2001,NA,NA,1.87,0.0982296501380775,NA,Oceania,PLW
PLW,2000,NA,NA,1.819,0.0980871297419066,NA,Oceania,PLW
PAN,2023,16.765,68.54851592,2.119,0.1395916048865323,NA,Americas,PAN
PAN,2022,19.186,67.2838974,2.139,0.1313642625444044,NA,Americas,PAN
PAN,2021,22.338,66.04270172,2.152,0.1296883681324607,NA,Americas,PAN
PAN,2020,33.033,64.82430267,2.184,0.1299739863831206,NA,Americas,PAN
PAN,2019,17.128,63.6284147731451,2.288,0.115013411469769,NA,Americas,PAN
PAN,2018,14.1,61.8055313202468,2.402,0.1155970769502063,NA,Americas,PAN
PAN,2017,14.817,59.9506309038683,2.462,0.1138293288410395,NA,Americas,PAN
PAN,2016,12.295,54,2.502,0.1129661736828505,NA,Americas,PAN
PAN,2015,11.675,51.2054249948687,2.53,0.1121688656923496,NA,Americas,PAN
PAN,2014,11.523,44.9238152577893,2.552,0.1114876215928349,NA,Americas,PAN
PAN,2013,9.896,44.03,2.569,0.1106667093310469,NA,Americas,PAN
PAN,2012,9.583,40.3018952210488,2.591,0.1100716142950095,NA,Americas,PAN
PAN,2011,11.099,42.7,2.604,0.1091998715036805,NA,Americas,PAN
PAN,2010,13.43,40.1,2.587,0.1081921600227179,NA,Americas,PAN
PAN,2009,13.258,39.08,2.593,0.1092956390953146,NA,Americas,PAN
PAN,2008,12.956,33.82,2.608,0.1083966253893849,NA,Americas,PAN
PAN,2007,13.093,22.29,2.612,0.1082658403083414,NA,Americas,PAN
PAN,2006,13.287,17.34959984,2.62,0.1083546095057684,NA,Americas,PAN
PAN,2005,13.485,11.48400021,2.643,0.1081825321426178,NA,Americas,PAN
PAN,2004,13.59,11.1408625409415,2.68,0.1079819010023645,NA,Americas,PAN
PAN,2003,13.884,9.98742407723405,2.679,0.1077398728252068,NA,Americas,PAN
PAN,2002,13.852,8.51807781515595,2.698,0.1074179892405308,NA,Americas,PAN
PAN,2001,13.773,7.26839987788729,2.72,0.1070110090575667,NA,Americas,PAN
PAN,2000,13.549,6.55479647729549,2.744,0.1072573746738451,NA,Americas,PAN
PNG,2023,3.792,18.56130028,3.099,0.122427647637122,NA,Oceania,PNG
PNG,2022,3.811,18.25659943,3.165,0.1170474978862086,NA,Oceania,PNG
PNG,2021,4.33,16.55960083,3.215,0.1183027504178428,NA,Oceania,PNG
PNG,2020,4.563,15.02040005,3.274,0.111946685480654,NA,Oceania,PNG
PNG,2019,4.119,13.62419987,3.322,0.1053976808282555,NA,Oceania,PNG
PNG,2018,4.185,12.35789967,3.382,0.1036146476231888,NA,Oceania,PNG
PNG,2017,4.207,11.20919991,3.432,0.1025640403386242,NA,Oceania,PNG
PNG,2016,4.188,9.601499557,3.495,0.1029733692775353,NA,Oceania,PNG
PNG,2015,4.266,7.900000095,3.558,0.1013175681946929,NA,Oceania,PNG
PNG,2014,4.341,6.5,3.625,0.1005785008559353,NA,Oceania,PNG
PNG,2013,4.508,5.099999905,3.684,0.0999598677330119,NA,Oceania,PNG
PNG,2012,4.501,3.5,3.746,0.0993986638197214,NA,Oceania,PNG
PNG,2011,4.531,2,3.816,0.0988561080256192,NA,Oceania,PNG
PNG,2010,3.574,1.28,3.883,0.0984625045116375,NA,Oceania,PNG
PNG,2009,3.724,1.61,3.941,0.0980170081219535,NA,Oceania,PNG
PNG,2008,3.873,1.15,4.015,0.0975632169593746,NA,Oceania,PNG
PNG,2007,3.958,1.790599942,4.076,0.0971932420348414,NA,Oceania,PNG
PNG,2006,4.144,1.754487260668,4.148,0.0968604517227003,NA,Oceania,PNG
PNG,2005,4.32,1.71619047556782,4.22,0.0965619423189718,NA,Oceania,PNG
PNG,2004,4.537,1.5079127722725,4.283,0.0967158245730983,NA,Oceania,PNG
PNG,2003,4.725,1.37440466802801,4.362,0.096388422616682,NA,Oceania,PNG
PNG,2002,4.941,1.3216569348661,4.419,0.0956690201083935,NA,Oceania,PNG
PNG,2001,5.078,0.904103545170821,4.469,0.0970278729498352,NA,Oceania,PNG
PNG,2000,5.294,0.835249302427624,4.525,0.0964035687812566,NA,Oceania,PNG
PRY,2023,13.185,78.09481878,2.422,0.1803650772859527,NA,Americas,PRY
PRY,2022,14.601,76.25916611,2.444,0.1686135838981298,NA,Americas,PRY
PRY,2021,16.203,77.01838621,2.469,0.1706122920640516,NA,Americas,PRY
PRY,2020,17.152,73.95751114,2.497,0.1649456925005923,NA,Americas,PRY
PRY,2019,15.3,68.5176284222264,2.525,0.1493671957237879,NA,Americas,PRY
PRY,2018,14.52,64.9935430235756,2.561,0.148999716139194,NA,Americas,PRY
PRY,2017,14.28,61.0757562215797,2.591,0.1493544118042001,NA,Americas,PRY
PRY,2016,11.529,53.4041274791009,2.624,0.1501390802959527,NA,Americas,PRY
PRY,2015,10.922,49.716304663966,2.645,0.1507477497978637,NA,Americas,PRY
PRY,2014,11.097,43.0073750122614,2.646,0.1500614821396085,NA,Americas,PRY
PRY,2013,9.497,36.9,2.636,0.1504204991621716,NA,Americas,PRY
PRY,2012,10.045,29.34,2.658,0.1503719765807624,NA,Americas,PRY
PRY,2011,11.361,24.7635158793993,2.667,0.149331764588442,NA,Americas,PRY
PRY,2010,10.614,19.8,2.695,0.1513865539172126,NA,Americas,PRY
PRY,2009,11.746,18.9,2.757,0.1514890257297167,NA,Americas,PRY
PRY,2008,9.594,14.27,2.792,0.1527689284598536,NA,Americas,PRY
PRY,2007,10.411,11.21,2.823,0.1529643490429298,NA,Americas,PRY
PRY,2006,11.076,7.962100029,2.889,0.1532178698446416,NA,Americas,PRY
PRY,2005,10.33,7.90700786141285,2.973,0.1529697864283237,NA,Americas,PRY
PRY,2004,11.927,3.45243843137079,3.053,0.1527192318187323,NA,Americas,PRY
PRY,2003,13.35,2.11194208210034,3.123,0.1524613857918858,NA,Americas,PRY
PRY,2002,16.531,1.79496959770244,3.233,0.1524926360625718,NA,Americas,PRY
PRY,2001,11.219,1.09879383569333,3.361,0.1516365856816922,NA,Americas,PRY
PRY,2000,13.964,0.747630711548184,3.508,0.1507257623494536,NA,Americas,PRY
PER,2023,8.846,79.48484477,1.98,0.1888911371598331,NA,Americas,PER
PER,2022,7.681,74.67495213,2.004,0.1739313281730451,NA,Americas,PER
PER,2021,9.586,71.10782643,2.029,0.1729592195425697,NA,Americas,PER
PER,2020,12.659,65.25179796,2.056,0.1724574251373915,NA,Americas,PER
PER,2019,7.405,59.9505036049006,2.086,0.1507513267540368,NA,Americas,PER
PER,2018,8.342,55.0543342443197,2.118,0.15059874366549,NA,Americas,PER
PER,2017,8.319,50.4504121848143,2.152,0.1506239562025498,NA,Americas,PER
PER,2016,8.272,45.4617406869459,2.189,0.1507674397997257,NA,Americas,PER
PER,2015,6.877,40.8526009090468,2.229,0.1513449657177556,NA,Americas,PER
PER,2014,7.55,40.2446560091704,2.271,0.1516946246149854,NA,Americas,PER
PER,2013,7.008,39.2,2.317,0.1516106837683701,NA,Americas,PER
PER,2012,6.848,38.2,2.356,0.1517900851225511,NA,Americas,PER
PER,2011,7.001,36.01,2.413,0.1517855051245336,NA,Americas,PER
PER,2010,6.843,34.77,2.421,0.1522058958169682,NA,Americas,PER
PER,2009,7.11,31.4,2.48,0.1528964882464339,NA,Americas,PER
PER,2008,7.432,30.57,2.528,0.153483794362906,NA,Americas,PER
PER,2007,7.541,25.200000760000002,2.583,0.1537181216196808,NA,Americas,PER
PER,2006,7.153,20.700000760000002,2.619,0.1539140346731484,NA,Americas,PER
PER,2005,8.43,17.10000038,2.643,0.153993058186613,NA,Americas,PER
PER,2004,7.737,14.1,2.673,0.1537531518120693,NA,Americas,PER
PER,2003,6.364,11.6,2.661,0.1537989979334947,NA,Americas,PER
PER,2002,5.935,8.96694917040028,2.693,0.1537315588733796,NA,Americas,PER
PER,2001,6.069,7.57876295717419,2.744,0.1536864710800624,NA,Americas,PER
PER,2000,5.948,3.07643061137675,2.845,0.1533467043878674,NA,Americas,PER
PHL,2023,6.912,77.86699677,1.916,0.1050878285328431,NA,Asia,PHL
PHL,2022,6.813,75.21114422,1.929,0.100063698380031,NA,Asia,PHL
PHL,2021,8.434,66.90779877,1.95,0.1014019001723083,NA,Asia,PHL
PHL,2020,6.987,53.76490021,2.075,0.097943302094854,NA,Asia,PHL
PHL,2019,6.696,43.0266118680279,2.215,0.0900489023110316,NA,Asia,PHL
PHL,2018,6.605,44.09999847,2.378,0.0895532751391632,NA,Asia,PHL
PHL,2017,7.379,41.59999847,2.525,0.0891346130103132,NA,Asia,PHL
PHL,2016,7.634,39.20000076,2.679,0.0888644483622652,NA,Asia,PHL
PHL,2015,8.509,36.90000153,2.829,0.0887015989586356,NA,Asia,PHL
PHL,2014,9.465,34.70000076,2.894,0.0883897610056661,NA,Asia,PHL
PHL,2013,9.165,32.70000076,3.042,0.0880554674022578,NA,Asia,PHL
PHL,2012,9.361,30.799999239999998,3.143,0.0877654121846064,NA,Asia,PHL
PHL,2011,9.477,29,3.236,0.0876497225091971,NA,Asia,PHL
PHL,2010,9.736,25,3.315,0.0874980387598739,NA,Asia,PHL
PHL,2009,10.149,9,3.376,0.087335634654033,NA,Asia,PHL
PHL,2008,9.844,6.22,3.401,0.0869820823128514,NA,Asia,PHL
PHL,2007,8.742,5.97,3.403,0.0867188876464848,NA,Asia,PHL
PHL,2006,10.018,5.74058632534702,3.466,0.0865128829614607,NA,Asia,PHL
PHL,2005,9.247,5.397600174,3.448,0.0862086557954505,NA,Asia,PHL
PHL,2004,9.061,5.2436284521711,3.524,0.0860949759913037,NA,Asia,PHL
PHL,2003,8.923,4.85767226708512,3.591,0.0857778244624865,NA,Asia,PHL
PHL,2002,9.169,4.33227574643007,3.651,0.085483771146921,NA,Asia,PHL
PHL,2001,9.418,2.52400566008269,3.719,0.0853884179207677,NA,Asia,PHL
PHL,2000,9.541,1.98225319605827,3.754,0.0852653179590189,NA,Asia,PHL
POL,2023,11.176,86.414744,1.2,0.1280611707934853,125.59346413740175,Europe,POL
POL,2022,10.56,86.94113479,1.29,0.1224746129330991,126.48544243582825,Europe,POL
POL,2021,11.817,85.37490906,1.33,0.1226058884240785,128.97154156161326,Europe,POL
POL,2020,10.836,83.18488715,1.39,0.1216393359066201,124.6929387787365,Europe,POL
POL,2019,9.835,80.4359068768673,1.44,0.1126646015295699,116.692094580869,Europe,POL
POL,2018,11.686,77.5417345350006,1.46,0.1132495267435635,109.78528382944825,Europe,POL
POL,2017,14.762,75.9853659493832,1.48,0.1135849954762933,104.56171855315625,Europe,POL
POL,2016,17.592,73.3007040962669,1.39,0.1137228202917667,102.5664708550735,Europe,POL
POL,2015,20.686,67.9969871556415,1.32,0.1141215329799783,100.00000000000017,Europe,POL
POL,2014,23.732,66.5987360557248,1.32,0.1142682682117699,98.0693681616727,Europe,POL
POL,2013,27.167,62.8492,1.29,0.1144243764989379,96.81139155677972,Europe,POL
POL,2012,26.322,62.3099972714691,1.33,0.113982334275498,101.68100181892473,Europe,POL
POL,2011,25.523,61.94999896898,1.33,0.1147655598224815,108.57096070285701,Europe,POL
POL,2010,23.576,62.32,1.41,0.1136387030983257,113.4217711702115,Europe,POL
POL,2009,20.471,58.97,1.4,0.1132911908237767,120.77749250884526,Europe,POL
POL,2008,17.101,53.13,1.39,0.1136557651335757,127.78973752917325,Europe,POL
POL,2007,21.387,48.6,1.31,0.113574051499263,134.00102223649125,Europe,POL
POL,2006,29.538,44.58,1.27,0.1134764104363903,92.17421087229178,Europe,POL
POL,2005,36.945,38.81,1.24,0.1129543414764089,68.53702244523512,Europe,POL
POL,2004,39.98,32.53,1.23,0.1136256499757931,NA,Europe,POL
POL,2003,42.659,24.87,1.22,0.1125209384960146,NA,Europe,POL
POL,2002,43.322,21.15,1.25,0.1123299833387256,NA,Europe,POL
POL,2001,40.387,9.9006697073534,1.31,0.1121662473903027,NA,Europe,POL
POL,2000,32.91,7.2854287080601,1.37,0.1120670056231973,NA,Europe,POL
PRT,2023,20.463,85.79012676,1.45,0.2408496106425208,169.5519604681955,Europe,PRT
PRT,2022,19.183,84.49690644,1.43,0.2257794254121239,164.275625619967,Europe,PRT
PRT,2021,23.424,82.30902804,1.35,0.222100927941197,156.44778803077824,Europe,PRT
PRT,2020,22.46,78.26166044,1.42,0.2200166788787982,145.9063855495445,Europe,PRT
PRT,2019,18.326,75.346377940871207,1.44,0.1952083563977489,134.715224676015,Europe,PRT
PRT,2018,20.235,74.6609681487507,1.42,0.1924791787412801,123.62127581818525,Europe,PRT
PRT,2017,23.802,73.7912139515729,1.38,0.1910204565614575,113.93634132826475,Europe,PRT
PRT,2016,27.799,70.423567088723,1.37,0.1898086898766636,105.978539190373,Europe,PRT
PRT,2015,31.786,68.6328614804299,1.31,0.1884987265959655,99.99999999999983,Europe,PRT
PRT,2014,34.663,64.5924200648949,1.24,0.1876471906802485,97.78155264265853,Europe,PRT
PRT,2013,38.452,62.0956,1.21,0.1855317216305076,94.0278128011305,Europe,PRT
PRT,2012,37.978,60.3399974868057,1.28,0.1828903028946361,96.68156846898574,Europe,PRT
PRT,2011,30.305,55.2499968797194,1.35,0.1829031409218535,106.02919719913925,Europe,PRT
PRT,2010,22.753,53.3,1.39,0.1803022767767443,113.45587282227575,Europe,PRT
PRT,2009,20.308,48.27,1.34,0.1790352265703572,114.6979129459605,Europe,PRT
PRT,2008,16.663,44.13,1.39,0.1792453079148097,112.24415122816424,Europe,PRT
PRT,2007,16.727,42.09,1.35,0.1774033107774138,123.157644412681,Europe,PRT
PRT,2006,16.502,38.01,1.37,0.1767401397298298,126.76034665012425,Europe,PRT
PRT,2005,16.217,34.99,1.41,0.1754610440879138,128.54005973868874,Europe,PRT
PRT,2004,14.048,31.78,1.4,0.1756049705482784,130.49908923467575,Europe,PRT
PRT,2003,13.492,29.67,1.44,0.1725631418300789,132.72313904661974,Europe,PRT
PRT,2002,10.448,19.37,1.46,0.1733368194352209,136.01188136439225,Europe,PRT
PRT,2001,8.954,18.0871365595338,1.45,0.1711081809751751,139.85272653502724,Europe,PRT
PRT,2000,8.245,16.4304676923534,1.55,0.1702158472537901,137.7403132732115,Europe,PRT
PRI,2023,13.178,NA,0.92,0.18695255274344,NA,Americas,PRI
PRI,2022,13.684,87.29178106,0.914,0.1813072054631602,NA,Americas,PRI
PRI,2021,17.201,84.78666399,0.907,0.1806388907537471,NA,Americas,PRI
PRI,2020,19.574,NA,0.922,0.1789644305320158,NA,Americas,PRI
PRI,2019,18.561,77.7364393708352,0.982,0.1646248949201187,NA,Americas,PRI
PRI,2018,20.497,70.8563997424362,1.035,0.1638275922207046,NA,Americas,PRI
PRI,2017,24.054,68.7407731407209,1.101,0.1627677181538745,NA,Americas,PRI
PRI,2016,26.197,68.6438071976518,1.2425,0.1620524757692463,NA,Americas,PRI
PRI,2015,26.574,63.4663353848474,1.3365,0.1623169312653777,NA,Americas,PRI
PRI,2014,30.705,76.1338597201667,1.432,0.1618478893514789,NA,Americas,PRI
PRI,2013,31.585,68.999990004,1.47,0.1618391100270768,NA,Americas,PRI
PRI,2012,31.954,68.9999826014151,1.5425,0.1611134296280492,NA,Americas,PRI
PRI,2011,34.559,48,1.5965,0.1610885448309199,NA,Americas,PRI
PRI,2010,35.446,45.3,1.6235,0.1591169316602246,NA,Americas,PRI
PRI,2009,32.488,41.5,1.6528,0.1601090756724648,NA,Americas,PRI
PRI,2008,24.619,38,1.6516,0.159586071782683,NA,Americas,PRI
PRI,2007,22.291,27.86,1.6505,0.1593606337784871,NA,Americas,PRI
PRI,2006,22.504,25.4424182102582,1.7123,0.1585741969044372,NA,Americas,PRI
PRI,2005,23.525,23.4000504486583,1.7702,0.1572692723186891,NA,Americas,PRI
PRI,2004,21.447,22.1307382347014,1.7822,0.1559000050050004,NA,Americas,PRI
PRI,2003,23.33,19.7070256578252,1.7624,0.154944221300536,NA,Americas,PRI
PRI,2002,23.327,17.5476475654777,1.8317,0.1533981199809886,NA,Americas,PRI
PRI,2001,22.803,15.6300309162012,1.9346,0.1525489804345114,NA,Americas,PRI
PRI,2000,20.61,10.4746482089399,2.0485,0.152008045158933,NA,Americas,PRI
QAT,2023,0.574,98.15229797,1.729,0.13540226008984,NA,Asia,QAT
QAT,2022,0.559,98.03800201,1.739,0.1297205896269893,NA,Asia,QAT
QAT,2021,0.693,99.65280151,1.605,0.1288583156475765,NA,Asia,QAT
QAT,2020,0.48,99.65284913,1.675,0.128887769593811,NA,Asia,QAT
QAT,2019,0.295,99.6528042086389,1.731,0.1175386651969233,NA,Asia,QAT
QAT,2018,0.309,99.6528491261175,1.756,0.1171530739432035,NA,Asia,QAT
QAT,2017,0.505,97.3888491654164,1.834,0.1172831839887626,NA,Asia,QAT
QAT,2016,0.482,95.1246621661148,1.856,0.1168818664453114,NA,Asia,QAT
QAT,2015,0.569,92.8848264535481,1.976,0.1160616779076232,NA,Asia,QAT
QAT,2014,0.737,91.48999786,2.03,0.1171803322888302,NA,Asia,QAT
QAT,2013,1.109,85.3,2.032,0.1155079658221127,NA,Asia,QAT
QAT,2012,1.475,69.3,2.04,0.115085119894661,NA,Asia,QAT
QAT,2011,1.306,69,2.07,0.1148394579780261,NA,Asia,QAT
QAT,2010,1.296,69,2.137,0.1147517079216864,NA,Asia,QAT
QAT,2009,1.16,53.09999847,2.254,0.1146438186799176,NA,Asia,QAT
QAT,2008,1.01,44.29999924,2.369,0.1154041054668312,NA,Asia,QAT
QAT,2007,1.57,37,2.438,0.115508974606977,NA,Asia,QAT
QAT,2006,2.729,28.97410011,2.509,0.1149392727482951,NA,Asia,QAT
QAT,2005,2.825,24.73349953,2.635,0.1164845581419704,NA,Asia,QAT
QAT,2004,2.834,20.701647851169,2.794,0.1157535400773451,NA,Asia,QAT
QAT,2003,2.794,19.242336421002,2.925,0.115832136660491,NA,Asia,QAT
QAT,2002,2.728,10.2261289281118,3.011,0.1152430645568675,NA,Asia,QAT
QAT,2001,2.681,6.17026856093911,3.08,0.1166588952305221,NA,Asia,QAT
QAT,2000,2.659,4.86367917875156,3.073,0.1152740975937404,NA,Asia,QAT
ROU,2023,21.701,89.20335498,1.54,0.1324355648904637,98.73314983087255,Europe,ROU
ROU,2022,22.874,85.50309124,1.71,0.1245136991675664,104.28361995853,Europe,ROU
ROU,2021,21.149,83.5904265,1.81,0.1243975307444485,110.8364296606675,Europe,ROU
ROU,2020,17.584,78.45526895,1.8,0.1233535811746978,111.052075123327,Europe,ROU
ROU,2019,17.143,73.6574757545465,1.77,0.1129209387696645,108.521149932177,Europe,ROU
ROU,2018,16.607,70.6812779273268,1.76,0.113759709112573,110.52426130506424,Europe,ROU
ROU,2017,18.726,63.7472821822484,1.78,0.1142720786471581,108.7168408357295,Europe,ROU
ROU,2016,21.024,59.5039512852713,1.69,0.1140892441282806,105.21191576997074,Europe,ROU
ROU,2015,22.029,55.7631556336233,1.62,0.1145997771716663,100.0000000000001,Europe,ROU
ROU,2014,24.364,54.0783206550943,1.56,0.1145978653366781,98.36699043840802,Europe,ROU
ROU,2013,24.017,49.7645,1.46,0.1140232351433564,101.66842113984335,Europe,ROU
ROU,2012,22.806,45.8799942529424,1.52,0.1142822369297656,103.40249944426425,Europe,ROU
ROU,2011,24.061,40.0099967810008,1.47,0.1131906693414814,113.4583362801125,Europe,ROU
ROU,2010,22.18,39.93,1.59,0.1126907315697985,134.6686627324295,Europe,ROU
ROU,2009,21.45,36.6,1.66,0.1125522864616337,159.30198708553024,Europe,ROU
ROU,2008,19.21,32.42,1.6,0.1128498815877993,NA,Europe,ROU
ROU,2007,20.641,28.3,1.45,0.1124671608985764,NA,Europe,ROU
ROU,2006,21.749,24.66,1.42,0.1129955239781004,NA,Europe,ROU
ROU,2005,20.559,21.5,1.4,0.1132422822106929,NA,Europe,ROU
ROU,2004,23.164,15,1.33,0.1125174632557174,NA,Europe,ROU
ROU,2003,19.678,8.9,1.3,0.1123947607334362,NA,Europe,ROU
ROU,2002,22.688,6.58,1.27,0.1117718408958131,NA,Europe,ROU
ROU,2001,17.776,4.53866902895312,1.27,0.1119290329924028,NA,Europe,ROU
ROU,2000,17.953,3.61371729139783,1.31,0.1115598711678182,NA,Europe,ROU
RUS,2023,11.147,92.24496346,1.41,0.1354337497942555,154.752077054686,Europe,RUS
RUS,2022,14.388,90.41799163,1.416,0.1294571295048566,147.56112626649576,Europe,RUS
RUS,2021,16.144,88.21384578,1.505,0.128665864430131,127.62844524744625,Europe,RUS
RUS,2020,16.986,84.99466978,1.505,0.1274774635161157,117.0772756003385,Europe,RUS
RUS,2019,15.209,82.6421618670668,1.504,0.1160269924316085,101.30467878880955,Europe,RUS
RUS,2018,16.99,80.8647218726954,1.579,0.1156573868325613,102.3383684070385,Europe,RUS
RUS,2017,16.329,76.0081385339105,1.621,0.1158725677072693,99.08965383183143,Europe,RUS
RUS,2016,16.688,73.091434617897,1.762,0.1157938556003897,96.23793950323925,Europe,RUS
RUS,2015,16.389,70.0992412263947,1.777,0.1154698005121877,100.00000000000006,Europe,RUS
RUS,2014,14.053,70.5175682574413,1.75,0.1157582654784424,111.398853009162,Europe,RUS
RUS,2013,14.201,67.97,1.707,0.1160099278022174,116.81820273289,Europe,RUS
RUS,2012,14.97,66,1.691,0.1155234564521856,115.77913697299999,Europe,RUS
RUS,2011,15.512,58,1.582,0.1153320722979798,113.60908939443425,Europe,RUS
RUS,2010,17.177,49,1.567,0.1152463122572472,138.66536403725252,Europe,RUS
RUS,2009,18.516,42.55,1.542,0.115122006701437,150.193467537798,Europe,RUS
RUS,2008,14.093,32,1.502,0.1154366448572007,174.43586479952074,Europe,RUS
RUS,2007,14.474,24.66,1.416,0.1150369182435837,166.982108369288,Europe,RUS
RUS,2006,16.409,18.02330017,1.305,0.1153401841170015,129.3659656615325,Europe,RUS
RUS,2005,15.531,15.22669983,1.294,0.1154639223011819,106.33081509300226,Europe,RUS
RUS,2004,17.235,12.8593889008473,1.344,0.1153934196225566,98.9924918730694,Europe,RUS
RUS,2003,17.555,8.29886061553908,1.319,0.1153361328991849,88.12387704952963,Europe,RUS
RUS,2002,15.558,4.12827181796644,1.286,0.1151632852530238,79.42854627770907,Europe,RUS
RUS,2001,17.997,2.94436778664985,1.223,0.1145956564921001,73.15148390807617,Europe,RUS
RUS,2000,20.717,1.97723010897647,1.195,0.114206565618995,NA,Europe,RUS
RWA,2023,18.172,28.80579948,3.698,0.1444269733329575,NA,Africa,RWA
RWA,2022,22.203,28.01679993,3.778,0.1355620481118742,NA,Africa,RWA
RWA,2021,23.312,24.4416008,3.841,0.1353886375368396,NA,Africa,RWA
RWA,2020,15.947,23.8,3.913,0.129622258428724,NA,Africa,RWA
RWA,2019,16.052,21.3579998,3.985,0.116553780426656,NA,Africa,RWA
RWA,2018,16.264,19.16659927,4.047,0.1139314927690809,NA,Africa,RWA
RWA,2017,16.732,17.2,4.084,0.1118035863929852,NA,Africa,RWA
RWA,2016,16.595,14.63710022,4.106,0.1105602421031076,NA,Africa,RWA
RWA,2015,16.599,12.45600033,4.108,0.1082770507225872,NA,Africa,RWA
RWA,2014,16.554,10.600000380000001,4.117,0.1073372513594596,NA,Africa,RWA
RWA,2013,16.42,9,4.136,0.1062015701203057,NA,Africa,RWA
RWA,2012,16.251,8.023900032,4.201,0.1057139845036599,NA,Africa,RWA
RWA,2011,16.289,7,4.332,0.1049957739757621,NA,Africa,RWA
RWA,2010,16.096,8,4.522,0.1049119133333806,NA,Africa,RWA
RWA,2009,16.017,7.7,4.707,0.1047608045366194,NA,Africa,RWA
RWA,2008,15.828,4.5,4.922,0.1046559084440593,NA,Africa,RWA
RWA,2007,15.831,2.115400076,5.141,0.1045798661521567,NA,Africa,RWA
RWA,2006,15.772,NA,5.335,0.104607440065737,NA,Africa,RWA
RWA,2005,15.995,0.555999994,5.5,0.1042086618546086,NA,Africa,RWA
RWA,2004,15.779,0.43085424337006,5.64,0.1043231300921308,NA,Africa,RWA
RWA,2003,15.684,0.356918467272361,5.737,0.1046833682630892,NA,Africa,RWA
RWA,2002,15.368,0.292784718792575,5.816,0.1034038932042858,NA,Africa,RWA
RWA,2001,15.603,0.240672409832383,5.893,0.1048097227656015,NA,Africa,RWA
RWA,2000,15.439,0.0628314595107164,5.967,0.1041855252491706,NA,Africa,RWA
WSM,2023,12.9,NA,3.829,0.1256401985005047,NA,Oceania,WSM
WSM,2022,13.245,NA,3.883,0.1185942147010604,NA,Oceania,WSM
WSM,2021,16.034,NA,3.94,0.11885328875826601,NA,Oceania,WSM
WSM,2020,17.834,NA,4.002,0.1159222440082924,NA,Oceania,WSM
WSM,2019,17.486,NA,4.061,0.1051112158916794,NA,Oceania,WSM
WSM,2018,18.45,NA,4.136,0.1045854443141878,NA,Oceania,WSM
WSM,2017,19.382,NA,4.196,0.1039406659552965,NA,Oceania,WSM
WSM,2016,18.605,NA,4.262,0.1032203190975275,NA,Oceania,WSM
WSM,2015,18.058,NA,4.344,0.1025356839881839,NA,Oceania,WSM
WSM,2014,17.525,21.200000760000002,4.423,0.101744109902277,NA,Oceania,WSM
WSM,2013,17.555,15.30000019,4.491,0.101073020984256,NA,Oceania,WSM
WSM,2012,17.49,12.92249966,4.545,0.1004557886861069,NA,Oceania,WSM
WSM,2011,14.882,11,4.56,0.0998672347946178,NA,Oceania,WSM
WSM,2010,14.619,7,4.52,0.0994242737499723,NA,Oceania,WSM
WSM,2009,14.504,6,4.466,0.0989150308098791,NA,Oceania,WSM
WSM,2008,14.198,5.031599998,4.417,0.098457762118125,NA,Oceania,WSM
WSM,2007,13.836,4.75,4.358,0.0980660060351078,NA,Oceania,WSM
WSM,2006,13.51,4.46917387320954,4.322,0.0976721084173473,NA,Oceania,WSM
WSM,2005,13.099,3.35259211246829,4.322,0.0973155174584372,NA,Oceania,WSM
WSM,2004,12.732,3.07552941044897,4.343,0.0969663732972784,NA,Oceania,WSM
WSM,2003,12.249,2.79963044878076,4.392,0.0966014246177402,NA,Oceania,WSM
WSM,2002,11.891,2.24483267578443,4.444,0.0963156706376548,NA,Oceania,WSM
WSM,2001,11.65,1.68990283058724,4.477,0.0961171615957671,NA,Oceania,WSM
WSM,2000,11.002,0.566392532680849,4.523,0.095944539757509,NA,Oceania,WSM
SMR,2023,NA,97.33640289,1.149,0.21012372031263,NA,Europe,SMR
SMR,2022,NA,97.32790375,1.136,0.1954400660131097,NA,Europe,SMR
SMR,2021,NA,81.66999817,1.125,0.1901299196247289,NA,Europe,SMR
SMR,2020,NA,77.94999695,1.113,0.1909509319634291,NA,Europe,SMR
SMR,2019,NA,67.85070038,1.096,0.165639987346868,NA,Europe,SMR
SMR,2018,NA,NA,1.077,0.1632311233898568,NA,Europe,SMR
SMR,2017,NA,60.18230057,1.054,0.16209517911223079,NA,Europe,SMR
SMR,2016,NA,55,1.127,0.1599063586143113,NA,Europe,SMR
SMR,2015,NA,NA,1.196,0.1574064545120547,NA,Europe,SMR
SMR,2014,NA,NA,1.259,0.155432195630594,NA,Europe,SMR
SMR,2013,NA,NA,1.483,0.1525735306779002,NA,Europe,SMR
SMR,2012,NA,NA,1.289,0.1504287164877752,NA,Europe,SMR
SMR,2011,NA,49.6,1.456,0.1480133799578289,NA,Europe,SMR
SMR,2010,NA,NA,1.459,0.1448997813212149,NA,Europe,SMR
SMR,2009,NA,54.21,1.358,0.1444201936573305,NA,Europe,SMR
SMR,2008,NA,54.52,1.521,0.1416662273661601,NA,Europe,SMR
SMR,2007,NA,50.3648221088655,1.257,0.1405163503142583,NA,Europe,SMR
SMR,2006,NA,50.2086593635889,1.242,0.1396958156808755,NA,Europe,SMR
SMR,2005,NA,NA,1.198,0.1387915631208211,NA,Europe,SMR
SMR,2004,NA,50.5663430420712,1.298,0.1384359500811204,NA,Europe,SMR
SMR,2003,NA,50.003453038674,1.296,0.1375931716559755,NA,Europe,SMR
SMR,2002,NA,50.8348399446985,1.432,0.1366090708649283,NA,Europe,SMR
SMR,2001,NA,50.3416690898517,1.519,0.1375847221736954,NA,Europe,SMR
SMR,2000,NA,48.7994953055999,1.404,0.1363628796293788,NA,Europe,SMR
STP,2023,8.54,58.70130157,3.644,0.1574805630040278,NA,Africa,STP
STP,2022,8.487,58.56779861,3.695,0.1470581753798881,NA,Africa,STP
STP,2021,9.089,54.94950104,3.759,0.1431839239300488,NA,Africa,STP
STP,2020,9.417,51.55469894,3.827,0.1420929135114312,NA,Africa,STP
STP,2019,8.403,44.25790024,3.9,0.1232260233757901,NA,Africa,STP
STP,2018,8.312,37.99380112,3.977,0.1222807746116808,NA,Africa,STP
STP,2017,8.388,32.61640167,4.069,0.1211428159793486,NA,Africa,STP
STP,2016,10.611,28,4.203,0.1201732496573905,NA,Africa,STP
STP,2015,12.798,25.81999969,4.354,0.1189964005941573,NA,Africa,STP
STP,2014,14.854,24.40999985,4.485,0.1178711158603567,NA,Africa,STP
STP,2013,17.099,23,4.584,0.1169259988063587,NA,Africa,STP
STP,2012,19.398,21.57239914,4.664,0.1160425650311521,NA,Africa,STP
STP,2011,20.273,20.16119957,4.718,0.1157392068465914,NA,Africa,STP
STP,2010,20.841,18.75,4.769,0.1155762984283307,NA,Africa,STP
STP,2009,21.52,16.40999985,4.838,0.115716082961221,NA,Africa,STP
STP,2008,21.912,15.47999954,4.906,0.1160911615077691,NA,Africa,STP
STP,2007,22.686,14.5904831987414,4.957,0.116049960847904,NA,Africa,STP
STP,2006,23.474,14.18200016,4.933,0.1159961754343387,NA,Africa,STP
STP,2005,23.124,13.75949955,4.939,0.1158413965818587,NA,Africa,STP
STP,2004,22.477,13.3228526892178,4.962,0.1156401303986309,NA,Africa,STP
STP,2003,22.718,10.1618443069961,5.013,0.1154516697029358,NA,Africa,STP
STP,2002,24.254,7.580665168911,5.062,0.1150791548987226,NA,Africa,STP
STP,2001,21.611,6.31091788794615,5.097,0.1145372036856217,NA,Africa,STP
STP,2000,19.65,4.6385168164075,5.157,0.1139987526413952,NA,Africa,STP
SAU,2023,13.474,100,2.28,0.1711225012698853,67.98852394400838,Asia,SAU
SAU,2022,15.964,100,2.14,0.1612470466099063,68.33102301236042,Asia,SAU
SAU,2021,19.772,100,2.17,0.1615677333729565,70.16973641513934,Asia,SAU
SAU,2020,29.627,97.8623325,2.27,0.1619229547115278,75.75933050099107,Asia,SAU
SAU,2019,25.477,95.7247355953812,2.49,0.146880232689342,75.24142007980268,Asia,SAU
SAU,2018,30.213,93.3100018480347,2.67,0.1471227469704301,76.35939257110681,Asia,SAU
SAU,2017,31.504,94.1755996113911,2.67,0.1470184434053924,85.78667336446244,Asia,SAU
SAU,2016,24.275,74.8792746891625,2.65,0.1461420853197437,91.55038131604435,Asia,SAU
SAU,2015,28.156,69.6162358014004,2.63,0.1451241296629276,99.99999999999997,Asia,SAU
SAU,2014,28.603,64.713657369019,2.68,0.1446491459163774,103.61527005868474,Asia,SAU
SAU,2013,26.946,60.5,2.67,0.1439881877475354,NA,Asia,SAU
SAU,2012,24.843,54,2.78,0.1425440179762438,NA,Asia,SAU
SAU,2011,25.11,47.5,2.8,0.1427164335702491,NA,Asia,SAU
SAU,2010,24.738,41,2.81,0.1418820236876206,NA,Asia,SAU
SAU,2009,24.743,38,2.95,0.1416031414936876,NA,Asia,SAU
SAU,2008,23.253,36,3.074,0.1406928886505741,NA,Asia,SAU
SAU,2007,23.81,30,3.185,0.1402669854061248,NA,Asia,SAU
SAU,2006,26.457,19.4595543513634,3.176,0.1400871534087595,NA,Asia,SAU
SAU,2005,25.795,12.7050359882849,3.161,0.1394824396295755,NA,Asia,SAU
SAU,2004,25.08,10.2345329969583,3.264,0.1392903491805111,NA,Asia,SAU
SAU,2003,24.438,8.00158289090878,3.465,0.1388986962175553,NA,Asia,SAU
SAU,2002,23.889,6.38470501955932,3.709,0.137573748661123,NA,Asia,SAU
SAU,2001,22.436,4.6810531658103,3.964,0.1368379047673859,NA,Asia,SAU
SAU,2000,22.847,2.21069180908888,4.206,0.1365096118067646,NA,Asia,SAU
SEN,2023,3.859,59.18740082,3.818,0.1500317623955659,NA,Africa,SEN
SEN,2022,3.902,56.82830048,3.864,0.1395663861326268,NA,Africa,SEN
SEN,2021,4.661,55.04040146,3.936,0.1390129757373125,NA,Africa,SEN
SEN,2020,4.817,53.30879974,4.003,0.1360911138732232,NA,Africa,SEN
SEN,2019,4.037,43.37969971,4.1,0.1202740068899566,NA,Africa,SEN
SEN,2018,4.92,35.29999924,4.294,0.1191731144963998,NA,Africa,SEN
SEN,2017,5.836,29.64310074,4.489,0.118511113093389,NA,Africa,SEN
SEN,2016,6.374,25.66480064,4.648,0.117937792158799,NA,Africa,SEN
SEN,2015,8.045,21.700000760000002,4.751,0.117199586582222,NA,Africa,SEN
SEN,2014,6.825,17.700000760000002,4.884,0.1163188486150243,NA,Africa,SEN
SEN,2013,5.654,13.100000380000001,5.049,0.1154825143388689,NA,Africa,SEN
SEN,2012,4.29,10.80000019,5.129,0.1152969487992637,NA,Africa,SEN
SEN,2011,2.978,9.800000191,5.099,0.1154139783874609,NA,Africa,SEN
SEN,2010,2.937,8,5.055,0.1149269207897188,NA,Africa,SEN
SEN,2009,2.942,7.5,5.025,0.1148164149605075,NA,Africa,SEN
SEN,2008,2.945,7.1199998859999996,5.024,0.1150304487038836,NA,Africa,SEN
SEN,2007,2.932,6.889999866,5.018,0.1146959118473865,NA,Africa,SEN
SEN,2006,2.9,5.61173865217952,5.064,0.1143485999518211,NA,Africa,SEN
SEN,2005,2.847,4.78668408310535,5.133,0.1146494032069296,NA,Africa,SEN
SEN,2004,2.91,4.38602398008563,5.192,0.1141891512635821,NA,Africa,SEN
SEN,2003,2.913,2.10143642986685,5.246,0.1142795504626703,NA,Africa,SEN
SEN,2002,2.938,1.00645453672323,5.301,0.1139242209952623,NA,Africa,SEN
SEN,2001,2.837,0.983794058848003,5.397,0.1135108793873767,NA,Africa,SEN
SEN,2000,2.811,0.403967485868965,5.498,0.1131519874347337,NA,Africa,SEN
SRB,2023,24.129,85.35746686,1.62,0.1519444611839299,NA,Europe,SRB
SRB,2022,23.27,83.53825397,1.59,0.1431089266916738,NA,Europe,SRB
SRB,2021,24.498,81.16588116,1.52,0.1432851297037494,NA,Europe,SRB
SRB,2020,26.608,78.36804864,1.48,0.1422846867902647,NA,Europe,SRB
SRB,2019,27.495,77.4167736219802,1.52,0.1288666014273229,NA,Europe,SRB
SRB,2018,29.696,73.360709154564,1.49,0.1300159182594759,NA,Europe,SRB
SRB,2017,31.905,70.3308355269141,1.49,0.1307429250803273,NA,Europe,SRB
SRB,2016,34.962,67.0568413716938,1.46,0.1303303870653859,NA,Europe,SRB
SRB,2015,43.23,65.3170254003801,1.46,0.1302150056707271,NA,Europe,SRB
SRB,2014,47.632,62.0750804639377,1.46,0.1309632210978372,NA,Europe,SRB
SRB,2013,49.464,53.450364175,1.43,0.1310544830762726,NA,Europe,SRB
SRB,2012,51.244,48.09999847,1.45,0.1305033790268945,NA,Europe,SRB
SRB,2011,51.182,42.2,1.4,0.1300144031216505,NA,Europe,SRB
SRB,2010,46.439,40.9,1.4,0.1295131296360227,NA,Europe,SRB
SRB,2009,41.391,38.1,1.44,0.127891367581927,NA,Europe,SRB
SRB,2008,35.076,35.6,1.4,0.1278362894896815,NA,Europe,SRB
SRB,2007,43.608,33.15,1.38,0.1271380302821616,NA,Europe,SRB
SRB,2006,48.004,27.2,1.43,0.1264613439700403,NA,Europe,SRB
SRB,2005,47.133,26.299999239999998,1.45,0.1260662865377649,NA,Europe,SRB
SRB,2004,41.726,23.5,1.57,0.1257046780175708,NA,Europe,SRB
SRB,2003,35.057,NA,1.59,0.125139692329305,NA,Europe,SRB
SRB,2002,31.327,NA,1.57,0.1249057014901201,NA,Europe,SRB
SRB,2001,28.656,NA,1.58,0.1245893917571057,NA,Europe,SRB
SRB,2000,28.03,NA,1.48,0.124112891909587,NA,Europe,SRB
SYC,2023,NA,86.001297,2.18,0.1008880304062276,NA,Africa,SYC
SYC,2022,NA,84.83380127,2.2,0.0961231988006338,NA,Africa,SYC
SYC,2021,NA,81.99530029,2.38,0.0973332964834004,NA,Africa,SYC
SYC,2020,NA,79.25170135,2.2,0.0941723892490533,NA,Africa,SYC
SYC,2019,NA,76.63420105,2.31,0.0869642456391803,NA,Africa,SYC
SYC,2018,NA,69.23660278,2.34,0.087091504703359,NA,Africa,SYC
SYC,2017,NA,62.55310059,2.34,0.0870906464676344,NA,Africa,SYC
SYC,2016,NA,56.51470184,2.33,0.0864916696803224,NA,Africa,SYC
SYC,2015,NA,54.25960159,2.26,0.0869411423576178,NA,Africa,SYC
SYC,2014,NA,51.25469971,2.19,0.0862188865914622,NA,Africa,SYC
SYC,2013,NA,50.40000153,2.21,0.0854732875863397,NA,Africa,SYC
SYC,2012,NA,47.07600021,2.32,0.0847192362394384,NA,Africa,SYC
SYC,2011,NA,43.16400146,2.3,0.0840536092360232,NA,Africa,SYC
SYC,2010,NA,41,2.13,0.0835251875319179,NA,Africa,SYC
SYC,2009,NA,NA,2.38,0.0830850354294862,NA,Africa,SYC
SYC,2008,NA,40.44,2.33,0.0824794949694723,NA,Africa,SYC
SYC,2007,NA,38.38,2.24,0.0822273015960139,NA,Africa,SYC
SYC,2006,NA,34.95197117065,2.11,0.0818655364127455,NA,Africa,SYC
SYC,2005,NA,25.4132681462836,2.2,0.0815662106958892,NA,Africa,SYC
SYC,2004,NA,24.2721392249906,2.01,0.081216626333246,NA,Africa,SYC
SYC,2003,NA,14.5925043169492,2.06,0.0805426208496412,NA,Africa,SYC
SYC,2002,NA,14.3041708309972,2.04,0.079997527658231593,NA,Africa,SYC
SYC,2001,NA,11.0151029300174,1.98,0.079764327330826,NA,Africa,SYC
SYC,2000,NA,7.39562918315276,2.08,0.0789199907451146,NA,Africa,SYC
SLE,2023,3.484,23.71360016,3.791,0.1612951191348558,NA,Africa,SLE
SLE,2022,3.513,21.50880051,3.876,0.1521786439240395,NA,Africa,SLE
SLE,2021,3.902,18.65390015,3.978,0.1477816120872729,NA,Africa,SLE
SLE,2020,4.082,17.12080002,4.08,0.1491389998577235,NA,Africa,SLE
SLE,2019,3.583,15.71370029,4.192,0.1317110783120466,NA,Africa,SLE
SLE,2018,3.573,14.42230034,4.294,0.1303405835444646,NA,Africa,SLE
SLE,2017,5.087,9.297100067,4.389,0.1284808654475875,NA,Africa,SLE
SLE,2016,6.706,7.680099964,4.466,0.1294629287780845,NA,Africa,SLE
SLE,2015,8.135,6.344399929,4.548,0.1268163590728755,NA,Africa,SLE
SLE,2014,9.442,6.057300091,4.703,0.1263792803364386,NA,Africa,SLE
SLE,2013,8.736,4,4.873,0.1257482924053581,NA,Africa,SLE
SLE,2012,8.442,2.5,5.064,0.1239018708757781,NA,Africa,SLE
SLE,2011,8.158,0.899999976,5.209,0.1240247322864978,NA,Africa,SLE
SLE,2010,7.802,0.579999983,5.327,0.1242836782689515,NA,Africa,SLE
SLE,2009,7.423,0.25999999,5.448,0.1239276989190932,NA,Africa,SLE
SLE,2008,6.977,0.25,5.563,0.1250840551364837,NA,Africa,SLE
SLE,2007,6.568,0.239800006,5.643,0.1253764632585795,NA,Africa,SLE
SLE,2006,6.142,0.227699995,5.737,0.1248816533898282,NA,Africa,SLE
SLE,2005,5.7,0.215399995,5.807,0.1246972075353452,NA,Africa,SLE
SLE,2004,5.111,0.203007680592588,5.919,0.1256317280021476,NA,Africa,SLE
SLE,2003,7.206,0.190173281668183,6.087,0.1259098552135479,NA,Africa,SLE
SLE,2002,7.247,0.176198956814076,6.23,0.1255137214165689,NA,Africa,SLE
SLE,2001,7.661,0.160264445493032,6.305,0.1254374710341755,NA,Africa,SLE
SLE,2000,7.55,0.118254245682183,6.355,0.1249879559675593,NA,Africa,SLE
SGP,2023,8.515,94.28518987,0.97,0.1254469540651319,NA,Asia,SGP
SGP,2022,7.924,95.95386476,1.04,0.1222721010756654,NA,Asia,SGP
SGP,2021,9.499,96.92468156,1.12,0.1238345960772277,NA,Asia,SGP
SGP,2020,10.558,92.00434653,1.1,0.120448053226969,NA,Asia,SGP
SGP,2019,7.629,88.9492526850762,1.14,0.1166293483228541,NA,Asia,SGP
SGP,2018,8.437,88.1656360313447,1.14,0.1162055530246437,NA,Asia,SGP
SGP,2017,9.338,84.4522678893074,1.16,0.1164013782739586,NA,Asia,SGP
SGP,2016,8.723,84.4522678893074,1.2,0.1161495109981246,NA,Asia,SGP
SGP,2015,8.894,79.0129570025584,1.24,0.1151448634767783,NA,Asia,SGP
SGP,2014,8.378,79.0292358633435,1.25,0.1141540473739376,NA,Asia,SGP
SGP,2013,8.903,80.90209961,1.19,0.113612059395344,NA,Asia,SGP
SGP,2012,8.529,72,1.29,0.1133130126849464,NA,Asia,SGP
SGP,2011,8.868,71,1.2,0.1129577241738268,NA,Asia,SGP
SGP,2010,9.413,71,1.15,0.1122082358137163,NA,Asia,SGP
SGP,2009,12.488,69,1.22,0.1117437016553002,NA,Asia,SGP
SGP,2008,8.809,69,1.28,0.1113792697704789,NA,Asia,SGP
SGP,2007,8.496,69.9,1.29,0.1102750350567544,NA,Asia,SGP
SGP,2006,8.634,59,1.28,0.1097562693819441,NA,Asia,SGP
SGP,2005,10.38,61,1.26,0.1090726244482471,NA,Asia,SGP
SGP,2004,10.514,62,1.26,0.1084522950011237,NA,Asia,SGP
SGP,2003,9.847,53.8379432881911,1.27,0.1078531721857857,NA,Asia,SGP
SGP,2002,10.767,47,1.37,0.1073207597231562,NA,Asia,SGP
SGP,2001,7.396,41.6704251756041,1.41,0.106779547612858,NA,Asia,SGP
SGP,2000,6.827,36,1.6,0.1061994880677448,NA,Asia,SGP
SXM,2023,NA,NA,1.447,NA,NA,Americas,SXM
SXM,2022,NA,NA,1.453,NA,NA,Americas,SXM
SXM,2021,NA,NA,1.456,NA,NA,Americas,SXM
SXM,2020,NA,NA,1.467,NA,NA,Americas,SXM
SXM,2019,NA,NA,1.481,NA,NA,Americas,SXM
SXM,2018,NA,NA,1.522,NA,NA,Americas,SXM
SXM,2017,NA,NA,1.571,NA,NA,Americas,SXM
SXM,2016,NA,NA,1.642,NA,NA,Americas,SXM
SXM,2015,NA,NA,1.732,NA,NA,Americas,SXM
SXM,2014,NA,NA,1.817,NA,NA,Americas,SXM
SXM,2013,NA,NA,1.894,NA,NA,Americas,SXM
SXM,2012,NA,NA,1.959,NA,NA,Americas,SXM
SXM,2011,NA,NA,1.99,NA,NA,Americas,SXM
SXM,2010,NA,NA,1.848,NA,NA,Americas,SXM
SXM,2009,NA,NA,1.713,NA,NA,Americas,SXM
SXM,2008,NA,NA,1.728,NA,NA,Americas,SXM
SXM,2007,NA,NA,1.572,NA,NA,Americas,SXM
SXM,2006,NA,NA,1.758,NA,NA,Americas,SXM
SXM,2005,NA,NA,1.708,NA,NA,Americas,SXM
SXM,2004,NA,NA,1.702,NA,NA,Americas,SXM
SXM,2003,NA,NA,1.742,NA,NA,Americas,SXM
SXM,2002,NA,NA,1.809,NA,NA,Americas,SXM
SXM,2001,NA,NA,1.892,NA,NA,Americas,SXM
SXM,2000,NA,NA,1.982,NA,NA,Americas,SXM
SVK,2023,19.867,87.2131343,1.49,0.1355990511405882,128.88746109360076,Europe,SVK
SVK,2022,19.924,89.06766196,1.57,0.1279442674366158,142.13694574029176,Europe,SVK
SVK,2021,21.211,88.92560523,1.63,0.1288760660185306,139.3664205144915,Europe,SVK
SVK,2020,19.438,89.92090413,1.59,0.1264039106963768,135.16974345865424,Europe,SVK
SVK,2019,16.12,82.8536605021784,1.57,0.1158404039136568,126.051402477061,Europe,SVK
SVK,2018,14.971,80.4489224826099,1.54,0.1168929378153082,118.18406573823525,Europe,SVK
SVK,2017,18.962,81.6256675172655,1.52,0.1161062641748424,112.08812134569774,Europe,SVK
SVK,2016,22.274,80.475857275668,1.48,0.1162696376928039,106.99850505965826,Europe,SVK
SVK,2015,26.571,77.6346820339875,1.4,0.1164659580414486,99.99999999999983,Europe,SVK
SVK,2014,26.745,79.9843017656729,1.37,0.1165198812197299,94.84989478935475,Europe,SVK
SVK,2013,33.711,77.8826,1.34,0.116475773032203,93.47302535065725,Europe,SVK
SVK,2012,34.102,76.7099901181121,1.34,0.1163033793232949,93.93406394685515,Europe,SVK
SVK,2011,33.487,74.4399971746757,1.45,0.1160581181761548,99.90591524111683,Europe,SVK
SVK,2010,33.749,75.71,1.43,0.1156744515698891,105.28570399998475,Europe,SVK
SVK,2009,27.423,70,1.44,0.1152646539496326,110.4068248964915,Europe,SVK
SVK,2008,19.069,66.05,1.34,0.1148045131313476,126.66004938551075,Europe,SVK
SVK,2007,20.479,61.8,1.27,0.1143784724754634,112.0596827317955,Europe,SVK
SVK,2006,26.846,56.08,1.25,0.113994998596345,89.1556757224454,Europe,SVK
SVK,2005,30.275,55.19,1.27,0.1136550417949953,80.09784807733602,Europe,SVK
SVK,2004,32.996,52.89,1.25,0.1133015362965555,NA,Europe,SVK
SVK,2003,33.408,43.04,1.2,0.1129279033356282,NA,Europe,SVK
SVK,2002,37.428,40.14,1.19,0.1125904905782824,NA,Europe,SVK
SVK,2001,38.879,12.5283218484637,1.2,0.1126864992901017,NA,Europe,SVK
SVK,2000,36.611,9.42680320061637,1.3,0.112881019370503,NA,Europe,SVK
SVN,2023,9.948,90.37794678,1.51,0.1546914468578939,146.601877252503,Europe,SVN
SVN,2022,10.14,88.91248552,1.55,0.145430278405299,147.19397599377726,Europe,SVN
SVN,2021,12.846,89.00399524,1.64,0.1438394394100755,140.61884712228226,Europe,SVN
SVN,2020,14.179,86.60130109,1.59,0.1440777666866209,130.16131482576048,Europe,SVN
SVN,2019,8.136,83.1083578026717,1.61,0.1310271075768959,124.0489473194695,Europe,SVN
SVN,2018,8.817,79.7499765956562,1.6,0.1311166124948188,117.88322991873375,Europe,SVN
SVN,2017,11.24,78.8854263554775,1.62,0.1305692913082796,110.60134979070375,Europe,SVN
SVN,2016,15.243,75.4985042610791,1.58,0.1312198714628015,103.73682711384525,Europe,SVN
SVN,2015,16.299,73.0986599745829,1.57,0.1301247874884618,100,Europe,SVN
SVN,2014,20.236,71.5862515855601,1.58,0.130195394505483,98.3949376875289,Europe,SVN
SVN,2013,21.665,72.6756,1.55,0.1301050232174755,105.27984621323675,Europe,SVN
SVN,2012,20.649,68.3499745287825,1.58,0.1298242441212717,112.64943631597325,Europe,SVN
SVN,2011,15.764,67.3399948092396,1.56,0.1295315857272825,123.416880618225,Europe,SVN
SVN,2010,14.7,70,1.57,0.1293838117948336,122.80022882731501,Europe,SVN
SVN,2009,13.661,64,1.53,0.1293509915910964,125.20563065775525,Europe,SVN
SVN,2008,10.506,58,1.53,0.1292046788899745,137.93394991330752,Europe,SVN
SVN,2007,10.127,56.74,1.38,0.1288964703049183,136.09503007493126,Europe,SVN
SVN,2006,13.887,54.01,1.31,0.1288028283399961,NA,Europe,SVN
SVN,2005,15.968,46.81,1.26,0.1284190866084024,NA,Europe,SVN
SVN,2004,14.1,40.81,1.25,0.1280868059025721,NA,Europe,SVN
SVN,2003,15.346,31.8547930120441,1.2,0.1277690680706583,NA,Europe,SVN
SVN,2002,14.904,27.8388854180687,1.21,0.1275269220959518,NA,Europe,SVN
SVN,2001,15.73,30.1759104700854,1.21,0.1273251415933434,NA,Europe,SVN
SVN,2000,16.367,15.1102595640388,1.26,0.1271122323594208,NA,Europe,SVN
SLB,2023,2.927,28.67239952,3.557,0.1266492350064827,NA,Oceania,SLB
SLB,2022,2.945,28.017299650000002,3.62,0.121367042208185,NA,Oceania,SLB
SLB,2021,1.37,26.03790092,3.694,0.1220224938839791,NA,Oceania,SLB
SLB,2020,1.486,24.1984005,3.749,0.1167569210330005,NA,Oceania,SLB
SLB,2019,1.299,22.48880005,3.8,0.1066087146614159,NA,Oceania,SLB
SLB,2018,1.288,20.8593998,3.93,0.1060684254934524,NA,Oceania,SLB
SLB,2017,1.291,15.14840031,4.06,0.1054012357199039,NA,Oceania,SLB
SLB,2016,1.297,11.00090027,4.2,0.1046611055743039,NA,Oceania,SLB
SLB,2015,1.297,10.00049973,4.291,0.1039536523739539,NA,Oceania,SLB
SLB,2014,1.294,9,4.36,0.1030981459574506,NA,Oceania,SLB
SLB,2013,1.274,8,4.325,0.1023354025501055,NA,Oceania,SLB
SLB,2012,1.817,6.997399807,4.332,0.1016251108356198,NA,Oceania,SLB
SLB,2011,2.373,6,4.335,0.1009710537253691,NA,Oceania,SLB
SLB,2010,2.932,5,4.341,0.1004988552078252,NA,Oceania,SLB
SLB,2009,3.527,4,4.349,0.0999498666669613,NA,Oceania,SLB
SLB,2008,3.494,3,4.358,0.0993895021978874,NA,Oceania,SLB
SLB,2007,3.458,2,4.372,0.0989654722807964,NA,Oceania,SLB
SLB,2006,3.395,1.646299958,4.39,0.0991655881565028,NA,Oceania,SLB
SLB,2005,3.347,0.844299972,4.411,0.0994329523938801,NA,Oceania,SLB
SLB,2004,3.424,0.64967267325146,4.466,0.098455981517106,NA,Oceania,SLB
SLB,2003,3.544,0.555609881855115,4.539,0.0988206279722028,NA,Oceania,SLB
SLB,2002,3.701,0.501919843401009,4.602,0.0991923563188694,NA,Oceania,SLB
SLB,2001,3.674,0.468551963584141,4.673,0.0977679498566429,NA,Oceania,SLB
SLB,2000,3.591,0.481296806114395,4.757,0.0970174415850654,NA,Oceania,SLB
SOM,2023,34.091,26.12010002,6.132,0.1315297848061065,NA,Africa,SOM
SOM,2022,34.286,27.6,6.255,0.1240566827256784,NA,Africa,SOM
SOM,2021,35.287,23.87479973,6.353,0.1252019794756269,NA,Africa,SOM
SOM,2020,35.91,15.02369976,6.453,0.1218846130620281,NA,Africa,SOM
SOM,2019,33.844,2.731400013,6.56,0.1086565458873219,NA,Africa,SOM
SOM,2018,33.602,NA,6.662,0.1082328500933544,NA,Africa,SOM
SOM,2017,33.201,NA,6.766,0.1077899248423637,NA,Africa,SOM
SOM,2016,33.467,1.879999995,6.878,0.1076055024102274,NA,Africa,SOM
SOM,2015,33.352,1.75999999,6.975,0.107667345146363,NA,Africa,SOM
SOM,2014,33.548,1.629999995,7.061,0.1078756015788,NA,Africa,SOM
SOM,2013,33.655,1.5,7.14,0.1079367847549784,NA,Africa,SOM
SOM,2012,33.826,1.376700044,7.211,0.1079932099928159,NA,Africa,SOM
SOM,2011,33.743,1.25,7.268,0.1079852710095145,NA,Africa,SOM
SOM,2010,33.644,NA,7.322,0.1080848674546392,NA,Africa,SOM
SOM,2009,33.607,1.160599947,7.376,0.1081132301850883,NA,Africa,SOM
SOM,2008,33.59,1.142699957,7.415,0.1079788462850201,NA,Africa,SOM
SOM,2007,33.56,1.122200012,7.457,0.1080687702022897,NA,Africa,SOM
SOM,2006,33.615,1.100200057,7.49,0.1079691701538947,NA,Africa,SOM
SOM,2005,33.603,1.077299953,7.527,0.1074934121018677,NA,Africa,SOM
SOM,2004,33.616,1.05345474358422,7.568,0.1081655807787157,NA,Africa,SOM
SOM,2003,33.646,0.376198002539086,7.603,0.1073665951302051,NA,Africa,SOM
SOM,2002,33.7,0.115614213354469,7.626,0.1076063872157902,NA,Africa,SOM
SOM,2001,33.758,0.0790391786670095,7.636,0.1080452532449362,NA,Africa,SOM
SOM,2000,33.829,0.02,7.645,0.1076706721910765,NA,Africa,SOM
ZAF,2023,60.259,78.33670044,2.216,0.1474192532341893,91.48576922185005,Africa,ZAF
ZAF,2022,61.676,78.29319763,2.227,0.1363135905684546,96.12291300653067,Africa,ZAF
ZAF,2021,65.451,74.96859741,2.248,0.13607354825223059,98.87963794263001,Africa,ZAF
ZAF,2020,59.607,72.1128006,2.257,0.1333900811151084,96.23078212850825,Africa,ZAF
ZAF,2019,57.317,69.69689941,2.264,0.1165793721920801,96.79893981157265,Africa,ZAF
ZAF,2018,53.634,62.40000153,2.27,0.1157510993408622,97.97979680742887,Africa,ZAF
ZAF,2017,53.396,56.16740036,2.283,0.1150404257825634,98.40214463830615,Africa,ZAF
ZAF,2016,53.452,54,2.261,0.1145283606582754,98.70297611653746,Africa,ZAF
ZAF,2015,50.115,51.91910172,2.359,0.1136034514777151,100.00000000000013,Africa,ZAF
ZAF,2014,51.194,49,2.424,0.1133899059229339,98.4521878008298,Africa,ZAF
ZAF,2013,51.205,46.5,2.428,0.1125335810751755,96.95086801940603,Africa,ZAF
ZAF,2012,51.322,41,2.447,0.1122944045900844,96.64843019925107,Africa,ZAF
ZAF,2011,49.745,33.97,2.436,0.1122171111808759,98.0044416296371,Africa,ZAF
ZAF,2010,50.451,24,2.445,0.112004920003663,99.89177515449171,Africa,ZAF
ZAF,2009,47.473,10,2.501,0.1121208984639482,99.55059751060948,Africa,ZAF
ZAF,2008,44.577,8.43,2.679,0.1119934405760997,109.4597723944965,Africa,ZAF
ZAF,2007,44.044,8.06537517355504,2.545,0.1119494610206918,120.58533685193726,Africa,ZAF
ZAF,2006,43.868,7.60713967477381,2.548,0.1118589907073024,112.60643071608875,Africa,ZAF
ZAF,2005,43.93,7.48854252992921,2.512,0.1116431032478369,99.25371842010995,Africa,ZAF
ZAF,2004,43.863,8.4251186825406,2.436,0.1118661788111251,80.73504406516388,Africa,ZAF
ZAF,2003,43.796,7.00769172611251,2.358,0.1117665195365649,64.81124683780098,Africa,ZAF
ZAF,2002,43.35,6.71032243705404,2.324,0.1117434074033419,57.085856435793474,Africa,ZAF
ZAF,2001,43.21,6.34661931839768,2.373,0.1116047070046508,54.6672340175775,Africa,ZAF
ZAF,2000,43.185,5.34855973203537,2.413,0.1116245707267143,55.500504991987896,Africa,ZAF
SSD,2023,18.524,NA,3.864,0.1546506947523089,NA,Africa,SSD
SSD,2022,18.717,NA,3.964,0.1457401907060193,NA,Africa,SSD
SSD,2021,20.797,NA,4.047,0.1436537867669299,NA,Africa,SSD
SSD,2020,21.846,NA,4.16,0.1429802805369861,NA,Africa,SSD
SSD,2019,19.263,6.671000004,4.26,0.1276380557679933,NA,Africa,SSD
SSD,2018,19.555,4.800000191,4.37,0.1267175412647015,NA,Africa,SSD
SSD,2017,19.849,4.1,4.483,0.1256762211171478,NA,Africa,SSD
SSD,2016,19.847,3.5,4.579,0.124567408084868,NA,Africa,SSD
SSD,2015,19.419,3,4.695,0.1230832899783693,NA,Africa,SSD
SSD,2014,19.576,2.5999999049999998,4.818,0.1218391922958449,NA,Africa,SSD
SSD,2013,19.733,2.200000048,4.939,0.1205405736647005,NA,Africa,SSD
SSD,2012,19.907,1.5,5.061,0.1190016253027767,NA,Africa,SSD
SSD,2011,19.605,NA,5.193,0.1174112731357126,NA,Africa,SSD
SSD,2010,19.401,NA,5.318,0.1164241000697714,NA,Africa,SSD
SSD,2009,19.286,NA,5.446,0.1157976939119823,NA,Africa,SSD
SSD,2008,19.04,NA,5.569,0.114894538312432,NA,Africa,SSD
SSD,2007,18.922,NA,5.704,0.1147484569540769,NA,Africa,SSD
SSD,2006,18.844,NA,5.853,0.1148640018013055,NA,Africa,SSD
SSD,2005,18.76,NA,6.022,0.1146962949566794,NA,Africa,SSD
SSD,2004,18.67,NA,6.19,0.1147589224868952,NA,Africa,SSD
SSD,2003,18.553,NA,6.353,0.1149780705357796,NA,Africa,SSD
SSD,2002,18.446,NA,6.515,0.1150583205482837,NA,Africa,SSD
SSD,2001,18.401,NA,6.654,0.1151427794409316,NA,Africa,SSD
SSD,2000,18.355,NA,6.803,0.1153159795942882,NA,Africa,SSD
ESP,2023,28.747,95.44564516,1.12,0.2018305284205612,123.5978868592505,Europe,ESP
ESP,2022,29.713,94.4855432,1.16,0.1902182204958349,124.92903209541625,Europe,ESP
ESP,2021,34.999,93.89752157,1.18,0.1888031513105316,124.01217246869275,Europe,ESP
ESP,2020,38.312,93.20564892,1.18,0.1880072293668973,122.256531782889,Europe,ESP
ESP,2019,32.555,90.718665325267,1.23,0.1695561636794069,119.643245693051,Europe,ESP
ESP,2018,34.362,86.107235525659,1.26,0.1682153837479597,114.96625532742375,Europe,ESP
ESP,2017,38.594,84.6022457016524,1.31,0.1672926524948117,109.23393924775175,Europe,ESP
ESP,2016,44.445,80.5613329432179,1.33,0.1644411368764579,104.41964524351025,Europe,ESP
ESP,2015,48.353,78.6896318703515,1.33,0.1629954751447168,99.99999999999997,Europe,ESP
ESP,2014,53.169,76.1867089778712,1.32,0.1615753734857808,96.46732961002132,Europe,ESP
ESP,2013,55.444,71.635,1.27,0.1601366883615104,96.2901261416492,Europe,ESP
ESP,2012,52.829,69.8099999420024,1.32,0.1587482146247855,106.990967610861,Europe,ESP
ESP,2011,46.158,67.0899993926581,1.34,0.1566799081438896,128.082757227371,Europe,ESP
ESP,2010,41.453,65.8,1.37,0.155115066582382,141.9105648796625,Europe,ESP
ESP,2009,37.71,62.4,1.38,0.1533624044218654,147.274167902929,Europe,ESP
ESP,2008,24.443,59.6,1.45,0.1515478346970676,156.18870218824827,Europe,ESP
ESP,2007,18.087,55.11,1.38,0.1496382857473684,164.109686076283,Europe,ESP
ESP,2006,17.886,50.37,1.36,0.149186511706243,154.4338558225,Europe,ESP
ESP,2005,19.642,47.88,1.33,0.1480554937706642,140.6831128669285,Europe,ESP
ESP,2004,22.48,44.01,1.31,0.1474265176588433,126.82137705224,Europe,ESP
ESP,2003,22.328,39.93,1.3,0.1460283278828406,110.9264117857355,Europe,ESP
ESP,2002,21.544,20.39,1.25,0.1448800839242416,95.42574157177225,Europe,ESP
ESP,2001,20.72,18.1487226902932,1.23,0.1441104215377585,83.81121527028277,Europe,ESP
ESP,2000,25.258,13.6249608089899,1.22,0.1434837050901248,79.26572886981441,Europe,ESP
LKA,2023,20.342,51.2,1.974,0.1053380203330845,NA,Asia,LKA
LKA,2022,21.732,48.3,1.984,0.1021470413017772,NA,Asia,LKA
LKA,2021,25.371,44.45308724,1.995,0.103056706728591,NA,Asia,LKA
LKA,2020,25.449,36.18473435,2.007,0.0990974413935236,NA,Asia,LKA
LKA,2019,20.425,32.02090073,2.022,0.0937827278357374,NA,Asia,LKA
LKA,2018,20.496,28.33620071,2.033,0.0929627429277366,NA,Asia,LKA
LKA,2017,17.391,25.07550049,2.044,0.0920995993686266,NA,Asia,LKA
LKA,2016,20.07,22.19,2.062,0.0914547979886962,NA,Asia,LKA
LKA,2015,19.231,15.26249981,2.09,0.0912961270502323,NA,Asia,LKA
LKA,2014,18.781,10.5000026214106,2.134,0.090711150720001,NA,Asia,LKA
LKA,2013,17.939,10.04440022,2.178,0.0902698550500798,NA,Asia,LKA
LKA,2012,16.795,9.00039959,2.173,0.0898016686069521,NA,Asia,LKA
LKA,2011,16.758,7.956399918,2.144,0.0893954727888006,NA,Asia,LKA
LKA,2010,18.684,6.912399769,2.134,0.0891579816332511,NA,Asia,LKA
LKA,2009,21.155,5.868500233,2.179,0.0887659827403964,NA,Asia,LKA
LKA,2008,18.731,4.824500084,2.232,0.0879975252253989,NA,Asia,LKA
LKA,2007,21.467,3.88,2.295,0.087187265216822,NA,Asia,LKA
LKA,2006,22.121,2.53756612897332,2.292,0.086484578293795,NA,Asia,LKA
LKA,2005,27.701,1.792000055,2.263,0.0857601142206804,NA,Asia,LKA
LKA,2004,28.302,1.44615998041486,2.271,0.085557428280578,NA,Asia,LKA
LKA,2003,27.586,1.45858022842408,2.301,0.0853819018161188,NA,Asia,LKA
LKA,2002,28.545,1.05042270585318,2.31,0.0848911868795608,NA,Asia,LKA
LKA,2001,25.007,0.793821864362622,2.283,0.0850263272165259,NA,Asia,LKA
LKA,2000,23.791,0.647410010940963,2.213,0.0849213696937939,NA,Asia,LKA
KNA,2023,NA,76.58950043,1.505,0.1724838958364693,NA,Americas,KNA
KNA,2022,NA,75.76229858,1.512,0.1643190702081405,NA,Americas,KNA
KNA,2021,NA,74.37159729,1.531,0.1647226561873635,NA,Americas,KNA
KNA,2020,NA,70.27529907,1.55,0.1619383164992198,NA,Americas,KNA
KNA,2019,NA,69.43499756,1.568,0.1493813245712076,NA,Americas,KNA
KNA,2018,NA,68.60479736,1.587,0.1495018214268205,NA,Americas,KNA
KNA,2017,NA,67.78440094,1.61,0.1493608720456826,NA,Americas,KNA
KNA,2016,NA,66.97389984,1.633,0.1488751261563383,NA,Americas,KNA
KNA,2015,NA,66.17310333,1.643,0.148201283484947,NA,Americas,KNA
KNA,2014,NA,65.38179779,1.665,0.1475026706784169,NA,Americas,KNA
KNA,2013,NA,64.59999847,1.682,0.147084477630484,NA,Americas,KNA
KNA,2012,NA,64,1.713,0.1466761077518434,NA,Americas,KNA
KNA,2011,NA,63.20000076,1.74,0.1460134749824491,NA,Americas,KNA
KNA,2010,NA,63,1.762,0.1457909389038715,NA,Americas,KNA
KNA,2009,NA,55.70000076,1.8,0.1456905395683218,NA,Americas,KNA
KNA,2008,NA,49.20000076,1.833,0.1454418119640779,NA,Americas,KNA
KNA,2007,NA,43.5,1.871,0.1451738653795562,NA,Americas,KNA
KNA,2006,NA,38.5,1.902,0.1448504996569183,NA,Americas,KNA
KNA,2005,NA,34,1.931,0.1444749149346601,NA,Americas,KNA
KNA,2004,NA,24.7376775443732,1.964,0.1440054801004275,NA,Americas,KNA
KNA,2003,NA,22.9697842928439,2.004,0.1435148661981673,NA,Americas,KNA
KNA,2002,NA,21.152381758186,2.038,0.1429445171418399,NA,Americas,KNA
KNA,2001,NA,7.71472655580319,2.082,0.14227714722117701,NA,Americas,KNA
KNA,2000,NA,5.86281024037522,2.126,0.1416398194846203,NA,Americas,KNA
LCA,2023,30.261,67.44390106,1.379,0.1720876445170084,NA,Americas,LCA
LCA,2022,30.854,66.95159912,1.387,0.1631579011377854,NA,Americas,LCA
LCA,2021,45.012,63.06330109,1.399,0.1642824811319235,NA,Americas,LCA
LCA,2020,51.641,62.06399918,1.411,0.160086342432136,NA,Americas,LCA
LCA,2019,35.883,61.08050156,1.424,0.1475242389160504,NA,Americas,LCA
LCA,2018,41.613,60.11259842,1.436,0.1476921970102842,NA,Americas,LCA
LCA,2017,44.995,59.16009903,1.448,0.1476150237830668,NA,Americas,LCA
LCA,2016,45.88,58.22259903,1.461,0.1472021475717317,NA,Americas,LCA
LCA,2015,46.991,57.26330185,1.473,0.1465519516469921,NA,Americas,LCA
LCA,2014,47.855,53.17969894,1.485,0.1458840612178123,NA,Americas,LCA
LCA,2013,48.479,49.3871994,1.5,0.1455092466992424,NA,Americas,LCA
LCA,2012,40.816,45.865,1.5,0.1451366313683883,NA,Americas,LCA
LCA,2011,39.547,34,1.5,0.1445094593978129,NA,Americas,LCA
LCA,2010,35.32,32.5,1.673,0.1442924279560812,NA,Americas,LCA
LCA,2009,31.099,31,1.735,0.1442221222288092,NA,Americas,LCA
LCA,2008,25.057,30,1.7,0.1440028022280619,NA,Americas,LCA
LCA,2007,26.593,27.89999962,1.7,0.1437488391086398,NA,Americas,LCA
LCA,2006,29.876,24.5,1.765,0.1434164433770014,NA,Americas,LCA
LCA,2005,34.366,21.5675829464215,1.807,0.1430579787140835,NA,Americas,LCA
LCA,2004,38.053,21.395212362765,1.863,0.142613722916743,NA,Americas,LCA
LCA,2003,36.811,20.9824734633424,1.939,0.1430085103928781,NA,Americas,LCA
LCA,2002,33.507,14.6418357746777,2.032,0.1424858424640056,NA,Americas,LCA
LCA,2001,30.503,8.18186395448366,2.125,0.1410325034759689,NA,Americas,LCA
LCA,2000,27.186,5.09048334139327,2.207,0.1422335316779717,NA,Americas,LCA
MAF,2023,NA,NA,2.718,NA,NA,Americas,MAF
MAF,2022,NA,NA,2.763,NA,NA,Americas,MAF
MAF,2021,NA,NA,2.804,NA,NA,Americas,MAF
MAF,2020,NA,NA,2.829,NA,NA,Americas,MAF
MAF,2019,NA,NA,2.791,NA,NA,Americas,MAF
MAF,2018,NA,NA,2.725,NA,NA,Americas,MAF
MAF,2017,NA,NA,2.657,NA,NA,Americas,MAF
MAF,2016,NA,NA,2.643,NA,NA,Americas,MAF
MAF,2015,NA,NA,2.665,NA,NA,Americas,MAF
MAF,2014,NA,NA,2.707,NA,NA,Americas,MAF
MAF,2013,NA,NA,2.719,NA,NA,Americas,MAF
MAF,2012,NA,NA,2.773,NA,NA,Americas,MAF
MAF,2011,NA,NA,2.424,NA,NA,Americas,MAF
MAF,2010,NA,NA,2.4,NA,NA,Americas,MAF
MAF,2009,NA,NA,2.464,NA,NA,Americas,MAF
MAF,2008,NA,NA,2.55,NA,NA,Americas,MAF
MAF,2007,NA,NA,2.633,NA,NA,Americas,MAF
MAF,2006,NA,NA,2.711,NA,NA,Americas,MAF
MAF,2005,NA,NA,2.779,NA,NA,Americas,MAF
MAF,2004,NA,NA,2.827,NA,NA,Americas,MAF
MAF,2003,NA,NA,2.872,NA,NA,Americas,MAF
MAF,2002,NA,NA,2.896,NA,NA,Americas,MAF
MAF,2001,NA,NA,2.897,NA,NA,Americas,MAF
MAF,2000,NA,NA,2.876,NA,NA,Americas,MAF
VCT,2023,42.333,75.53679657,1.775,0.1663790557700384,NA,Americas,VCT
VCT,2022,43.995,74.75479889,1.791,0.1597542275061052,NA,Americas,VCT
VCT,2021,46.04,68.83339691,1.808,0.1599867485798417,NA,Americas,VCT
VCT,2020,47.708,63.38100052,1.83,0.1570375042983446,NA,Americas,VCT
VCT,2019,43.587,59.57630157,1.864,0.1465627142339374,NA,Americas,VCT
VCT,2018,42.737,56,1.9,0.1467020174847975,NA,Americas,VCT
VCT,2017,42.39,53.70000076,1.94,0.1465738142275712,NA,Americas,VCT
VCT,2016,42.09,51.5,2.055,0.1461347664626105,NA,Americas,VCT
VCT,2015,42.029,49.40000153,2.133,0.1454696772009766,NA,Americas,VCT
VCT,2014,42.008,47.4,2.141,0.1448109956906391,NA,Americas,VCT
VCT,2013,42.024,43.5,2.106,0.1444339777868284,NA,Americas,VCT
VCT,2012,42.63,40,2.113,0.1440761940210996,NA,Americas,VCT
VCT,2011,42.742,36.70000076,2.076,0.1434671834200558,NA,Americas,VCT
VCT,2010,42.427,33.70000076,2.144,0.1432643517281584,NA,Americas,VCT
VCT,2009,41.234,31,2.174,0.1431617366150314,NA,Americas,VCT
VCT,2008,39.94,21,2.15,0.1429014003267443,NA,Americas,VCT
VCT,2007,39.928,16,2.063,0.1426103223752962,NA,Americas,VCT
VCT,2006,40.002,12,2.033,0.1422711252275749,NA,Americas,VCT
VCT,2005,40.164,9.19827808234299,2.068,0.1419053357686299,NA,Americas,VCT
VCT,2004,39.958,7.37116584201749,2.087,0.1414290173887344,NA,Americas,VCT
VCT,2003,40.35,6.46227416659743,2.142,0.1408784815503716,NA,Americas,VCT
VCT,2002,41.074,5.54959487957379,2.218,0.1401791121686591,NA,Americas,VCT
VCT,2001,41.581,5.09480977832946,2.3,0.1394654739900755,NA,Americas,VCT
VCT,2000,40.772,3.24503741064558,2.306,0.1388246971563135,NA,Americas,VCT
SDN,2023,NA,NA,4.323,0.1564286008039563,NA,Africa,SDN
SDN,2022,12,NA,4.384,0.148861616179433,NA,Africa,SDN
SDN,2021,17.406,NA,4.457,0.1478825833930429,NA,Africa,SDN
SDN,2020,19.783,NA,4.542,0.1484979396154706,NA,Africa,SDN
SDN,2019,19.37,NA,4.617,0.1328319985263363,NA,Africa,SDN
SDN,2018,20.795,NA,4.681,0.1328495905301692,NA,Africa,SDN
SDN,2017,22.198,18.60000038,4.761,0.1325389757366238,NA,Africa,SDN
SDN,2016,23.625,14.0999999446534,4.829,0.1325803849573737,NA,Africa,SDN
SDN,2015,25.229,12,4.898,0.1324995276409125,NA,Africa,SDN
SDN,2014,27.283,NA,4.912,0.1322440382302565,NA,Africa,SDN
SDN,2013,29.155,NA,4.965,0.1317909150609357,NA,Africa,SDN
SDN,2012,30.834,NA,5.031,0.1314453171775857,NA,Africa,SDN
SDN,2011,32.17,NA,5.087,0.1311933722480105,NA,Africa,SDN
SDN,2010,26.4,NA,5.141,0.1311657188723459,NA,Africa,SDN
SDN,2009,21.347,NA,5.173,0.131133128351573,NA,Africa,SDN
SDN,2008,24.119,NA,5.212,0.1316087542814968,NA,Africa,SDN
SDN,2007,24.105,8.66,5.27,0.1318239649700973,NA,Africa,SDN
SDN,2006,24.122,NA,5.332,0.1322484983568388,NA,Africa,SDN
SDN,2005,24.127,NA,5.397,0.1321582104966414,NA,Africa,SDN
SDN,2004,24.125,0.791561615446385,5.455,0.1325105064379695,NA,Africa,SDN
SDN,2003,24.103,0.538471703150458,5.489,0.1324298526225216,NA,Africa,SDN
SDN,2002,24.115,0.439477639075583,5.531,0.1322496629694731,NA,Africa,SDN
SDN,2001,24.2,0.140185224494161,5.562,0.1322179494059494,NA,Africa,SDN
SDN,2000,24.27,0.0257850324762484,5.596,0.1321655881949487,NA,Africa,SDN
SUR,2023,24.982,87.4,2.249,0.1680062695303243,NA,Americas,SUR
SUR,2022,25.534,NA,2.274,0.1587962747850692,NA,Americas,SUR
SUR,2021,27.463,NA,2.295,0.1603957558966305,NA,Americas,SUR
SUR,2020,28.839,NA,2.314,0.1554047756392956,NA,Americas,SUR
SUR,2019,24.661,62.03350067,2.347,0.1426773083324954,NA,Americas,SUR
SUR,2018,24.788,55.10210037,2.381,0.1425144670455686,NA,Americas,SUR
SUR,2017,24.914,48.94520187,2.431,0.1420593489610362,NA,Americas,SUR
SUR,2016,24.957,45.40000153,2.5,0.1415010535777038,NA,Americas,SUR
SUR,2015,13.027,42.76380157,2.57,0.1410794238767901,NA,Americas,SUR
SUR,2014,15.603,40.08000183,2.62,0.1409709568182665,NA,Americas,SUR
SUR,2013,19.335,37.40000153,2.651,0.1409365625541144,NA,Americas,SUR
SUR,2012,19.595,34.68119812,2.669,0.140802092575092,NA,Americas,SUR
SUR,2011,19.21,32,2.667,0.1407212165698757,NA,Americas,SUR
SUR,2010,13.452,31.59,2.688,0.1407358839126,NA,Americas,SUR
SUR,2009,19.575,31.36,2.712,0.1408137346782399,NA,Americas,SUR
SUR,2008,19.976,21.05999947,2.727,0.1407491101675386,NA,Americas,SUR
SUR,2007,20.422,14.11,2.735,0.1405085338993519,NA,Americas,SUR
SUR,2006,20.817,9.49960041,2.727,0.1401960616585495,NA,Americas,SUR
SUR,2005,21.289,6.40308628759062,2.712,0.1398030221703716,NA,Americas,SUR
SUR,2004,21.828,6.0760478144456,2.738,0.1393563179366551,NA,Americas,SUR
SUR,2003,24.14,4.71987539528956,2.839,0.1389048411656054,NA,Americas,SUR
SUR,2002,26.45,4.1615687449541,2.956,0.1383834854107929,NA,Americas,SUR
SUR,2001,28.796,3.06444838873752,3.057,0.1378004492665205,NA,Americas,SUR
SUR,2000,31.093,2.50641105226881,3.046,0.1372369934313645,NA,Americas,SUR
SWE,2023,21.941,95.70327461,1.45,0.185703245586195,104.62954994755825,Europe,SWE
SWE,2022,21.597,95.00970335,1.53,0.1759845500913341,118.00127158473676,Europe,SWE
SWE,2021,24.555,94.6703163,1.67,0.1697316487375403,121.47879499232475,Europe,SWE
SWE,2020,23.891,94.53943122,1.67,0.1729021225295431,112.7474170317345,Europe,SWE
SWE,2019,20.092,94.4934434072202,1.71,0.1531880165187403,109.15834966467,Europe,SWE
SWE,2018,17.398,89.2469631588137,1.76,0.1511781278478705,108.702429580007,Europe,SWE
SWE,2017,17.873,93.0062669652127,1.78,0.1501368976406654,112.46889362543774,Europe,SWE
SWE,2016,18.894,89.6509476102355,1.85,0.1469633811593136,107.289787072262,Europe,SWE
SWE,2015,20.363,90.6101966398616,1.85,0.1462537523725655,99.99999999999997,Europe,SWE
SWE,2014,22.821,92.5236065037579,1.88,0.1431034024361667,89.33631408046855,Europe,SWE
SWE,2013,23.518,94.7836,1.89,0.1413836399522438,82.33621437004757,Europe,SWE
SWE,2012,23.608,93.1799880065108,1.91,0.1411918321724996,78.74319506808783,Europe,SWE
SWE,2011,22.782,92.7699860554046,1.9,0.1374445764072543,78.12983079367456,Europe,SWE
SWE,2010,24.76,90,1.98,0.1386308991110404,77.22143272028525,Europe,SWE
SWE,2009,25.024,91,1.94,0.1366426161497839,72.46953300481005,Europe,SWE
SWE,2008,20.206,90,1.91,0.1352953140382689,71.70106276672438,Europe,SWE
SWE,2007,19.26,82.01,1.88,0.1353428863941881,72.96780240177695,Europe,SWE
SWE,2006,21.475,87.76,1.85,0.1337452820781574,65.6995586924002,Europe,SWE
SWE,2005,22.829,84.83,1.77,0.133168198721137,58.94313936140165,Europe,SWE
SWE,2004,18.522,83.89,1.75,0.1309184019906466,54.57229595478027,Europe,SWE
SWE,2003,14.312,79.13,1.71,0.1302951477689666,50.16888442068195,Europe,SWE
SWE,2002,12.924,70.57,1.65,0.1306104018541093,47.9731938232549,Europe,SWE
SWE,2001,11.668,51.7656649372808,1.57,0.1303603430209997,45.88265712642485,Europe,SWE
SWE,2000,9.29,45.6876522122282,1.54,0.1300342419399027,43.41233430108835,Europe,SWE
CHE,2023,7.865,97.34436623,1.33,0.2005115564675803,128.28851527071726,Europe,CHE
CHE,2022,6.835,96.45279694,1.39,0.1936950195791364,128.04928018874276,Europe,CHE
CHE,2021,8.315,95.56937154,1.52,0.1887155142899209,121.87219097827875,Europe,CHE
CHE,2020,8.603,94.34999847,1.46,0.1915110992736967,114.371798415939,Europe,CHE
CHE,2019,7.993,93.1460869535177,1.48,0.1718397814204312,109.19225830958625,Europe,CHE
CHE,2018,7.937,91.80000305,1.52,0.1709761903527163,104.96566739720325,Europe,CHE
CHE,2017,8.059,89.6861476710225,1.52,0.1717421731040289,103.0476615412795,Europe,CHE
CHE,2016,8.579,89.1346877351392,1.54,0.1693997288998707,101.8284883698515,Europe,CHE
CHE,2015,8.815,87.4790555978675,1.54,0.1683818894192378,99.99999999999994,Europe,CHE
CHE,2014,8.597,83.6172512621702,1.54,0.1681625838774154,96.00412997206685,Europe,CHE
CHE,2013,8.743,86.34,1.52,0.1674923838104814,93.3241971682237,Europe,CHE
CHE,2012,8.327,85.2,1.52,0.1657648347075446,90.15857742104212,Europe,CHE
CHE,2011,7.727,85.1930281804854,1.52,0.1663197814670348,85.16011645594583,Europe,CHE
CHE,2010,8.216,83.9,1.52,0.1641033983636159,79.59651604260745,Europe,CHE
CHE,2009,8.446,81.3,1.5,0.1632747043431081,77.70023078110015,Europe,CHE
CHE,2008,7.018,79.2,1.48,0.1622993198832568,76.75178016187037,Europe,CHE
CHE,2007,7.083,77.2,1.46,0.1613977694662646,75.20916031731667,Europe,CHE
CHE,2006,7.7,75.7,1.44,0.1613916203119404,72.216274319284,Europe,CHE
CHE,2005,8.76,70.1,1.42,0.1605248038439352,69.0053854289103,Europe,CHE
CHE,2004,7.707,67.8,1.42,0.15994582065118,67.19818497079252,Europe,CHE
CHE,2003,8.494,65.1,1.39,0.1608820837875164,65.326711177113,Europe,CHE
CHE,2002,5.586,61.4,1.39,0.1573148608089149,65.16193479523555,Europe,CHE
CHE,2001,5.625,55.1,1.38,0.1589318330955469,64.92502829927602,Europe,CHE
CHE,2000,4.806,47.1,1.5,0.1560236033085033,64.66138189290766,Europe,CHE
SYR,2023,32.26,NA,2.712,0.1959790159440061,NA,Asia,SYR
SYR,2022,31.987,NA,2.746,0.1866262845491358,NA,Asia,SYR
SYR,2021,34.645,NA,2.798,0.1885923297654649,NA,Asia,SYR
SYR,2020,36.288,NA,2.837,0.1874817046014152,NA,Asia,SYR
SYR,2019,32.056,NA,2.878,0.166200402820578,NA,Asia,SYR
SYR,2018,32.411,33.77000046,2.932,0.1664221496576368,NA,Asia,SYR
SYR,2017,32.888,32.70000076,2.972,0.1665189911221855,NA,Asia,SYR
SYR,2016,33.634,31.8696003,3.012,0.1669449209031919,NA,Asia,SYR
SYR,2015,34.807,29.97979927,3.067,0.1674885157000533,NA,Asia,SYR
SYR,2014,35.979,28.09000015,3.117,0.1662918807971099,NA,Asia,SYR
SYR,2013,35.447,26.200000760000002,3.165,0.1636133058402315,NA,Asia,SYR
SYR,2012,33.807,24.30010033,3.221,0.1616246344987895,NA,Asia,SYR
SYR,2011,21.107,22.5,3.285,0.1598649896899664,NA,Asia,SYR
SYR,2010,20.493,20.7,3.355,0.1578587892227656,NA,Asia,SYR
SYR,2009,16.315,17.3,3.415,0.1585278217838366,NA,Asia,SYR
SYR,2008,22.147,14,3.481,0.157524711453152,NA,Asia,SYR
SYR,2007,18.922,11.5,3.538,0.1585210890824286,NA,Asia,SYR
SYR,2006,17.646,7.832600117,3.562,0.1587240668107369,NA,Asia,SYR
SYR,2005,18.176,5.648099899,3.605,0.1581054894629071,NA,Asia,SYR
SYR,2004,18.776,4.32159377785571,3.679,0.1575320073753513,NA,Asia,SYR
SYR,2003,19.433,3.39797261356623,3.763,0.15773382249743861,NA,Asia,SYR
SYR,2002,20.684,2.09310101861765,3.865,0.1575457314738269,NA,Asia,SYR
SYR,2001,21.982,0.353759130007247,3.976,0.1569768582908185,NA,Asia,SYR
SYR,2000,18.236,0.181698580104333,4.068,0.1568336268482181,NA,Asia,SYR
TJK,2023,14.511,54.41550064,3.072,0.1260571423421586,NA,Asia,TJK
TJK,2022,14.479,48.91429901,3.127,0.1208409562496632,NA,Asia,TJK
TJK,2021,15.122,36.70560074,3.17,0.1205719001180422,NA,Asia,TJK
TJK,2020,15.66,27.54409981,3.211,0.1196647817916556,NA,Asia,TJK
TJK,2019,14.159,22.68630028,3.281,0.1092245193822188,NA,Asia,TJK
TJK,2018,14.055,32.59999847,3.294,0.1087343516540208,NA,Asia,TJK
TJK,2017,13.956,21.95999908,3.29,0.1082194155169612,NA,Asia,TJK
TJK,2016,13.854,20.46999931,3.384,0.108235727956252,NA,Asia,TJK
TJK,2015,13.722,18.97999954,3.459,0.1070394292927849,NA,Asia,TJK
TJK,2014,13.578,17.48999977,3.459,0.1072295996428526,NA,Asia,TJK
TJK,2013,13.44,16,3.433,0.1071290796627558,NA,Asia,TJK
TJK,2012,13.309,14.51000023,3.421,0.1067488653633478,NA,Asia,TJK
TJK,2011,13.195,13.02999973,3.456,0.1057815335861382,NA,Asia,TJK
TJK,2010,13.073,11.55000019,3.457,0.1051640576742319,NA,Asia,TJK
TJK,2009,12.966,10.07,3.43,0.1051279583362341,NA,Asia,TJK
TJK,2008,9.358,8.78,3.388,0.1035589301542706,NA,Asia,TJK
TJK,2007,5.87,7.19761951797855,3.367,0.1035187384443976,NA,Asia,TJK
TJK,2006,6.735,3.77240620666448,3.341,0.1030997996349244,NA,Asia,TJK
TJK,2005,5.812,0.298690023682825,3.398,0.1026822673932052,NA,Asia,TJK
TJK,2004,5.347,0.0774799071356825,3.507,0.1020627971352063,NA,Asia,TJK
TJK,2003,5.517,0.0645837771508553,3.42,0.1025425056963485,NA,Asia,TJK
TJK,2002,5.713,0.0554628269910006,3.47,0.1022797270748434,NA,Asia,TJK
TJK,2001,5.47,0.0512591325352927,3.49,0.1034641043369869,NA,Asia,TJK
TJK,2000,6.111,0.048599594582182,3.49,0.1037048610654188,NA,Asia,TJK
TZA,2023,2.339,28.43190002,4.606,0.1297706404875823,NA,Africa,TZA
TZA,2022,2.344,26.86059952,4.671,0.1224012379471941,NA,Africa,TZA
TZA,2021,2.752,22.87540054,4.734,0.1226954693510432,NA,Africa,TZA
TZA,2020,2.746,19.48139954,4.801,0.1201159190556828,NA,Africa,TZA
TZA,2019,2.657,16.59090042,4.866,0.1072952881202785,NA,Africa,TZA
TZA,2018,2.846,15.49069977,4.932,0.106608432021423,NA,Africa,TZA
TZA,2017,3.037,14.46339989,4.988,0.1060594529208132,NA,Africa,TZA
TZA,2016,3.241,13.5042328468919,5.006,0.1059513886225809,NA,Africa,TZA
TZA,2015,3.443,10,5.025,0.1049710901596267,NA,Africa,TZA
TZA,2014,3.693,7,5.122,0.1042072220736947,NA,Africa,TZA
TZA,2013,5.689,4.400000095,5.156,0.1038556766140688,NA,Africa,TZA
TZA,2012,6.26,3.950000048,5.137,0.1027638727621252,NA,Africa,TZA
TZA,2011,6.761,3.200000048,5.141,0.1027748578800397,NA,Africa,TZA
TZA,2010,5.852,2.9000000950000002,5.225,0.1027257169798226,NA,Africa,TZA
TZA,2009,4.841,2.4000000950000002,5.26,0.1024745930128591,NA,Africa,TZA
TZA,2008,5.267,1.899999976,5.324,0.1027137470154605,NA,Africa,TZA
TZA,2007,5.632,1.6,5.403,0.1027211188043357,NA,Africa,TZA
TZA,2006,6.021,1.299999952,5.511,0.1026180656353136,NA,Africa,TZA
TZA,2005,5.831,1.100000024,5.579,0.1029449817053762,NA,Africa,TZA
TZA,2004,5.665,0.87757497099259,5.597,0.1030837744938132,NA,Africa,TZA
TZA,2003,5.544,0.676962856510303,5.578,0.1027881425312805,NA,Africa,TZA
TZA,2002,5.451,0.222484413923909,5.57,0.103259837931071,NA,Africa,TZA
TZA,2001,5.354,0.171300350668948,5.617,0.1030555588379227,NA,Africa,TZA
TZA,2000,5.544,0.11719444010825,5.67,0.102985126842259,NA,Africa,TZA
THA,2023,4.491,89.53525238,1.212,0.0985431230057217,NA,Asia,THA
THA,2022,5.208,87.97724503,1.221,0.0955428938590362,NA,Asia,THA
THA,2021,5.858,85.26956666,1.234,0.0964184037448605,NA,Asia,THA
THA,2020,5.199,77.84374066,1.259,0.0932292781231992,NA,Asia,THA
THA,2019,4.19,66.6524194587528,1.285,0.0890334630105593,NA,Asia,THA
THA,2018,4.011,56.8174809301456,1.323,0.0884816424339501,NA,Asia,THA
THA,2017,4.373,52.8919293439676,1.363,0.0879115953214185,NA,Asia,THA
THA,2016,3.714,47.5049656215909,1.4,0.087327841812698,NA,Asia,THA
THA,2015,3.094,39.3161267365004,1.451,0.0866914612530649,NA,Asia,THA
THA,2014,3.113,34.8860535783465,1.484,0.0862158180251057,NA,Asia,THA
THA,2013,1.231,28.94,1.526,0.0860227954986787,NA,Asia,THA
THA,2012,2.758,26.46,1.563,0.0858308756906914,NA,Asia,THA
THA,2011,2.947,23.669925618731,1.571,0.0858083062013907,NA,Asia,THA
THA,2010,2.598,22.4,1.562,0.0859329925282475,NA,Asia,THA
THA,2009,5.729,20.1,1.565,0.086109279076839,NA,Asia,THA
THA,2008,4.874,18.2,1.587,0.0864120859251097,NA,Asia,THA
THA,2007,4.548,20.03,1.616,0.0868338284446738,NA,Asia,THA
THA,2006,4.842,17.1607147169285,1.631,0.0870183618530495,NA,Asia,THA
THA,2005,4.809,15.0260043588909,1.644,0.0869024988867199,NA,Asia,THA
THA,2004,4.595,10.6773033237281,1.665,0.0865097969200778,NA,Asia,THA
THA,2003,5.188,9.29902723805965,1.673,0.0858038734133731,NA,Asia,THA
THA,2002,5.756,7.53125033488567,1.688,0.0851474801333855,NA,Asia,THA
THA,2001,7.87,5.55632612097332,1.711,0.0846498461134448,NA,Asia,THA
THA,2000,6.816,3.68904127944164,1.734,0.0842962836431804,NA,Asia,THA
TLS,2023,3.198,NA,2.707,0.0991392895443108,NA,Asia,TLS
TLS,2022,3.212,NA,2.801,0.0973023436815895,NA,Asia,TLS
TLS,2021,4.791,35.04199982,2.892,0.0965393067396402,NA,Asia,TLS
TLS,2020,6.786,32.01269913,3.011,0.0938572927378681,NA,Asia,TLS
TLS,2019,7.968,28.00460052,3.116,0.0882726058879327,NA,Asia,TLS
TLS,2018,9.775,27.60000038,3.244,0.0883178121592659,NA,Asia,TLS
TLS,2017,11.493,24.200000760000002,3.399,0.0882187788832635,NA,Asia,TLS
TLS,2016,13.065,21.200000760000002,3.582,0.0877739115990275,NA,Asia,TLS
TLS,2015,8.568,18.60000038,3.779,0.0881605226038223,NA,Asia,TLS
TLS,2014,8.842,17.5,3.999,0.0873995547504447,NA,Asia,TLS
TLS,2013,9.084,11,4.208,0.086988661409309,NA,Asia,TLS
TLS,2012,9.198,7,4.404,0.086500040827744,NA,Asia,TLS
TLS,2011,9.285,4,4.614,0.0860783887066272,NA,Asia,TLS
TLS,2010,9.348,3,4.816,0.086214628725863,NA,Asia,TLS
TLS,2009,9.297,2,4.994,0.086111039496334,NA,Asia,TLS
TLS,2008,9.595,1.5,5.171,0.0859106081578354,NA,Asia,TLS
TLS,2007,9.754,1,5.333,0.0854158580881308,NA,Asia,TLS
TLS,2006,9.953,0.5,5.474,0.0855501833725775,NA,Asia,TLS
TLS,2005,9.99,0.0990317678179026,5.611,0.085472133933394,NA,Asia,TLS
TLS,2004,10.144,NA,5.741,0.084551535984973,NA,Asia,TLS
TLS,2003,9.951,NA,5.846,0.0855019941242023,NA,Asia,TLS
TLS,2002,9.72,0,5.899,0.0854752230992234,NA,Asia,TLS
TLS,2001,9.979,NA,5.918,0.0853586681344209,NA,Asia,TLS
TLS,2000,10.311,NA,5.934,0.0851468521208973,NA,Asia,TLS
TGO,2023,3.395,37.57020187,4.192401,0.1838036946479047,NA,Africa,TGO
TGO,2022,3.417,35.60749817,4.253183,0.17310504883561811,NA,Africa,TGO
TGO,2021,3.778,30.33839989,4.323871,0.1701664997360672,NA,Africa,TGO
TGO,2020,3.695,29.02370071,4.386312,0.168454868449261,NA,Africa,TGO
TGO,2019,3.076,20.72730064,4.450408,0.150018444933743,NA,Africa,TGO
TGO,2018,6.232,15.5,4.513072,0.147185117388846,NA,Africa,TGO
TGO,2017,9.282,12.3602249692905,4.576231,0.1473825817907346,NA,Africa,TGO
TGO,2016,6.813,11.31000042,4.633942,0.1470781728384711,NA,Africa,TGO
TGO,2015,4.315,7.1199998859999996,4.661566,0.1440665916189417,NA,Africa,TGO
TGO,2014,3.996,5.699999809,4.701602,0.1425571094809211,NA,Africa,TGO
TGO,2013,3.698,4.5,4.753612,0.1431819424033589,NA,Africa,TGO
TGO,2012,3.414,4,4.853789,0.1401701357063743,NA,Africa,TGO
TGO,2011,3.15,3.5,4.984234,0.1407446859701184,NA,Africa,TGO
TGO,2010,3.958,3,5.087324,0.1388067710116994,NA,Africa,TGO
TGO,2009,4.842,2.5999999049999998,5.104276,0.1375297512357423,NA,Africa,TGO
TGO,2008,5.696,2.4000000950000002,5.100197,0.1380318323550781,NA,Africa,TGO
TGO,2007,6.66,2.200000048,5.102,0.1361911490747155,NA,Africa,TGO
TGO,2006,7.49,2,5.076201,0.1347927130474871,NA,Africa,TGO
TGO,2005,7.396,1.799999952,5.037823,0.1366971034200193,NA,Africa,TGO
TGO,2004,7.223,1.5,4.994707,0.1342501241022214,NA,Africa,TGO
TGO,2003,7.173,1.2,5.047961,0.1339567133791025,NA,Africa,TGO
TGO,2002,7.295,1,5.09187,0.1343912775247194,NA,Africa,TGO
TGO,2001,7.303,0.9,5.12801,0.1349355308881107,NA,Africa,TGO
TGO,2000,7.342,0.8,5.1652,0.1346284171014811,NA,Africa,TGO
TON,2023,4.632,64.13140106,3.129,0.1469251313438091,NA,Oceania,TON
TON,2022,6.147,61.60739899,3.171,0.1378466187975295,NA,Oceania,TON
TON,2021,6.375,57.549,3.198,0.1375163212121475,NA,Oceania,TON
TON,2020,7.992,54.47370148,3.234,0.1357899141550912,NA,Oceania,TON
TON,2019,6.473,51.56299973,3.274,0.1199047349844935,NA,Oceania,TON
TON,2018,6.679,48.80789948,3.326,0.1192711113297707,NA,Oceania,TON
TON,2017,6.318,46.20080185,3.388,0.1184903504295952,NA,Oceania,TON
TON,2016,6.01,39.95000076,3.463,0.117610113988773,NA,Oceania,TON
TON,2015,5.832,38.65129852,3.54,0.116775374708034,NA,Oceania,TON
TON,2014,5.498,35.95439911,3.619,0.1158241055921042,NA,Oceania,TON
TON,2013,5.052,32.75400162,3.696,0.1150433529203159,NA,Oceania,TON
TON,2012,4.705,30,3.768,0.1143175921937918,NA,Oceania,TON
TON,2011,4.486,25,3.829,0.113606246070488,NA,Oceania,TON
TON,2010,4.185,16,3.879,0.1130938821673974,NA,Oceania,TON
TON,2009,3.903,10,3.946,0.1125105014099611,NA,Oceania,TON
TON,2008,3.511,8.11076994380395,4.012,0.1119551324071907,NA,Oceania,TON
TON,2007,3.251,7.179900169,4.086,0.1114871559311352,NA,Oceania,TON
TON,2006,2.912,5.853899956,4.141,0.1109720531961192,NA,Oceania,TON
TON,2005,6.789,4.907800198,4.195,0.1104923260291171,NA,Oceania,TON
TON,2004,10.398,3.95237389457043,4.186,0.1099912958005718,NA,Oceania,TON
TON,2003,13.865,2.98581736750435,4.175,0.1094673680061164,NA,Oceania,TON
TON,2002,12.509,2.90729731626382,4.138,0.1089866210195035,NA,Oceania,TON
TON,2001,11.514,2.82537183911525,4.127,0.1085616638459027,NA,Oceania,TON
TON,2000,10.386,2.4343980443669,4.159,0.1081500413197022,NA,Oceania,TON
TTO,2023,8.041,81.9681015,1.532,0.1672558617815024,NA,Americas,TTO
TTO,2022,10.596,81.69760132,1.544,0.1605965559390623,NA,Americas,TTO
TTO,2021,13.145,84.36576986,1.559,0.1621683827574806,NA,Americas,TTO
TTO,2020,11.81,77.28130341,1.572,0.1565818055653377,NA,Americas,TTO
TTO,2019,9.17,74.98670197,1.578,0.1417382231377987,NA,Americas,TTO
TTO,2018,9.164,72.76029968,1.588,0.1413663130272709,NA,Americas,TTO
TTO,2017,9.027,70.59999847,1.594,0.139364433214197,NA,Americas,TTO
TTO,2016,8.719,67.80000305,1.601,0.1392585146513755,NA,Americas,TTO
TTO,2015,5.869,65.09999847,1.598,0.1383898459661901,NA,Americas,TTO
TTO,2014,5.882,62.40000153,1.602,0.1370066286617658,NA,Americas,TTO
TTO,2013,6.275,59.90000153,1.603,0.1364147012509462,NA,Americas,TTO
TTO,2012,8.608,57.5,1.609,0.1355676151790606,NA,Americas,TTO
TTO,2011,8.586,55.2,1.611,0.1347116960372184,NA,Americas,TTO
TTO,2010,9.85,48.5,1.614,0.134986641908175,NA,Americas,TTO
TTO,2009,11.728,44.3,1.618,0.135557171470255,NA,Americas,TTO
TTO,2008,10.514,34.8,1.617,0.1357087996243831,NA,Americas,TTO
TTO,2007,11.363,32.3,1.622,0.1356469684703651,NA,Americas,TTO
TTO,2006,13.033,30.00370026,1.624,0.1355394578336131,NA,Americas,TTO
TTO,2005,16.539,28.97669983,1.625,0.1351285235226782,NA,Americas,TTO
TTO,2004,17.188,27.0242700782714,1.627,0.1345949258204311,NA,Americas,TTO
TTO,2003,21.428,25.9717641091609,1.648,0.1339991463191011,NA,Americas,TTO
TTO,2002,20.929,21.9986754804449,1.672,0.1333175523668568,NA,Americas,TTO
TTO,2001,21.399,15.384627218944,1.705,0.1333890278335449,NA,Americas,TTO
TTO,2000,23.4,7.72141147401745,1.732,0.1336747788471337,NA,Americas,TTO
TUN,2023,38.484,NA,1.832,0.1780062738924762,NA,Africa,TUN
TUN,2022,37.826,NA,1.847,0.167099941850172,NA,Africa,TUN
TUN,2021,39.309,68.31552226,1.8,0.1686649584341233,NA,Africa,TUN
TUN,2020,41.242,68.55639648,2,0.1663659779183158,NA,Africa,TUN
TUN,2019,37.867,66.6999983024144,2.1,0.1467470047100119,NA,Africa,TUN
TUN,2018,34.877,64.1908102327387,2.133,0.1469270076906096,NA,Africa,TUN
TUN,2017,35.315,55.5001550633671,2.205,0.1465886150318689,NA,Africa,TUN
TUN,2016,35.119,49.5999948415756,2.275,0.1465203666332481,NA,Africa,TUN
TUN,2015,34.967,46.4999943435776,2.306,0.1461858444696769,NA,Africa,TUN
TUN,2014,36.912,46.15999985,2.316,0.1457101671569058,NA,Africa,TUN
TUN,2013,34.828,43.79999924,2.31,0.1444791681006202,NA,Africa,TUN
TUN,2012,38.444,41.4416008,2.277,0.1432114051590538,NA,Africa,TUN
TUN,2011,42.639,39.1,2.189,0.1432370771846153,NA,Africa,TUN
TUN,2010,29.573,36.8,2.075,0.1423833049743534,NA,Africa,TUN
TUN,2009,31.153,34.07,2.004,0.1432731643166419,NA,Africa,TUN
TUN,2008,28.66,27.53,1.975,0.1422707737877891,NA,Africa,TUN
TUN,2007,28.143,17.1,1.957,0.1434993000274948,NA,Africa,TUN
TUN,2006,27.913,12.98639965,1.952,0.1430372227423025,NA,Africa,TUN
TUN,2005,28.103,9.655099869,1.953,0.142236542865625,NA,Africa,TUN
TUN,2004,30.533,8.52881775162591,1.95,0.1430896417962716,NA,Africa,TUN
TUN,2003,30.664,6.49084579532797,1.956,0.1429502776780343,NA,Africa,TUN
TUN,2002,30.395,5.25288729548421,1.941,0.1440611584913575,NA,Africa,TUN
TUN,2001,29.889,4.29796603474685,1.975,0.1426369132516811,NA,Africa,TUN
TUN,2000,30.729,2.75074029298135,2.025,0.1424956831234239,NA,Africa,TUN
TUR,2023,17.306,85.96074155,1.51,0.1566444267572797,195.44361746063925,Asia,TUR
TUR,2022,19.289,83.43716576,1.63,0.1499981375238514,155.306511016844,Asia,TUR
TUR,2021,22.36,81.40843745,1.71,0.1507906072590396,114.2618110633905,Asia,TUR
TUR,2020,24.919,77.6695605,1.77,0.14931719157229081,100.1868559685183,Asia,TUR
TUR,2019,25.039,73.9767022871511,1.89,0.1359001280172009,91.35542807185257,Asia,TUR
TUR,2018,20.011,71.0427608433809,2,0.1362253534434216,99.90766830043235,Asia,TUR
TUR,2017,20.469,64.6846176835371,2.08,0.1364866798213552,105.63276743884751,Asia,TUR
TUR,2016,19.369,58.3477340145685,2.11,0.1370434862775462,105.91771946810125,Asia,TUR
TUR,2015,18.299,53.7449791423583,2.16,0.1370250608237088,100.00000000000013,Asia,TUR
TUR,2014,17.698,51.0373665521645,2.19,0.136754855677612,93.01366277218263,Asia,TUR
TUR,2013,18.442,46.25,2.11,0.1364375678571649,89.0325857133806,Asia,TUR
TUR,2012,17.342,45.13,2.11,0.1359947223540684,84.43884445018662,Asia,TUR
TUR,2011,18.208,43.065710430925,2.05,0.1358633274886569,82.94977888802343,Asia,TUR
TUR,2010,21.578,39.82,2.08,0.1358838176581465,83.57495498068877,Asia,TUR
TUR,2009,25.093,36.4,2.1,0.1357553927521125,NA,Asia,TUR
TUR,2008,20.304,34.37,2.15,0.1357175107669021,NA,Asia,TUR
TUR,2007,19.807,28.63,2.16,0.1355937812699855,NA,Asia,TUR
TUR,2006,18.89,18.24,2.193,0.1351831772724036,NA,Asia,TUR
TUR,2005,19.685,15.46,2.197,0.1348968384595977,NA,Asia,TUR
TUR,2004,20.333,14.58,2.197,0.1346960502422698,NA,Asia,TUR
TUR,2003,20.253,12.33,2.202,0.13460148767736,NA,Asia,TUR
TUR,2002,18.944,11.38,2.268,0.1343858959409412,NA,Asia,TUR
TUR,2001,16.048,5.18948146078506,2.392,0.1345979376015931,NA,Asia,TUR
TUR,2000,12.944,3.761685035075,2.487,0.1345289349456444,NA,Asia,TUR
TKM,2023,9.198,NA,2.69,0.1273746341435844,NA,Asia,TKM
TKM,2022,9.109,NA,2.728,0.1228462083049926,NA,Asia,TKM
TKM,2021,10.227,NA,2.754,0.1201758745569508,NA,Asia,TKM
TKM,2020,10.155,NA,2.793,0.1207842896483812,NA,Asia,TKM
TKM,2019,8.483,NA,2.834,0.1093296956375478,NA,Asia,TKM
TKM,2018,8.454,NA,2.875,0.109291527590055,NA,Asia,TKM
TKM,2017,8.561,NA,2.934,0.1075980369212567,NA,Asia,TKM
TKM,2016,8.788,17.99029922,2.99,0.1054365416966267,NA,Asia,TKM
TKM,2015,8.916,14.99680042,3.033,0.1058163823506614,NA,Asia,TKM
TKM,2014,9.066,12.19999981,3.023,0.1045655400117759,NA,Asia,TKM
TKM,2013,8.932,9.600000381,3.007,0.1038050286213595,NA,Asia,TKM
TKM,2012,8.888,7.195799828,2.955,0.1033788026760055,NA,Asia,TKM
TKM,2011,8.529,5,2.9,0.102717229616132,NA,Asia,TKM
TKM,2010,8.434,3,2.848,0.1028626983444444,NA,Asia,TKM
TKM,2009,8.323,1.950000048,2.794,0.1024578273093977,NA,Asia,TKM
TKM,2008,9.545,1.75,2.75,0.1026067977985807,NA,Asia,TKM
TKM,2007,10.814,1.40636068812023,2.734,0.1025612624349,NA,Asia,TKM
TKM,2006,12.684,1.3195731180963,2.724,0.1024115109004825,NA,Asia,TKM
TKM,2005,14.507,0.997300029,2.706,0.1024349218859793,NA,Asia,TKM
TKM,2004,16.487,0.754053982724623,2.674,0.1022044223977929,NA,Asia,TKM
TKM,2003,17.973,0.425182631884743,2.667,0.101944021608543,NA,Asia,TKM
TKM,2002,19.761,0.302132016152841,2.71,0.1016912392189104,NA,Asia,TKM
TKM,2001,21.225,0.175209517731422,2.814,0.1010863399151917,NA,Asia,TKM
TKM,2000,22.387,0.13328218259348,2.9,0.100212230238054,NA,Asia,TKM
TCA,2023,NA,NA,1.463,NA,NA,Americas,TCA
TCA,2022,NA,NA,1.477,NA,NA,Americas,TCA
TCA,2021,NA,NA,1.501,NA,NA,Americas,TCA
TCA,2020,NA,NA,1.552,NA,NA,Americas,TCA
TCA,2019,NA,NA,1.617,NA,NA,Americas,TCA
TCA,2018,NA,NA,1.677,NA,NA,Americas,TCA
TCA,2017,NA,NA,1.704,NA,NA,Americas,TCA
TCA,2016,NA,NA,1.713,NA,NA,Americas,TCA
TCA,2015,NA,NA,1.718,NA,NA,Americas,TCA
TCA,2014,NA,NA,1.729,NA,NA,Americas,TCA
TCA,2013,NA,NA,1.752,NA,NA,Americas,TCA
TCA,2012,NA,NA,1.805,NA,NA,Americas,TCA
TCA,2011,NA,NA,1.859,NA,NA,Americas,TCA
TCA,2010,NA,NA,1.907,NA,NA,Americas,TCA
TCA,2009,NA,NA,1.959,NA,NA,Americas,TCA
TCA,2008,NA,NA,2.005,NA,NA,Americas,TCA
TCA,2007,NA,NA,2.049,NA,NA,Americas,TCA
TCA,2006,NA,NA,2.078,NA,NA,Americas,TCA
TCA,2005,NA,NA,2.106,NA,NA,Americas,TCA
TCA,2004,NA,NA,2.136,NA,NA,Americas,TCA
TCA,2003,NA,NA,2.176,NA,NA,Americas,TCA
TCA,2002,NA,NA,2.242,NA,NA,Americas,TCA
TCA,2001,NA,NA,2.342,NA,NA,Americas,TCA
TCA,2000,NA,NA,2.406,NA,NA,Americas,TCA
TUV,2023,NA,NA,3.208,0.1254859674442122,NA,Oceania,TUV
TUV,2022,NA,NA,3.244,0.1187566819433661,NA,Oceania,TUV
TUV,2021,NA,NA,3.277,0.1189100352675697,NA,Oceania,TUV
TUV,2020,NA,NA,3.309,0.115957581330965,NA,Oceania,TUV
TUV,2019,NA,NA,3.331,0.1054170925489944,NA,Oceania,TUV
TUV,2018,NA,NA,3.328,0.1048566821283135,NA,Oceania,TUV
TUV,2017,NA,35.20000076,3.301,0.1041841554301605,NA,Oceania,TUV
TUV,2016,NA,31,3.297,0.1034374980872386,NA,Oceania,TUV
TUV,2015,NA,27.299999239999998,3.308,0.1027312501398594,NA,Oceania,TUV
TUV,2014,NA,24.10000038,3.33,0.1019076043963632,NA,Oceania,TUV
TUV,2013,NA,21.200000760000002,3.389,0.1011900106819724,NA,Oceania,TUV
TUV,2012,NA,18.700000760000002,3.47,0.1005239024517772,NA,Oceania,TUV
TUV,2011,NA,16.5,3.463,0.099889840210371,NA,Oceania,TUV
TUV,2010,NA,14.600000380000001,3.442,0.0994372271851462,NA,Oceania,TUV
TUV,2009,NA,12.80000019,3.425,0.0989429110639465,NA,Oceania,TUV
TUV,2008,NA,11.19999981,3.415,0.0984580622096777,NA,Oceania,TUV
TUV,2007,NA,10,3.446,0.0980814379578896,NA,Oceania,TUV
TUV,2006,NA,9.100000381,3.525,0.0977080891718861,NA,Oceania,TUV
TUV,2005,NA,8.300000191,3.546,0.0973624132122849,NA,Oceania,TUV
TUV,2004,NA,7.6,3.553,0.0970384171636161,NA,Oceania,TUV
TUV,2003,NA,6.9,3.579,0.0967274276620841,NA,Oceania,TUV
TUV,2002,NA,6.3,3.637,0.0964962463978712,NA,Oceania,TUV
TUV,2001,NA,5.7,3.749,0.096333703126737,NA,Oceania,TUV
TUV,2000,NA,5.24163958486214,3.841,0.0961564647695893,NA,Oceania,TUV
UGA,2023,4.208,9.286999702,4.283,0.1440589712865959,NA,Africa,UGA
UGA,2022,4.335,9.636899948,4.388,0.1346147853788932,NA,Africa,UGA
UGA,2021,5.04,10,4.51,0.1356020503637591,NA,Africa,UGA
UGA,2020,5.688,7.4,4.621,0.1291817376648841,NA,Africa,UGA
UGA,2019,4.691,11.72579956,4.744,0.1166815625748413,NA,Africa,UGA
UGA,2018,4.884,9.326299667,4.867,0.1160805787786902,NA,Africa,UGA
UGA,2017,5.052,7.417900085,4.987,0.1154170107017995,NA,Africa,UGA
UGA,2016,4.411,5.9,5.112,0.1142613279031355,NA,Africa,UGA
UGA,2015,3.871,5.699999809,5.251,0.1126673670178076,NA,Africa,UGA
UGA,2014,3.324,5.400000095,5.408,0.1119208056039925,NA,Africa,UGA
UGA,2013,2.591,5.099999905,5.563,0.1110461952850193,NA,Africa,UGA
UGA,2012,5.275,4.800000191,5.729,0.1102852176833455,NA,Africa,UGA
UGA,2011,5.098,4.599999905,5.885,0.1095117712195478,NA,Africa,UGA
UGA,2010,5.357,4.300000191,6.019,0.1097058122906098,NA,Africa,UGA
UGA,2009,5.379,4.099999905,6.124,0.1097966174818045,NA,Africa,UGA
UGA,2008,4.598,3.880000114,6.202,0.1094405743631083,NA,Africa,UGA
UGA,2007,4.03,3.67196535074744,6.326,0.1100391919448177,NA,Africa,UGA
UGA,2006,3.423,2.52940011,6.429,0.1102384052212933,NA,Africa,UGA
UGA,2005,2.852,1.742200017,6.525,0.1103548806903344,NA,Africa,UGA
UGA,2004,4.036,0.719970679914031,6.612,0.110320859019539,NA,Africa,UGA
UGA,2003,5.331,0.464849840113968,6.671,0.1101895597645358,NA,Africa,UGA
UGA,2002,5.147,0.384093504951945,6.735,0.1102467036298445,NA,Africa,UGA
UGA,2001,5.177,0.237945087191408,6.757,0.1100317744693337,NA,Africa,UGA
UGA,2000,5.192,0.163714063074854,6.788,0.110231611542221,NA,Africa,UGA
UKR,2023,NA,81.58059692,0.977,0.154167161774694,NA,Europe,UKR
UKR,2022,NA,80.47429657,0.897,0.1474879356161647,NA,Europe,UKR
UKR,2021,19.145,79.21829353,1.148,0.1485689705803148,NA,Europe,UKR
UKR,2020,19.355,75.03790912,1.208,0.1448632515195556,NA,Europe,UKR
UKR,2019,15.484,70.1248442995263,1.218,0.1311299053232412,NA,Europe,UKR
UKR,2018,17.965,62.5531553933869,1.233,0.1312460802948915,NA,Europe,UKR
UKR,2017,18.963,58.8894794459775,1.3,0.1314743094654632,NA,Europe,UKR
UKR,2016,23.139,53.0009695981884,1.391,0.1301578217474522,NA,Europe,UKR
UKR,2015,22.611,48.8846436813218,1.387,0.1295358388008538,NA,Europe,UKR
UKR,2014,23.573,46.2359754571651,1.466,0.1297840885452888,NA,Europe,UKR
UKR,2013,17.643,40.954128997,1.515,0.1277610744777854,NA,Europe,UKR
UKR,2012,17.798,35.27,1.528,0.1277322030754798,NA,Europe,UKR
UKR,2011,17.811,28.7082628400713,1.464,0.1271767182470931,NA,Europe,UKR
UKR,2010,17.709,23.3,1.436,0.1268397050781634,NA,Europe,UKR
UKR,2009,18.23,17.9,1.47,0.126685909022216,NA,Europe,UKR
UKR,2008,13.14,11,1.444,0.12659673666368,NA,Europe,UKR
UKR,2007,13.207,6.55,1.343,0.1255155254245214,NA,Europe,UKR
UKR,2006,14.252,4.50612456357379,1.297,0.1245741543855782,NA,Europe,UKR
UKR,2005,15.212,3.749799967,1.221,0.124984618242785,NA,Europe,UKR
UKR,2004,15.995,3.4894778812677,1.215,0.1228155455813908,NA,Europe,UKR
UKR,2003,16.882,3.14812758815439,1.173,0.1220371657769627,NA,Europe,UKR
UKR,2002,18.926,1.87388511643427,1.127,0.1236666976768726,NA,Europe,UKR
UKR,2001,20.685,1.23875954748114,1.092,0.1223121919785171,NA,Europe,UKR
UKR,2000,21.9,0.716183762031043,1.108,0.1222122694893074,NA,Europe,UKR
ARE,2023,6.351,100,1.2,0.1363615209568997,NA,Asia,ARE
ARE,2022,9.992,100,1.148,0.1338392824616289,NA,Asia,ARE
ARE,2021,9.737,100,1.162,0.1301517595916473,NA,Asia,ARE
ARE,2020,13.482,100,1.289,0.131848005638717,NA,Asia,ARE
ARE,2019,7.325,99.1499979561243,1.247,0.1204761489094349,NA,Asia,ARE
ARE,2018,6.747,98.4500017817194,1.288,0.1191897610975199,NA,Asia,ARE
ARE,2017,7.474,94.8199225383446,1.35,0.1209480326448428,NA,Asia,ARE
ARE,2016,5.107,90.6000073180483,1.366,0.1200518372286564,NA,Asia,ARE
ARE,2015,5.444,90.5,1.417,0.1195997508468145,NA,Asia,ARE
ARE,2014,5.823,90.4000107121939,1.483,0.1184727188436644,NA,Asia,ARE
ARE,2013,6.116,88,1.527,0.1174658793585073,NA,Asia,ARE
ARE,2012,6.467,84.9999915049492,1.532,0.117341244073907,NA,Asia,ARE
ARE,2011,6.856,78,1.539,0.1164937660867533,NA,Asia,ARE
ARE,2010,7.191,68,1.565,0.1174617901909787,NA,Asia,ARE
ARE,2009,7.466,64,1.582,0.1157792644543755,NA,Asia,ARE
ARE,2008,7.54,63,1.516,0.11591881554432901,NA,Asia,ARE
ARE,2007,7.797,61,1.792,0.1161943720830904,NA,Asia,ARE
ARE,2006,7.92,52,1.958,0.116411129432072,NA,Asia,ARE
ARE,2005,8.045,40,2.232,0.1163566745850724,NA,Asia,ARE
ARE,2004,7.362,30.1312961695367,2.385,0.1163290995878202,NA,Asia,ARE
ARE,2003,6.83,29.4779534120864,2.491,0.1162973358220115,NA,Asia,ARE
ARE,2002,6.184,28.3164853110439,2.541,0.1162306089065308,NA,Asia,ARE
ARE,2001,5.625,26.2717542010006,2.622,0.1161370999776299,NA,Asia,ARE
ARE,2000,5.137,23.6253008751553,2.733,0.1160649871694094,NA,Asia,ARE
GBR,2023,11.944,95.44719696,1.56,0.239610534107634,111.43022550247625,Europe,GBR
GBR,2022,10.589,95.46530151,1.56,0.2272082887659396,118.83796538099651,Europe,GBR
GBR,2021,12.891,96.19650269,1.583,0.2218817852231611,118.00962650289026,Europe,GBR
GBR,2020,13.365,94.81820132,1.571,0.2206276516363636,112.040776356038,Europe,GBR
GBR,2019,10.688,92.5166285497138,1.632,0.1916067957473099,109.36916415346676,Europe,GBR
GBR,2018,11.647,90.692008988783,1.68,0.1882575592316515,109.81754935917675,Europe,GBR
GBR,2017,12.519,90.4245504868553,1.74,0.1859936635267951,108.5348129604415,Europe,GBR
GBR,2016,13.205,94.7758006318882,1.79,0.184014509236243,105.66239996867725,Europe,GBR
GBR,2015,15.177,92.0002998740234,1.8,0.1803286073263391,99.99999999999997,Europe,GBR
GBR,2014,17.512,91.6133009176453,1.81,0.177111909969503,94.02730147045968,Europe,GBR
GBR,2013,20.944,89.8441,1.83,0.1735925414807594,88.09410997783962,Europe,GBR
GBR,2012,22.106,87.4799984242111,1.92,0.1710506680720732,87.80431663945572,Europe,GBR
GBR,2011,21.689,85.3799985496322,1.91,0.1685965566334498,88.88681699423068,Europe,GBR
GBR,2010,20.328,85,1.92,0.166611025594065,93.74113716412653,Europe,GBR
GBR,2009,19.479,83.56,1.89,0.1653741210028919,89.42753611453323,Europe,GBR
GBR,2008,15.352,78.39,1.91,0.1635231463061705,99.13638147270964,Europe,GBR
GBR,2007,14.611,75.09,1.86,0.1623323548375422,107.937080502226,Europe,GBR
GBR,2006,14.233,68.82,1.82,0.1611177807231961,99.64718212038377,Europe,GBR
GBR,2005,13.053,70,1.76,0.1594957682688915,95.26788971699125,Europe,GBR
GBR,2004,10.618,65.61,1.75,0.1574685209975036,90.8042413153753,Europe,GBR
GBR,2003,11.236,64.82,1.7,0.1563182610850333,82.7773890903771,Europe,GBR
GBR,2002,10.779,56.48,1.63,0.1551487649933444,72.5389687676499,Europe,GBR
GBR,2001,10.191,33.4810948744147,1.63,0.1534848108206677,62.99579934681878,Europe,GBR
GBR,2000,11.874,26.8217543508578,1.64,0.153637580772582,58.74072843732843,Europe,GBR
USA,2023,7.953,93.52559662,1.6165,0.1877558267275865,150.0328640412375,Americas,USA
USA,2022,8.105,92.72850037,1.6565,0.177566252873839,148.83813626056974,Americas,USA
USA,2021,9.704,91.2684021,1.664,0.1777727134580084,139.87096038202625,Americas,USA
USA,2020,14.891,90.34470367,1.6415,0.1779043381015168,124.99534211967425,Americas,USA
USA,2019,8.375,89.4302848575712,1.706,0.1612298571045946,117.232787393591,Americas,USA
USA,2018,8.607,88.498903165152,1.7295,0.1612947416849367,113.25023152041925,Americas,USA
USA,2017,9.238,87.2748891687657,1.7655,0.1618654205909525,108.96599526520475,Americas,USA
USA,2016,10.432,85.5444212887222,1.8205,0.1625325127098681,104.4945971743005,Americas,USA
USA,2015,11.634,74.5542024462761,1.8435,0.162658909884914,99.99999999999994,Americas,USA
USA,2014,13.411,73,1.8625,0.1629723771678031,95.30902407793769,Americas,USA
USA,2013,15.558,71.4,1.8575,0.1629787352491888,92.20475011134725,Americas,USA
USA,2012,16.211,74.7,1.8805,0.1632994442152932,87.40344974359678,Americas,USA
USA,2011,17.272,69.7294607619268,1.8945,0.163930429732797,86.70843510312028,Americas,USA
USA,2010,18.361,71.69,1.931,0.1645320452412631,92.92327980900933,Americas,USA
USA,2009,17.517,71,2.002,0.1659103335137292,97.46771927549071,Americas,USA
USA,2008,12.76,74,2.072,0.1672353381083414,103.40669716001993,Americas,USA
USA,2007,10.472,75,2.12,0.1683443579124151,115.9805870298375,Americas,USA
USA,2006,10.43,68.93119812,2.108,0.1690019596680051,119.065904555269,Americas,USA
USA,2005,11.24,67.9681015,2.057,0.1695444824582881,115.67662419901775,Americas,USA
USA,2004,11.791,64.7582564759896,2.0515,0.1701652462743981,107.736047073601,Americas,USA
USA,2003,12.362,61.6971171244207,2.0475,0.1706254459091657,100.90980309808876,Americas,USA
USA,2002,11.935,58.7854038836952,2.0205,0.1701531265068934,95.7218284831015,Americas,USA
USA,2001,10.492,49.0808315896951,2.0305,0.1697001393939689,90.63442729505255,Americas,USA
USA,2000,9.278,43.0791626375201,2.056,0.1688146084376791,86.49187159775155,Americas,USA
URY,2023,26.221,90.92590332,1.409,0.1851679598673781,NA,Americas,URY
URY,2022,25.32,89.87304314,1.425,0.1763605719464597,NA,Americas,URY
URY,2021,31.807,87.64440155,1.446,0.1769164102789612,NA,Americas,URY
URY,2020,34.215,85.47100067,1.497,0.1717747232075138,NA,Americas,URY
URY,2019,28.474,83.3515337667548,1.567,0.156562316012341,NA,Americas,URY
URY,2018,26.538,80.7268428795854,1.681,0.1576349728189624,NA,Americas,URY
URY,2017,25.251,70.3223543994698,1.824,0.1547977765696334,NA,Americas,URY
URY,2016,24.149,66.40000153,1.966,0.1554568745678222,NA,Americas,URY
URY,2015,22.875,64.5707870971624,2.041,0.1531752718705172,NA,Americas,URY
URY,2014,19.422,61.4624951684405,2.026,0.1525589946499623,NA,Americas,URY
URY,2013,19.302,57.69,2.034,0.1520226226343529,NA,Americas,URY
URY,2012,18.566,54.453768680746,2.012,0.1514031118830149,NA,Americas,URY
URY,2011,18.055,51.4046610563616,1.987,0.1512527497369377,NA,Americas,URY
URY,2010,20.707,46.4,2.011,0.1509885557355675,NA,Americas,URY
URY,2009,20.957,41.8,2.018,0.1509248704767225,NA,Americas,URY
URY,2008,22.354,39.3,2.03,0.1506002141601964,NA,Americas,URY
URY,2007,24.891,34,2.048,0.1501153151313682,NA,Americas,URY
URY,2006,28.089,29.39999962,2.07,0.1496459926099859,NA,Americas,URY
URY,2005,29.067,20.0881895579305,2.097,0.1490380138974641,NA,Americas,URY
URY,2004,33.068,17.0630983403661,2.093,0.1484816297393091,NA,Americas,URY
URY,2003,38.091,15.9371367159756,2.116,0.1479462463168339,NA,Americas,URY
URY,2002,37.887,11.4194701966853,2.16,0.1474423269969944,NA,Americas,URY
URY,2001,34.45,11.1214376832783,2.161,0.1469472205847201,NA,Americas,URY
URY,2000,29.251,10.5390577480141,2.196,0.1464248233641685,NA,Americas,URY
UZB,2023,10.762,89.01361047,3.5,0.1139705617443519,NA,Asia,UZB
UZB,2022,10.853,83.90000012,3.396,0.1118219976307507,NA,Asia,UZB
UZB,2021,13.031,76.59043014,3.273,0.1103589451209006,NA,Asia,UZB
UZB,2020,12.838,71.09999824,3.062,0.1104622926570326,NA,Asia,UZB
UZB,2019,11.27,70.3999986481458,2.869,0.1032578954778686,NA,Asia,UZB
UZB,2018,12.073,55.2000006732722,2.713,0.1034726077254215,NA,Asia,UZB
UZB,2017,12.887,48.6999988524556,2.57,0.1034346481532534,NA,Asia,UZB
UZB,2016,11.464,46.79130173,2.564,0.1022162788755138,NA,Asia,UZB
UZB,2015,11.455,42.79999924,2.583,0.1034941444359248,NA,Asia,UZB
UZB,2014,11.372,35.5,2.546,0.1036233101782772,NA,Asia,UZB
UZB,2013,10.758,26.799999239999998,2.445,0.1035766835768859,NA,Asia,UZB
UZB,2012,10.68,23.60000038,2.337,0.103881280205909,NA,Asia,UZB
UZB,2011,10.589,18.6,2.354,0.103568786993013,NA,Asia,UZB
UZB,2010,11.586,15.899999619999999,2.442,0.1039206675724819,NA,Asia,UZB
UZB,2009,10.753,11.9,2.559,0.1040155206918458,NA,Asia,UZB
UZB,2008,10.154,9.0801145234501,2.635,0.1042254228353567,NA,Asia,UZB
UZB,2007,10.141,7.49060468138629,2.573,0.1046010959197124,NA,Asia,UZB
UZB,2006,12.355,6.38832196706805,2.461,0.1036934375998371,NA,Asia,UZB
UZB,2005,14.491,3.34350988825952,2.438,0.1036028086073639,NA,Asia,UZB
UZB,2004,16.775,2.59372542084924,2.496,0.1039837609560347,NA,Asia,UZB
UZB,2003,18.882,1.91259517784997,2.503,0.103256788582948,NA,Asia,UZB
UZB,2002,20.986,1.08193974248733,2.575,0.1031202502358432,NA,Asia,UZB
UZB,2001,22.983,0.597567993875805,2.61,0.1034129553147923,NA,Asia,UZB
UZB,2000,24.819,0.484347307694947,2.696,0.1029464749806927,NA,Asia,UZB
VUT,2023,11.489,NA,3.596,0.1228487728929717,NA,Oceania,VUT
VUT,2022,11.61,NA,3.647,0.1166770369856236,NA,Oceania,VUT
VUT,2021,10.921,NA,3.696,0.1167154268524078,NA,Oceania,VUT
VUT,2020,9.696,NA,3.738,0.1146324907739412,NA,Oceania,VUT
VUT,2019,12.336,NA,3.79,0.1047316033388892,NA,Oceania,VUT
VUT,2018,11.992,NA,3.834,0.1034411833377167,NA,Oceania,VUT
VUT,2017,11.612,NA,3.875,0.1043679034852187,NA,Oceania,VUT
VUT,2016,11.32,NA,3.915,0.102065201447156,NA,Oceania,VUT
VUT,2015,11.067,22.35140038,3.952,0.1013696502078074,NA,Oceania,VUT
VUT,2014,10.814,18.799999239999998,3.999,0.1005610774718589,NA,Oceania,VUT
VUT,2013,10.465,11.30000019,4.039,0.099863551392725,NA,Oceania,VUT
VUT,2012,10.122,10.59799957,4.059,0.0992193780585089,NA,Oceania,VUT
VUT,2011,9.758,9.199999809,4.093,0.0986070318463363,NA,Oceania,VUT
VUT,2010,9.399,8,4.126,0.0981646438870912,NA,Oceania,VUT
VUT,2009,8.957,7.5,4.157,0.0976729491603365,NA,Oceania,VUT
VUT,2008,10.425,7.26911992337492,4.159,0.0971838461526833,NA,Oceania,VUT
VUT,2007,12.016,6.800000191,4.117,0.0968037276346321,NA,Oceania,VUT
VUT,2006,13.543,5.850599766,4.1,0.0964336030112219,NA,Oceania,VUT
VUT,2005,13.633,5.082300186,4.133,0.096114670044682,NA,Oceania,VUT
VUT,2004,13.996,4.74660261917533,4.214,0.0958120177481532,NA,Oceania,VUT
VUT,2003,14.335,3.90329584542948,4.293,0.0955174322126908,NA,Oceania,VUT
VUT,2002,14.368,3.51003871071264,4.382,0.0953059307422249,NA,Oceania,VUT
VUT,2001,14.251,2.83057223877678,4.495,0.0951788019093364,NA,Oceania,VUT
VUT,2000,14.107,2.10833689115184,4.537,0.0950484246588702,NA,Oceania,VUT
VEN,2023,10.274,76.33190155,2.079,0.1601569125072861,NA,Americas,VEN
VEN,2022,10.58,75.82180023,2.088,0.1522052722008843,NA,Americas,VEN
VEN,2021,12.943,74.11219788,2.105,0.1518861685179403,NA,Americas,VEN
VEN,2020,13.608,72.44110107,2.116,0.1484354614072741,NA,Americas,VEN
VEN,2019,11.767,49.05009842,2.131,0.1356964072237542,NA,Americas,VEN
VEN,2018,12.034,NA,2.151,0.1344472205380883,NA,Americas,VEN
VEN,2017,12.247,NA,2.183,0.1331559646315326,NA,Americas,VEN
VEN,2016,11.677,60,2.217,0.1319459216806849,NA,Americas,VEN
VEN,2015,13.334,58,2.253,0.130321348119669,NA,Americas,VEN
VEN,2014,14.767,57,2.296,0.1293280261447979,NA,Americas,VEN
VEN,2013,16.224,54.90000153,2.334,0.1284232421966299,NA,Americas,VEN
VEN,2012,14.089,49.0500830729861,2.379,0.1279210728135767,NA,Americas,VEN
VEN,2011,14.048,40.22,2.398,0.127665995760307,NA,Americas,VEN
VEN,2010,14.178,37.37,2.396,0.1273508904906057,NA,Americas,VEN
VEN,2009,12.126,32.7,2.422,0.1271277304254712,NA,Americas,VEN
VEN,2008,12.354,25.88,2.475,0.1270098924055592,NA,Americas,VEN
VEN,2007,13.574,20.83,2.524,0.1267564672548913,NA,Americas,VEN
VEN,2006,15.361,15.2247114771787,2.595,0.1263955954572626,NA,Americas,VEN
VEN,2005,18.247,12.5529979098299,2.629,0.1263031165332903,NA,Americas,VEN
VEN,2004,25.273,8.40446959241215,2.639,0.1261158226935571,NA,Americas,VEN
VEN,2003,27.914,7.49996346522407,2.703,0.1259001940321689,NA,Americas,VEN
VEN,2002,27.187,4.91044632720325,2.739,0.1256025906065774,NA,Americas,VEN
VEN,2001,21.94,4.63600094778677,2.779,0.1252587936069446,NA,Americas,VEN
VEN,2000,23.396,3.3595974645036,2.79,0.124797385283269,NA,Americas,VEN
VNM,2023,6.441,78.08,1.913,0.086513410665162,NA,Asia,VNM
VNM,2022,6.097,78.58999918,1.927,0.0833181404691765,NA,Asia,VNM
VNM,2021,6.903,74.20999985,1.942,0.0848106464579263,NA,Asia,VNM
VNM,2020,6.546,70.300000120000007,1.957,0.0819685183645246,NA,Asia,VNM
VNM,2019,5.624,68.6615802057338,1.943,0.0784145871234317,NA,Asia,VNM
VNM,2018,4.648,69.8479286837965,1.88,0.0791340429786502,NA,Asia,VNM
VNM,2017,7.124,58.1400000036297,1.985,0.079019146386299,NA,Asia,VNM
VNM,2016,6.763,53,2,0.0788350952850685,NA,Asia,VNM
VNM,2015,6.267,45,2.1,0.0785268040079396,NA,Asia,VNM
VNM,2014,4.666,41,2.09,0.0779827227839287,NA,Asia,VNM
VNM,2013,4.559,38.5,1.98,0.0778498662396112,NA,Asia,VNM
VNM,2012,3.63,36.79999924,1.967,0.0778197312650408,NA,Asia,VNM
VNM,2011,3.226,35.07,1.927,0.0772661312767527,NA,Asia,VNM
VNM,2010,3.432,30.65,1.906,0.0772426981229245,NA,Asia,VNM
VNM,2009,4.433,26.55,1.92,0.0773217383699559,NA,Asia,VNM
VNM,2008,5.184,23.92,1.933,0.0764898729116822,NA,Asia,VNM
VNM,2007,5.885,20.7554447679753,1.911,0.0765866193398714,NA,Asia,VNM
VNM,2006,5.401,17.2545617186662,1.873,0.0764439446138957,NA,Asia,VNM
VNM,2005,4.963,12.7399292907031,1.887,0.076292433792683,NA,Asia,VNM
VNM,2004,4.57,7.64240852842363,1.968,0.0754846919883878,NA,Asia,VNM
VNM,2003,4.718,3.78028081370641,1.999,0.0759895741560796,NA,Asia,VNM
VNM,2002,4.418,1.85499923592581,2.006,0.0748521575843781,NA,Asia,VNM
VNM,2001,5.592,1.26565123612317,2.023,0.0753241182492887,NA,Asia,VNM
VNM,2000,4.732,0.25424827575493397,2.028,0.0748698664120066,NA,Asia,VNM
VIR,2023,23.588,NA,1.98,0.1677448889875107,NA,Americas,VIR
VIR,2022,25.611,NA,2,0.160318858872614,NA,Americas,VIR
VIR,2021,30.712,NA,2.01,0.1607812096519578,NA,Americas,VIR
VIR,2020,34.064,NA,2.03,0.1579527213015038,NA,Americas,VIR
VIR,2019,26.505,NA,2.05,0.1474228862716216,NA,Americas,VIR
VIR,2018,26.474,NA,2.06,0.1476813333597006,NA,Americas,VIR
VIR,2017,26.044,64.3774942980087,2.08,0.1476867894162656,NA,Americas,VIR
VIR,2016,26.746,59.60831579895,2.09,0.1473590839130188,NA,Americas,VIR
VIR,2015,25.425,54.839137296,2.11,0.146799964543695,NA,Americas,VIR
VIR,2014,26.297,50.07,2.09,0.1462317251004601,NA,Americas,VIR
VIR,2013,26.179,45.3,2.08,0.1459719348226537,NA,Americas,VIR
VIR,2012,24.923,40.5479,2.06,0.1456851979343864,NA,Americas,VIR
VIR,2011,24.371,35.6,2.16,0.145094081555983,NA,Americas,VIR
VIR,2010,23.068,31.22,2.3,0.1448898706735469,NA,Americas,VIR
VIR,2009,22.927,27.3965096846662,2.37,0.1446981977155832,NA,Americas,VIR
VIR,2008,19.906,27.3617774210613,2.44,0.144307258887807,NA,Americas,VIR
VIR,2007,19.85,27.3393358364014,2.51,0.1439011455354756,NA,Americas,VIR
VIR,2006,20.214,27.3326105376325,2.03,0.1434471230004544,NA,Americas,VIR
VIR,2005,21.502,27.3443196733265,2.24,0.1429423640034157,NA,Americas,VIR
VIR,2004,21.658,27.3770087880198,2.17,0.14239521124807,NA,Americas,VIR
VIR,2003,22.111,27.4290729887632,2.07,0.1418211631753932,NA,Americas,VIR
VIR,2002,21.234,27.4944323774436,2.21,0.1411696661351965,NA,Americas,VIR
VIR,2001,20.802,18.3757660397468,1.9,0.140463332591209,NA,Americas,VIR
VIR,2000,20.39,13.8150805419196,2.06,0.1397966701048528,NA,Americas,VIR
PSE,2023,NA,86.63765334,3.311,0.1633983522050135,NA,Asia,PSE
PSE,2022,36.092,88.64690554,3.375,0.1551623797030388,NA,Asia,PSE
PSE,2021,41.63,NA,3.442,0.1570828561888379,NA,Asia,PSE
PSE,2020,42.053,76.18160248,3.511,0.1543218262836541,NA,Asia,PSE
PSE,2019,40.151,70.6225837001758,3.591,0.1397475449540187,NA,Asia,PSE
PSE,2018,42.224,64.3999937114499,3.674,0.1406515074306412,NA,Asia,PSE
PSE,2017,41.868,63.29999924,3.771,0.1417863816763471,NA,Asia,PSE
PSE,2016,38.507,59.90000153,3.887,0.1422128071866118,NA,Asia,PSE
PSE,2015,37.215,56.70000076,3.977,0.142601422633386,NA,Asia,PSE
PSE,2014,36.33,53.6651997924171,3.995,0.1437078462673213,NA,Asia,PSE
PSE,2013,37.137,46.59999847,4.049,0.1433824791531248,NA,Asia,PSE
PSE,2012,34.644,43.4,4.154,0.1444435183459115,NA,Asia,PSE
PSE,2011,31.224,41.08000183,4.305,0.1448822087457319,NA,Asia,PSE
PSE,2010,36.178,37.40000153,4.434,0.1450537380268365,NA,Asia,PSE
PSE,2009,33.995,32.23,4.44,0.145824597268877,NA,Asia,PSE
PSE,2008,37.286,24.3579998,4.509,0.1460526140563001,NA,Asia,PSE
PSE,2007,31.008,21.1760006,4.627,0.1460060201328019,NA,Asia,PSE
PSE,2006,29.844,18.41,4.739,0.1462413686552442,NA,Asia,PSE
PSE,2005,31.933,16.00499916,4.867,0.146070507070874,NA,Asia,PSE
PSE,2004,35.61,4.40090482603223,4.971,0.1462138614080099,NA,Asia,PSE
PSE,2003,35.433,4.13061635632919,5.062,0.1460188947986241,NA,Asia,PSE
PSE,2002,38.739,3.10009223512517,5.216,0.1456068919326673,NA,Asia,PSE
PSE,2001,31.281,1.83685483917877,5.342,0.1449996559442251,NA,Asia,PSE
PSE,2000,15.818,1.11130620708969,5.457,0.1446156721490019,NA,Asia,PSE
YEM,2023,32.104,NA,4.59,0.1483570095614721,NA,Asia,YEM
YEM,2022,32.454,NA,4.593,0.1423761712224571,NA,Asia,YEM
YEM,2021,34.097,NA,4.597,0.142545946696132,NA,Asia,YEM
YEM,2020,34.531,NA,4.6,0.143554129324204,NA,Asia,YEM
YEM,2019,32.347,17.49099922,4.603,0.1286732784412766,NA,Asia,YEM
YEM,2018,32.72,NA,4.607,0.1295861763260817,NA,Asia,YEM
YEM,2017,33.899,NA,4.61,0.130107864816635,NA,Asia,YEM
YEM,2016,33.511,24.57920074,4.613,0.1303914721188892,NA,Asia,YEM
YEM,2015,32.7,24.08539963,4.617,0.1310258282056613,NA,Asia,YEM
YEM,2014,24.761,22.549999239999998,4.62,0.131334314973973,NA,Asia,YEM
YEM,2013,24.56,20,4.623,0.1313110335677714,NA,Asia,YEM
YEM,2012,23.83,17.44650078,4.633,0.1318126641337968,NA,Asia,YEM
YEM,2011,23.161,14.90499973,4.63,0.1322140132383719,NA,Asia,YEM
YEM,2010,22.036,12.35,4.81,0.1326634169944919,NA,Asia,YEM
YEM,2009,21.753,9.96,5.004,0.1332586507445766,NA,Asia,YEM
YEM,2008,21.373,6.89,5.113,0.1334328241668422,NA,Asia,YEM
YEM,2007,20.932,5.01,5.261,0.1339669435871919,NA,Asia,YEM
YEM,2006,20.55,1.24782404904485,5.412,0.1340044924908477,NA,Asia,YEM
YEM,2005,20.186,1.048599958,5.563,0.1338784075222039,NA,Asia,YEM
YEM,2004,19.904,0.881222988679516,5.712,0.1338598100767665,NA,Asia,YEM
YEM,2003,19.601,0.604734100431821,5.839,0.1339753511944438,NA,Asia,YEM
YEM,2002,19.237,0.518796032123435,5.971,0.1336942454557526,NA,Asia,YEM
YEM,2001,18.953,0.0908024587169292,6.143,0.1333913664261704,NA,Asia,YEM
YEM,2000,18.611,0.0825003865143108,6.317,0.1334733829464891,NA,Asia,YEM
ZMB,2023,10.038,16.45070076,4.101,0.1489040098190358,NA,Africa,ZMB
ZMB,2022,9.849,15,4.175,0.1381018733235554,NA,Africa,ZMB
ZMB,2021,9.364,14.82190037,4.246,0.1377522612755865,NA,Africa,ZMB
ZMB,2020,11.042,14.64579964,4.323,0.1337650617057945,NA,Africa,ZMB
ZMB,2019,10.348,14.47189999,4.418,0.11762190678437,NA,Africa,ZMB
ZMB,2018,8.745,14.2999970950012,4.492,0.1167215455509666,NA,Africa,ZMB
ZMB,2017,8.514,12.19999981,4.567,0.1154051220606314,NA,Africa,ZMB
ZMB,2016,10.506,10.30000019,4.669,0.1145003738664316,NA,Africa,ZMB
ZMB,2015,12.364,8.8,4.775,0.1136563655209206,NA,Africa,ZMB
ZMB,2014,14.003,6.5,4.89,0.1123763528872103,NA,Africa,ZMB
ZMB,2013,15.71,4.8,5.014,0.110485988952812,NA,Africa,ZMB
ZMB,2012,17.161,4.099999905,5.136,0.1090720702542712,NA,Africa,ZMB
ZMB,2011,23.216,3.5,5.256,0.1082019324554174,NA,Africa,ZMB
ZMB,2010,29.164,3,5.359,0.1066892369515795,NA,Africa,ZMB
ZMB,2009,22.898,2.5,5.453,0.1084189228374298,NA,Africa,ZMB
ZMB,2008,16.786,2.200000048,5.53,0.1064873706877047,NA,Africa,ZMB
ZMB,2007,21.859,1.899999976,5.613,0.1072817277441845,NA,Africa,ZMB
ZMB,2006,26.773,1.600000024,5.679,0.1077825327523664,NA,Africa,ZMB
ZMB,2005,31.462,1.299999952,5.697,0.1063709465956026,NA,Africa,ZMB
ZMB,2004,29.625,1.1,5.698,0.1062772578077087,NA,Africa,ZMB
ZMB,2003,27.737,0.980483039426114,5.71,0.1079860482333713,NA,Africa,ZMB
ZMB,2002,25.983,0.477750906947484,5.774,0.1066284058101134,NA,Africa,ZMB
ZMB,2001,24.045,0.233129556342332,5.848,0.1078827901845998,NA,Africa,ZMB
ZMB,2000,22.543,0.191071642503428,5.921,0.1075843363339263,NA,Africa,ZMB
ZWE,2023,15.332,38.67480087,3.724,0.1403095240546591,NA,Africa,ZWE
ZWE,2022,16.984,36.25650024,3.767,0.1307890120760457,NA,Africa,ZWE
ZWE,2021,15.208,32.5923996,3.765,0.1316601946855349,NA,Africa,ZWE
ZWE,2020,14.243,29.29856532,3.754,0.1284120483851903,NA,Africa,ZWE
ZWE,2019,11.718,26.5883007,3.748,0.1140254081626028,NA,Africa,ZWE
ZWE,2018,10.693,25,3.744,0.1138573183102315,NA,Africa,ZWE
ZWE,2017,9.833,24.39999962,3.768,0.1138974128050462,NA,Africa,ZWE
ZWE,2016,8.949,23.12000084,3.828,0.1141337998038068,NA,Africa,ZWE
ZWE,2015,8.016,22.74279976,3.911,0.1140326986970702,NA,Africa,ZWE
ZWE,2014,6.945,16.3647399572904,4.011,0.1137848755858995,NA,Africa,ZWE
ZWE,2013,7.606,15.5,4.111,0.1134916474520299,NA,Africa,ZWE
ZWE,2012,8.169,12,4.134,0.1132506967993733,NA,Africa,ZWE
ZWE,2011,8.959,8.399999619,4.126,0.1139838760055344,NA,Africa,ZWE
ZWE,2010,9.093,6.400000095,4.04,0.1144151858470125,NA,Africa,ZWE
ZWE,2009,9.109,4,3.95,0.114844027789817,NA,Africa,ZWE
ZWE,2008,9.026,3.5,3.783,0.1155713658100844,NA,Africa,ZWE
ZWE,2007,8.53,3,3.677,0.1153347763554724,NA,Africa,ZWE
ZWE,2006,8.235,2.4000000950000002,3.635,0.1152557745772026,NA,Africa,ZWE
ZWE,2005,8.1,2.4000000950000002,3.693,0.1156140435279076,NA,Africa,ZWE
ZWE,2004,7.842,2.1,3.776,0.1155275752282354,NA,Africa,ZWE
ZWE,2003,8.951,1.8,3.862,0.1156554424602174,NA,Africa,ZWE
ZWE,2002,9.886,1.1,3.925,0.1156856144865894,NA,Africa,ZWE
ZWE,2001,10.863,0.799846045633137,3.983,0.115420943985179,NA,Africa,ZWE
ZWE,2000,11.937,0.401433535211582,4.009,0.1148723437098546,NA,Africa,ZWE
