iso3c,year,youth_unemp,internet,fertility,mental_health,house_price,continent,income_group,gdp_pc,tertiary_ed,urban_pct
AFG,2023,17.494,15.92840004,4.84,0.1631364024420641,NA,Asia,AFG,378.06630312259,NA,25.4730529631167
AFG,2022,17.539,15.86629963,4.932,0.1530717960901612,NA,Asia,AFG,377.665627080705,NA,25.3939250580909
AFG,2021,16.013,16.51429939,5.039,0.1537544249161183,NA,Asia,AFG,408.625855217403,NA,25.3478620272481
AFG,2020,16.053,17.04850006,5.145,0.1512871729515531,NA,Asia,AFG,527.834554499306,10.85435962677,25.2622103446137
AFG,2019,15.52,17.60000038,5.238,0.1320280751992188,NA,Asia,AFG,557.861533207459,NA,25.1437258839803
AFG,2018,16.402,16.799999239999998,5.327,0.1315275923676729,NA,Asia,AFG,553.125151688293,9.99592018127441,24.9991645191406
AFG,2017,17.31,13.5,5.433,0.1310120201011298,NA,Asia,AFG,562.769574140988,NA,24.8352821238871
AFG,2016,14.932,11,5.542,0.1304095020793299,NA,Asia,AFG,563.872336723147,NA,24.6588345720126
AFG,2015,12.534,8.260000229,5.652,0.1299744420253892,NA,Asia,AFG,565.569730408751,NA,24.4649118421568
AFG,2014,10.094,7,5.77,0.1294143645208786,NA,Asia,AFG,575.146245808546,8.39764022827148,24.1910166387726
AFG,2013,10.104,5.900000095,5.879,0.128864913968763,NA,Asia,AFG,580.603833333096,NA,23.8077136743646
AFG,2012,10.071,5.454500198,5.985,0.1285393088491182,NA,Asia,AFG,568.929021458341,NA,23.3434391310979
AFG,2011,10.044,5,6.094,0.1283558120768881,NA,Asia,AFG,525.42698276582,3.68686008453369,22.8205691572485
AFG,2010,10.041,4,6.195,0.1284136670263013,NA,Asia,AFG,542.871030476037,NA,22.2614799010924
AFG,2009,10.056,3.55,6.295,0.1285396896849985,NA,Asia,AFG,488.830652491949,3.93815994262695,21.6885475109053
AFG,2008,10.137,1.84,6.392,0.1286898340900577,NA,Asia,AFG,417.647282647498,NA,21.1241481349633
AFG,2007,10.12,1.899999976,6.508,0.1287634674302241,NA,Asia,AFG,410.757728879097,NA,20.5906579215423
AFG,2006,10.182,2.10712364546412,6.686,0.12875366667144789,NA,Asia,AFG,367.75831169358,NA,20.1104530189181
AFG,2005,10.176,1.22414808372471,6.858,0.1287271569529128,NA,Asia,AFG,363.640141436773,NA,19.7059095753667
AFG,2004,10.111,0.105809030021958,7.018,0.1288207155341786,NA,Asia,AFG,338.637273888197,1.39064002037048,19.3993593959593
AFG,2003,10.159,0.0878912528559713,7.174,0.1290475466311411,NA,Asia,AFG,346.071627096223,1.37434995174408,19.1600346409089
AFG,2002,10.181,0.00456139517022146,7.32,0.1290757397712804,NA,Asia,AFG,338.139973643387,NA,18.9412480133309
AFG,2001,10.271,0.00472256824217368,7.453,0.1292227458379666,NA,Asia,AFG,277.118051443941,NA,18.7412381251552
AFG,2000,10.203,NA,7.566,0.1290879865966832,NA,Asia,AFG,308.318269746638,NA,18.5581995230666
ALB,2023,25.41,83.13559161,1.348,0.1419435693435878,NA,Europe,ALB,6198.17195301204,64.7293520237257,58.2106086137857
ALB,2022,24.543,82.61367544,1.355,0.1325978350305963,NA,Europe,ALB,5867.65096230557,62.647921513098,57.8643477747383
ALB,2021,27.089,79.32371752,1.365,0.1315781078574863,NA,Europe,ALB,5511.75743402862,59.9698690125562,57.5077187031778
ALB,2020,26.422,72.23767711,1.371,0.1307871923121997,NA,Europe,ALB,4980.61699524696,61.5853024328899,57.1408592155544
ALB,2019,26.942,68.5503911218006,1.395,0.1187030871336602,NA,Europe,ALB,5072.43648354739,61.4085141527142,56.7639071287255
ALB,2018,28.109,65.40000153,1.415,0.1187590780397651,NA,Europe,ALB,4893.82375538717,56.0802964109938,56.377000259892
ALB,2017,31.184,62.40000153,1.486,0.1190255054227118,NA,Europe,ALB,4648.23078660658,58.0177836674929,55.980276426546
ALB,2016,35.918,59.59999847,1.555,0.1186579522655177,NA,Europe,ALB,4431.55635814168,58.4884791901189,55.5738734464276
ALB,2015,39.628,56.90000153,1.631,0.1176197956023448,NA,Europe,ALB,4199.53912925398,61.9608485481051,55.1579291374894
ALB,2014,39.554,54.29999924,1.721,0.1177026903526118,NA,Europe,ALB,4045.11934884933,65.5507096860696,54.7325813178673
ALB,2013,31.207,51.79999924,1.741,0.1165569271084152,NA,Europe,ALB,3895.89975621942,63.8440585382953,54.2979678058548
ALB,2012,28.871,49.40000153,1.719,0.1163044438474477,NA,Europe,ALB,3771.84781862015,58.6214186004979,53.8637553661449
ALB,2011,22.697,47,1.677,0.1160369406090582,NA,Europe,ALB,3677.89457937717,49.3997040639925,53.2917382892465
ALB,2010,30.867,45,1.653,0.11524167074132011,NA,Europe,ALB,3579.82413181046,43.3279304504395,51.8815774292716
ALB,2009,27.357,41.2,1.638,0.1154915134511567,NA,Europe,ALB,3459.24695646692,32.9239883422852,50.6132439427449
ALB,2008,26.605,23.86,1.616,0.1149897967268874,NA,Europe,ALB,3345.98161761476,31.6839599609375,49.3850699230207
ALB,2007,26.645,15.03610039,1.633,0.1145017769168946,NA,Europe,ALB,3105.8796756386,30.2319297790527,48.2022815728384
ALB,2006,25.877,9.609999657,1.686,0.113781014580716,NA,Europe,ALB,2894.36032580174,26.2101001739502,47.0701050949378
ALB,2005,26.243,6.04389086404814,1.787,0.1133798508106014,NA,Europe,ALB,2712.86983830331,22.389009475708,45.9937666920583
ALB,2004,26.605,2.42038779776014,1.889,0.1135130488809682,NA,Europe,ALB,2567.29763687121,19.1295795440674,44.9784925669394
ALB,2003,27.516,0.971900415195857,2.006,0.1122865840907859,NA,Europe,ALB,2428.68934653563,16.3662395477295,44.0295089223208
ALB,2002,28.774,0.39008127343332,2.002,0.1128296097765676,NA,Europe,ALB,2297.10853513924,16.3895606994629,43.1520419609419
ALB,2001,29.816,0.325798377067964,2.141,0.1127802133417935,NA,Europe,ALB,2188.91854451375,15.4820499420166,42.354513990929
ALB,2000,30.433,0.114097346552109,2.217,0.1125868870682901,NA,Europe,ALB,1991.91435867116,15.3867101669312,41.6135829609314
DZA,2023,29.995,76.19760132,2.766,0.1496640894143247,NA,Africa,DZA,4660.40545687895,55.5320185816789,74.732808364138
DZA,2022,31.359,74.78150177,2.817,0.1441795296197633,NA,Africa,DZA,4544.46688060372,53.3875786756,74.1795862354514
DZA,2021,33.828,72.21240234,2.87,0.1439365480591769,NA,Africa,DZA,4456.74687637774,54.2222597146723,73.6199218261573
DZA,2020,35.767,63.47269821,2.94,0.145253450540613,NA,Africa,DZA,4363.68533767783,53.3752192208988,73.0541126293395
DZA,2019,31.202,55.79069901,2.997,0.1328625611009697,NA,Africa,DZA,4672.66408678635,53.8645018203122,72.4824561380175
DZA,2018,30.709,49.0384680793271,3.019,0.1336930536035206,NA,Africa,DZA,4717.0035885361,52.8819387317527,71.905249845153
DZA,2017,30.295,47.69110107,3.09,0.1336919430027401,NA,Africa,DZA,4742.90075532529,49.177689984383,71.3227912436551
DZA,2016,26.228,42.94549942,3.091,0.133936931593425,NA,Africa,DZA,4768.73140081027,43.9040620880927,70.7353778263851
DZA,2015,30.377,38.20000076,3.091,0.1342079544019518,NA,Africa,DZA,4685.05902729002,38.2444735695552,70.1433070861612
DZA,2014,25.664,29.5,3.084,0.1342764776804529,NA,Africa,DZA,4634.10149179952,36.0427983596258,69.5468765157615
DZA,2013,25.459,22.5,2.997,0.1348794461543784,NA,Africa,DZA,4543.23444006767,35.4386275633738,68.9463836079277
DZA,2012,27.872,18.200000760000002,2.996,0.1353074640470178,NA,Africa,DZA,4518.43978956464,33.5570987119466,68.3421258553675
DZA,2011,22.803,14.899999619999999,2.899,0.1356767783398708,NA,Africa,DZA,4501.3543013352,32.3866003582095,67.7344007507578
DZA,2010,22.161,12.5,2.875,0.1359681506546849,NA,Africa,DZA,4456.6102741643,30.7344437013341,67.1235057867459
DZA,2009,21.78,11.23,2.825,0.1363157808482468,NA,Africa,DZA,4336.10054052949,30.5014705657959,66.5097384559521
DZA,2008,24.431,10.18,2.785,0.1364259645411937,NA,Africa,DZA,4367.56538017541,NA,65.901485871159
DZA,2007,27.939,9.45119062555304,2.704,0.1366839834824283,NA,Africa,DZA,4339.25055772831,23.5956306457519,65.1690763324461
DZA,2006,24.398,7.37598495634886,2.628,0.1367212367282693,NA,Africa,DZA,4279.61547120827,21.3458003997803,64.4154348614309
DZA,2005,31.243,5.843900204,2.562,0.136807951897028,NA,Africa,DZA,4223.60252133943,20.7098693847656,63.6598541890144
DZA,2004,34.211,4.63447508776537,2.5,0.1369667369407497,NA,Africa,DZA,4066.28204806495,18.8709297180176,62.9023132048725
DZA,2003,43.862,2.19535973086144,2.451,0.1370707725660656,NA,Africa,DZA,3945.89816094007,18.211820602417,62.1427907986812
DZA,2002,46.034,1.59164126035832,2.429,0.1370992695001362,NA,Africa,DZA,3754.66081538446,16.9754199981689,61.3812658601162
DZA,2001,46.927,0.646114016703792,2.519,0.1369114722689245,NA,Africa,DZA,3610.00605631983,15.2947797775269,60.6177172788536
DZA,2000,50.661,0.491705679141589,2.59,0.13683939260415,NA,Africa,DZA,3553.32420521991,NA,59.8521239445692
ASM,2023,NA,NA,2.286,0.1282533889665077,NA,Oceania,ASM,NA,NA,81.3721542708222
ASM,2022,NA,NA,2.305,0.1208124524209869,NA,Oceania,ASM,13709.0974895473,NA,81.794797704649
ASM,2021,NA,NA,2.327,0.1211904303801038,NA,Oceania,ASM,13233.5784817341,NA,82.2127091544092
ASM,2020,NA,NA,2.36,0.1181645249071287,NA,Oceania,ASM,13194.274740128,NA,82.6240780620716
ASM,2019,NA,NA,2.404,0.1065976392908462,NA,Oceania,ASM,12524.0160252283,NA,83.0542171797274
ASM,2018,NA,NA,2.494,0.1060541987000869,NA,Oceania,ASM,12412.6024074562,NA,83.4779973316097
ASM,2017,NA,NA,2.598,0.1053985516231775,NA,Oceania,ASM,11930.7771236826,NA,83.8890385422071
ASM,2016,NA,NA,2.699,0.1054349100529096,NA,Oceania,ASM,12665.2829921268,NA,84.2862824389061
ASM,2015,NA,NA,2.78,0.1047544037624684,NA,Oceania,ASM,12727.4102651386,NA,84.668670649093
ASM,2014,NA,NA,2.852,0.1032083830501422,NA,Oceania,ASM,12203.0894714284,NA,85.0351448001542
ASM,2013,NA,NA,2.932,0.104082324430593,NA,Oceania,ASM,11871.7937192729,NA,85.3846465194761
ASM,2012,NA,NA,3.043,0.1018954853777807,NA,Oceania,ASM,12068.2667374983,NA,85.7161174344451
ASM,2011,NA,NA,3.169,0.1019979807603157,NA,Oceania,ASM,12521.8095058644,NA,86.0284991724475
ASM,2010,NA,NA,3.292,0.1023164074074091,NA,Oceania,ASM,12446.3086265015,NA,86.3190673549669
ASM,2009,NA,NA,3.359,0.1018306005662915,NA,Oceania,ASM,12342.0575384016,NA,86.6035980447517
ASM,2008,NA,NA,3.42,0.1028930724655709,NA,Oceania,ASM,12809.4633079683,NA,86.9001769674517
ASM,2007,NA,NA,3.509,0.1025701603702116,NA,Oceania,ASM,13092.3111393408,NA,87.2017863350389
ASM,2006,NA,NA,3.685,0.1021788370480676,NA,Oceania,ASM,12794.7565021718,NA,87.4983609900321
ASM,2005,NA,NA,3.863,0.1011345803565826,NA,Oceania,ASM,13284.2791128875,NA,87.7798357749499
ASM,2004,NA,NA,3.945,0.1000901728276802,NA,Oceania,ASM,13291.5356626851,NA,88.0361455323111
ASM,2003,NA,NA,3.91,0.0997593195082771,NA,Oceania,ASM,13201.7347516166,NA,88.2572251046343
ASM,2002,NA,NA,3.866,0.098129610136743,NA,Oceania,ASM,13054.6364326897,NA,88.4330093344384
ASM,2001,NA,NA,3.87,0.0979772368776793,NA,Oceania,ASM,NA,NA,88.553433064242
ASM,2000,NA,NA,3.89,0.0978426816944843,NA,Oceania,ASM,NA,NA,88.6075809307222
AND,2023,NA,94.21499634,1.082,0.2040146116026753,NA,Europe,AND,40227.2524257376,62.4106937082277,88.8201609217082
AND,2022,NA,94.05169678,1.071,0.1921337982111478,NA,Europe,AND,39780.4152991834,34.6414389161411,88.7548766267286
AND,2021,NA,93.89749908,1.058,0.1875116832014598,NA,Europe,AND,36929.0364995869,15.4117647058823,88.6627318165299
AND,2020,NA,93.20570374,1.028,0.1880194458139039,NA,Europe,AND,34536.666145207,15.2605749006777,88.5907780427517
AND,2019,NA,90.71869659,1.045,0.1660033381895476,NA,Europe,AND,39346.2935180487,15.4352596927579,88.5391793666245
AND,2018,NA,93.5,1.053,0.1636564097359801,NA,Europe,AND,39242.1633307803,15.7132150886835,88.5080998493791
AND,2017,NA,91.5674670273926,1.129,0.160682224688148,NA,Europe,AND,39361.0807539996,15.6664896441848,88.4977035522461
AND,2016,NA,89.69999695,1.184,0.1579260279607002,NA,Europe,AND,40085.0394278177,15.2011095700416,88.5027454634853
AND,2015,NA,87.90000153,1.223,0.1555938983249934,NA,Europe,AND,38654.95287916,13.8206896551724,88.5180850122057
AND,2014,NA,86.09999847,1.168,0.1524669890455076,NA,Europe,AND,37300.6419409868,13.5399673735726,88.544042920911
AND,2013,NA,84.40000153,1.142,0.1500699232087423,NA,Europe,AND,35684.1861967511,14.5405405405405,88.5809399121053
AND,2012,NA,82.69999695,1.26,0.1477802538770145,NA,Europe,AND,36206.9954432018,12.870249017038,88.6290967082924
AND,2011,NA,81,1.321,0.1455813097870952,NA,Europe,AND,37637.5045137987,NA,88.6888340319763
AND,2010,NA,81,1.275,0.1434975619764785,NA,Europe,AND,36277.2814831059,NA,88.7604726056609
AND,2009,NA,78.53,1.208,0.1419818726148725,NA,Europe,AND,35604.4007343193,NA,88.84433315185
AND,2008,NA,70.04,1.25,0.1402365234512832,NA,Europe,AND,37775.1438845998,10.986120223999,88.9407363930477
AND,2007,NA,70.87,1.189,0.1390471509667743,NA,Europe,AND,40789.1781297264,NA,89.0500030517578
AND,2006,NA,48.9368469989479,1.234,0.1382251712854612,NA,Europe,AND,41322.0723316534,9.89391040802002,89.3789218918348
AND,2005,NA,37.6057662174867,1.224,0.1372892294207219,NA,Europe,AND,40528.1938997392,8.41534996032715,89.9563631945418
AND,2004,NA,26.8379543894637,1.229,0.136399850264529,NA,Europe,AND,40054.3399679173,8.74967002868652,90.5157699584961
AND,2003,NA,13.546412876439,1.18,0.135584936516674,NA,Europe,AND,39620.3387714274,8.82861995697021,90.9887515425879
AND,2002,NA,11.2604687170103,1.265,0.1351115283050759,NA,Europe,AND,38084.5022003398,7.31105995178223,91.4605308311615
AND,2001,NA,NA,1.305,0.1349865371238261,NA,Europe,AND,36790.1209900717,NA,91.8949711110146
AND,2000,NA,10.53883560922,1.273,0.1348384746642658,NA,Europe,AND,34113.8334027285,NA,92.2559356689453
AGO,2023,26.834,37.88589859,5.124,0.1767739950627309,NA,Africa,AGO,2809.15727975557,10.04935810264,69.8515032220457
AGO,2022,27.143,35.83800125,5.209,0.1662301914028659,NA,Africa,AGO,2860.90251922246,NA,69.0506188977513
AGO,2021,30.171,34.55649948,5.304,0.1671644950947486,NA,Africa,AGO,2832.81777132286,NA,68.2524163556969
AGO,2020,33.076,33.32089996,5.371,0.1637889685938031,NA,Africa,AGO,2864.16146036893,NA,67.4568270208187
AGO,2019,31.832,32.12939835,5.442,0.1451306344446179,NA,Africa,AGO,3083.97534427357,NA,66.6637823180533
AGO,2018,32.855,29,5.519,0.1453223786732073,NA,Africa,AGO,3196.79006983557,NA,65.8732136723372
AGO,2017,33.725,26,5.6,0.1447876265887535,NA,Africa,AGO,3328.8982124109,NA,65.0850525086068
AGO,2016,34.483,23.200000760000002,5.686,0.1449139423561287,NA,Africa,AGO,3454.03317187119,9.78287696232453,64.2992302517989
AGO,2015,35.122,22,5.774,0.1443814943423177,NA,Africa,AGO,3641.72893919944,8.78320868033121,63.51567832685
AGO,2014,35.743,21.3623407584103,5.864,0.1426674280964539,NA,Africa,AGO,3746.81619978613,NA,62.723115793241
AGO,2013,36.731,13,5.953,0.1446699402489141,NA,Africa,AGO,3716.29718727282,9.22339720175662,62.1333075212361
AGO,2012,37.697,7.699999809,6.039,0.143889314516543,NA,Africa,AGO,3682.35229322763,NA,61.5114223949332
AGO,2011,39.007,4.699999809,6.12,0.144351159602154,NA,Africa,AGO,3528.16824373399,6.44004138280629,60.8431610396073
AGO,2010,38.705,2.799999952,6.194,0.1447200072155728,NA,Africa,AGO,3540.79159568381,NA,60.1310289535053
AGO,2009,38.213,2.299999952,6.26,0.1447803692713595,NA,Africa,AGO,3494.80724466172,NA,59.3775316348744
AGO,2008,37.703,1.899999976,6.32,0.1443027434532591,NA,Africa,AGO,3559.19522512236,NA,58.5851745819614
AGO,2007,37.512,1.700000048,6.372,0.1447080952833928,NA,Africa,AGO,3336.36332465208,NA,57.7564632930133
AGO,2006,37.636,1.5,6.419,0.1442585775076892,NA,Africa,AGO,3065.05576243895,2.55977010726929,56.8939032662772
AGO,2005,38.018,1.143399954,6.461,0.1446441197931939,NA,Africa,AGO,2843.3966357968,2.6385600566864,56
AGO,2004,38.086,0.464814617985909,6.499,0.1449767772652353,NA,Africa,AGO,2583.32411461288,2.14597010612488,55.0445280863936
AGO,2003,38.403,0.370682065225727,6.533,0.1450740345972364,NA,Africa,AGO,2403.40415157038,2.87620997428894,54.0043545370761
AGO,2002,38.428,0.270376745595134,6.567,0.1452460985078168,NA,Africa,AGO,2404.97792071531,0.783640027046204,52.8926234794038
AGO,2001,38.99,0.136013867429868,6.601,0.1451815336175491,NA,Africa,AGO,2189.17352158246,NA,51.7224790407329
AGO,2000,39.012,0.105045562462262,6.639,0.1444540512635046,NA,Africa,AGO,2172.46326720494,NA,50.5070653484197
ATG,2023,NA,72.12409973,1.578,0.1719846000385751,NA,Americas,ATG,17789.4058123944,NA,24.4500156687422
ATG,2022,NA,71.9233017,1.58,0.163964906972848,NA,Americas,ATG,17456.8722243104,NA,24.5114484000414
ATG,2021,NA,71.64530182,1.58,0.1635377612947374,NA,Americas,ATG,16084.7214406048,NA,24.574983819566
ATG,2020,NA,71.36840057,1.569,0.1632529277818546,NA,Americas,ATG,14950.8942397208,NA,24.6406156275043
ATG,2019,NA,71.09259796,1.468,0.1486331682604922,NA,Americas,ATG,18525.2588907167,NA,24.708337524045
ATG,2018,NA,70.81790161,1.371,0.148827015846023,NA,Americas,ATG,18042.1596435727,NA,24.7781432093764
ATG,2017,NA,70.54419708,1.485,0.1487626921735199,NA,Americas,ATG,16992.9327495236,NA,24.8500263836871
ATG,2016,NA,70.27159882,1.458,0.1483635476557988,NA,Americas,ATG,16635.895232831,NA,24.9239807471655
ATG,2015,NA,70,1.567,0.1477500051899034,NA,Americas,ATG,16077.6340769406,NA,25
ATG,2014,NA,67.77999878,1.526,0.1471215558510323,NA,Americas,ATG,15967.284996712,NA,25.0899726107741
ATG,2013,NA,63.40000153,1.537,0.146777027725124,NA,Americas,ATG,15748.1952024226,NA,25.2475667667937
ATG,2012,NA,58,1.655,0.1464292458501728,NA,Americas,ATG,15989.3900199779,25.1156271899089,25.4555618588267
ATG,2011,NA,52,1.746,0.1458215613508684,NA,Americas,ATG,15633.9091131821,15.1060820367751,25.694689859722
ATG,2010,NA,47,1.785,0.1456336402623455,NA,Americas,ATG,16135.397384487,16.6952054794521,26.0170447850587
ATG,2009,NA,42,2.006,0.1455498761050007,NA,Americas,ATG,17746.700856041,14.8930101394653,26.4808350768849
ATG,2008,NA,38,2.042,0.1452864835316323,NA,Americas,ATG,20464.786306605,NA,27.0585906639822
ATG,2007,NA,34,1.86,0.1449842809159209,NA,Americas,ATG,20770.2689732844,NA,27.7201265838981
ATG,2006,NA,30,1.831,0.1446221471188993,NA,Americas,ATG,19259.6486517907,NA,28.43525787418
ATG,2005,NA,27,1.832,0.144233418798241,NA,Americas,ATG,17301.2134317518,NA,29.1737995723752
ATG,2004,NA,24.2665437161785,1.852,0.1437768904011272,NA,Americas,ATG,16433.4130541483,NA,29.905566716031
ATG,2003,NA,17.2286487816884,1.887,0.14331359178189,NA,Americas,ATG,15703.9347145491,NA,30.6003743426951
ATG,2002,NA,12.5,1.94,0.1427650906835638,NA,Americas,ATG,14968.0703013883,NA,31.2280374899146
ATG,2001,NA,8.89928551450583,2.018,0.142129337078947,NA,Americas,ATG,15003.4389169034,NA,31.7554348168059
ATG,2000,NA,6.48222573702907,2.196,0.1414878228706913,NA,Americas,ATG,15961.0918359058,NA,32.2326072041227
ARG,2023,17.946,89.22897166,1.5,0.1930704295458875,NA,Americas,ARG,12993.0928872416,107.822574129434,92.1945132257907
ARG,2022,19.004,88.37535691,1.482,0.1797875756401344,NA,Americas,ARG,13276.8232110189,107.103901423423,92.112838186126
ARG,2021,23.373,87.15070683,1.585,0.178357255567552,NA,Americas,ARG,12549.2811699342,107.219557633976,92.0292776175651
ARG,2020,30.429,85.51438646,1.601,0.1747078736626426,NA,Americas,ARG,11393.0505957877,99.3697348717996,91.9439026594897
ARG,2019,25.842,79.9469520347551,1.882,0.1535114059046637,NA,Americas,ARG,12706.3978108968,95.1928240640628,91.8567844513802
ARG,2018,23.845,77.7,2.067,0.1525238196843696,NA,Americas,ARG,13058.3285449954,91.0846512732766,91.7679941327998
ARG,2017,22.843,74.2949068657957,2.168,0.1493810013055151,NA,Americas,ARG,13520.1129846159,89.3297346952415,91.6776028433824
ARG,2016,21.799,70.9689808206024,2.241,0.1496551107940076,NA,Americas,ARG,13265.8860639123,86.6743832906399,91.5856817228217
ARG,2015,20.267,68.0430641088122,2.35,0.1478887741127534,NA,Americas,ARG,13679.6264980954,83.75569332589,91.4923019108628
ARG,2014,19.137,64.69999695,2.386,0.1468999461427424,NA,Americas,ARG,13456.1319159151,81.072589697739,91.3975345472954
ARG,2013,19.555,59.90000153,2.335,0.1459410389375924,NA,Americas,ARG,13946.0950832252,78.5681646081939,91.3014507719473
ARG,2012,18.34,55.79999924,2.304,0.1454067836956848,NA,Americas,ARG,13754.4254235596,78.1465174294761,91.2041217246797
ARG,2011,18.71,51,2.393,0.1451910530975536,NA,Americas,ARG,14040.6189124444,77.0101185060955,91.1072286738406
ARG,2010,19.381,45,2.411,0.1451201439926193,NA,Americas,ARG,13387.155374845801,73.803669361107,90.9930051940977
ARG,2009,21.184,34,2.4,0.1452041142483719,NA,Americas,ARG,12285.3784651865,70.6931915283203,90.8209023233265
ARG,2008,18.927,28.1126234799907,2.432,0.1454225641129904,NA,Americas,ARG,13197.3570267029,68.5610733032227,90.6521912139817
ARG,2007,20.242,25.9466329403819,2.37,0.1452669047400696,NA,Americas,ARG,12811.9021206578,66.6672210693359,90.4796632279031
ARG,2006,23.777,20.9272021035896,2.4,0.1452064539123267,NA,Americas,ARG,11870.2791559298,66.9444732666016,90.3033726521064
ARG,2005,26.207,17.7205833696065,2.426,0.1449315641912334,NA,Americas,ARG,11099.7509190602,63.4893112182617,90.1233737736072
ARG,2004,29.544,16.0366841054923,2.43,0.1446961894493726,NA,Americas,ARG,10302.4465316428,64.5891418457031,89.9397208794212
ARG,2003,32.924,11.9136965509954,2.451,0.1445182748536427,NA,Americas,ARG,9545.53194119994,64.0304870605469,89.752468256564
ARG,2002,41.353,10.8821243775325,2.493,0.1443823288192226,NA,Americas,ARG,8861.56199282278,61.7228813171387,89.5616701920513
ARG,2001,37.025,9.78080728532407,2.531,0.1442358203864231,NA,Americas,ARG,10051.9448463043,58.4697608947754,89.3682951289372
ARG,2000,32.346,7.0386830862178,2.591,0.1445640453994796,NA,Americas,ARG,10631.6503639029,54.0843505859375,89.1760271133454
ARM,2023,26.736,79.99663036,1.9,0.1606765108093445,NA,Asia,ARM,5197.23509013575,56.2770051010456,65.6956882008852
ARM,2022,26.691,77.02767465,1.7,0.150866693038862,NA,Asia,ARM,4791.00481712183,57.1818422625098,65.5624462874485
ARM,2021,30.095,78.61225758,1.7,0.149616304684043,NA,Asia,ARM,4264.79961505187,56.6235144830279,65.3572875314441
ARM,2020,32.079,76.50770055,1.7,0.1500160854587809,NA,Asia,ARM,4032.09043454955,52.3331534448642,65.174217253699
ARM,2019,32.613,66.5439496866159,1.6,0.1338576077210017,NA,Asia,ARM,4343.45839583019,53.5944174785534,65.0047033570428
ARM,2018,33.62,68.2450522610271,1.6,0.1341044543205475,NA,Asia,ARM,4027.83393010979,57.4585357681354,64.8502833795679
ARM,2017,37.728,64.7448843250726,1.6,0.1339299835951144,NA,Asia,ARM,3815.3747426037,55.5065519523494,64.7124948593667
ARM,2016,35.657,64.3460297653742,1.6,0.1337840102397628,NA,Asia,ARM,3533.88503607007,54.3432877365993,64.5928753345316
ARM,2015,31.854,59.1008337674937,1.6,0.1336257237010675,NA,Asia,ARM,3512.39350276709,48.7313687040259,64.4929623431549
ARM,2014,36.376,54.6228058583362,1.7,0.1335787396454554,NA,Asia,ARM,3393.09252326884,47.7150849538629,64.4142934233291
ARM,2013,35.034,41.9,1.6,0.13326369211655,NA,Asia,ARM,3266.29882999873,44.8347790892711,64.3584061131466
ARM,2012,34.299,37.5,1.6,0.1328280370242291,NA,Asia,ARM,3159.75860786889,44.4855719494927,64.3268379506998
ARM,2011,38.08,32,1.5,0.1322651865790905,NA,Asia,ARM,2943.83687119315,51.2949290708131,64.3207449145194
ARM,2010,37.517,25,1.5,0.1319391916124318,NA,Asia,ARM,2796.08143428043,50.5839875932926,64.3304164043132
ARM,2009,39.529,15.30000019,1.5,0.1317207040727884,NA,Asia,ARM,2716.97436280471,49.0897102355957,64.3519530388516
ARM,2008,35.614,6.21,1.4,0.1313883892437548,NA,Asia,ARM,3141.33193500774,46.5244903564453,64.3840928379746
ARM,2007,11.92,6.021299839,1.4,0.1309559216668756,NA,Asia,ARM,2919.3734936373,44.4558410644531,64.4257647857723
ARM,2006,11.951,5.631800175,1.3,0.1303931388081192,NA,Asia,ARM,2551.43546358452,41.5903587341309,64.4758978663344
ARM,2005,11.975,5.252999783,1.3,0.1298862809351764,NA,Asia,ARM,2240.09273209788,37.7094497680664,64.5334210637509
ARM,2004,12.005,4.8990085713054,1.4,0.1290990736748083,NA,Asia,ARM,1955.22262459229,35.8360900878906,64.5972633621116
ARM,2003,12.039,4.57521722477781,1.3,0.1287611879854487,NA,Asia,ARM,1759.64684829386,35.0657081604004,64.6663537455064
ARM,2002,12.095,1.9604050458212,1.2,0.1282465127148047,NA,Asia,ARM,1535.20452885187,33.9618911743164,64.7396211980252
ARM,2001,12.159,1.63109466677715,1.2,0.1279651872421991,NA,Asia,ARM,1351.12072694555,31.3409194946289,64.8228123790872
ARM,2000,12.192,1.30047002237784,1.3,0.127676712001392,NA,Asia,ARM,1229.21510436102,32.5305213928223,64.959237917436
ABW,2023,NA,NA,1.602,NA,NA,Americas,ABW,31430.9353682253,NA,61.8351492675589
ABW,2022,NA,NA,1.615,NA,NA,Americas,ABW,29195.2670227422,NA,61.8811657924257
ABW,2021,NA,NA,1.631,NA,NA,Americas,ABW,26292.9179363154,NA,61.9275339886843
ABW,2020,NA,NA,1.662,NA,NA,Americas,ABW,22729.8897593533,NA,62.0028837566365
ABW,2019,NA,NA,1.701,NA,NA,Americas,ABW,29699.1805366222,NA,62.288276286885
ABW,2018,NA,NA,1.732,NA,NA,Americas,ABW,29419.208623316,NA,62.5367636985996
ABW,2017,NA,97.17,1.785,NA,NA,Americas,ABW,28548.8904317739,NA,62.7768488886109
ABW,2016,NA,93.542453865048,1.848,NA,NA,Americas,ABW,27587.2498040483,17.1416206359863,63.0077880571142
ABW,2015,NA,88.661226932496,1.899,NA,NA,Americas,ABW,27458.2201537506,16.7312393188477,63.2288374043053
ABW,2014,NA,83.78,1.944,NA,NA,Americas,ABW,26773.8226808518,17.7518997192383,63.4392531303795
ABW,2013,NA,78.9,1.944,NA,NA,Americas,ABW,26680.1411206342,17.1258697509766,63.6382914355326
ABW,2012,NA,74,1.907,NA,NA,Americas,ABW,25444.7336646687,38.8641815185547,63.8252085199599
ABW,2011,NA,69,1.858,NA,NA,Americas,ABW,26093.0542083227,37.8648109436035,63.9992605838571
ABW,2010,NA,62,1.855,NA,NA,Americas,ABW,25429.2180974853,36.0625305175781,64.1612965549477
ABW,2009,NA,58,1.875,NA,NA,Americas,ABW,26204.0597361984,34.4308586120605,64.3229852842726
ABW,2008,NA,52,1.889,NA,NA,Americas,ABW,29870.6648077005,35.0970611572266,64.4888814129295
ABW,2007,NA,30.9,1.881,NA,NA,Americas,ABW,29556.838468655402,34.8968086242676,64.6532664765254
ABW,2006,NA,28,1.862,NA,NA,Americas,ABW,28885.9118700469,34.2268714904785,64.811270283981
ABW,2005,NA,25.4,1.844,NA,NA,Americas,ABW,29081.706699789702,36.204231262207,64.9580226442175
ABW,2004,NA,23,1.819,NA,NA,Americas,ABW,29959.7748189582,30.352689743042,65.0886533661558
ABW,2003,NA,20.8,1.808,NA,NA,Americas,ABW,28525.8077063839,30.3779106140137,65.1982922587168
ABW,2002,NA,18.8,1.8,NA,NA,Americas,ABW,28535.4639480222,28.5816898345947,65.2820691308217
ABW,2001,NA,17.1,1.813,NA,NA,Americas,ABW,29007.7386958774,28.8601303100586,65.3351137913914
ABW,2000,NA,15.4428229480349,1.845,NA,NA,Americas,ABW,28104.8954362859,28.3303394317627,65.3545497799987
AUS,2023,8.388,96.1160965,1.499,0.2352350765055653,119.1121569814435,Oceania,AUS,61869.082498576,104.64835357666,87.4866955653765
AUS,2022,8.468,96.11940002,1.63,0.2309924213107917,124.42163251511175,Oceania,AUS,61200.4588964781,106.240760803223,87.3343268253813
AUS,2021,11.134,96.97219849,1.7,0.2269375808985136,122.74712312765575,Oceania,AUS,59465.535671364,112.688293457031,87.2353407632761
AUS,2020,14.142,94.6934967,1.581,0.2256940777985694,106.79288567739,Oceania,AUS,58377.7670517802,110.139221191406,87.2713470458985
AUS,2019,11.452,93.60990143,1.657,0.2156781927207106,102.54188628676675,Oceania,AUS,59181.2997904131,109.759559631348,87.3019647888406
AUS,2018,11.935,90.0082016,1.74,0.2129666207976275,108.8032225764805,Oceania,AUS,58772.7063152213,103.322090148926,87.226768084592507
AUS,2017,12.592,86.5450488476768,1.741,0.2108535313523541,112.236603738206,Oceania,AUS,57991.771347333,109.993309020996,87.12809266445
AUS,2016,12.642,86.54000092,1.752,0.2068272443258069,104.85354909939025,Oceania,AUS,57632.9995925594,119.682777404785,87.0166295249235
AUS,2015,13.11,84.5605149091408,1.814,0.2038287586818332,100,Oceania,AUS,56970.3613028094,119.679389953613,86.8778642539361
AUS,2014,13.311,84,1.826,0.2020414374840665,92.8803544731246,Oceania,AUS,56571.8062524437,NA,86.7221289343356
AUS,2013,12.22,83.453497167,1.855,0.1973816758384706,86.59194012091963,Oceania,AUS,55966.1509270561,NA,86.5740515760243
AUS,2012,11.728,79,1.92,0.1960207726567925,83.06111573957675,Oceania,AUS,55465.4462872577,NA,86.4451259136625
AUS,2011,11.37,79.4876977139029,1.926,0.1928544965964562,85.23253725238098,Oceania,AUS,54296.2321324814,NA,86.3268946146423
AUS,2010,11.548,76,1.928,0.1897714842254363,89.0250411409941,Oceania,AUS,53768.349733441,NA,86.2198600512143
AUS,2009,11.461,74.25,1.971,0.1873006523160271,81.37236929548853,Oceania,AUS,53430.5274781651,NA,86.1278139101818
AUS,2008,8.814,71.67,1.984,0.1837135323965739,80.2480050573369,Oceania,AUS,53497.275355342,NA,86.0253816967666
AUS,2007,9.36,69.45,1.959,0.1816283633453828,79.67050311750876,Oceania,AUS,52671.325846724,NA,85.8968519574969
AUS,2006,10.026,66,1.908,0.1797242614768791,74.32940804242035,Oceania,AUS,51682.8925230537,NA,85.7492544263523
AUS,2005,10.619,63,1.807,0.1779076028695361,72.01002846838023,Oceania,AUS,50972.640519744,NA,85.6190871221958
AUS,2004,11.366,NA,1.768,0.1767911753137621,72.2468830612836,Oceania,AUS,50018.5904483861,NA,85.518767609412
AUS,2003,11.962,NA,1.748,0.1755227164886541,68.97298935704205,Oceania,AUS,48509.6632180363,NA,85.4097077818668
AUS,2002,12.794,NA,1.756,0.1730450468676939,59.617939391033126,Oceania,AUS,47599.4079289312,NA,85.284210278346393
AUS,2001,13.476,52.6892664310395,1.739,0.1724448858886898,51.5436954200393,Oceania,AUS,46314.6235297968,NA,85.1481094164726
AUS,2000,12.084,46.7561156116738,1.756,0.1708151190553051,47.96109044669132,Oceania,AUS,45979.0765654048,NA,85.1071608578257
AUT,2023,10.98,95.33467117,1.32,0.1741639503995172,127.114416480229,Europe,AUT,46497.9114640341,91.6818237304688,69.2265358276021
AUT,2022,10.327,93.61409139,1.41,0.1637490781501337,141.52906229117875,Europe,AUT,47332.4240357971,94.5116882324219,68.998085127906
AUT,2021,12.023,92.52915104,1.48,0.162662112767729,136.59930366587176,Europe,AUT,45368.6434337368,93.940071105957,68.773601700253
AUT,2020,10.325,87.52942813,1.44,0.1613811316224428,124.94642730319376,Europe,AUT,43428.6983137234,88.7071990966797,68.5410177924001
AUT,2019,8.767,87.7522047870069,1.46,0.1450833141046148,117.31782976436175,Europe,AUT,46550.5622459492,86.3234329223633,68.3176044750522
AUT,2018,9.572,87.4791372262556,1.47,0.1443523165832457,112.61695861479575,Europe,AUT,45951.5819164034,85.8698883056641,68.1046787227623
AUT,2017,9.971,87.9355865856062,1.52,0.1430118118984803,108.565296784429,Europe,AUT,45056.6385912412,83.8392562866211,67.9051196052802
AUT,2016,11.424,84.3237425711653,1.53,0.1409920297514946,105.264721328673,Europe,AUT,44362.6702805116,82.8496932983398,67.7218061923556
AUT,2015,10.91,83.9401419315026,1.49,0.1393029282375261,100,Europe,AUT,43915.228020857,82.2563095092773,67.5576175537383
AUT,2014,10.508,80.9958249574764,1.46,0.1374658109094213,95.97127392299852,Europe,AUT,43838.8345892137,81.0195693969727,67.4154327591781
AUT,2013,9.767,80.6188,1.44,0.137080318562659,94.20427933747112,Europe,AUT,43851.3675497404,80.9616012573242,67.2981308784247
AUT,2012,9.561,80.0299939169903,1.44,0.1355704376325836,91.54414973039115,Europe,AUT,44221.4599530893,79.5471267700195,67.2085909812279
AUT,2011,9.173,78.7399930986888,1.43,0.1349591469446123,87.8553815069639,Europe,AUT,44146.1956805294,77.2625122070312,67.1484255415056
AUT,2010,9.673,75.17,1.44,0.1341862704863624,85.9760978561309,Europe,AUT,43035.4073531933,75.0402526855469,67.1047429254747
AUT,2009,10.896,73.45,1.39,0.1341280699625619,80.50464672373755,Europe,AUT,42372.4758254763,67.9915771484375,67.0705895694924
AUT,2008,8.72,72.87,1.42,0.1329089202801455,77.72230183844198,Europe,AUT,44063.8642019916,66.1983871459961,67.0435560819078
AUT,2007,9.596,69.37,1.38,0.1318950752933967,78.47567969181743,Europe,AUT,43568.8302243941,63.8021202087402,67.0211044863084
AUT,2006,10.046,63.6,1.41,0.1311674440475441,76.83752003503655,Europe,AUT,42120.1557002022,NA,67.0006968062814
AUT,2005,11.178,58,1.41,0.1297053996042005,75.37059222959459,Europe,AUT,40989.0131778975,NA,66.9797950654143
AUT,2004,10.991,54.28,1.42,0.1290793855232368,73.50703109949092,Europe,AUT,40333.3307183894,NA,66.9558612872944
AUT,2003,7.429,42.7,1.38,0.1284659948129954,76.22784631329802,Europe,AUT,39569.2885567329,NA,66.9263574955092
AUT,2002,7.137,36.56,1.39,0.1279748043809412,77.16205839655125,Europe,AUT,39313.7225107545,NA,66.8887457136458
AUT,2001,6.001,39.1854501811114,1.33,0.1276003017074963,77.53594990930858,Europe,AUT,38929.753800545,NA,66.8408161285718
AUT,2000,6.285,33.7301329516915,1.36,0.1272228120809911,78.70118066234387,Europe,AUT,38571.0858780001,NA,66.7690238969566
AZE,2023,13.581,89,1.55,0.1300788941201509,NA,Asia,AZE,5668.61021317029,41.3907560278377,58.5075350483702
AZE,2022,13.616,88,1.67,0.124748533976496,NA,Asia,AZE,5599.58524971025,41.0017793895325,58.4382815854684
AZE,2021,14.675,85.99998954,1.52,0.12496064195885,NA,Asia,AZE,5349.58226071425,39.0095977224788,58.3659969744818
AZE,2020,15.129,84.59999573,1.7,0.1254047446659617,NA,Asia,AZE,5087.50022783627,36.3854742250215,58.2934691761937
AZE,2019,11.475,81.0999990651547,1.81,0.1146378732578756,NA,Asia,AZE,5346.95318604114,32.9221812477847,58.1308191977779
AZE,2018,11.637,79.7999954887896,1.73,0.115272843217522,NA,Asia,AZE,5261.92938234432,28.9724903670069,57.1841534654123
AZE,2017,12.389,79,1.75,0.1157673458078109,NA,Asia,AZE,5229.25259993413,28.4670565431322,56.4331887124691
AZE,2016,12.925,78.2,1.9,0.1161797995147058,NA,Asia,AZE,5272.71817141861,27.2368629930846,55.7574797205266
AZE,2015,13.363,77,1.94,0.1165800872141395,NA,Asia,AZE,5500.50364628486,25.4831961094662,55.1570486328276
AZE,2014,13.415,75.0000156363396,1.97,0.1169321322991537,NA,Asia,AZE,5508.60265612676,23.1597349800287,54.6319175926151
AZE,2013,13.478,73.000001372,1.98,0.1169180164328514,NA,Asia,AZE,5425.99559780578,21.4404253568261,54.1821087431318
AZE,2012,13.974,54.20000076,2,0.1168849382845137,NA,Asia,AZE,5193.17501119552,20.4384614704139,53.8076442276208
AZE,2011,14.52,50,1.96,0.1167514389721049,NA,Asia,AZE,5149.20665913206,19.6473062365442,53.5085461893249
AZE,2010,14.64,46,1.92,0.116700628606009,NA,Asia,AZE,5300.11048729062,19.2600431394615,53.2848367714869
AZE,2009,13.685,27.4,1.82,0.1161138213991862,NA,Asia,AZE,5118.43395494687,19.057710647583,53.1358125434574
AZE,2008,13.74,17.08,1.9,0.1157657091182886,NA,Asia,AZE,4778.12452736673,19.0478897094727,53.063304901123
AZE,2007,13.45,14.53999996,1.97,0.1154545231122165,NA,Asia,AZE,4412.20326117932,19.3645992279053,52.8281555175781
AZE,2006,14.691,11.9921999,1.97,0.1148440826767012,NA,Asia,AZE,3556.83212858133,19.7894592285156,52.6540145874023
AZE,2005,15.332,8.030400276,2,0.1146694101444257,NA,Asia,AZE,2674.3688564996,NA,52.5028533935547
AZE,2004,18.243,NA,2.0535,0.1142051997261043,NA,Asia,AZE,2111.4533834475,NA,52.2831993103027
AZE,2003,18.959,NA,1.9,0.114017674384848,NA,Asia,AZE,1949.60608417331,NA,51.7257995605469
AZE,2002,21.604,4.99971367812957,1.8,0.1136845820518605,NA,Asia,AZE,1782.47319183639,NA,51.2144165039062
AZE,2001,22.102,0.305564637615618,1.8,0.1135276485228848,NA,Asia,AZE,1640.93664540398,NA,51.1584815979004
AZE,2000,22.121,0.147757575623251,2,0.1134471126523458,NA,Asia,AZE,1504.73106706035,NA,51.1320838928223
BHS,2023,17.696,92.38729858,1.373,0.1762772672929128,NA,Americas,BHS,33009.645615121,NA,81.3213799173676
BHS,2022,18.694,92.2559967,1.379,0.1656279870280947,NA,Americas,BHS,32186.4575039237,NA,81.3200717047725
BHS,2021,21.768,92.34980011,1.382,0.1691879118277706,NA,Americas,BHS,29114.0597726386,NA,81.4784235345083
BHS,2020,23.943,92.4437027,1.386,0.1627804429857477,NA,Americas,BHS,24791.6704945106,NA,81.6642600232849
BHS,2019,19.235,90.69329834,1.397,0.1491193941982542,NA,Americas,BHS,31117.6299132391,NA,81.8257463283204
BHS,2018,24.16,83,1.404,0.1493895276089067,NA,Americas,BHS,31537.2423841956,NA,81.9643158212241
BHS,2017,21.547,80.59999847,1.424,0.1493245099471761,NA,Americas,BHS,30974.7477261317,NA,82.0814018736052
BHS,2016,25.844,80,1.495,0.1489246826295959,NA,Americas,BHS,30152.1619246021,NA,82.1784378570728
BHS,2015,24.781,78,1.574,0.1482901132602031,NA,Americas,BHS,30719.405417469,NA,82.2568571432361
BHS,2014,28.993,76.91999817,1.687,0.1476639137099362,NA,Americas,BHS,30658.5344563722,NA,82.3180931037043
BHS,2013,34.465,72,1.738,0.1473152693111682,NA,Americas,BHS,30368.2631244189,NA,82.3635791100868
BHS,2012,30.359,71.74819946,1.761,0.1469708261201198,NA,Americas,BHS,31553.4919490645,NA,82.3947485339925
BHS,2011,27.004,65,1.791,0.1463380981911554,NA,Americas,BHS,30492.6738528071,NA,82.4130347470308
BHS,2010,26.552,43,1.837,0.1461850677197363,NA,Americas,BHS,30657.4319059659,NA,82.4198104431593
BHS,2009,26,33.88,2.011,0.1461064071648734,NA,Americas,BHS,30581.3342198488,NA,82.3977602095684
BHS,2008,17.015,31.54,1.999,0.1458458859891048,NA,Americas,BHS,32331.8246135092,NA,82.3197128080855
BHS,2007,18.918,27,2.035,0.1455640350520377,NA,Americas,BHS,33549.3360007274,NA,82.1964954293015
BHS,2006,16.4,26,2.019,0.1452544252835375,NA,Americas,BHS,33541.850748701,NA,82.0396098391364
BHS,2005,20.264,25,2.008,0.1449256434865233,NA,Americas,BHS,33144.7878790275,NA,81.8605578035102
BHS,2004,21.751,22,1.98,0.1445115125825737,NA,Americas,BHS,32444.0739567569,NA,81.6708410883427
BHS,2003,24.652,20,1.971,0.1440696961013508,NA,Americas,BHS,32559.311554898,NA,81.4819614595541
BHS,2002,20.375,18,1.984,0.1435480255847976,NA,Americas,BHS,33374.602685914,NA,81.3054206830642
BHS,2001,15.203,11.8,2.02,0.1437615319556862,NA,Americas,BHS,32870.0918307285,NA,81.152720524793
BHS,2000,15.456,8,2.06,0.1439481849674009,NA,Americas,BHS,32424.7271786716,NA,81.0361161567684
BHR,2023,5.381,100,1.824,0.1505107087938574,NA,Asia,BHR,25342.6226641572,57.0562240948353,100
BHR,2022,5.33,100,1.839,0.1450751692475717,NA,Asia,BHR,25234.40256182,50.3073760962771,100
BHR,2021,6.043,100,1.852,0.1457929078136271,NA,Asia,BHR,24086.7847803428,47.5015525503536,100
BHR,2020,6.389,99.67103159,1.86,0.1457349377942252,NA,Asia,BHR,23586.9309581516,54.4077922369055,100
BHR,2019,5.657,99.7015043807778,1.843,0.1361739120498899,NA,Asia,BHR,24873.6640060134,52.9045782700327,100
BHR,2018,5.633,98.6446725799886,1.911,0.1354502330813751,NA,Asia,BHR,24059.7838641562,50.2628341348842,100
BHR,2017,5.593,95.8781357543453,1.984,0.138109741789883,NA,Asia,BHR,23606.8867501313,48.7280981931009,100
BHR,2016,5.527,97.9999807024146,2.042,0.1385635477430593,NA,Asia,BHR,23715.2791328712,46.7631772606016,100
BHR,2015,5.427,93.4783007986129,2.113,0.1398581742615451,NA,Asia,BHR,23734.0551143019,45.6439860607554,100
BHR,2014,5.398,90.5031334814656,2.149,0.1405310428449001,NA,Asia,BHR,24135.4991304849,44.7866602427761,100
BHR,2013,5.439,90.0000397,2.166,0.1403913331099379,NA,Asia,BHR,24271.6278814506,44.1274788546413,100
BHR,2012,5.425,88,2.11,0.140784214454006,NA,Asia,BHR,23894.8804447088,47.6811679519633,100
BHR,2011,5.283,76.9999665032303,2.025,0.1400460084250707,NA,Asia,BHR,23288.0449398313,46.3075025646345,100
BHR,2010,4.953,55,1.987,0.1400749467298547,NA,Asia,BHR,22224.0736166249,NA,100
BHR,2009,4.688,53,2.047,0.1391008678453568,NA,Asia,BHR,22206.9371985225,NA,98.3277849907243
BHR,2008,4.309,51.95,2.152,0.1403826000212985,NA,Asia,BHR,23127.2148040048,NA,96.3461384245376
BHR,2007,4.062,32.91,2.282,0.1385465213639829,NA,Asia,BHR,23112.4888058398,NA,94.460505558445
BHR,2006,3.93,28.24399948,2.464,0.1383187081613797,NA,Asia,BHR,23095.0181330228,17.5358505249023,92.7186075361661
BHR,2005,3.836,21.30369949,2.67,0.1383071129737179,NA,Asia,BHR,23439.6704353038,19.0136394500732,91.168165501421
BHR,2004,3.905,21.4586805077435,2.774,0.1385821408196048,NA,Asia,BHR,23688.1121059225,NA,89.8569005979296
BHR,2003,4.044,21.5549449917804,2.778,0.1388678185078155,NA,Asia,BHR,23857.6403579769,25.1201400756836,88.8325339694118
BHR,2002,4.162,18.0507208881153,2.699,0.1389445656061635,NA,Asia,BHR,24149.0156013799,NA,88.1427867595875
BHR,2001,4.265,15.0386342513918,2.653,0.1388171910267789,NA,Asia,BHR,25106.2869742612,NA,87.8397146150894
BHR,2000,4.211,6.15373254647607,2.798,0.1394780975482425,NA,Asia,BHR,25407.9694054552,NA,87.8356209595597
BGD,2023,7.905,44.50274195,2.163,0.1428318462151695,NA,Asia,BGD,1885.37733613545,24.2003442708621,32.1578465036834
BGD,2022,10.985,41.61650085,2.179,0.1343340663527166,NA,Asia,BGD,1804.3493461776,23.5005059888653,31.673734726234
BGD,2021,12.72,38.91744466,2.173,0.1353551737392536,NA,Asia,BGD,1702.08028414189,23.9006822335243,31.3992156886061
BGD,2020,13.473,36.10910034,2.175,0.1320448442854705,NA,Asia,BGD,1604.6659234742,22.6923019564501,31.1168927321524
BGD,2019,11.742,30.38310051,2.18,0.1160962600667301,NA,Asia,BGD,1564.20802445636,22.7094642473405,30.8228396343012
BGD,2018,11.907,25.56509972,2.193,0.1157899738339749,NA,Asia,BGD,1462.25050255713,19.5710492453779,30.5175656009959
BGD,2017,12.101,21.5,2.205,0.1152325526255198,NA,Asia,BGD,1373.75363740186,18.5175604399834,30.2015798381799
BGD,2016,10.956,16.89909935,2.227,0.114740748021385,NA,Asia,BGD,1299.83091360792,17.3985207411042,29.8753915517965
BGD,2015,10.561,12.36880016,2.227,0.1143935832269482,NA,Asia,BGD,1224.38647668165,15.5739926180902,29.5395099477892
BGD,2014,10.122,9.052900314,2.228,0.1147508391633292,NA,Asia,BGD,1159.40753475981,13.5777392703559,29.1944442321013
BGD,2013,9.674,6.63,2.247,0.11374651025671,NA,Asia,BGD,1103.15695907123,13.4900578063704,28.8407036106763
BGD,2012,8.538,5,2.263,0.1137137749629577,NA,Asia,BGD,1050.39140404066,13.4211598649529,28.4787972894576
BGD,2011,7.429,4.5,2.309,0.1139234334045035,NA,Asia,BGD,995.579947155662,13.2663245348367,28.1100162712427
BGD,2010,6.289,3.700000048,2.38,0.1134299631751181,NA,Asia,BGD,943.66422864236,NA,27.7254372588696
BGD,2009,9.557,3.0999999049999998,2.484,0.1138715624481171,NA,Asia,BGD,901.729626251937,10.4939298629761,27.3111249057412
BGD,2008,8.795,2.5,2.577,0.1145115008740829,NA,Asia,BGD,866.45815762135,8.62265968322754,26.87206041368
BGD,2007,8.022,1.799999952,2.666,0.1146918853538727,NA,Asia,BGD,825.508229964537,7.66305017471313,26.415303779311
BGD,2006,7.255,1,2.755,0.1148655127778743,NA,Asia,BGD,779.419570444998,7.07040023803711,25.9479149992596
BGD,2005,8.79,0.241600007,2.846,0.1146601428614336,NA,Asia,BGD,739.203718353409,6.13484001159668,25.4769540701509
BGD,2004,7.758,0.199036333744363,2.94,0.1147400769498659,NA,Asia,BGD,702.656357081873,5.55667018890381,25.0094809886101
BGD,2003,6.606,0.163877665498048,3.029,0.1145140829430829,NA,Asia,BGD,676.826252046427,5.99128007888794,24.5525557512625
BGD,2002,7.782,0.13992028850905,3.126,0.1143850847733592,NA,Asia,BGD,655.672139362272,5.91559982299805,24.1132383547332
BGD,2001,8.821,0.129807973947512,3.203,0.1145487662602983,NA,Asia,BGD,641.288922876274,6.17244005203247,23.6999214768623
BGD,2000,9.744,0.0710394230507683,3.279,0.1147768173584982,NA,Asia,BGD,620.560472822105,5.25165987014771,23.3145114975244
BRB,2023,18.264,69.67510223,1.708,0.1706639987667979,NA,Americas,BRB,21068.2610447067,54.2600399378744,59.4235740235775
BRB,2022,21.026,69.06359863,1.712,0.163162269200271,NA,Americas,BRB,20472.9494048647,55.0600902713579,59.3538514107686
BRB,2021,28.25,69.4756012,1.709,0.1633494397932355,NA,Americas,BRB,17475.0281776857,54.672,59.3220365433819
BRB,2020,30.031,69.89009857,1.708,0.1606699313308734,NA,Americas,BRB,17519.837062872,52.971630831,59.3014583324011
BRB,2019,25.785,70.30709839,1.715,0.1488888230417211,NA,Americas,BRB,20494.3871602646,48.935497470489,59.284114064548604
BRB,2018,24.207,70.72650146,1.72,0.1490729650730604,NA,Americas,BRB,20483.9550976366,45.8751983077737,59.270175311893
BRB,2017,26.206,71.14849854,1.724,0.1490012368557135,NA,Americas,BRB,20788.7046543161,51.0106696691866,59.25926986892
BRB,2016,26.183,71.57299805,1.724,0.1485927914740457,NA,Americas,BRB,20684.7801825176,52.0533712473342,59.2510255301153
BRB,2015,28.856,72.04940033,1.726,0.1479524721718436,NA,Americas,BRB,20424.2087530019,57.2814457564167,59.2450700899645
BRB,2014,33.056,71.92459869,1.727,0.1472850148222794,NA,Americas,BRB,20713.7670210437,71.2682628742848,59.2410313429534
BRB,2013,29.111,71.80000305,1.729,0.1469103735652588,NA,Americas,BRB,20609.6076272963,73.1807704972012,59.2385370835674
BRB,2012,28.827,71.19999695,1.731,0.1465477877510686,NA,Americas,BRB,21036.3003366556,70.0289730657796,59.2372151062924
BRB,2011,26.83,66.5,1.758,0.1459297547184535,NA,Americas,BRB,21842.8635599786,66.9463967271583,59.236693205614
BRB,2010,25.369,65.09999847,1.785,0.1457042839597418,NA,Americas,BRB,21982.1839041348,69.5953279239237,59.2366008990356
BRB,2009,23.709,64.69999695,1.77,0.1456437319594859,NA,Americas,BRB,22572.5926053677,74.2060775756836,59.2944920242948
BRB,2008,19.109,61.40000153,1.756,0.1454017636834466,NA,Americas,BRB,23887.7289633459,NA,59.4931902204528
BRB,2007,17.46,58.20000076,1.755,0.1451453248618842,NA,Americas,BRB,23862.135352962,60.2387390136719,59.803942722226
BRB,2006,20.58,55.29999924,1.702,0.1448441690304257,NA,Americas,BRB,23487.4418767503,NA,60.1960940466703
BRB,2005,21.259,52.5,1.738,0.1445080495185076,NA,Americas,BRB,22250.0263806215,NA,60.6389887108416
BRB,2004,22.61,49.8,1.797,0.1441000230628261,NA,Americas,BRB,21516.1662922098,NA,61.101971231796
BRB,2003,25.867,39.6896271159532,1.856,0.1436907288023456,NA,Americas,BRB,21338.1720739511,NA,61.5543861265895
BRB,2002,22.994,27.836322424146,1.862,0.1431962068843753,NA,Americas,BRB,21012.5595449081,NA,61.965577912278
BRB,2001,22.935,11.9364503383984,1.955,0.1426384599921103,NA,Americas,BRB,20985.2828573064,41.2074584960938,62.3048911059175
BRB,2000,20.823,3.97367835457927,1.933,0.1420748521597641,NA,Americas,BRB,21523.3992235883,41.9254302978516,62.5379397803044
BLR,2023,10.596,91.51249979,1.208,0.1308892588347515,NA,Europe,BLR,6497.78450683592,72.8250212584046,78.8146420666327
BLR,2022,10.283,89.50733148,1.326,0.1254475195764468,NA,Europe,BLR,6206.61909685419,77.0977334087936,78.4732787892908
BLR,2021,10.493,86.88841196,1.371,0.1258838801419118,NA,Europe,BLR,6457.73053706343,78.6027133367864,78.131086803694
BLR,2020,12.046,85.08791245,1.369,0.1247131486080356,NA,Europe,BLR,6251.98898968645,79.900160036935,77.7890385790408
BLR,2019,10.207,82.7891520910901,1.382,0.115163312606797,NA,Europe,BLR,6267.73508743505,81.2921953254514,77.4550771852757
BLR,2018,10.651,79.1298866919307,1.448,0.1151938037296326,NA,Europe,BLR,6165.91320019277,84.7097808751504,77.2132720947266
BLR,2017,9.348,74.4364454136036,1.541,0.1152011132522059,NA,Europe,BLR,5964.89668834561,89.4706479354735,77.0208206176758
BLR,2016,10.729,71.1130457603832,1.733,0.1166854773324837,NA,Europe,BLR,5811.20159182547,91.5206757734477,76.8458709716797
BLR,2015,10.774,62.230360906803,1.724,0.1151654411427404,NA,Europe,BLR,5967.05595058777,93.7888271999214,76.6263885498047
BLR,2014,10.799,59.0163187101542,1.696,0.1165879063879411,NA,Europe,BLR,6212.91667418659,94.316359554493,76.3405227661133
BLR,2013,10.825,54.17,1.668,0.117310759124527,NA,Europe,BLR,6115.43288098707,95.4975003100193,75.94970703125
BLR,2012,10.829,46.91,1.62,0.116006923750171,NA,Europe,BLR,6052.6373706236,93.4729592664074,75.5281066894531
BLR,2011,10.877,39.6488956598961,1.515,0.1173909854832316,NA,Europe,BLR,5941.68999156239,87.3373753061346,75.0597534179688
BLR,2010,10.89,31.8,1.494,0.117314649552452,NA,Europe,BLR,5616.0941173307,80.1169697729485,74.5501403808594
BLR,2009,10.931,27.43,1.509,0.116812341936188,NA,Europe,BLR,5200.77418555423,75.3678512573242,74.1909646620571
BLR,2008,12.045,23,1.488,0.1163477684248992,NA,Europe,BLR,5177.64534775676,71.3163528442383,73.5531692504883
BLR,2007,13.222,19.7,1.429,0.1161438285818684,NA,Europe,BLR,4682.20676719042,71.1050872802734,73.0913467407227
BLR,2006,14.378,16.2,1.335,0.115463216233062,NA,Europe,BLR,4291.68647163264,68.3140869140625,72.6113815307617
BLR,2005,15.58,NA,1.252,0.1158872366568377,NA,Europe,BLR,3877.71738911289,65.4601211547852,72.0310134887695
BLR,2004,16.808,NA,1.233,0.1150202140753488,NA,Europe,BLR,3520.40452642524,62.9585113525391,71.7658538818359
BLR,2003,18.074,NA,1.232,0.1153855415043465,NA,Europe,BLR,3137.26261430575,61.6584510803223,71.3092422485352
BLR,2002,19.298,8.95097131467325,1.24,0.1151441320223065,NA,Europe,BLR,2910.39937484153,58.9719886779785,70.8804702758789
BLR,2001,20.532,4.30061602151712,1.286,0.1136702595677258,NA,Europe,BLR,2753.0336970697,56.5885696411133,70.3147201538086
BLR,2000,21.7,1.86039812615388,1.317,0.1139199158299782,NA,Europe,BLR,2615.36376799462,54.5108413696289,69.9172295434732
BEL,2023,16.119,94.62625074,1.47,0.1874285216034518,104.17422955851424,Europe,BEL,44866.1935177304,82.1475601196289,87.551492636772
BEL,2022,16.41,94.00783071,1.53,0.1774272056209943,108.26779649456975,Europe,BEL,44486.7438563594,83.5736465454102,87.489200269855
BEL,2021,18.206,92.78867618,1.6,0.1726907259750201,113.445875119772,Europe,BEL,43140.9676652971,82.6882019042969,87.4305564090635
BEL,2020,15.326,91.52641629,1.55,0.1747703484200002,109.13082425128975,Europe,BEL,40769.0218072962,79.4996032714844,87.2964994991269
BEL,2019,14.236,90.275428012141,1.6,0.1555907096460776,105.6011262771525,Europe,BEL,43006.4042308863,79.3044815063477,87.0961631189222
BEL,2018,15.748,88.6473429951691,1.62,0.1553929379293492,103.28284497143225,Europe,BEL,42208.3625650272,79.1237487792969,86.8883449485575
BEL,2017,19.236,87.6796808175598,1.65,0.1538279679538251,102.32388212268924,Europe,BEL,41619.328629169,80.7738189697266,86.6731739531869
BEL,2016,20.108,86.5164766644457,1.68,0.1526868343381767,100.83167476952525,Europe,BEL,41172.8862831209,77.2435073852539,86.4507790979645
BEL,2015,22.125,85.0529417508701,1.7,0.1491191695289075,100.0000000000001,Europe,BEL,40893.804537772,76.423942565918,86.2212893480444
BEL,2014,23.225,85.0012379539925,1.74,0.1493305867375348,98.9901935587984,Europe,BEL,40533.9135027898,74.0397262573242,85.9848336685807
BEL,2013,23.689,82.1702,1.76,0.1462541252101213,100.11732759750444,Europe,BEL,40007.8997891411,71.7841110229492,85.7415410247275
BEL,2012,19.738,80.7199905482042,1.8,0.1468393631114078,99.64967618557685,Europe,BEL,40074.492800399,69.7490615844727,85.4915403816388
BEL,2011,18.724,81.6099959955952,1.81,0.1443805260814821,99.55924215403685,Europe,BEL,40236.9596308558,67.7034072875977,85.2349607044689
BEL,2010,22.391,77.6397855126946,1.86,0.1434152369570233,98.67607982711999,Europe,BEL,39991.5646206286,66.8578872680664,84.9719309583717
BEL,2009,21.94,74.5441455527336,1.84,0.1427310769567444,98.20004407050817,Europe,BEL,39293.637546825,64.9798431396484,84.7025801085014
BEL,2008,17.97,68.8573221425131,1.85,0.1429659856004593,98.01683248534778,Europe,BEL,40380.9075004042,62.7642097473145,84.427037120012
BEL,2007,18.841,66.7604202433135,1.82,0.1431050656868596,96.9091041194715,Europe,BEL,40520.0843207009,62.461841583252,84.1454309580577
BEL,2006,20.511,61.9818700222023,1.8,0.1419586381649578,92.33743088033057,Europe,BEL,39371.0858277448,63.3717384338379,83.8578905877926
BEL,2005,21.482,55.81999969,1.76,0.1424276044201423,86.40597199008894,Europe,BEL,38645.2605193362,62.8203315734863,83.5645449743707
BEL,2004,17.502,53.86,1.72,0.1417099491025439,79.5858385896435,Europe,BEL,37976.6972967442,62.0411491394043,83.2655230829461
BEL,2003,18.982,49.97,1.67,0.1398690400696435,75.06121105636515,Europe,BEL,36826.2699296094,59.6124610900879,82.9609538786731
BEL,2002,15.652,46.33,1.65,0.1400791633862831,71.27078571253902,Europe,BEL,36600.862592332,58.1100807189941,82.6509663267055
BEL,2001,15.332,31.2883955056566,1.67,0.1402741838397636,67.6802861078193,Europe,BEL,36148.2880924306,56.7148895263672,82.3356893921976
BEL,2000,15.249,29.4316916924341,1.67,0.1399846780109418,66.05989528577783,Europe,BEL,35878.3153586195,NA,82.0152520403035
BLZ,2023,17.833,70.18720245,2.007,0.1735325526973744,NA,Americas,BLZ,6165.69414825936,22.3734089825019,41.9459437504976
BLZ,2022,18.422,69.98329926,1.949,0.1651991480452667,NA,Americas,BLZ,6262.56088273674,23.9767727412258,42.1373251262137
BLZ,2021,21.819,70.65370178,1.837,0.1656427551864492,NA,Americas,BLZ,5839.40157956017,23.6813942822198,42.3910809205294
BLZ,2020,22.367,64.43589783,2.04,0.1615957610444815,NA,Americas,BLZ,5006.48453276935,25.9421694120047,42.649842440311
BLZ,2019,19.934,58.76520157,2.142,0.1450644544400246,NA,Americas,BLZ,5864.14611827109,25.138736158351,42.9077622153323
BLZ,2018,22.006,53.59360123,2.343,0.1446455203047588,NA,Americas,BLZ,5707.61059954436,24.5883446033139,43.164848281502
BLZ,2017,15.686,48.8771019,2.368,0.1419968731127908,NA,Americas,BLZ,5767.61921963762,24.731690676743,43.4211086747287
BLZ,2016,16.547,44.57569885,2.396,0.1414212955221365,NA,Americas,BLZ,6012.21296983668,24.4760136680388,43.6765514309211
BLZ,2015,16.48,41.59000015,2.433,0.14081016452228,NA,Americas,BLZ,6154.62264230369,23.4350622690571,43.931184585988
BLZ,2014,18.272,38.70000076,2.474,0.1401612665020867,NA,Americas,BLZ,6116.49578852783,24.0154633440872,44.1850161758379
BLZ,2013,16.904,33.59999847,2.498,0.1394839666734366,NA,Americas,BLZ,6013.07879895362,24.0045345047471,44.4380542363795
BLZ,2012,16.914,31,2.51,0.1385820371412646,NA,Americas,BLZ,5902.74234696881,24.0271611386785,44.6903068035216
BLZ,2011,16.956,30.700000760000002,2.531,0.1376131866341772,NA,Americas,BLZ,5802.24344531492,21.5464009784327,44.9417819131729
BLZ,2010,16.92,28.2,2.552,0.1368409793327929,NA,Americas,BLZ,5937.75398343789,21.5657311669129,45.1914838193558
BLZ,2009,16.766,27.200000760000002,2.659,0.136346433573928,NA,Americas,BLZ,5997.68447156383,22.0563106536865,45.4589714924251
BLZ,2008,16.52,26.299999239999998,2.78,0.1360420688421191,NA,Americas,BLZ,6187.95885023655,18.78537940979,45.7599120745023
BLZ,2007,17.215,24.60000038,2.885,0.1356683740806508,NA,Americas,BLZ,6465.82885846045,17.9253196716309,46.0812472097226
BLZ,2006,19.03,24,3.021,0.1353731716394743,NA,Americas,BLZ,6435.58767337678,16.941520690918,46.4084814638913
BLZ,2005,22.155,17,3.173,0.1350407444193032,NA,Americas,BLZ,6337.12389222378,16.1422500610352,46.7271194028137
BLZ,2004,21.515,9.8,3.252,0.1346543186320261,NA,Americas,BLZ,6383.07432412662,15.6906204223633,47.0226655922949
BLZ,2003,20.995,NA,3.335,0.1342628239034383,NA,Americas,BLZ,6274.47428279313,16.2938194274902,47.2806245981404
BLZ,2002,20.362,5.68425121358763,3.43,0.1337675427898743,NA,Americas,BLZ,5895.15235037898,17.0946197509766,47.4865009861554
BLZ,2001,18.555,NA,3.526,0.133207608341529,NA,Americas,BLZ,5764.99055491104,15.1962203979492,47.6257993221451
BLZ,2000,22.036,5.96383530272428,3.633,0.1326770979092741,NA,Americas,BLZ,5663.64632374973,NA,47.6836847507377
BEN,2023,3.09,32.39400101,4.556,0.1617355107355213,NA,Africa,BEN,1263.62158336368,NA,51.7457922964593
BEN,2022,3.13,30.53730011,4.634,0.152737532346791,NA,Africa,BEN,1218.49668929091,10.2350101470947,50.9627000010887
BEN,2021,3.242,28.20470047,4.707,0.1505880876581737,NA,Africa,BEN,1176.37727637273,9.82796955108643,50.1961807561354
BEN,2020,2.96,22.12059975,4.795,0.1485917051254358,NA,Africa,BEN,1126.65404122154,10.3808002471924,49.4461567219896
BEN,2019,2.302,20.50099945,4.9,0.1341593615730456,NA,Africa,BEN,1114.17304526443,10.3906803131103,48.7125500590248
BEN,2018,2.621,19,5.031,0.1332520242855579,NA,Africa,BEN,1071.50452156932,11.5739097595215,47.9952829275963
BEN,2017,2.981,18.7,5.155,0.1316560530048985,NA,Africa,BEN,1032.90471194182,11.337929725647,47.2942774880391
BEN,2016,3.237,14.5,5.254,0.1302775011938926,NA,Africa,BEN,1006.03926633023,11.9529895782471,46.6094559006664
BEN,2015,3.418,11.25500011,5.32,0.1290036643315298,NA,Africa,BEN,1002.41886879614,12.4851799011231,45.9407403257663
BEN,2014,3.608,6,5.374,0.1270067502354281,NA,Africa,BEN,1014.4330062135,14.6916198730469,45.2880529235999
BEN,2013,3.956,4.900000095,5.41,0.1265487435700986,NA,Africa,BEN,982.399206290516,14.7752199172974,44.6502883669319
BEN,2012,4.725,4.5,5.429,0.1269570343449284,NA,Africa,BEN,943.918771531001,12.8605403900147,44.0475065829838
BEN,2011,5.448,4.14832306562512,5.436,0.1272076719542892,NA,Africa,BEN,927.716412836707,11.8088598251343,43.4616136137276
BEN,2010,2.138,3.13,5.452,0.1273175456848501,NA,Africa,BEN,928.246655329144,12.6081895828247,42.8916891239353
BEN,2009,1.902,2.24,5.491,0.1292178920963771,NA,Africa,BEN,936.565651071554,9.3462495803833,42.338538285999
BEN,2008,1.715,1.85,5.548,0.1289745064232418,NA,Africa,BEN,943.203380303862,7.34216022491455,41.8029662723105
BEN,2007,1.596,1.79,5.627,0.1287994275823722,NA,Africa,BEN,926.740113754071,7.43086004257202,41.2857782552618
BEN,2006,1.457,1.537899971,5.673,0.1293226125756604,NA,Africa,BEN,900.62053578735,6.20295000076294,40.7877794072449
BEN,2005,1.308,1.271000028,5.692,0.1286344123795424,NA,Africa,BEN,893.91536869992,5.41120004653931,40.3097749006517
BEN,2004,1.135,1.18254096518994,5.718,0.1284076102634483,NA,Africa,BEN,907.624431209378,5.47938013076782,39.8525699078742
BEN,2003,0.984,0.951327114915695,5.763,0.1281737836852204,NA,Africa,BEN,896.146763201736,5.43203020095825,39.4169696013044
BEN,2002,0.826,0.7029455951039,5.793,0.1277233528925688,NA,Africa,BEN,893.137100961634,4.92833995819092,39.0035069872981
BEN,2001,0.909,0.363417890016082,5.848,0.127052173457231,NA,Africa,BEN,879.854463773645,4.20038986206055,38.6186257669218
BEN,2000,1.003,0.225247851473369,5.937,0.1263677496707781,NA,Africa,BEN,861.213292013209,3.49604988098144,38.2759517258875
BMU,2023,NA,NA,1.401,0.174223201261164,NA,Americas,BMU,115124.71719745,17.3357105255127,100
BMU,2022,NA,NA,1.397,0.1668130915933129,NA,Americas,BMU,109642.671877743,NA,100
BMU,2021,NA,NA,1.389,0.1669844108094731,NA,Americas,BMU,103134.729483915,NA,100
BMU,2020,NA,NA,1.451,0.1646870189298619,NA,Americas,BMU,98999.5076617935,NA,100
BMU,2019,NA,NA,1.383,0.1529075722660059,NA,Americas,BMU,106709.881238843,NA,100
BMU,2018,NA,NA,1.374,0.1530746365859939,NA,Americas,BMU,106843.163739391,22.3407592773438,100
BMU,2017,NA,98.37,1.419,0.1529847428034903,NA,Americas,BMU,107734.608357327,21.8093700408936,100
BMU,2016,NA,98,1.45,0.1525529403572467,NA,Americas,BMU,104190.876720334,NA,100
BMU,2015,NA,98.3236096537251,1.44,0.1518866693052027,NA,Americas,BMU,104855.366822135,30.6167392730713,100
BMU,2014,NA,96.8,1.42,0.1512106747802438,NA,Americas,BMU,103941.982606956,33.3333282470703,100
BMU,2013,NA,95.3,1.522,0.1508093631296674,NA,Americas,BMU,107860.394791964,35.1997718811035,100
BMU,2012,NA,91.2993045243401,1.528,0.1504095929028006,NA,Americas,BMU,108040.575659203,36.9150810241699,100
BMU,2011,NA,88.336,1.569,0.149753130994146,NA,Americas,BMU,113937.835700983,37.8277206420898,100
BMU,2010,NA,84.21,1.767,0.1495265961013075,NA,Americas,BMU,118382.908990645,36.5495414733887,100
BMU,2009,NA,83.25,1.853,0.1493922253412487,NA,Americas,BMU,121727.584908744,38.3707885742188,100
BMU,2008,NA,82.3,1.86,0.1490657463918464,NA,Americas,BMU,129525.177139097,29.9917602539062,100
BMU,2007,NA,74.3505940302669,1.934,0.1487243607698622,NA,Americas,BMU,132595.482654866,29.2320194244385,100
BMU,2006,NA,69.8996551617012,1.79,0.1483219019634538,NA,Americas,BMU,128662.931924261,32.5518684387207,100
BMU,2005,NA,65.4470657898838,1.782,0.1478911481630044,NA,Americas,BMU,122143.799577518,NA,100
BMU,2004,NA,60.9908670086326,1.76,0.1474155291857056,NA,Americas,BMU,120432.12052555,NA,100
BMU,2003,NA,56.5220121836337,1.79,0.1469221719242013,NA,Americas,BMU,118018.831592635,NA,100
BMU,2002,NA,52.0315973700393,1.815,0.1463550621762687,NA,Americas,BMU,114574.433608566,NA,100
BMU,2001,NA,47.5096998970623,1.861,0.1456928301945322,NA,Americas,BMU,116809.925253071,NA,100
BMU,2000,NA,42.9498600152711,1.738,0.1450468721829765,NA,Americas,BMU,109502.763102809,NA,100
BTN,2023,14.939,90.02140045,1.462,0.1261695853550953,NA,Asia,BTN,3480.51388574877,15.0074996948242,41.7352457989939
BTN,2022,27.177,88.35620117,1.478,0.1230662081685479,NA,Asia,BTN,3349.73309632799,14.5780698560857,40.9365143617581
BTN,2021,20.609,85.636883889999993,1.488,0.1201173331165154,NA,Asia,BTN,3206.20366997254,14.7382447141292,40.3075199874379
BTN,2020,21.989,76.85079956,1.502,0.1225059097078348,NA,Asia,BTN,3092.12428399363,16.8650740250552,39.6888839873439
BTN,2019,11.56,74.17939758,1.448,0.1137258335243886,NA,Asia,BTN,3467.38598979356,15.9420291550317,39.0746823405146
BTN,2018,15.199,63.48680115,1.517,0.1138187713867269,NA,Asia,BTN,3300.55006461736,14.9303808051574,38.4661892776975
BTN,2017,13.355,54.33549881,1.621,0.113673620455751,NA,Asia,BTN,3211.80903275593,14.8354989456323,37.8645544995016
BTN,2016,11.614,46.50320053,1.738,0.1129607777676363,NA,Asia,BTN,3173.36773217431,NA,37.2745234641407
BTN,2015,10.115,39.79999924,1.835,0.112322472643599,NA,Asia,BTN,2954.04081911097,NA,36.6983375690037
BTN,2014,9.023,30.299999239999998,1.923,0.1120367050417304,NA,Asia,BTN,2797.81883971908,NA,36.1326606084122
BTN,2013,9.389,22.39999962,2,0.111359860668049,NA,Asia,BTN,2671.07460201171,10.362939215902,35.5740003158589
BTN,2012,6.982,15.600000380000001,2.068,0.1110602381468613,NA,Asia,BTN,2654.74798946027,7.60806024678839,35.0188644248365
BTN,2011,8.911,14.399999619999999,2.155,0.1114566800358649,NA,Asia,BTN,2552.48871073094,7.70502526511554,34.4637606688377
BTN,2010,8.784,13.6,2.252,0.1110502257539585,NA,Asia,BTN,2378.72810760985,6.57718143152316,33.9051967813552
BTN,2009,12.42,7.17,2.364,0.1105702413127727,NA,Asia,BTN,2148.56480375034,6.29682016372681,33.3396804958817
BTN,2008,11.941,6.55,2.481,0.1118791495390301,NA,Asia,BTN,2017.76018913403,6.58204984664917,32.76371954591
BTN,2007,11.413,5.92,2.589,0.109073877628341,NA,Asia,BTN,1952.25734603779,5.54621982574463,32.1738216649326
BTN,2006,9.543,4.518300056,2.66,0.1105076155327275,NA,Asia,BTN,1701.11878173586,5.12222003936768,31.5664945864425
BTN,2005,9.438,3.847100019,2.726,0.1086236374515869,NA,Asia,BTN,1632.02169500573,4.87233018875122,30.9379917831613
BTN,2004,7.489,3.15698419613711,2.781,0.1083785433936948,NA,Asia,BTN,1552.73915195801,NA,30.2914018195132
BTN,2003,5.379,2.43691239949767,2.865,0.1081080968640358,NA,Asia,BTN,1506.4152751782,NA,29.6328608739429
BTN,2002,5.49,1.67580258375242,3.012,0.1078138388203591,NA,Asia,BTN,1427.25693317315,NA,28.9630875013322
BTN,2001,5.589,0.864628564215099,3.188,0.1075150691922061,NA,Asia,BTN,1321.09878230279,NA,28.282501830034
BTN,2000,4.895,0.40094444691941,3.378,0.1080258915845621,NA,Asia,BTN,1259.6237645235,NA,27.5915239884015
BOL,2023,4.968,77.30039978,2.547,0.1880894627587495,NA,Americas,BOL,3122.77049447823,NA,70.9151414044538
BOL,2022,6.044,72.62270355,2.584,0.1741332075412308,NA,Americas,BOL,3088.24126155241,NA,70.6352598708131
BOL,2021,8.199,65.9773785,2.618,0.1706907942308368,NA,Americas,BOL,3011.55110807557,NA,70.3450412826165
BOL,2020,15.241,59.94010155,2.651,0.1706897849612296,NA,Americas,BOL,2765.0927177231,NA,70.0442635528254
BOL,2019,6.927,47.4748191121692,2.688,0.1493899643329213,NA,Americas,BOL,3207.3869521223,NA,69.7334986708387
BOL,2018,6.78,44.2861422024283,2.73,0.1490047079386841,NA,Americas,BOL,3204.53670819124,NA,69.4133879813999
BOL,2017,6.654,43.83229828,2.777,0.1478447238179584,NA,Americas,BOL,3160.16421228968,NA,69.0838016274736
BOL,2016,6.772,39.69749832,2.829,0.1477629754670301,NA,Americas,BOL,3077.57057564766,NA,68.7446327876947
BOL,2015,6.852,37.4868176324391,2.886,0.1477322256488389,NA,Americas,BOL,2996.01289811344,NA,68.3958051297665
BOL,2014,4.774,34.6016202324676,2.947,0.147659271049711,NA,Americas,BOL,2900.90241586338,NA,68.037425413
BOL,2013,5.392,36.99,3.01,0.1476171382612555,NA,Americas,BOL,2793.51457098676,NA,67.6697055519889
BOL,2012,3.361,35.34,3.076,0.1475379468065584,NA,Americas,BOL,2657.23884915853,NA,67.2581444827699
BOL,2011,5.327,30,3.143,0.1474627398714186,NA,Americas,BOL,2568.5205166368,NA,66.833715633176
BOL,2010,5.283,22.39999962,3.213,0.1475624550015977,NA,Americas,BOL,2481.40700850945,NA,66.4075665659133
BOL,2009,5.283,16.799999239999998,3.287,0.1479216930188916,NA,Americas,BOL,2422.57579390007,NA,65.9781896386949
BOL,2008,5.686,12.5,3.364,0.1482772642984009,NA,Americas,BOL,2383.2503257823,NA,65.5448299960338
BOL,2007,5.546,10.49919987,3.447,0.1488174664676047,NA,Americas,BOL,2283.4273357151,NA,65.1067327824433
BOL,2006,5.349,6.20067125473576,3.533,0.1489161686410327,NA,Americas,BOL,2221.42722587103,NA,64.6631431424362
BOL,2005,5.22,5.22758395663196,3.558,0.1483513267662177,NA,Americas,BOL,2156.18670325307,NA,64.2133062205259
BOL,2004,5.08,4.43992460120042,3.633,0.1492706627283698,NA,Americas,BOL,2099.990810637,NA,63.7564671612252
BOL,2003,4.956,3.50859640072336,3.721,0.1481121948546797,NA,Americas,BOL,2050.07133411879,NA,63.2918711090474
BOL,2002,4.744,3.11719294696997,3.802,0.1478849783176017,NA,Americas,BOL,2029.66993638623,NA,62.8187632085055
BOL,2001,4.593,2.1204625341365,3.89,0.1475202370989052,NA,Americas,BOL,2013.84581083123,NA,62.3374810379005
BOL,2000,4.267,1.4427635847914,3.991,0.1476975271761712,NA,Americas,BOL,2014.19024658446,NA,61.8587201575591
BIH,2023,27.27,83.3771539,1.486,0.1470430075505956,NA,Europe,BIH,6493.32400514463,45.5027618408203,51.5657239834305
BIH,2022,31.728,78.8455371,1.481,0.1386926264438487,NA,Europe,BIH,6327.16206849174,45.6063499450684,51.0215287060993
BIH,2021,35.816,75.67620138,1.49,0.1378108986963675,NA,Europe,BIH,5995.54197590494,45.0589485168457,50.4899479477034
BIH,2020,37.924,73.21175294,1.515,0.1365001100165679,NA,Europe,BIH,5490.75366635139,43.8039207458496,49.9710852122997
BIH,2019,35.263,69.9463476317266,1.509,0.1245865739852441,NA,Europe,BIH,5583.29721276458,46.6677894592285,49.4650440037758
BIH,2018,40.535,70.1201350394885,1.504,0.1256250109303592,NA,Europe,BIH,5360.25201017633,49.7987518310547,48.971927825824
BIH,2017,47.925,64.8920205128383,1.419,0.1259803819294203,NA,Europe,BIH,5099.81602856447,54.528678894043,48.4918401819106
BIH,2016,56.261,60.2565354318987,1.36,0.1255523390641575,NA,Europe,BIH,4876.53471495633,56.9546089172363,48.0248845752382
BIH,2015,65.239,52.59999847,1.322,0.126507785352645,NA,Europe,BIH,4662.25869219448,55.5336608886719,47.5711645087011
BIH,2014,64.598,49.91770172,1.262,0.1253653156956993,NA,Europe,BIH,4412.67617817734,54.1655807495117,47.130783484831
BIH,2013,60.919,48.52130127,1.278,0.1262091338424504,NA,Europe,BIH,4306.73175072214,51.3600883483887,46.6954224739896
BIH,2012,65.019,45.0644989,1.252,0.126278590357297,NA,Europe,BIH,4139.91732773657,44.7015495300293,46.3655655972
BIH,2011,59.568,43.88769913,1.209,0.1257862065753152,NA,Europe,BIH,4094.25329541877,41.9769592285156,46.0528777644843
BIH,2010,59.665,42.75,1.26,0.1264787760122781,NA,Europe,BIH,3981.20985692032,38.5334587097168,45.7392153332604
BIH,2009,50.142,37.74,1.267,0.12416881724934,NA,Europe,BIH,3877.53540078456,36.9575691223145,45.4246010387901
BIH,2008,48.838,34.66,1.21,0.1240878416623968,NA,Europe,BIH,3929.03297717336,34.473949432373,45.1090576163352
BIH,2007,60.099,27.92,1.19,0.1232794224106518,NA,Europe,BIH,3665.08966529499,30.7171401977539,44.7926078011574
BIH,2006,63.982,25.1223856852117,1.18,0.1219498060365509,NA,Europe,BIH,3419.75887457192,27.0378398895264,44.4752743285185
BIH,2005,61.65,21.3267010007738,1.203,0.121565428777538,NA,Europe,BIH,3217.81341615345,24.1594295501709,44.1570799336802
BIH,2004,59.288,15.4689716227665,1.221,0.1211678549783208,NA,Europe,BIH,3063.83543448936,21.1273002624512,43.8380473519042
BIH,2003,57.108,3.96503683387051,1.219,0.1211654759085509,NA,Europe,BIH,2855.68314939849,18.8590297698975,43.5181993184523
BIH,2002,54.884,2.64826791361244,1.231,0.1212195567903515,NA,Europe,BIH,2743.13878615838,17.0357398986816,43.1975585685863
BIH,2001,52.604,1.20052695129649,1.23,0.1208644726525455,NA,Europe,BIH,2617.18230350812,16.782470703125,42.8761478375679
BIH,2000,50.405,1.08296074971207,1.282,0.12151874446276591,NA,Europe,BIH,2567.34136989735,15.3945398330688,42.5539898606589
BWA,2023,44.361,NA,2.732,0.1385069334944939,NA,Africa,BWA,7269.05170664457,20.5658232475186,67.0212655349864
BWA,2022,42.611,57.9,2.785,0.1300698234099108,NA,Africa,BWA,7159.5860618268,20.7095613715302,66.5889787170477
BWA,2021,43.355,54.70069885,2.827,0.1288925015725039,NA,Africa,BWA,6895.91184943107,21.2032904951187,66.5182767068255
BWA,2020,40.436,51.67819977,2.861,0.126392548920752,NA,Africa,BWA,6254.24806241091,22.4017870513653,66.4488166494554
BWA,2019,34.588,48.82279968,2.906,0.1121000293155236,NA,Africa,BWA,6951.73189051146,21.4965480211896,66.3271694845464
BWA,2018,34.404,46.12509918,2.941,0.1130019531203055,NA,Africa,BWA,6843.84612027739,NA,66.1579176461888
BWA,2017,34.872,43.57640076,2.969,0.1110454363708304,NA,Africa,BWA,6662.57644805467,21.4762885165012,65.9456435684731
BWA,2016,34.851,41.16859818,2.99,0.1116229861921396,NA,Africa,BWA,6490.83463593483,22.6605855291776,65.6949296854899
BWA,2015,34.743,38.89379883,3.008,0.1096735116483608,NA,Africa,BWA,6141.20394726616,26.8692925538756,65.4103584313295
BWA,2014,34.6,36.74474744423,3.027,0.1090791929757799,NA,Africa,BWA,6547.12254115892,24.8355648460166,65.0965122400825
BWA,2013,34.602,30,3.045,0.1084900736352114,NA,Africa,BWA,6284.97678002618,26.3370990753174,64.7579735458393
BWA,2012,34.652,16,3.07,0.1086630768687087,NA,Africa,BWA,5742.91924452636,21.6663608551025,64.3993247826904
BWA,2011,35.196,9,3.103,0.108708154431789,NA,Africa,BWA,5850.07858575461,17.5134506225586,64.0187810722889
BWA,2010,35.093,6,3.135,0.1083252791824065,NA,Africa,BWA,5584.5034321846,19.5398902893066,63.4945974665277
BWA,2009,32.34,6.150000095,3.133,0.1098382726643043,NA,Africa,BWA,5179.4138607146,21.9871006011963,62.7501882968523
BWA,2008,31.491,6.25,3.131,0.1089173792847788,NA,Africa,BWA,6158.61629368051,14.2659397125244,61.8321593704079
BWA,2007,31.605,5.28,3.127,0.1089766356298568,NA,Africa,BWA,6085.6354476126,10.2232799530029,60.7822308289942
BWA,2006,31.91,4.28993297515968,3.114,0.1090592205778976,NA,Africa,BWA,5865.00026521361,10.0698099136353,59.6421228144112
BWA,2005,36.817,3.262599945,3.082,0.1089748483028421,NA,Africa,BWA,5514.21742664705,9.23077964782715,58.4535554684584
BWA,2004,41.676,3.30488925316113,3.063,0.1088633234403228,NA,Africa,BWA,5369.42516766112,9.56877994537354,57.2582489329358
BWA,2003,47.043,3.3451901740614,3.106,0.1087586951339481,NA,Africa,BWA,5320.440295139,9.07960033416748,56.0979233496432
BWA,2002,43.486,3.38592235064273,3.175,0.1086355274301021,NA,Africa,BWA,5175.47655317231,7.80341005325317,55.0142988603802
BWA,2001,39.245,3.43088678702599,3.248,0.1088965263933169,NA,Africa,BWA,4971.96371794188,7.48678016662598,54.0489894446035
BWA,2000,32.127,2.90266662177209,3.294,0.1087622019947992,NA,Africa,BWA,5062.64289173588,6.98083019256592,53.2047727398794
BRA,2023,17.938,84.15060238,1.619,0.2087608925585135,72.11979731883943,Americas,BRA,9288.02594608687,NA,87.6159710235763
BRA,2022,20.732,80.52775094,1.629,0.193404242722308,71.7260526622139,Americas,BRA,9032.08377657776,61.0000915527344,87.349556243881
BRA,2021,28.311,80.68989314,1.638,0.1921804947762008,74.67832082982446,Americas,BRA,8799.22844579944,57.6311988830566,87.1360781715439
BRA,2020,30.267,81.34269353,1.653,0.1892987306488268,79.67230892868757,Americas,BRA,8435.01046209185,55.529109954834,86.9112186503004
BRA,2019,27.098,73.9124399133589,1.705,0.1675992966119605,82.18143405400473,Americas,BRA,8771.43950372603,53.6215400695801,86.6797991084296
BRA,2018,27.958,70.4342825404361,1.744,0.1668968463244222,85.05319729356162,Americas,BRA,8722.33529970988,52.05712890625,86.4420719945072
BRA,2017,28.593,67.4712845236305,1.74,0.1660908360230469,88.93573687121095,Americas,BRA,8628.25209645723,50.7326316833496,86.1982897571091
BRA,2016,26.596,60.8725400681261,1.727,0.16550289063989931,91.81969353619672,Americas,BRA,8577.84277969667,48.9665794372559,85.9487048448108
BRA,2015,19.493,58.3279517340924,1.777,0.1653741065842769,99.99999999999983,Americas,BRA,8936.1955889444,49.0805015563965,85.6935697061881
BRA,2014,15.496,54.5510018796392,1.775,0.164784237755666,104.75504443716525,Americas,BRA,9338.34170840985,47.8131904602051,85.4331367898168
BRA,2013,15.7,51.04,1.761,0.1637628942234539,102.5588013048215,Americas,BRA,9366.73824670239,44.9966697692871,85.1676585442726
BRA,2012,15.854,48.56,1.766,0.1630369955538507,98.10922397310355,Americas,BRA,9167.49818450433,43.8344116210938,84.8973874181312
BRA,2011,16.928,45.69,1.777,0.162226740067972,89.88016963505983,Americas,BRA,9067.99212019529,NA,84.6225758599683
BRA,2010,18.239,40.65,1.786,0.1619166059749761,75.0258656042987,Americas,BRA,8792.63334959864,NA,84.343846036308
BRA,2009,19.774,39.22,1.799,0.1621180072812504,64.35922863380182,Americas,BRA,8246.09612122851,NA,84.0698380333651
BRA,2008,17.556,33.83,1.815,0.1622701301428479,57.790735938341776,Americas,BRA,8330.76364001877,NA,83.8036050557184
BRA,2007,18.795,30.87999916,1.854,0.1623741295431998,NA,Americas,BRA,8003.2532101272,NA,83.5382571292649
BRA,2006,19.883,28.17840004,1.896,0.1621120308950829,NA,Americas,BRA,7622.03919432148,NA,83.2672101364439
BRA,2005,21.399,21.022747248827,1.942,0.1619042053872705,NA,Americas,BRA,7409.56827992249,NA,82.9838799596945
BRA,2004,20.034,19.073672274442,1.973,0.1616608414215763,NA,Americas,BRA,7258.78101654079,NA,82.6816824814559
BRA,2003,21.382,13.2075861035303,2.006,0.1614833588438721,NA,Americas,BRA,6941.43965883253,NA,82.3540335841671
BRA,2002,20.603,9.14942508560748,2.081,0.1610780658354946,NA,Americas,BRA,6944.62257593723,NA,81.9943491502673
BRA,2001,20.019,4.52849486902851,2.162,0.1604166833179484,NA,Americas,BRA,6823.0331851176,NA,81.5960450621957
BRA,2000,20.327,2.87068515854108,2.247,0.1596841750717474,NA,Americas,BRA,6817.78345634413,NA,81.1484365423806
VGB,2023,NA,NA,1.045,NA,NA,Americas,VGB,NA,26.6493055555556,55.6407774494219
VGB,2022,NA,NA,1.025,NA,NA,Americas,VGB,NA,29.0409725348942,54.795911692548
VGB,2021,NA,NA,0.999,NA,NA,Americas,VGB,NA,30.3667262969589,53.972618684518
VGB,2020,NA,NA,0.975,NA,NA,Americas,VGB,NA,30.475763016158,53.1709074822645
VGB,2019,NA,NA,0.941,NA,NA,Americas,VGB,NA,24.2532322781988,52.3907871425786
VGB,2018,NA,NA,0.905,NA,NA,Americas,VGB,NA,17.7551020408163,51.6322667220883
VGB,2017,NA,77.7042682926829,0.873,NA,NA,Americas,VGB,NA,NA,50.8953552772346
VGB,2016,NA,77.7014296797074,0.987,NA,NA,Americas,VGB,NA,39.173320807891,50.1800618642422
VGB,2015,NA,NA,1.186,NA,NA,Americas,VGB,NA,40.3414634146341,49.4863955390847
VGB,2014,NA,NA,1.235,NA,NA,Americas,VGB,NA,NA,48.8143653574427
VGB,2013,NA,NA,1.086,NA,NA,Americas,VGB,NA,NA,48.1639803746541
VGB,2012,NA,37.6,1.103,NA,NA,Americas,VGB,NA,NA,47.5352496456526
VGB,2011,NA,37.4,1.268,NA,NA,Americas,VGB,NA,NA,46.9281822248936
VGB,2010,NA,37,1.183,NA,NA,Americas,VGB,NA,NA,46.3427871662626
VGB,2009,NA,36,1.23,NA,NA,Americas,VGB,NA,70.4889373779297,45.7790735229619
VGB,2008,NA,NA,1.272,NA,NA,Americas,VGB,NA,NA,45.2370503473687
VGB,2007,NA,NA,1.312,NA,NA,Americas,VGB,NA,NA,44.7167266908574
VGB,2006,NA,NA,1.234,NA,NA,Americas,VGB,NA,NA,44.2181116035727
VGB,2005,NA,NA,1.34,NA,NA,Americas,VGB,NA,NA,43.741214134139
VGB,2004,NA,NA,1.5,NA,NA,Americas,VGB,NA,65.4377899169922,43.2860433292828
VGB,2003,NA,NA,1.309,NA,NA,Americas,VGB,NA,NA,42.8526082333374
VGB,2002,NA,18.8857412653447,1.247,NA,NA,Americas,VGB,NA,47.8233413696289,42.4409178875828
VGB,2001,NA,NA,1.517,NA,NA,Americas,VGB,NA,43.8400993347168,42.0235454180552
VGB,2000,NA,NA,1.839,NA,NA,Americas,VGB,NA,49.8008003234863,41.9814254086647
BRN,2023,17.955,98.97039795,1.747,0.1394734732326367,NA,Asia,BRN,28645.9645396284,36.4182725443167,74.8199193881365
BRN,2022,18.299,98.97042579,1.764,0.1353778465313913,NA,Asia,BRN,28549.1756060465,31.1925368707703,74.7772642014221
BRN,2021,16.238,97.62879944,1.778,0.136163357846103,NA,Asia,BRN,29256.1833678343,27.4258937503291,74.7667316936175
BRN,2020,26.852,96.30549622,1.796,0.1328287755517294,NA,Asia,BRN,30015.9588506697,27.4692556634304,74.7748108912151
BRN,2019,20.141,95,1.819,0.1265470877558611,NA,Asia,BRN,29996.2407223175,27.7715019255456,74.7923311783673
BRN,2018,30.809,95,1.848,0.1248661277121808,NA,Asia,BRN,29200.1952024222,27.9285989469629,74.8172471714305
BRN,2017,29.255,94.86669922,1.881,0.1254476037946628,NA,Asia,BRN,29524.65912789,31.2433910195239,74.8476440654983
BRN,2016,27.629,90,1.915,0.123268782703368,NA,Asia,BRN,29492.4145927789,28.6644096374512,74.8816070556641
BRN,2015,25.886,71.19999695,1.947,0.1222606254490761,NA,Asia,BRN,30625.1287744656,28.6641292572021,74.9484620568562
BRN,2014,24.092,68.76999664,1.969,0.121243311099231,NA,Asia,BRN,31148.7297405401,30.0799102783203,75.0572639801502
BRN,2013,23.338,64.5,1.978,0.120390577386753,NA,Asia,BRN,32381.0739795231,23.4649200439453,75.1756915148608
BRN,2012,22.601,60.27310181,1.973,0.1198696972538603,NA,Asia,BRN,33544.5389457877,22.0733509063721,75.2714233503027
BRN,2011,22.054,56,1.957,0.1192172914299055,NA,Asia,BRN,33754.3640783713,17.4244594573975,75.312125504778
BRN,2010,21.674,53,1.937,0.1192375970621279,NA,Asia,BRN,33121.3178241724,15.3331604003906,75.2506559029998
BRN,2009,21.345,49,1.921,0.1188778147622455,NA,Asia,BRN,32855.6021602466,16.5658493041992,75.0712970872547
BRN,2008,20.811,46,1.918,0.1182986857568837,NA,Asia,BRN,34126.6941563969,15.7385101318359,74.7929411399737
BRN,2007,20.414,44.68,1.933,0.1173985524314219,NA,Asia,BRN,36174.516515486,15.4847002029419,74.4344860960786
BRN,2006,19.929,42.1863491609307,1.969,0.1167524829031565,NA,Asia,BRN,38229.3565684183,15.2068796157837,74.0148299904911
BRN,2005,19.414,36.4663919475782,2.024,0.1161484746508043,NA,Asia,BRN,37312.2778797122,15.2498598098755,73.552870858133
BRN,2004,18.826,29.7156041447864,2.104,0.1154309119759305,NA,Asia,BRN,37948.6590825194,15.1707801818848,73.0675067339261
BRN,2003,18.328,19.5950032207342,2.185,0.1148557804499212,NA,Asia,BRN,38595.1688513702,14.257490158081,72.577635652792
BRN,2002,17.892,15.329879855735,2.264,0.1144269817109946,NA,Asia,BRN,37976.2627573601,14.1154699325562,72.1021556496525
BRN,2001,17.473,12.9177690823013,2.337,0.1137580213768659,NA,Asia,BRN,37269.3099216587,14.6684103012085,71.657883335906
BRN,2000,17.357,8.99628453448726,2.398,0.1133884640969929,NA,Asia,BRN,37509.5983847742,13.4959297180176,71.2246805488418
BGR,2023,12.049,80.38956462,1.81,0.1280099776230192,127.041097477878,Europe,BGR,9787.26510772747,79.8532333374023,73.7322671584613
BGR,2022,10.582,79.12686326,1.78,0.1228681859840944,125.42619596461175,Europe,BGR,9597.86796406548,84.1293563842773,73.4799164005224
BGR,2021,15.701,75.27144583,1.8,0.1223943064354416,127.49252617887976,Europe,BGR,9161.4773799072591,85.3017501831055,73.346765618041
BGR,2020,14.143,70.16248359,1.77,0.1207686968670813,124.67650159571174,Europe,BGR,8440.08304721192,85.5331115722656,73.3239898681641
BGR,2019,8.777,67.9469809417603,1.79,0.1110504641350313,118.26946297512976,Europe,BGR,8626.13418680372,84.7503128051758,73.7162322998047
BGR,2018,12.676,64.78201069118,1.73,0.1113527835989752,113.8973688865225,Europe,BGR,8194.37434587757,83.134880065918,73.600212097168
BGR,2017,12.927,63.4101013837926,1.71,0.1122751436952432,109.35464929526475,Europe,BGR,7898.70693013652,81.2245864868164,73.3904571533203
BGR,2016,17.224,59.825547661014,1.67,0.1127807355758204,105.24157685388275,Europe,BGR,7586.50411050819,80.6399612426758,73.1750030517578
BGR,2015,21.653,56.6562516053086,1.64,0.1131742092684384,100.00000000000003,Europe,BGR,7268.65445473873,78.2999572753906,73.1030578613281
BGR,2014,23.774,55.4903766299262,1.62,0.1141977202861093,99.6025842585545,Europe,BGR,6941.01853946718,72.981559753418,73.0844879150391
BGR,2013,28.374,53.0615,1.54,0.1130776796276228,99.52044340943985,Europe,BGR,6792.73549964735,68.2013397216797,72.9632821572019
BGR,2012,28.11,51.8999876658503,1.5,0.1138951953518054,100.30660319507592,Europe,BGR,6693.4277325127,62.1616516113281,72.7684860229492
BGR,2011,25.056,47.9799930506026,1.51,0.1125348663917722,105.1965121513245,Europe,BGR,6605.30851691027,59.8246803283691,72.6101653885532
BGR,2010,21.95,46.23,1.57,0.1119300456293913,115.47053975676975,Europe,BGR,6428.71742590538,58.354850769043,71.5149307250977
BGR,2009,16.263,45,1.66,0.1115631803452559,130.83406270672998,Europe,BGR,6288.72543188686,55.0083694458008,71.3017349243164
BGR,2008,12.804,39.67,1.56,0.1112898717124582,165.3857116240635,Europe,BGR,6464.72198023576,52.6504096984863,70.902099609375
BGR,2007,15.183,33.64,1.49,0.1114925044900523,140.56443645984876,Europe,BGR,6048.74231752797,51.2403411865234,70.6844177246094
BGR,2006,19.578,27.09,1.44,0.1113616342604506,118.73721225136924,Europe,BGR,5629.80127993005,47.7948303222656,70.5075225830078
BGR,2005,22.391,19.97,1.37,0.1111101879337699,105.7943155514465,Europe,BGR,5231.33811895255,46.225269317627,70.0869598388672
BGR,2004,24.497,18.13,1.33,0.1120978393815026,NA,Europe,BGR,4849.87141310477,43.6935691833496,69.9193344116211
BGR,2003,27.057,12.04,1.26,0.11085503509289,NA,Europe,BGR,4519.18439177056,42.8536109924316,69.7808456420898
BGR,2002,35.608,9.08,1.23,0.1115366340101231,NA,Europe,BGR,4260.40477488601,41.4290084838867,69.4859161376953
BGR,2001,39.087,7.6122977487982,1.21,0.1100919955678958,NA,Europe,BGR,3937.70160937785,41.0407791137695,69.196711983564
BGR,2000,33.208,5.37092346908696,1.26,0.1109812681926497,NA,Europe,BGR,3717.92889906166,NA,68.2631454467773
BFA,2023,6.569,25.36120033,4.186,0.1638168121690026,NA,Africa,BFA,745.405334618409,10.1078755635882,27.7872478365158
BFA,2022,6.722,25.3987999,4.275,0.1540151955994493,NA,Africa,BFA,740.306319930259,9.67069485831779,27.2791369742712
BFA,2021,7.642,18.1522007,4.361,0.1524935098235535,NA,Africa,BFA,745.472563435144,9.30513098594236,26.8114307743017
BFA,2020,7.978,12.97319984,4.44,0.1508552117824252,NA,Africa,BFA,713.8421779224,7.64277062242324,26.3578373628627
BFA,2019,7.432,9.27180600953186,4.681,0.1334766141753678,NA,Africa,BFA,717.021595096634,6.90532594926159,26.1187254401157
BFA,2018,7.638,8.498900414,4.921,0.1322834274161907,NA,Africa,BFA,694.492813126351,6.31826110291158,26.0832202154822
BFA,2017,7.53,7.790400028,5.17,0.1315249079866159,NA,Africa,BFA,669.276310328333,5.8341880408112,25.9769918665632
BFA,2016,7.383,7.140999794,5.331,0.1309804448723192,NA,Africa,BFA,648.420480176012,5.40541465878063,25.821510372001
BFA,2015,7.162,6.545700073,5.478,0.1302985677584805,NA,Africa,BFA,630.124750752312,4.90356866333498,25.621432645225
BFA,2014,6.835,6,5.595,0.129031166256832,NA,Africa,BFA,624.576885187665,4.89539917725699,25.3814155996643
BFA,2013,6.525,5,5.697,0.1279596290219306,NA,Africa,BFA,616.741331164082,4.57338342077701,25.106116148748
BFA,2012,6.21,3.7249999049999998,5.793,0.1272321744447931,NA,Africa,BFA,600.731343697818,4.33792685706514,24.8001912059054
BFA,2011,6.114,3,5.869,0.1269428363018954,NA,Africa,BFA,581.603658737407,3.91906920981907,24.4682976845657
BFA,2010,5.921,2.4000000950000002,5.936,0.1270352344752603,NA,Africa,BFA,561.847221302489,3.34944579587797,24.115092498158
BFA,2009,5.845,1.129999995,5.992,0.1259671425277271,NA,Africa,BFA,533.470084831931,3.26682996749878,23.7452325601116
BFA,2008,5.513,0.920000017,6.05,0.1282296197935132,NA,Africa,BFA,533.471299938288,2.92968010902405,23.3633747838557
BFA,2007,5.205,0.75,6.11,0.1268412962128597,NA,Africa,BFA,519.26101218434,2.40549993515015,22.9741760828193
BFA,2006,5.776,0.632700026,6.17,0.1280506511107465,NA,Africa,BFA,514.113131757062,2.25787997245789,22.5528306908743
BFA,2005,6.295,0.469900012,6.182,0.127205955163332,NA,Africa,BFA,499.192797571217,2.14314007759094,22.0179778440204
BFA,2004,5.42,0.400295285492178,6.216,0.1268480291813979,NA,Africa,BFA,474.086412333459,NA,21.3392180754924
BFA,2003,4.339,0.373440303233526,6.28,0.1268051732855427,NA,Africa,BFA,468.263047790124,1.50508999824524,20.563327262892
BFA,2002,4.414,0.200992597925001,6.339,0.1253352882591316,NA,Africa,BFA,448.128856317091,1.34107005596161,19.725053583448
BFA,2001,4.261,0.157732464653607,6.431,0.1242276637951826,NA,Africa,BFA,442.914122870048,1.11434996128082,18.8591452143893
BFA,2000,4.173,0.0770801689426014,6.519,0.1237993169998469,NA,Africa,BFA,428.309796566198,NA,18.0003503329444
BDI,2023,1.7,7.172299862,4.878,0.1398097730077786,NA,Africa,BDI,264.843307950214,6.02545976638794,23.5534768372276
BDI,2022,1.705,7.144800186,4.98,0.1316559594405195,NA,Africa,BDI,263.587550051638,NA,22.3202446002597
BDI,2021,1.772,6.777999878,5.078,0.1318144608337899,NA,Africa,BDI,264.682651664249,NA,21.1108861865354
BDI,2020,1.69,6.430099964,5.177,0.1291192941763427,NA,Africa,BDI,263.463876356897,NA,19.9309984273971
BDI,2019,1.754,6.072199821,5.271,0.1156127236257455,NA,Africa,BDI,270.411005710809,NA,18.786178154187
BDI,2018,1.993,4.019499779,5.38,0.1152112298703618,NA,Africa,BDI,267.508692172687,4.55281922933846,17.6820221982475
BDI,2017,2.225,2.6607485347534,5.481,0.1144176204646488,NA,Africa,BDI,261.725839288764,4.30528005798307,16.6241273909209
BDI,2016,2.456,2.200000048,5.587,0.1138449002495701,NA,Africa,BDI,258.061970808946,3.97908916361797,15.6180905635494
BDI,2015,2.681,2,5.695,0.1134537414651896,NA,Africa,BDI,254.402585226788,5.25856537918645,14.6695085474754
BDI,2014,2.927,1.04239212643994,5.794,0.1127917015696166,NA,Africa,BDI,261.296721752002,4.46892058042299,13.7839781740413
BDI,2013,2.71,1.2642181112,5.889,0.1123051053393221,NA,Africa,BDI,259.311117203355,3.70341642841244,12.967096274589199
BDI,2012,2.539,1.220000029,5.991,0.1120542394684739,NA,Africa,BDI,256.180393931874,2.92052732762984,12.2244596804615
BDI,2011,2.405,1.110000014,6.108,0.1117489889154515,NA,Africa,BDI,254.242110648215,NA,11.5616652230006
BDI,2010,2.3,1,6.26,0.1119513056766365,NA,Africa,BDI,253.308577749924,3.05528938002435,10.9843097335487
BDI,2009,2.206,0.899999976,6.409,0.1118894298144939,NA,Africa,BDI,252.582019875886,2.6779100894928,10.4979900434482
BDI,2008,2.133,0.81,6.515,0.1121812324705505,NA,Africa,BDI,256.012461554496,2.49793004989624,10.1064353383035
BDI,2007,3.035,0.7,6.588,0.1121849471799123,NA,Africa,BDI,254.311725516331,2.26625990867615,9.7728918573715209
BDI,2006,3.897,0.657599986,6.659,0.1123023288726857,NA,Africa,BDI,255.105582251925,2.16554999351502,9.4646291775586
BDI,2005,3.874,0.542100012,6.708,0.112778794773863,NA,Africa,BDI,250.878933475935,2.13503003120422,9.1806167624459
BDI,2004,3.88,0.349060461879596,6.746,0.1127446528993354,NA,Africa,BDI,258.050009115333,2.10109996795654,8.9185547789176
BDI,2003,3.854,0.201273196735924,6.785,0.1126993606068565,NA,Africa,BDI,255.500823385612,NA,8.67614339385788
BDI,2002,3.871,0.118228412267794,6.819,0.112676321104748,NA,Africa,BDI,266.968141648342,1.60111999511719,8.45108277415092
BDI,2001,3.862,0.106001245363203,6.849,0.1126805233153871,NA,Africa,BDI,262.913885774384,1.03059995174408,8.24107308668089
BDI,2000,3.853,0.077248447383456,6.872,0.1127027688919039,NA,Africa,BDI,264.154407180223,1.05474996566773,8.04381449833197
CPV,2023,28.045,74.59919739,1.522,0.1612924893655451,NA,Africa,CPV,4168.67748407593,NA,75.9064245753376
CPV,2022,28.651,73.32740021,1.533,0.1487377514314271,NA,Africa,CPV,3997.76763250653,NA,75.033738060849
CPV,2021,31.656,70.28250122,1.554,0.1475974912415506,NA,Africa,CPV,3471.6553421786,NA,74.1607930892827
CPV,2020,34.474,69.37339783,1.591,0.1453475584455678,NA,Africa,CPV,3255.93628984058,NA,72.8838521558784
CPV,2019,28.107,61.9433977593088,1.698,0.1270338970428565,NA,Africa,CPV,4115.90283469406,NA,71.6254285086577
CPV,2018,27.575,59.5,1.804,0.1261206019755713,NA,Africa,CPV,3853.67940035241,24.2905954414767,70.3970748844677
CPV,2017,31.887,57.1621463484891,1.93,0.1250091415663416,NA,Africa,CPV,3719.71306047915,24.5594648459854,69.1999988159713
CPV,2016,30.182,50.3228178676892,1.966,0.1240641563561542,NA,Africa,CPV,3560.1400729534,23.6934975221505,68.0354078358316
CPV,2015,28.567,42.6830141582781,1.968,0.1229022581081639,NA,Africa,CPV,3415.06266730931,22.524027665499,66.9045094767116
CPV,2014,26.927,40.25999832,2.031,0.1217623420403877,NA,Africa,CPV,3383.8422809791,23.2703965538205,65.8085112712742
CPV,2013,25.299,37.5,2.067,0.1207740359541378,NA,Africa,CPV,3361.09387702205,22.2468122776255,64.7486207521826
CPV,2012,23.851,34.74,2.153,0.119823940217619,NA,Africa,CPV,3341.7421054836,19.8951290654347,63.7260454520996
CPV,2011,22.619,32,2.329,0.1194555863796007,NA,Africa,CPV,3309.20121643898,19.8174684695304,62.7419929036884
CPV,2010,21.32,30,2.329,0.1192371443101017,NA,Africa,CPV,3194.61667734233,17.2396798150949,61.7974262732302
CPV,2009,25.824,21,2.246,0.1193254057076154,NA,Africa,CPV,3159.58698693977,14.5845203399658,60.906420177019
CPV,2008,25.199,14,2.298,0.1196388778244652,NA,Africa,CPV,3238.44159287498,11.6451501846313,60.0741911239572
CPV,2007,24.911,8.28321981953034,2.409,0.1195100456597501,NA,Africa,CPV,3056.97102851154,9.42763996124268,59.287606518789
CPV,2006,24.799,6.80891100753313,2.555,0.1193602341603455,NA,Africa,CPV,2683.83943856892,8.3322696685791,58.5332660925599
CPV,2005,24.666,6.07408710659813,2.726,0.1191084658711487,NA,Africa,CPV,2514.16779255327,7.33844995498657,57.7977695763157
CPV,2004,24.479,5.31883206957883,2.9,0.118771988911962,NA,Africa,CPV,2379.79636224135,5.89057016372681,57.0677167011018
CPV,2003,24.514,4.32488539053715,3.033,0.1183750666319749,NA,Africa,CPV,2186.89500422765,4.45262002944946,56.3297071979641
CPV,2002,23.98,3.5187571749658,3.192,0.1177782494879381,NA,Africa,CPV,2127.70872296502,3.76713991165161,55.5703407979481
CPV,2001,23.6,2.68533271272311,3.366,0.11701859259643731,NA,Africa,CPV,2051.21733888102,1.54462003707886,54.7762172320995
CPV,2000,23.109,1.82244385164396,3.545,0.1163132188642867,NA,Africa,CPV,2037.31720912714,1.77746999263763,53.9332149202283
KHM,2023,0.703,68.92549896,2.579,0.1097316549446139,NA,Asia,KHM,2085.05748462122,17.4362364390629,40.6290788072508
KHM,2022,0.687,65.49079895,2.616,0.1059340827574924,NA,Asia,KHM,2011.27433313262,14.6069513022825,40.374616187368
KHM,2021,0.83,60.76269913,2.664,0.1069653982901285,NA,Asia,KHM,1938.76436741728,13.5005634857238,40.1091858128847
KHM,2020,0.474,56.37590027,2.699,0.1033367337734827,NA,Asia,KHM,1908.63427518336,13.8767573747135,39.832658030922
KHM,2019,0.378,52.305878224498,2.725,0.096235771520562,NA,Asia,KHM,2008.32094006706,12.9409846754696,39.5830241256026
KHM,2018,0.38,65,2.724,0.096088231277698,NA,Asia,KHM,1884.28374817086,13.2671737077763,37.6404336372742
KHM,2017,0.382,32.9002785437986,2.719,0.0954287539778069,NA,Asia,KHM,1753.93530504662,12.5181529981862,35.0127905056235
KHM,2016,1.137,32.3984517141849,2.725,0.0948618607111187,NA,Asia,KHM,1645.46671578126,NA,32.4767436038024
KHM,2015,0.744,6.43319107021405,2.729,0.0943304019189721,NA,Asia,KHM,1547.32010444393,13.615484963166,30.0669222549819
KHM,2014,1.056,14,2.734,0.093691155998759,NA,Asia,KHM,1464.53115866927,NA,27.8179557823331
KHM,2013,0.757,6,2.742,0.0930580166217477,NA,Asia,KHM,1376.29557595926,NA,25.7644735090271
KHM,2012,0.678,4.94,2.751,0.0920907791989729,NA,Asia,KHM,1295.25271477893,NA,23.9411047582349
KHM,2011,0.598,3.0999999049999998,2.782,0.0914707442335496,NA,Asia,KHM,1221.38839852454,11.4902860215331,22.3824788531276
KHM,2010,0.964,1.26,2.859,0.0910241278069323,NA,Asia,KHM,1155.85236856699,12.1998596191406,21.1232251168762
KHM,2009,0.798,0.53,2.971,0.0906996584790581,NA,Asia,KHM,1117.25834194514,10.6747398376465,20.1979728726519
KHM,2008,1.308,0.51,3.048,0.0901098115225831,NA,Asia,KHM,1090.57475806147,8.92994976043701,19.6574509865325
KHM,2007,2.04,0.49,3.13,0.090021373226659,NA,Asia,KHM,1030.23117620792,7.67417001724243,19.4035705019128
KHM,2006,1.886,0.468400002,3.175,0.0897685661371592,NA,Asia,KHM,947.065220050691,6.20005989074707,19.2299832388976
KHM,2005,1.736,0.317321781089656,3.238,0.0898514605868887,NA,Asia,KHM,866.340290123209,3.77035999298096,19.0922720052225
KHM,2004,1.613,0.300436644360101,3.307,0.0890341097451888,NA,Asia,KHM,775.847139030978,3.07344007492065,18.9813615262763
KHM,2003,1.48,0.260570197574002,3.429,0.0892641974873689,NA,Asia,KHM,719.333494240509,3.01460003852844,18.8881765274479
KHM,2002,1.395,0.226983237666204,3.57,0.0890845325892039,NA,Asia,KHM,662.188341283454,2.33661007881165,18.803641734126
KHM,2001,1.299,0.0769560555527296,3.687,0.0889795809753562,NA,Asia,KHM,632.833573980849,1.97913002967834,18.7186818716995
KHM,2000,1.223,0.047022640068885,3.794,0.0891365302315699,NA,Asia,KHM,598.561915252147,1.86557996273041,18.6242216655572
CMR,2023,6.621,42.24380112,4.322,0.1599993358702847,NA,Africa,CMR,1468.17837007337,16.0404395184936,55.1286878511388
CMR,2022,6.667,40.12559891,4.397,0.1487544469588294,NA,Africa,CMR,1458.66180431693,16.4371527754335,54.8458745688318
CMR,2021,7.225,38.89260101,4.468,0.148695613688923,NA,Africa,CMR,1443.57600237663,17.1581831920239,54.5548664463635
CMR,2020,7.371,37.69749832,4.557,0.1459065398465658,NA,Africa,CMR,1434.51913723409,15.5519566247682,54.2557949164174
CMR,2019,6.585,36.53919983,4.651,0.1292807579009346,NA,Africa,CMR,1470.31785276187,15.0528614131463,53.9487914119331
CMR,2018,6.503,29.700000760000002,4.74,0.1288056687371143,NA,Africa,CMR,1461.01969999317,14.5449548868213,53.6339873660653
CMR,2017,6.407,23.2029719748646,4.804,0.127836582383032,NA,Africa,CMR,1444.90682916573,12.9818161813936,53.3115142121504
CMR,2016,6.301,20.60000038,4.842,0.1268864587020308,NA,Africa,CMR,1435.61830727839,12.7046554004596,52.9815033836792
CMR,2015,6.233,18.299999239999998,4.841,0.1263874970377285,NA,Africa,CMR,1415.00009710569,17.2970758627753,52.6440863142742
CMR,2014,6.198,16.2148722257524,4.844,0.1259483210422523,NA,Africa,CMR,1381.81938454907,16.7535896301269,52.2993944376709
CMR,2013,6.236,10,4.905,0.1248829284208074,NA,Africa,CMR,1347.2130636706,15.7712802886963,51.9475591877024
CMR,2012,6.273,7.5,4.982,0.1245239424916393,NA,Africa,CMR,1319.66961634054,13.5363302230835,51.5887119982861
CMR,2011,6.313,5,5.052,0.1246909555166051,NA,Africa,CMR,1297.3064962694,12.5102445161105,51.2229843034125
CMR,2010,6.322,4.300000191,5.154,0.1246297219520752,NA,Africa,CMR,1290.9013745759,11.5745716750246,50.8505075371362
CMR,2009,5.709,3.84,5.236,0.1245171608938715,NA,Africa,CMR,1290.89961351149,9.40400981903076,50.4714131335678
CMR,2008,5.118,3.4000000950000002,5.294,0.1249344106477062,NA,Africa,CMR,1295.02211276052,8.20874977111816,50.0858325268669
CMR,2007,4.576,2.93,5.343,0.1247780058624811,NA,Africa,CMR,1295.73067471287,7.57396984100342,49.7027028593758
CMR,2006,5.6,2.028700113,5.369,0.1237955816414718,NA,Africa,CMR,1277.32990712342,7.07693004608154,49.2044173412861
CMR,2005,6.629,1.402699947,5.421,0.1232174016536266,NA,Africa,CMR,1264.74345218659,6.03904008865356,48.5837852394685
CMR,2004,7.7,0.976075415490902,5.436,0.1226547922822647,NA,Africa,CMR,1271.74326874167,5.22725009918213,48.1826845960942
CMR,2003,8.92,0.587622611130454,5.432,0.1219096681874669,NA,Africa,CMR,1221.09446141454,5.22031021118164,47.7325523560061
CMR,2002,10.117,0.360871584267755,5.435,0.121948627730397,NA,Africa,CMR,1189.96707897027,5.15587997436523,47.2589242513436
CMR,2001,11.255,0.277051321848797,5.441,0.1213936160862073,NA,Africa,CMR,1169.92670464984,4.71602010726929,46.7627509050978
CMR,2000,11.379,0.252120077733662,5.514,0.1218674548307153,NA,Africa,CMR,1151.27689302947,4.69010019302368,46.2449829402599
CAN,2023,10.806,94.14530182,1.27,0.178467241307527,143.34749005535076,Americas,CAN,45048.2842408265,76.2666931152344,82.5250564408346
CAN,2022,10.082,94,1.34,0.1694169882644497,151.94687846268425,Americas,CAN,45677.686578804,78.8488311767578,82.350089735396807
CAN,2021,13.557,93.93710327,1.44,0.168695377128341,144.48081164022025,Americas,CAN,44639.193269037,79.7657318115234,82.1779279079275
CAN,2020,20.125,92.3,1.41,0.1684409065158529,129.65293977597224,Americas,CAN,42366.1285377884,75.2389068603516,81.9509888710566
CAN,2019,10.744,91.91290283,1.47,0.1541101560062052,122.64851608019674,Americas,CAN,45100.2915069262,73.1128768920898,81.7363672047941
CAN,2018,10.709,94.64,1.51,0.1543439897440006,122.85360858371524,Americas,CAN,44907.3436912123,69.3507232666016,81.5500341646653
CAN,2017,11.236,92.70140076,1.55,0.1533973979327436,120.4278446338025,Americas,CAN,44339.3886689254,70.2687072753906,81.4018945832226
CAN,2016,12.597,91.16000366,1.59,0.1521836298493081,109.07755120011424,Americas,CAN,43551.3425975115,69.2459411621094,81.3023011093703
CAN,2015,12.759,90,1.6,0.1515551497198674,99.99999999999997,Americas,CAN,43594.1941045394,67.2690963745117,81.2465670276699
CAN,2014,13.203,87.12000275,1.61,0.1510045129742563,95.8658679059409,Americas,CAN,43643.2356440047,67.1677017211914,81.211183161556
CAN,2013,13.243,85.80000305,1.61,0.1491733237329849,92.79912577934923,Americas,CAN,42851.170527104,65.7477188110352,81.183439957458
CAN,2012,14.036,83,1.63,0.1497940692081064,91.46114969175953,Americas,CAN,42320.6431330726,63.603271484375,81.1513483248791
CAN,2011,13.915,83,1.63,0.1481244432645003,88.43488359022248,Americas,CAN,42043.6419795513,63.1586990356445,81.1031425434213
CAN,2010,14.575,80.3,1.65,0.148612928665379,85.66759818896398,Americas,CAN,41164.3399119626,61.8845901489258,81.0120892252937
CAN,2009,15.059,80.3,1.69,0.1481803297435237,79.66863995152443,Americas,CAN,40376.4153847836,63.6236991882324,80.8591838893921
CAN,2008,11.379,76.69999695,1.7,0.1474059036059631,81.13540803471244,Americas,CAN,42067.5687072607,64.3074111938477,80.6628944916604
CAN,2007,11.022,73.2,1.67,0.1468817182015556,78.40506871327987,Americas,CAN,42106.8724378248,63.8298110961914,80.4425615136782
CAN,2006,11.617,72.40000153,1.63,0.1460121291034772,71.46946171302608,Americas,CAN,41663.5123057295,NA,80.219066099279
CAN,2005,12.393,71.66,1.58,0.1452989080329935,65.0885308563185,Americas,CAN,41006.2229523971,NA,79.9760615882965
CAN,2004,13.443,65.9559634648989,1.56,0.1453426590203839,61.30607372476248,Americas,CAN,40108.7587456658,NA,79.6923063348315
CAN,2003,13.624,64.2,1.55,0.143657364384167,57.612620194228995,Americas,CAN,39270.0234577749,NA,79.391380674239
CAN,2002,13.618,61.5932992681952,1.52,0.1441460542046551,54.07557152919398,Americas,CAN,38921.6673033743,58.4131507873535,79.0990234802234
CAN,2001,12.869,60.2,1.54,0.1444269322576634,51.05845493528495,Americas,CAN,38200.456120621,NA,78.8414764949736
CAN,2000,12.669,51.3,1.51,0.1426814226379795,49.77618534556962,Americas,CAN,37906.8601321366,58.5191192626953,78.6292995508947
CYM,2023,NA,NA,1.531,NA,NA,Americas,CYM,83005.4838305223,NA,100
CYM,2022,NA,NA,1.541,NA,NA,Americas,CYM,80029.0319676823,NA,100
CYM,2021,NA,NA,1.551,NA,NA,Americas,CYM,77259.6331345061,NA,100
CYM,2020,NA,NA,1.554,NA,NA,Americas,CYM,75199.6446248648,NA,100
CYM,2019,NA,NA,1.508,NA,NA,Americas,CYM,80714.5721513481,NA,100
CYM,2018,NA,NA,1.277,NA,NA,Americas,CYM,79305.7692066005,NA,100
CYM,2017,NA,81.0676932508161,1.222,NA,NA,Americas,CYM,77717.1760762284,NA,100
CYM,2016,NA,79,1.231,NA,NA,Americas,CYM,77031.864216869,NA,100
CYM,2015,NA,77,1.269,NA,NA,Americas,CYM,76379.2098777987,NA,100
CYM,2014,NA,74.1,1.334,NA,NA,Americas,CYM,76104.621790038,NA,100
CYM,2013,NA,71.4,1.445,NA,NA,Americas,CYM,76038.8787807923,NA,100
CYM,2012,NA,69.7,1.531,NA,NA,Americas,CYM,77074.3886285602,NA,100
CYM,2011,NA,69.46594499,1.637,NA,NA,Americas,CYM,78233.0182694571,NA,100
CYM,2010,NA,66,1.694,NA,NA,Americas,CYM,79483.0963975025,NA,100
CYM,2009,NA,64.5,1.723,NA,NA,Americas,CYM,84001.4219797545,NA,100
CYM,2008,NA,61,1.703,NA,NA,Americas,CYM,93115.3176374189,33.0195503234863,100
CYM,2007,NA,52,1.681,NA,NA,Americas,CYM,96202.7389296237,22.1045207977295,100
CYM,2006,NA,44.5,1.665,NA,NA,Americas,CYM,96066.629965728,19.4577903747559,100
CYM,2005,NA,38.0343830823064,1.665,NA,NA,Americas,CYM,NA,NA,100
CYM,2004,NA,NA,1.671,NA,NA,Americas,CYM,NA,NA,100
CYM,2003,NA,NA,1.672,NA,NA,Americas,CYM,NA,19.8089809417725,100
CYM,2002,NA,NA,1.681,NA,NA,Americas,CYM,NA,19.2189903259277,100
CYM,2001,NA,NA,1.697,NA,NA,Americas,CYM,NA,21.8025798797607,100
CYM,2000,NA,NA,1.707,NA,NA,Americas,CYM,NA,21.135799407959,100
CAF,2023,9.861,13.8416996,6.012,0.1782704552872656,NA,Africa,CAF,397.467795750451,NA,43.6983692134165
CAF,2022,10.078,13.75360012,6.023,0.1681317115180311,NA,Africa,CAF,398.91539795642,NA,43.2751967457285
CAF,2021,10.831,NA,6.052,0.1662365396618621,NA,Africa,CAF,396.020622931961,NA,42.8547782897949
CAF,2020,10.863,NA,6.059,0.1642833368415028,NA,Africa,CAF,398.834274122139,NA,42.3050785933463
CAF,2019,9.637,7.509200096,6.09,0.1450873550924585,NA,Africa,CAF,401.82582161435,NA,41.7800430407332
CAF,2018,9.574,5.099999905,6.108,0.1444808155862083,NA,Africa,CAF,395.020015455909,NA,41.2824666248606
CAF,2017,9.726,4,6.127,0.1439666677173635,NA,Africa,CAF,387.35795131742,NA,40.8151443386334
CAF,2016,9.746,3.0999999049999998,6.126,0.1426105478643784,NA,Africa,CAF,376.858254120398,NA,40.3808711749566
CAF,2015,9.809,2.9000000950000002,6.126,0.1406704818119853,NA,Africa,CAF,366.322853938121,NA,39.9824421267351
CAF,2014,9.726,2.700000048,6.099,0.1392338288497167,NA,Africa,CAF,351.561554911625,NA,39.6226521868738
CAF,2013,9.798,2.5,6.075,0.138188061474572,NA,Africa,CAF,349.821171688973,NA,39.3042963482777
CAF,2012,9.966,2.4000000950000002,6.047,0.1370692441177714,NA,Africa,CAF,553.729578314912,2.77519989013672,39.0301696038517
CAF,2011,10.187,2.200000048,6.009,0.1366442177983561,NA,Africa,CAF,532.38295493852,2.95497989654541,38.8030669465007
CAF,2010,10.338,2,5.963,0.1367582011384667,NA,Africa,CAF,519.141456408484,2.53881001472473,38.6244963104203
CAF,2009,10.21,1.799999952,5.936,0.1373479829777671,NA,Africa,CAF,492.215398914836,2.30814003944397,38.476675697093
CAF,2008,10.096,1,5.902,0.1365705754086774,NA,Africa,CAF,450.313616886022,2.16495990753174,38.3474489192338
CAF,2007,10.245,0.375815961044797,5.867,0.1369782511676583,NA,Africa,CAF,450.762785401893,NA,38.2343339436079
CAF,2006,10.335,0.311199993,5.84,0.1370474379429633,NA,Africa,CAF,439.294330902768,1.08675003051758,38.134433681123
CAF,2005,10.554,0.26820001,5.812,0.1365811417359758,NA,Africa,CAF,427.968043155237,NA,38.0448510426866
CAF,2004,10.684,0.223401395464406,5.784,0.136952916357021,NA,Africa,CAF,433.825227770233,1.66786003112793,37.9626889392062
CAF,2003,10.947,0.151563337940017,5.799,0.1365279406745595,NA,Africa,CAF,418.240532289858,NA,37.8863171931924
CAF,2002,11.017,0.128537116506299,5.785,0.1364243221278326,NA,Africa,CAF,452.808702217035,NA,37.8169752995511
CAF,2001,11.037,0.0785434278394038,5.807,0.1362785286920786,NA,Africa,CAF,446.658634192083,NA,37.7560236207831
CAF,2000,10.963,0.0533941742150456,5.851,0.1356720388161063,NA,Africa,CAF,437.168928414826,1.94369995594025,37.7014879765364
TCD,2023,1.452,12.03590012,6.12,0.1743351311460765,NA,Africa,TCD,856.832488745342,NA,26.3305395171046
TCD,2022,1.459,11.17029953,6.215,0.1647787746534394,NA,Africa,TCD,862.60212817252,NA,25.7635558629694
TCD,2021,2.018,9.653699875,6.255,0.1589080010097294,NA,Africa,TCD,857.527630579087,NA,25.2312246423075
TCD,2020,1.877,8.343099594,6.346,0.1636207785552107,NA,Africa,TCD,884.980541933197,4.39665967267065,24.7341921795416
TCD,2019,1.494,7.618199825,6.412,0.1410855157098858,NA,Africa,TCD,917.203710065059,NA,24.2731047386633
TCD,2018,1.512,6.956299782,6.464,0.1400784437478772,NA,Africa,TCD,898.834794007399,NA,23.8486084924975
TCD,2017,1.493,6.351900101,6.537,0.1383058248193144,NA,Africa,TCD,879.075895466718,NA,23.461349471105
TCD,2016,1.463,5.800000191,6.623,0.1361275273354339,NA,Africa,TCD,923.56587204799,NA,23.1119734707179
TCD,2015,1.426,3.5,6.706,0.1349489740465198,NA,Africa,TCD,993.990730610869,3.22750677590433,22.8011258828974
TCD,2014,1.39,2.9000000950000002,6.781,0.1326943940579191,NA,Africa,TCD,993.321157708395,3.38820626861646,22.5294513486009
TCD,2013,1.362,2.5,6.839,0.1312989578321736,NA,Africa,TCD,1008.61711429294,NA,22.2975929852391
TCD,2012,1.309,2.0999999049999998,6.905,0.1302495102707184,NA,Africa,TCD,1016.42152061894,NA,22.1061904148178
TCD,2011,1.317,1.899999976,6.948,0.1292287686799748,NA,Africa,TCD,965.286963557057,2.21312898390939,21.9558736797638
TCD,2010,1.299,1.700000048,6.99,0.128556102002501,NA,Africa,TCD,956.953018715651,2.0962732183809,21.8472378191095
TCD,2009,1.297,1.5,7.021,0.1287366035453897,NA,Africa,TCD,871.485311273077,2.01651000976562,21.7784396568755
TCD,2008,1.273,1.19,7.063,0.1288872324155626,NA,Africa,TCD,916.087274632505,1.95048999786377,21.7755796038887
TCD,2007,1.22,0.847224520710968,7.092,0.1282990953523358,NA,Africa,TCD,920.352815674967,NA,21.7709046834576
TCD,2006,1.104,0.581045764229641,7.118,0.1282502816144072,NA,Africa,TCD,914.210664598894,NA,21.7629797848529
TCD,2005,1.018,0.399257700084004,7.134,0.1278430833042509,NA,Africa,TCD,952.871910097036,1.4159699678421,21.7519046977973
TCD,2004,1.038,0.360920107034467,7.16,0.127570525956131,NA,Africa,TCD,845.518131173419,1.20975995063782,21.7377792120134
TCD,2003,1.097,0.320308555366775,7.179,0.1273202266678637,NA,Africa,TCD,661.556916681677,0.942139983177185,21.7207031172239
TCD,2002,1.117,0.166069664674347,7.201,0.127313874929813,NA,Africa,TCD,600.171451974641,NA,21.7007762031515
TCD,2001,1.114,0.0459341343557353,7.231,0.1265828693610143,NA,Africa,TCD,572.806706828797,0.816110014915466,21.6780982595188
TCD,2000,1.099,0.03570707628555,7.249,0.1261986217279818,NA,Africa,TCD,530.600331270541,0.79297000169754,21.6527690760484
CHL,2023,21.973,94.45742345,1.167,0.2025151200677203,131.65055550651624,Americas,CHL,14280.3475638842,104.734062194824,88.8158617217972
CHL,2022,18.287,92.31819916,1.255,0.189592766764347,130.7207402123655,Americas,CHL,14283.1489501524,99.3372802734375,88.6395352768685
CHL,2021,20.477,90.23280334,1.176,0.1877340257017785,135.490711557628,Americas,CHL,14051.4713630677,96.2227935791016,88.4660511664452
CHL,2020,24.377,87.45929718,1.307,0.1853461356298022,126.5520389761825,Americas,CHL,12679.024004022,89.1124877929688,88.2953490438375
CHL,2019,18.953,85.01760101,1.43,0.1636624228086849,124.948490316809,Americas,CHL,13630.5935435578,92.0659713745117,88.1273685623538
CHL,2018,18.138,84.90000153,1.543,0.1632614215855992,117.36996364585676,Americas,CHL,13763.0068844795,91.1974792480469,87.9620493753008
CHL,2017,17.732,82.3274869338464,1.563,0.1612845029850274,108.57870824077075,Americas,CHL,13473.3458532934,89.921989440918,87.8000295757281
CHL,2016,15.799,83.5585860244169,1.686,0.163269931962744,102.868472651738,Americas,CHL,13505.097711133,88.8458862304688,87.6306290578181
CHL,2015,15.813,76.6295919508796,1.737,0.1609299353686609,99.99999999999993,Americas,CHL,13433.9202987032,86.4181137084961,87.4653320342387
CHL,2014,16.976,61.11000061,1.774,0.1611959369088428,93.40884801630398,Americas,CHL,13285.9540361192,83.6629791259766,87.3133701497978
CHL,2013,16.682,58,1.786,0.1607873359627483,87.57447462621593,Americas,CHL,13182.7329619856,79.8703384399414,87.1827777654221
CHL,2012,16.927,55.04999924,1.798,0.1586181645978005,81.59566304528417,Americas,CHL,12882.834417927,75.0770721435547,87.0824943735696
CHL,2011,18.003,52.2496072877744,1.823,0.1581045225891805,75.78000298888175,Americas,CHL,12252.8441074615,70.8241806030273,87.0109164653326
CHL,2010,19.058,45,1.844,0.1575787218715564,69.69753792793574,Americas,CHL,11649.2897090856,66.3445205688477,86.9560135592209
CHL,2009,26.739,41.56,1.855,0.1570760518589092,66.7463439504715,Americas,CHL,11116.4093443103,59.9912910461426,86.9124897308683
CHL,2008,23.763,37.29999924,1.85,0.1564677329564217,65.1858766256785,Americas,CHL,11356.0922105983,56.7743988037109,86.8765769429469
CHL,2007,21.64,35.90000153,1.826,0.1558384526067333,64.6192834421927,Americas,CHL,11051.3450717678,54.7230491638184,86.8445071581285
CHL,2006,22.111,34.4977511736017,1.798,0.1551742211000117,62.01097996473255,Americas,CHL,10611.6144012877,49.3216896057129,86.8125123390851
CHL,2005,23.407,31.1753006,1.825,0.1544992178319476,60.401385534126575,Americas,CHL,10104.4208391373,50.2735595703125,86.7768244484887
CHL,2004,24.52,28.1779101232438,1.844,0.1539303520739232,59.16805994709573,Americas,CHL,9642.37478651228,44.3284606933594,86.7336754490112
CHL,2003,24.725,25.4737788864723,1.885,0.1540465149266303,56.02053705169018,Americas,CHL,9130.7842621819,43.5181999206543,86.6792973033246
CHL,2002,24.977,22.1,1.934,0.1542085335239909,54.98962129559268,Americas,CHL,8810.69052712257,40.2664985656738,86.6114115090282
CHL,2001,24.559,19.1,2.007,0.1530468268339713,NA,Americas,CHL,8632.0148244056,NA,86.4906345913002
CHL,2000,24.745,16.6,2.046,0.1532943617850165,NA,Americas,CHL,8465.35303258864,35.4313201904297,86.2710912457813
CHN,2023,15.562,90.6,0.999,0.1342530912060199,131.71828114343026,Asia,CHN,12484.1578844175,74.5933014618366,65.5301448035523
CHN,2022,14.673,75.61131603,1.034,0.1324747545392508,132.23344946462225,Asia,CHN,11830.5983703496,71.5799465086024,65.2176361083984
CHN,2021,12.404,73.05323517,1.117,0.1297457419546907,133.56473757531276,Asia,CHN,11469.5707134928,66.8186077597542,64.721076965332
CHN,2020,12.65,70.05275998,1.236,0.1311109987491683,129.74731830745225,Asia,CHN,10573.6420059282,61.6124675996947,63.5234230266258
CHN,2019,10.681,64.080881297515,1.496,0.1254893910243316,128.3169794481045,Asia,CHN,10356.4804194995,56.6050917923292,62.7099151611328
CHN,2018,9.674,65.35839844,1.539,0.1240075907863968,127.0653428959625,Asia,CHN,9798.6528523316,53.3987984572814,61.5001983642578
CHN,2017,10.431,54.3,1.795,0.1226150087389247,122.48897442744325,Asia,CHN,9221.51403820573,51.0678812273407,60.2402687072754
CHN,2016,10.574,53.2,1.772,0.1211295024780931,109.87570296841025,Asia,CHN,8679.37704460133,49.309077375597,58.8399238586426
CHN,2015,10.68,50.29999924,1.67,0.1197925428550319,99.99999999999997,Asia,CHN,8175.33285077393,47.1192619330726,57.3297843933105
CHN,2014,10.507,47.90000153,1.769,0.1190541731055398,102.70431449623332,Asia,CHN,7686.57792954381,43.7110051016854,55.7502555847168
CHN,2013,10.316,45.79999924,1.714,0.1185183782161233,99.98041683926468,Asia,CHN,7198.06876478162,32.7191603158803,54.4900016784668
CHN,2012,10.154,42.30009842,1.798,0.1186321278866571,95.67538696533182,Asia,CHN,6723.19443752823,29.3081906903292,53.1003112792969
CHN,2011,9.976,38.3,1.668,0.1185980021931179,99.00677256070777,Asia,CHN,6275.90956436258,26.7875039907406,51.8300285339355
CHN,2010,9.823,34.3,1.687,0.1185038766436344,96.86970725193295,Asia,CHN,5764.86534987407,25.2883066277701,49.2340270628041
CHN,2009,10.15,28.9,1.714,0.1186192765947448,NA,Asia,CHN,5237.76666540352,23.2886295318604,48.3417053222656
CHN,2008,9.803,22.6,1.701,0.1177530438658398,NA,Asia,CHN,4811.47471804961,21.8667392730713,46.9895057678223
CHN,2007,9.224,16,1.666,0.1182029087864271,NA,Asia,CHN,4409.75700836878,21.4715595245361,45.8892440795898
CHN,2006,9.331,10.5231526193851,1.644,0.117245651312541,NA,Asia,CHN,3883.35412942474,20.5667705535889,44.3430099487305
CHN,2005,9.495,8.52325700269541,1.624,0.1170811478798039,NA,Asia,CHN,3465.81734409951,18.6565208435059,42.9899978637695
CHN,2004,9.433,7.3,1.605,0.1171915739842783,NA,Asia,CHN,3127.86276523632,16.9004402160644,41.7600135803223
CHN,2003,9.624,6.2,1.57,0.1168756727186242,NA,Asia,CHN,2857.0373538115,14.513970375061,40.5302314758301
CHN,2002,8.919,4.59570433077551,1.566,0.1168874371020045,NA,Asia,CHN,2610.72960252379,11.8050804138184,39.0897827148438
CHN,2001,7.994,2.63965021485872,1.563,0.1166638422597156,NA,Asia,CHN,2405.89396743215,9.28069019317627,37.6597442626953
CHN,2000,6.84,1.77591320677415,1.628,0.1165708885254631,NA,Asia,CHN,2237.44298500334,7.57777976989746,36.4320234662299
COL,2023,19.365,77.33686322,1.645,0.140546764472338,101.8836491439415,Americas,COL,6828.59753791113,NA,78.275571579544
COL,2022,20.972,72.79637855,1.663,0.131461880802378,102.17855480844625,Americas,COL,6856.72590505374,59.2901382446289,78.0464633137335
COL,2021,24.757,73.02837449,1.68,0.1304064920709381,107.950639995834,Americas,COL,6457.16921807086,58.3159217834473,77.8339570326128
COL,2020,27.248,69.79533474,1.694,0.1282717433462879,109.16922230023201,Americas,COL,5891.9552321540305,55.7331085205078,77.6382533537045
COL,2019,20.658,65.0069007159493,1.71,0.1145497615052165,109.00819213474675,Americas,COL,6439.96359812647,56.6663017272949,77.4595528518377
COL,2018,19.45,64.1263768204459,1.715,0.1140145976222909,107.56758695153525,Americas,COL,6353.5464285392,57.3205413818359,77.2804816598084
COL,2017,18.467,62.2598803162841,1.717,0.1135423546185211,105.568131200576,Americas,COL,6309.67745292518,58.3960418701172,77.2245191706503
COL,2016,18.274,58.1364935728703,1.719,0.1132676343929026,102.51858446396525,Americas,COL,6316.07067782542,57.1437492370605,77.2036266362166
COL,2015,17.316,55.9049725142924,1.771,0.1132383435435074,99.99999999999983,Americas,COL,6248.51490534512,54.7961311340332,77.1636280538646
COL,2014,18.245,52.568136539247,1.822,0.1132487460395787,97.65856552117987,Americas,COL,6121.83982019825,53.1794395446777,77.1058449419909
COL,2013,18.729,51.7,1.86,0.1132743780802682,93.18944416644122,Americas,COL,5910.80592301166,50.7474899291992,77.0315988189922
COL,2012,20.086,48.98,1.899,0.1134630982637162,87.04758374710268,Americas,COL,5675.75617978305,47.4669914245605,76.942211203265
COL,2011,21.169,40.3509157546318,1.938,0.1136669360482772,81.90981085399225,Americas,COL,5517.1011086899,45.2873306274414,76.839003613206
COL,2010,22.572,36.5,2.01,0.1139270633909938,80.14244479784355,Americas,COL,5214.24547620131,41.529670715332,76.7232975672119
COL,2009,23.542,30,2.096,0.1143141062284212,76.17231098402357,Americas,COL,5046.97121757727,39.5088005065918,76.5964145836792
COL,2008,22.804,25.6,2.155,0.1148201231257727,72.08187702802633,Americas,COL,5048.57187245249,37.9448013305664,76.4596761810047
COL,2007,22.195,21.799999239999998,2.195,0.115206730733351,65.58595129488623,Americas,COL,4947.25260813108,35.4785308837891,76.3144038775849
COL,2006,22.328,15.3416745365682,2.241,0.1155808228493614,59.05311961072752,Americas,COL,4694.03442939175,34.3662109375,76.1619191918164
COL,2005,22.595,11.0072638904585,2.309,0.1158450848207484,55.3267105265437,Americas,COL,4457.27537460443,32.253978729248,76.004938901378
COL,2004,26.324,9.1186903029666,2.384,0.1160752172981745,53.224470308768474,Americas,COL,4311.91591255233,29.5034599304199,75.8080569479496
COL,2003,25.154,7.38892371052557,2.45,0.1163415437775988,51.46214191179725,Americas,COL,4154.17528523618,NA,75.5341828570154
COL,2002,26.895,4.6,2.489,0.1164777547793772,53.681344082112226,Americas,COL,4058.28493578738,26.5130996704102,75.192444355543
COL,2001,27.488,2.85419997133433,2.522,0.1164309840585171,56.777816734778554,Americas,COL,4020.50789754842,26.3812599182129,74.7938371677676
COL,2000,37.389,2.207532992624,2.574,0.1163377859779551,58.71317902912375,Americas,COL,4016.80951748167,25.5096893310547,74.3493570179247
COM,2023,8.829,31.92749977,3.878,0.1495094503696694,NA,Africa,COM,1382.51308503106,NA,33.1502180946901
COM,2022,8.884,31.37409973,3.935,0.1414395768583437,NA,Africa,COM,1368.3741885336,NA,32.7746035528748
COM,2021,9.798,30.68120003,3.999,0.1382861035791066,NA,Africa,COM,1359.76242021159,NA,32.4124444313246
COM,2020,10.485,22.42040062,4.071,0.1374304779211319,NA,Africa,COM,1359.70624686714,NA,32.0638072194881
COM,2019,9.093,16.38380051,4.138,0.1204341760582875,NA,Africa,COM,1389.36430643805,NA,31.7287584068243
COM,2018,9.204,NA,4.208,0.1177253137303841,NA,Africa,COM,1391.84620461012,NA,31.4073645195839
COM,2017,9.357,8.478199959,4.278,0.1174519851712718,NA,Africa,COM,1369.41038262485,18.8190281456697,31.0996559689293
COM,2016,9.497,7.938300133,4.348,0.1138762128453988,NA,Africa,COM,1345.62555739306,NA,30.7305018169792
COM,2015,9.395,7.459199905,4.42,0.1118224663064625,NA,Africa,COM,1329.37048235986,NA,30.3732008585112
COM,2014,9.358,6.980000019,4.489,0.1131374667026441,NA,Africa,COM,1342.32802421364,9.5927242808028,30.0302906552932
COM,2013,9.284,6.5,4.572,0.110297040662535,NA,Africa,COM,1343.5451171047,9.13247966766357,29.7043482521482
COM,2012,9.404,5.975299835,4.652,0.1098240566441335,NA,Africa,COM,1313.5812493744,10.5360636883691,29.397950693899
COM,2011,9.407,5.5,4.722,0.1095491400910772,NA,Africa,COM,1299.11099021922,9.48193229364778,29.1136750253686
COM,2010,9.476,5.099999905,4.755,0.1093498376593366,NA,Africa,COM,1272.60650664705,7.90405216581276,28.8540982913801
COM,2009,9.615,3.5,4.778,0.1093050179480631,NA,Africa,COM,1250.90035344227,6.19504022598267,28.6217975367563
COM,2008,9.755,3,4.805,0.1092529458135641,NA,Africa,COM,1235.97247187374,NA,28.4193498063202
COM,2007,9.813,2.5,4.859,0.1091707259293166,NA,Africa,COM,1212.69629084896,4.39438009262085,28.2493321448949
COM,2006,9.802,2.200000048,4.934,0.1091072831413325,NA,Africa,COM,1227.24636392125,NA,28.1143215973031
COM,2005,9.85,2,5.012,0.1090637061394766,NA,Africa,COM,1274.6143662974,NA,28.016895208368
COM,2004,9.904,1.32732717785355,5.065,0.1089792493623094,NA,Africa,COM,1231.14746798849,NA,27.9596300229124
COM,2003,9.854,0.848189370151537,5.115,0.1088510173546944,NA,Africa,COM,1216.98036712949,3.42070007324219,27.9448864609618
COM,2002,9.561,0.554869674985088,5.155,0.1087706525894627,NA,Africa,COM,1217.11501559943,NA,27.9586267103537
COM,2001,9.569,0.443068372538977,5.195,0.1087238204764057,NA,Africa,COM,1188.50107049357,NA,27.9902886596605
COM,2000,9.595,0.271740607285909,5.227,0.1097857752699501,NA,Africa,COM,1150.82840106354,1.60367000102997,28.0360512192055
COD,2023,8.011,18.96789932,6.051,0.1572053941578396,NA,Africa,COD,539.45912637913,NA,44.3754734892194
COD,2022,8.1,17.99620056,6.106,0.1492080285385603,NA,Africa,COD,513.512704372167,NA,44.003287663813
COD,2021,9.179,16.1595993,6.156,0.1481894451545639,NA,Africa,COD,485.160805929784,NA,43.6290681792218
COD,2020,9.595,14.51049995,6.206,0.1476694566747632,NA,Africa,COD,470.852950000929,6.37987995147705,43.2528602500115
COD,2019,8.208,13.02970028,6.253,0.1292800549436777,NA,Africa,COD,482.524295129472,NA,42.8747090907476
COD,2018,8.301,11.69999981,6.302,0.1288621931324288,NA,Africa,COD,495.312105711027,NA,42.4946599159958
COD,2017,8.334,NA,6.349,0.1292881305415844,NA,Africa,COD,482.854682128541,NA,42.1127579403217
COD,2016,8.277,10.1,6.392,0.1283643212507498,NA,Africa,COD,480.461377880475,5.9003701210022,41.7290483782911
COD,2015,8.22,3.799999952,6.437,0.1277650664596548,NA,Africa,COD,495.826633014883,NA,41.3435764444694
COD,2014,8.275,3,6.483,0.1274597198623425,NA,Africa,COD,481.830241883776,NA,40.9563873534225
COD,2013,8.376,2.200000048,6.527,0.1272598450551716,NA,Africa,COD,464.526715460494,6.37279987335205,40.5675263197158
COD,2012,8.456,1.679999948,6.559,0.1276906273788874,NA,Africa,COD,438.406058243633,7.63979005813599,40.1770385579151
COD,2011,8.004,1.200000048,6.582,0.1277143002567704,NA,Africa,COD,417.130434045991,7.55883979797363,39.7849692825859
COD,2010,7.496,0.72,6.587,0.1279212405209023,NA,Africa,COD,400.619567973092,NA,39.391363708294
COD,2009,6.994,0.560000002,6.591,0.128386296256025,NA,Africa,COD,383.515898271062,6.261549949646,38.9962670496049
COD,2008,6.449,0.439999998,6.58,0.1281558016412454,NA,Africa,COD,393.331182464822,5.27932977676392,38.5997245210844
COD,2007,5.944,0.370000005,6.559,0.1281284302888409,NA,Africa,COD,377.437143095814,4.20303010940552,38.201781337298
COD,2006,5.436,0.296099991,6.547,0.1281639623692264,NA,Africa,COD,358.454382275579,4.20873022079468,37.8024827128113
COD,2005,4.934,0.238000005,6.526,0.1282743418931954,NA,Africa,COD,351.708486411683,NA,37.4018738621901
COD,2004,4.971,0.196208375178039,6.53,0.1282738282848609,NA,Africa,COD,341.714925751419,NA,37
COD,2003,5.07,0.134914837437335,6.549,0.1284301879275899,NA,Africa,COD,329.709536540469,NA,36.4654627231369
COD,2002,5.21,0.0927907024606925,6.606,0.1285586492805041,NA,Africa,COD,321.547848190451,NA,35.937064393184
COD,2001,5.296,0.0114757819210493,6.663,0.1281531537306293,NA,Africa,COD,322.033920024307,NA,35.4153526820763
COD,2000,5.296,0.0059021136806903,6.702,0.1281933479181896,NA,Africa,COD,339.52682222392,NA,34.9008752617485
COG,2023,40.717,43.15039825,4.157,0.1667430867965795,NA,Africa,COG,1677.08549205924,10.3812103271484,63.6626757615625
COG,2022,41.175,40.98669815,4.215,0.1579796025779806,NA,Africa,COG,1686.00234391385,NA,63.6422003342807
COG,2021,44.676,30.02739906,4.28,0.1550536971899331,NA,Africa,COG,1701.79060456872,NA,63.6179125824196
COG,2020,46.705,21.99850082,4.329,0.1540670908263372,NA,Africa,COG,1725.51040049963,NA,63.5760904494257
COG,2019,42.045,16.11639977,4.38,0.1371207621619171,NA,Africa,COG,1885.51080877731,NA,63.5176376123385
COG,2018,42.657,11.8071003,4.442,0.1353768636169377,NA,Africa,COG,1909.9560382117,NA,63.4434577481975
COG,2017,42.478,8.649999619,4.496,0.1376554929688422,NA,Africa,COG,2003.27121075187,12.1461896896362,63.3544545340423
COG,2016,41.705,8.121899605,4.546,0.1388672430956098,NA,Africa,COG,2174.19310251224,NA,63.2515316469123
COG,2015,41.214,7.616000175,4.607,0.1350821319086449,NA,Africa,COG,2439.35189403696,NA,63.135592763847
COG,2014,40.641,7.110000134,4.665,0.1370805782048282,NA,Africa,COG,2488.68118548992,NA,63.0075415618859
COG,2013,40.919,6.599999905,4.731,0.1357808668502641,NA,Africa,COG,2390.65754938662,8.56632041931152,62.8682817180686
COG,2012,40.298,6.106699944,4.785,0.1351521765236931,NA,Africa,COG,2467.06102906839,9.09545040130615,62.7187169094345
COG,2011,40.186,5.6,4.826,0.1355612419612222,NA,Africa,COG,2307.49384399715,7.95887994766235,62.5597508130231
COG,2010,39.891,5,4.851,0.1329224589933245,NA,Africa,COG,2332.28508055953,NA,62.3922871058739
COG,2009,40.713,4.5,4.808,0.1358335940491955,NA,Africa,COG,2211.31572382028,5.87968015670776,62.2172294650265
COG,2008,40.773,4.28750990276481,4.726,0.1349228901123062,NA,Africa,COG,2061.55829880574,NA,62.0354815675203
COG,2007,40.582,2.75970437370903,4.649,0.1352395079770612,NA,Africa,COG,2004.10103961966,NA,61.8502563370293
COG,2006,39.804,2.007999897,4.651,0.1350474741841061,NA,Africa,COG,2226.0233547376,NA,61.6237792620651
COG,2005,40.023,1.463400006,4.669,0.1358447747894347,NA,Africa,COG,2140.03686200251,NA,61.310286636126
COG,2004,40.013,1.07750492958505,4.69,0.1353527032709446,NA,Africa,COG,2058.88402946896,NA,60.9205990186239
COG,2003,39.796,0.460014186837522,4.696,0.1355835919726299,NA,Africa,COG,2058.88683675038,3.79619002342224,60.4694583791889
COG,2002,39.249,0.157249517243982,4.697,0.1364380506158148,NA,Africa,COG,2100.16876714574,3.7616400718689,59.9716066874511
COG,2001,39.557,0.0322236164306931,4.67,0.135493286018935,NA,Africa,COG,2056.16505922617,4.20174980163574,59.4417859130405
COG,2000,39.258,0.0263547320580279,4.724,0.1366164463639166,NA,Africa,COG,2057.01922023551,5.24350023269653,58.8947380255871
CRI,2023,24.308,85.39514799,1.33,0.1514434661713199,NA,Americas,CRI,14318.8389652137,NA,78.8819393641702
CRI,2022,30.718,82.59801121,1.335,0.1445004805293184,NA,Americas,CRI,13686.1614090822,NA,78.4405687613972
CRI,2021,39.201,82.74901607,1.353,0.142101420270708,NA,Americas,CRI,13146.6927918465,NA,77.9868940200009
CRI,2020,40.11,80.530186079999993,1.448,0.1396117354213031,NA,Americas,CRI,12242.2098908533,NA,77.5211537281257
CRI,2019,31.194,81.2025964435269,1.6,0.1279073606143488,NA,Americas,CRI,12877.650101079,55.0202903747559,77.0435864735963
CRI,2018,25.071,73.4797284369906,1.706,0.1257405625776932,NA,Americas,CRI,12679.5253643016,52.6140899658203,76.5544308439668
CRI,2017,20.736,71.5816646195022,1.714,0.1250342198381024,NA,Americas,CRI,12468.5654531709,54.4492301940918,76.0539254265608
CRI,2016,21.65,65.8804491942718,1.746,0.1244971992170817,NA,Americas,CRI,12084.4351325634,51.6516418457031,75.5423088085047
CRI,2015,22.363,59.7629501371681,1.797,0.1240221892166783,NA,Americas,CRI,11714.7105980732,51.2845802307129,75.0198195767549
CRI,2014,24.23,53,1.8,0.1234869087494003,NA,Americas,CRI,11422.6735793176,50.3342781066895,74.4866963181212
CRI,2013,21.559,45.96,1.779,0.122791175450285,NA,Americas,CRI,11151.1437869768,47.5057106018066,73.9431776192863
CRI,2012,22.372,47.5,1.851,0.1221715597722524,NA,Americas,CRI,11001.5192856576,46.6885414123535,73.3895020668217
CRI,2011,22.037,39.2121959961842,1.877,0.121763752861043,NA,Americas,CRI,10612.4694861141,44.6711883544922,72.8426586679914
CRI,2010,17.378,36.5,1.827,0.1214735532929309,NA,Americas,CRI,10285.0856660419,NA,71.5081448974915
CRI,2009,18.365,34.33,1.953,0.1214281412737444,NA,Americas,CRI,9883.67567046297,NA,70.139846945622807
CRI,2008,11.247,32.29,1.98,0.1214142348932594,NA,Americas,CRI,10104.9092039691,NA,68.7925833934861
CRI,2007,11.067,28.39999962,1.954,0.1213118615362295,NA,Americas,CRI,9779.51149389818,NA,67.4686406496983
CRI,2006,14.269,25.10000038,1.937,0.1211155403302596,NA,Americas,CRI,9160.29437453236,NA,66.1703051228767
CRI,2005,15.519,22.07,2.038,0.1209098786120115,NA,Americas,CRI,8655.33965418585,NA,64.8998632216384
CRI,2004,14.531,20.7923067055542,2.028,0.1213310663266804,NA,Americas,CRI,8445.52914945791,25.8056793212891,63.6596013546005
CRI,2003,15.051,20.3336148143541,2.084,0.1210344347394105,NA,Americas,CRI,8207.45746763047,NA,62.4518059303802
CRI,2002,14.457,19.8948511346293,2.162,0.1200127436742482,NA,Americas,CRI,7989.55926102157,NA,61.2787633575946
CRI,2001,13.806,9.55948213497093,2.312,0.1209253219296196,NA,Americas,CRI,7854.2339580182,NA,60.1427600448608
CRI,2000,11.237,5.80025302331829,2.413,0.1197920812282121,NA,Americas,CRI,7726.51985682031,NA,59.0462378975394
CIV,2023,4.243,40.65284979,4.283,0.1581486507156116,NA,Africa,CIV,2315.38147441648,11.5724272130065,53.4075201638704
CIV,2022,4.304,38.41328122,4.349,0.1485360291599432,NA,Africa,CIV,2227.09845246984,11.1134926507622,52.8492549676673
CIV,2021,4.753,35.95069885,4.411,0.1468410966360923,NA,Africa,CIV,2146.47635317946,10.7725833415282,52.3183461956059
CIV,2020,4.687,36.01660156,4.461,0.1450662343761808,NA,Africa,CIV,2055.08483996432,10.2664091345849,51.8357660823651
CIV,2019,4.043,36.2889545655205,4.523,0.1294025662194854,NA,Africa,CIV,2093.09994335779,10.3256981639741,51.3514799771241
CIV,2018,4.667,37.546536130128104,4.596,0.1278569502927735,NA,Africa,CIV,2013.32307598499,NA,50.8718477756395
CIV,2017,5.257,43.8399208514876,4.757,0.1266398838187521,NA,Africa,CIV,1972.81431788947,9.52488768872621,50.3977309654344
CIV,2016,2.04,41.2078149304414,4.873,0.1257018469783004,NA,Africa,CIV,1889.27777949938,8.89557845705252,49.929991034032
CIV,2015,3.376,38.4400001654616,4.97,0.1250776349585964,NA,Africa,CIV,1814.71855088017,8.46433224598306,49.4694894689553
CIV,2014,4.701,10,5.071,0.1242352793133713,NA,Africa,CIV,1742.53693001178,7.73897659286671,49.0173144557368
CIV,2013,6.27,6.599999905,5.135,0.1227591990341019,NA,Africa,CIV,1632.32712787006,7.35426503598509,48.5702332186208
CIV,2012,9.891,4.400000095,5.19,0.1210280388711969,NA,Africa,CIV,1503.43433046682,NA,48.1242507553354
CIV,2011,9.682,2.9000000950000002,5.244,0.1202536445976093,NA,Africa,CIV,1426.46463864534,2.92101759305363,47.6797551269623
CIV,2010,9.067,2.700000048,5.292,0.1193397842034097,NA,Africa,CIV,1540.52927270246,6.53099472386889,47.2374301523201
CIV,2009,8.921,2,5.332,0.1186074606449302,NA,Africa,CIV,1473.9183699329,7.18858003616333,46.7979596502274
CIV,2008,8.642,1.899999976,5.357,0.1189529674615745,NA,Africa,CIV,1454.62731800082,7.48366022109985,46.3620274395029
CIV,2007,8.457,1.799999952,5.403,0.1189884926160827,NA,Africa,CIV,1420.1738958245,7.9370698928833,45.930317338965
CIV,2006,8.124,1.52489996,5.448,0.1191384855081964,NA,Africa,CIV,1437.77453798586,NA,45.5035131674326
CIV,2005,8.035,1.039199948,5.499,0.1191017663480926,NA,Africa,CIV,1431.73320203111,NA,45.082298743724
CIV,2004,7.841,0.849282414747704,5.527,0.1190605411352912,NA,Africa,CIV,1451.86547141894,NA,44.667357886658
CIV,2003,7.68,0.758669629452205,5.572,0.1189043468397918,NA,Africa,CIV,1441.58801755037,NA,44.2593744150531
CIV,2002,7.278,0.497929360753307,5.641,0.1187379184923323,NA,Africa,CIV,1551.27925902838,NA,43.859032147728
CIV,2001,6.896,0.395747702246439,5.704,0.1176771533906286,NA,Africa,CIV,1636.57318705218,NA,43.4670149035012
CIV,2000,6.468,0.231461670612799,5.773,0.1172739745955947,NA,Africa,CIV,1717.95385651231,NA,43.0840065011913
HRV,2023,18.91,83.24117599,1.46,0.1535760249208013,141.78700533080348,Europe,HRV,17225.154484029,81.1775207519531,57.2431560672198
HRV,2022,17.744,82.07155532,1.53,0.1437691463414947,137.60839143538774,Europe,HRV,16618.1111874724,80.7626724243164,56.9977571733605
HRV,2021,21.542,81.25396608,1.62,0.1437256420415166,132.5097097740525,Europe,HRV,15395.1287782758,78.0067901611328,56.7683502560171
HRV,2020,20.673,78.32090004,1.48,0.1405825319015457,126.77210934077999,Europe,HRV,13545.4881162417,74.738037109375,56.5284863367411
HRV,2019,16.71,79.0797836757554,1.47,0.1292024718157593,118.36821396987625,Europe,HRV,14641.663970693,74.0501174926758,56.303247958306
HRV,2018,23.509,75.2946259897258,1.47,0.1281663775252603,109.84711900201825,Europe,HRV,14060.9874833125,72.8625411987305,56.093170097094
HRV,2017,27.425,67.0961920368478,1.42,0.1280119003968791,105.00592892991725,Europe,HRV,13485.3012514274,71.3775863647461,55.9009887365155
HRV,2016,30.949,72.6972696701463,1.43,0.1277575701848604,102.018456100541,Europe,HRV,12848.419539107,69.5889511108398,55.7294398599808
HRV,2015,42.31,69.8450359238281,1.41,0.1277005418509194,99.9999999999998,Europe,HRV,12283.7840620053,68.4413986206055,55.5812594509004
HRV,2014,45.703,68.5678992528467,1.46,0.1265517629999482,102.65006955406051,Europe,HRV,11862.7609491821,68.6392517089844,55.4591834926844
HRV,2013,50.488,66.7476,1.46,0.1268595977970704,103.9544541785385,Europe,HRV,11838.2152450357,66.7111129760742,55.3659479687433
HRV,2012,42.512,61.9399731527956,1.52,0.1266379679441422,110.33006845939676,Europe,HRV,11780.4742767284,62.0256614685059,55.3042888624873
HRV,2011,36.666,57.7899789891444,1.41,0.1263769085462562,115.6054540332015,Europe,HRV,11993.0713179162,59.3388595581055,55.2773793281248
HRV,2010,32.355,56.55,1.46,0.1263533875305576,117.9166032760035,Europe,HRV,11965.0049285028,57.0685997009277,55.2824979327886
HRV,2009,25.213,50.58,1.5,0.1261907886199817,127.68076479137825,Europe,HRV,12099.5521781656,51.9583015441895,55.3096640250682
HRV,2008,23.678,44.24,1.47,0.125812541452792,138.639186220758,Europe,HRV,12970.4376964616,52.3514518737793,55.3530687812969
HRV,2007,25.123,41.44,1.48,0.125630320160984,128.54449301748025,Europe,HRV,12717.9875997872,50.530590057373,55.4077128728613
HRV,2006,29.1,37.97999954,1.47,0.1251984978310012,118.011188492763,Europe,HRV,12104.0421469867,48.5975112915039,55.4685969711483
HRV,2005,32.541,33.13999939,1.5,0.1248398091125642,103.85057320228525,Europe,HRV,11522.7905248265,47.2947196960449,55.5307217475444
HRV,2004,32.826,30.91,1.43,0.1245226848126937,NA,Europe,HRV,11059.0980614364,44.0762214660645,55.5890878734365
HRV,2003,36.089,22.75,1.41,0.1241196819004141,NA,Europe,HRV,10619.3078243865,42.3809814453125,55.6386960202113
HRV,2002,36.533,17.76,1.42,0.1237986866974612,NA,Europe,HRV,10062.0396800621,39.1618309020996,55.6745468592554
HRV,2001,39.721,11.5585731811648,1.46,0.1236282362591039,NA,Europe,HRV,9515.73569793698,36.3740501403809,55.6913829056559
HRV,2000,41.872,6.64488254374396,1.39,0.1234257391059076,NA,Europe,HRV,8880.26980689876,NA,55.6818319251231
CUB,2023,4.247,69.55580139,1.439,0.1752330037572842,NA,Americas,CUB,7433.42885399674,49.7285704304293,77.1259872296321
CUB,2022,4.336,67.88410187,1.412,0.1684951192392162,NA,Americas,CUB,7552.33152218842,NA,77.1056060791016
CUB,2021,4.91,67.64354869,1.427,0.170138782418191,NA,Americas,CUB,7379.04275283674,51.8885571735926,77.0987701416016
CUB,2020,5.172,71.11907507,1.489,0.1655431263047598,NA,Americas,CUB,7252.28811179844,46.7357262964117,77.1080322265625
CUB,2019,4.249,67.9708086565152,1.54,0.1535919756954499,NA,Americas,CUB,8124.75282059108,44.7791807576091,77.0728225708008
CUB,2018,4.237,62.6789236230601,1.607,0.155685317385031,NA,Americas,CUB,8120.43123558256,42.3506387045364,77.0156326293945
CUB,2017,4.29,57.1484043170788,1.585,0.1552686559179162,NA,Americas,CUB,7927.27769431767,41.1702416547293,76.9603271484375
CUB,2016,4.964,42.9786751910106,1.6,0.155707470763966,NA,Americas,CUB,7774.0698462623,35.0523986816406,76.9115829467773
CUB,2015,5.966,37.3050974155373,1.685,0.156019848187696,NA,Americas,CUB,7727.91997207998,36.7510276842099,76.8702850341797
CUB,2014,6.596,29.0701843656523,1.655,0.1563560796446009,NA,Americas,CUB,7392.48324633027,40.8057214253261,76.8442459106445
CUB,2013,8.07,27.93,1.678,0.1569459556236514,NA,Americas,CUB,7307.82004410741,47.9938388668246,76.81640625
CUB,2012,8.446,21.200000760000002,1.668,0.1575703299153563,NA,Americas,CUB,7109.24834185635,61.3519866952141,76.7776920066844
CUB,2011,7.664,16.0172907996413,1.734,0.1579968861663354,NA,Americas,CUB,6902.16397571139,78.4791611574931,76.707663902788
CUB,2010,6.026,15.9,1.673,0.1591883933072097,NA,Americas,CUB,6716.49048497058,93.544739814446,76.6099132468685
CUB,2009,3.493,14.33,1.678,0.1596935436580845,NA,Americas,CUB,6561.2530509300605,113.827087402344,76.4930251871133
CUB,2008,3.403,12.94,1.576,0.1591979129742075,NA,Americas,CUB,6469.08507847668,117.163070678711,76.365461375763
CUB,2007,3.967,11.69,1.436,0.1600168387069256,NA,Americas,CUB,6215.76603727772,105.017448425293,76.2356834650585
CUB,2006,4.196,11.1596013147617,1.402,0.1584650620750894,NA,Americas,CUB,5799.41163668615,84.7447280883789,76.1121531072403
CUB,2005,4.22,9.73806220781346,1.486,0.1579114586181828,NA,Americas,CUB,5182.35283601732,60.115119934082,76.0033319545493
CUB,2004,3.908,8.40798475900703,1.546,0.1572744247564388,NA,Americas,CUB,4670.18802138025,52.4411582946777,75.917681659226
CUB,2003,4.742,5.2412690536929,1.627,0.1565747566062846,NA,Americas,CUB,4426.96599591833,32.568790435791,75.8636638735113
CUB,2002,6.83,3.77058503769014,1.645,0.1557618204660564,NA,Americas,CUB,4277.39565642359,27.423469543457,75.8514891112497
CUB,2001,8.508,1.07975172188907,1.595,0.1548874408937678,NA,Americas,CUB,4229.90309433356,26.0719394683838,75.887565612793
CUB,2000,11.119,0.541182548811058,1.608,0.154616846059429,NA,Americas,CUB,4112.26168350671,22.9956703186035,75.635383605957
CUW,2023,NA,NA,1.3,NA,NA,Americas,CUW,17326.9646862721,NA,91.4080929292235
CUW,2022,NA,NA,1.4,NA,NA,Americas,CUW,16772.8147195764,NA,91.4007684350799
CUW,2021,NA,NA,1.4,NA,NA,Americas,CUW,15625.4114231051,NA,91.391865832772
CUW,2020,NA,NA,1.4,NA,NA,Americas,CUW,14849.9696941839,NA,91.3820881678218
CUW,2019,NA,NA,1.6,NA,NA,Americas,CUW,17980.5297947929,NA,91.3714918191305
CUW,2018,NA,NA,1.7,NA,NA,Americas,CUW,18355.1765793615,NA,91.3601331655991
CUW,2017,NA,68.1272162511339,1.5,NA,NA,Americas,CUW,18651.4796966993,NA,91.3480685861287
CUW,2016,NA,61.855510740634,1.7,NA,NA,Americas,CUW,18953.0538552203,NA,91.3353544596205
CUW,2015,NA,NA,1.9,NA,NA,Americas,CUW,19361.8129630226,NA,91.3220471649755
CUW,2014,NA,NA,2,NA,NA,Americas,CUW,19529.5285930905,NA,91.3082030810948
CUW,2013,NA,NA,2.1,NA,NA,Americas,CUW,19921.4771792975,23.0842005676443,91.2938785868797
CUW,2012,NA,NA,2.2,NA,NA,Americas,CUW,20277.5112566223,NA,91.2791300612311
CUW,2011,NA,NA,2.1,NA,NA,Americas,CUW,20518.0985782641,NA,91.2639416184104
CUW,2010,NA,NA,2.2,NA,NA,Americas,CUW,20706.437408421,NA,91.2491303278397
CUW,2009,NA,NA,2.1,NA,NA,Americas,CUW,20952.8997952543,NA,91.2354256731905
CUW,2008,NA,NA,2.2,NA,NA,Americas,CUW,21202.4304610307,NA,91.2220545596735
CUW,2007,NA,NA,2,NA,NA,Americas,CUW,21011.1570121301,NA,91.208091976742793
CUW,2006,NA,NA,2.1,NA,NA,Americas,CUW,20913.6629896021,NA,91.1926129138527
CUW,2005,NA,NA,2.037,NA,NA,Americas,CUW,21112.3218717015,NA,91.1746923604573
CUW,2004,NA,NA,2.099,NA,NA,Americas,CUW,21512.1115522523,NA,91.1534053060108
CUW,2003,NA,NA,2.191,NA,NA,Americas,CUW,21840.8912647914,NA,91.1278267399674
CUW,2002,NA,NA,2.3,NA,NA,Americas,CUW,22231.8792561824,NA,91.0970316517813
CUW,2001,NA,NA,2.405,NA,NA,Americas,CUW,22171.0654932071,NA,91.060147058155
CUW,2000,NA,NA,2.342,NA,NA,Americas,CUW,21523.645846078,NA,90.8692145662905
CYP,2023,16.22,91.22110357,1.389,0.2075386614764165,NA,Asia,CYP,31884.84375,107.26212310791,66.6739477522639
CYP,2022,18.707,89.60099194,1.393,0.1955509824321118,NA,Asia,CYP,31370.55078125,105.384979248047,66.6694829407584
CYP,2021,17.173,90.75951564,1.392,0.1919190569867749,NA,Asia,CYP,29517.072265625,106.362930297852,66.6718365394971
CYP,2020,18.491,90.80194644,1.361,0.1880742812696069,NA,Asia,CYP,26895.68359375,102.390762329102,66.7180443478713
CYP,2019,16.856,86.0636299618935,1.33,0.1681748138217986,NA,Asia,CYP,28167.16015625,93.9260711669922,66.7677357070518
CYP,2018,20.654,84.4335825186889,1.319,0.1675900363355515,NA,Asia,CYP,26962.40625,86.5899276733398,66.8255530496405
CYP,2017,25.013,80.743188971932,1.323,0.1649933924374963,NA,Asia,CYP,25666.00390625,79.827522277832,66.8907450570326
CYP,2016,28.902,75.9002054030125,1.357,0.1632519238081814,NA,Asia,CYP,24477.986328125,68.3754730224609,66.9625604106231
CYP,2015,32.539,71.7157409175171,1.323,0.1608976234465152,NA,Asia,CYP,23088.44140625,59.8640594482422,67.0402477918073
CYP,2014,35.516,69.3286967086473,1.312,0.157529949939751,NA,Asia,CYP,22373.578125,52.1083793640137,67.1230558819804
CYP,2013,38.083,65.4548,1.304,0.1545406918862629,NA,Asia,CYP,22711.71875,47.470890045166,67.2102333625375
CYP,2012,27.244,60.6898684001903,1.382,0.15241972833327,NA,Asia,CYP,24285.49609375,45.8635902404785,67.3010289148738
CYP,2011,21.156,56.8598923503507,1.36,0.1497292965185505,NA,Asia,CYP,25538.78125,46.5397300720215,67.3979892758544
CYP,2010,15.852,52.99,1.434,0.1465383390086364,NA,Asia,CYP,26090.048828125,48.311580657959,67.5229111556342
CYP,2009,13.276,49.81,1.475,0.1452310857497136,NA,Asia,CYP,26183.685546875,47.6964492797852,67.6836053786548
CYP,2008,8.532,42.31,1.479,0.1418117324309594,NA,Asia,CYP,27449.2265625,40.8491706848145,67.8666261318649
CYP,2007,9.486,40.77,1.449,0.1401665649162702,NA,Asia,CYP,27156.818359375,36.2316017150879,68.0604154001212
CYP,2006,9.872,35.83,1.509,0.1389330394722456,NA,Asia,CYP,26395.50390625,34.3019485473633,68.2534151682801
CYP,2005,13.541,32.81,1.479,0.1377966673599621,NA,Asia,CYP,25631.3671875,34.102180480957,68.4340674211981
CYP,2004,10.213,33.83,1.512,0.1365825994442189,NA,Asia,CYP,24799.6484375,36.0204582214355,68.5908141437316
CYP,2003,8.611,30.09,1.505,0.1359352775363489,NA,Asia,CYP,23930.783203125,31.9552307128906,68.7120973207373
CYP,2002,7.449,28.32,1.497,0.1354676165585392,NA,Asia,CYP,23604.189453125,25.1022891998291,68.7863589370716
CYP,2001,7.976,18.8187590408455,1.566,0.1350112507704586,NA,Asia,CYP,23019.25,21.6125202178955,68.8024068077544
CYP,2000,8.904,15.2553943710137,1.638,0.1352879103821952,NA,Asia,CYP,22383.96484375,NA,68.7726966799379
CZE,2023,8.507,85.99404818,1.46,0.1412238053645648,144.3180527047115,Europe,CZE,20272.5874017334,66.7282867431641,72.7352388396817
CZE,2022,6.72,84.54009378,1.64,0.1337240943619917,159.32055329640525,Europe,CZE,20627.348651011,70.8145904541016,72.6967638379524
CZE,2021,8.134,82.67062427,1.83,0.1362620871808051,155.7007732490615,Europe,CZE,20373.8783043424,69.8369293212891,72.6810594374316
CZE,2020,7.936,81.33889705,1.74,0.133511881232812,135.54462296781,Europe,CZE,19233.1469549829,67.1843719482422,72.7254901604208
CZE,2019,5.615,80.8669444139622,1.71,0.1224190092858824,128.7651248082995,Europe,CZE,20360.0599221814,66.8802185058594,72.7876426709563
CZE,2018,6.714,80.6881675434288,1.71,0.1236343002427747,121.41001199360474,Europe,CZE,19736.6295261285,66.7902221679688,72.8498744351241
CZE,2017,7.936,78.7191728513432,1.69,0.1234969026722704,115.03744050267599,Europe,CZE,19257.6930680911,67.7142181396484,72.9121853567256
CZE,2016,10.488,76.4811986951838,1.63,0.12430134723893391,106.031263261839,Europe,CZE,18359.0978103904,67.5056381225586,72.9745753395623
CZE,2015,12.582,75.668838699279,1.57,0.1239514435022566,100.00000000000006,Europe,CZE,17931.5987670768,67.2303619384766,73.0370442874355
CZE,2014,15.841,74.2317116367383,1.53,0.1248766616523156,96.71833716017323,Europe,CZE,17118.0425571578,67.3959732055664,73.0995921041469
CZE,2013,18.958,74.1104,1.46,0.1247894263637789,95.4811401156408,Europe,CZE,16759.7808635642,66.3243179321289,73.1622186934979
CZE,2012,19.508,73.4300078241036,1.45,0.1238119214969305,96.05245378482053,Europe,CZE,16772.3539223328,66.9287719726562,73.2249239592898
CZE,2011,18.077,70.49,1.43,0.1235262907664665,99.29164178196245,Europe,CZE,16926.2846674435,66.7968215942383,73.2878338394746
CZE,2010,18.356,68.82,1.51,0.1231618453656975,100.48363869151197,Europe,CZE,16665.9317825137,64.9327697753906,73.3495599222723
CZE,2009,16.656,64.43,1.51,0.1228731832037533,104.68861221649274,Europe,CZE,16272.8084766719,61.4115715026855,73.4084890302159
CZE,2008,9.874,62.97,1.51,0.1225713029766526,110.02185021988825,Europe,CZE,17190.6470333289,57.9171714782715,73.4655517409377
CZE,2007,10.734,51.93,1.45,0.1227288519961489,NA,Europe,CZE,16892.542854974,54.1809005737305,73.5219493596925
CZE,2006,17.447,47.93,1.34,0.122518555597717,NA,Europe,CZE,16107.3042502688,49.8811302185059,73.578883191735
CZE,2005,19.248,35.27,1.29,0.1218188177361401,NA,Europe,CZE,15147.7214417611,49.1181411743164,73.6375545423198
CZE,2004,20.377,35.5,1.23,0.1230328415728273,NA,Europe,CZE,14259.63342798,45.4242782592773,73.6991647167017
CZE,2003,17.555,34.3,1.18,0.1218208800533528,NA,Europe,CZE,13618.9349633164,39.2078895568848,73.7649150201353
CZE,2002,15.982,23.93,1.17,0.1216443168864915,NA,Europe,CZE,13179.9878092741,36.8876609802246,73.8360067578753
CZE,2001,16.557,14.6971721171129,1.15,0.1224276432741584,NA,Europe,CZE,12958.4667607533,32.0267791748047,73.9131752504002
CZE,2000,16.97,9.78052788834393,1.15,0.1211586013446849,NA,Europe,CZE,12543.9364342367,NA,74.0038256456769
DNK,2023,11.499,98.77559197,1.5,0.1817114384236626,118.3469387905995,Europe,DNK,59026.9843650999,81.2308197021484,88.552638542867
DNK,2022,10.533,97.86011812,1.55,0.1737894391870553,126.78966537834324,Europe,DNK,59108.7449374068,84.5866088867188,88.3880239837703
DNK,2021,10.8,98.8658506,1.72,0.1688397319099646,130.447154704501,Europe,DNK,59312.815804377104,83.982292175293,88.2616449318149
DNK,2020,11.634,96.54914573,1.68,0.169775916655496,119.14815460584676,Europe,DNK,55934.5555945523,82.6643295288086,88.2394485473632
DNK,2019,10.041,98.0464347521549,1.7,0.1555824392771262,114.42241567580325,Europe,DNK,57114.6227336347,81.6945877075195,88.2096490810669
DNK,2018,10.52,97.3192043651002,1.73,0.1541887917258864,112.835232170518,Europe,DNK,56355.0733084714,81.1405487060547,88.1059762310689
DNK,2017,12.384,97.0993621555621,1.75,0.1517689149106641,108.6029413176455,Europe,DNK,55601.0145717787,81.3220062255859,88.0161943799509
DNK,2016,12.147,96.9677852516645,1.79,0.1493477613080859,104.4712402874765,Europe,DNK,54300.2039621991,82.1714935302734,87.6999969482422
DNK,2015,12.152,96.3305016195436,1.71,0.1476137657805129,100.00000000000006,Europe,DNK,53094.0133607574,83.300407409668,87.7254056577329
DNK,2014,14.196,95.9935053764454,1.69,0.1444523454879021,93.61646553327607,Europe,DNK,52368.3625969272,81.3143615722656,87.6823985731907
DNK,2013,14.774,94.6297,1.67,0.1417228259980267,90.77130602998704,Europe,DNK,51970.3909324806,80.4186782836914,87.5436524760432
DNK,2012,15.775,92.2600117153012,1.73,0.1398392186992154,88.04272192952152,Europe,DNK,51470.689845427,77.7465515136719,87.2336196899414
DNK,2011,16.306,89.8100133895232,1.75,0.1402223275744026,92.56329080434715,Europe,DNK,51667.5313210425,75.9300231933594,87.1567653955846
DNK,2010,15.554,88.72,1.87,0.1368924414739651,96.32879963596115,Europe,DNK,51209.4492757775,72.4951477050781,86.8652420043945
DNK,2009,13.441,86.84,1.84,0.1358251518512149,95.95384638037567,Europe,DNK,50635.9118061988,73.1106262207031,86.7617653139929
DNK,2008,9.471,85.02,1.89,0.1336102210592405,110.465328440881,Europe,DNK,53572.5346568185,74.8606262207031,86.583137512207
DNK,2007,7.495,85.03,1.84,0.1317611660797422,120.109231857563,Europe,DNK,54113.9771471341,78.243293762207,86.4251464366349
DNK,2006,7.686,86.65,1.85,0.1293296915231555,118.97683422549375,Europe,DNK,53823.1590295482,78.5057678222656,86.2501288149818
DNK,2005,8.603,82.74,1.8,0.1292824145655795,98.01696971595332,Europe,DNK,52015.1841169021,80.8124618530273,86.0059706832865
DNK,2004,7.776,80.93,1.78,0.1267118516174063,83.09823031818227,Europe,DNK,50956.3045398814,74.9665069580078,85.7130276911593
DNK,2003,9.804,76.26,1.76,0.1269350055497574,75.77507234519899,Europe,DNK,49708.0909084109,68.1712493896484,85.4199981689453
DNK,2002,7.043,64.25,1.72,0.1257411368283624,73.06425449495005,Europe,DNK,49624.5965359582,64.2234725952148,85.3000030517578
DNK,2001,8.229,42.9575247201878,1.74,0.1254643114786416,71.8613378199442,Europe,DNK,49557.1509962227,61.3673095703125,85.188307882087
DNK,2000,6.726,39.1724308555053,1.77,0.1246980869486996,69.46205614185692,Europe,DNK,49266.9882757886,NA,85.0999984741211
DJI,2023,76.393,64.75869751,2.609,0.1378702833765809,NA,Africa,DJI,3117.8155381531,NA,72.8408245988921
DJI,2022,76.609,63.77600098,2.653,0.1291308737291207,NA,Africa,DJI,2959.78673011268,NA,72.6109938538856
DJI,2021,79.377,61.41120148,2.699,0.1293887864945518,NA,Africa,DJI,2854.15987035097,NA,72.2882954556515
DJI,2020,81.882,59.92570114,2.745,0.1234241174188046,NA,Africa,DJI,2773.40661780097,NA,71.9990170519895
DJI,2019,75.906,58.4762001,2.798,0.1105413611204055,NA,Africa,DJI,2781.94350113484,NA,71.7418146554518
DJI,2018,74.98,57.06169891,2.858,0.1108405972146727,NA,Africa,DJI,2677.1650334451,NA,71.5153442785902
DJI,2017,73.951,55.6814092453962,2.916,0.1087194354307165,NA,Africa,DJI,2596.45134698268,NA,71.318261933957
DJI,2016,73.014,30.799999239999998,2.969,0.1061877386152345,NA,Africa,DJI,2502.85181449431,NA,71.1492236341041
DJI,2015,72.492,22.89999962,3.041,0.1067455484153813,NA,Africa,DJI,2376.12554719873,NA,71.0068853915837
DJI,2014,72.035,17,3.116,0.1056097893906694,NA,Africa,DJI,2253.14082249768,NA,70.8899032189478
DJI,2013,71.343,12.69999981,3.187,0.1035033412591928,NA,Africa,DJI,2140.13769442336,NA,70.7969331287484
DJI,2012,70.783,9.399999619,3.255,0.104846593221349,NA,Africa,DJI,NA,NA,70.7266311335377
DJI,2011,70.486,7,3.341,0.1027202635594258,NA,Africa,DJI,NA,5.16012001037598,70.6776532458676
DJI,2010,70.021,6.5,3.431,0.1028839308251203,NA,Africa,DJI,NA,3.61855006217956,70.6486554782903
DJI,2009,69.335,4,3.521,0.1019646218477045,NA,Africa,DJI,NA,3.63386988639831,70.6383251554484
DJI,2008,68.403,2.26,3.621,0.1017134127855518,NA,Africa,DJI,NA,2.89696002006531,70.6793730584341
DJI,2007,68.053,1.62,3.756,0.0999422420708369,NA,Africa,DJI,NA,2.70820999145508,70.8118125191918
DJI,2006,67.666,1.269999981,3.899,0.0999226071980526,NA,Africa,DJI,NA,2.43639993667602,71.0245352095823
DJI,2005,67.305,0.953599989,4.035,0.1005601808143622,NA,Africa,DJI,NA,2.15187001228333,71.3061450044404
DJI,2004,66.899,0.781317175068661,4.162,0.1004448067034388,NA,Africa,DJI,NA,1.43494999408722,71.6452457786012
DJI,2003,66.643,0.625940229399888,4.296,0.0996191630560782,NA,Africa,DJI,NA,1.14007997512817,72.0304414068997
DJI,2002,66.37,0.48697170451894,4.41,0.1019716620856585,NA,Africa,DJI,NA,0.934469997882843,72.4503357641707
DJI,2001,65.648,0.343526262964202,4.518,0.1012936046403146,NA,Africa,DJI,NA,0.654820024967194,72.8935327252495
DJI,2000,65.03,0.194500528399956,4.601,0.10120911672980171,NA,Africa,DJI,NA,0.257360011339188,73.3486361649708
DMA,2023,NA,81.33650208,1.484,0.1693223335972713,NA,Americas,DMA,8946.98822588042,NA,73.1105011438027
DMA,2022,NA,80.57980347,1.482,0.1615551203018221,NA,Americas,DMA,8590.92209069816,NA,72.682648635692
DMA,2021,NA,78.07949829,1.484,0.1619219079366126,NA,Americas,DMA,7738.31730070386,NA,72.2613620044042
DMA,2020,NA,75.65670013,1.495,0.1589146825856065,NA,Americas,DMA,7302.94454951254,NA,71.846576780589
DMA,2019,NA,73.38200378,1.504,0.1470336861588519,NA,Americas,DMA,8624.51695993537,NA,71.4382284948964
DMA,2018,NA,NA,1.517,0.1471949163311087,NA,Americas,DMA,8261.16492553236,NA,71.0362526779762
DMA,2017,NA,69.61969757,1.54,0.1471012189387242,NA,Americas,DMA,7985.6341102129,NA,70.6405848604787
DMA,2016,NA,67.02999878,1.581,0.1467504357320925,NA,Americas,DMA,8499.52291903149,NA,70.2511605730541
DMA,2015,NA,65,1.648,0.1461227828148863,NA,Americas,DMA,8282.59874702141,NA,69.8679153463528
DMA,2014,NA,57.5,1.713,0.145498045090802,NA,Americas,DMA,8576.26367623609,NA,69.4907847110252
DMA,2013,NA,51,1.778,0.1451133548668127,NA,Americas,DMA,8459.6586988024,NA,69.119704197722
DMA,2012,NA,49.79999924,1.827,0.1447342271068697,NA,Americas,DMA,8532.34388117289,NA,68.754609337094
DMA,2011,NA,48.59999847,1.861,0.1440914012479469,NA,Americas,DMA,8553.8384670104,NA,68.3978165602727
DMA,2010,NA,47.45,1.887,0.1438651018641993,NA,Americas,DMA,8574.27308682238,NA,67.9983269911984
DMA,2009,NA,42.02000046,1.918,0.1437882211342226,NA,Americas,DMA,8582.71481435718,NA,67.6071900939817
DMA,2008,NA,41.15999985,1.968,0.1435038225648041,NA,Americas,DMA,8682.57378179773,NA,67.232264436023
DMA,2007,NA,40.2745018,2.022,0.1432208379833029,NA,Americas,DMA,8106.18951878325,NA,66.877081776731
DMA,2006,NA,39.39820099,2.074,0.1428845727644913,NA,Americas,DMA,7698.53701483824,NA,66.5451738755145
DMA,2005,NA,38.54359818,1.998,0.1425293045657139,NA,Americas,DMA,7381.74728529453,NA,66.2400724917823
DMA,2004,NA,30.3196130921568,2.023,0.1421312244076936,NA,Americas,DMA,7323.8530008275,NA,65.9653093849432
DMA,2003,NA,23.6204198529629,2.075,0.1417441442284293,NA,Americas,DMA,7047.66189595946,NA,65.7244163144059
DMA,2002,NA,18.4248927671241,2.16,0.1412761727434307,NA,Americas,DMA,6676.97271467957,NA,65.5209250395792
DMA,2001,NA,13.2452280386761,2.399,0.1407296315271943,NA,Americas,DMA,6897.65674086518,NA,65.3586067945228
DMA,2000,NA,8.81484419762881,2.346,0.1401939695738807,NA,Americas,DMA,6879.59737273918,NA,65.2352744316641
DOM,2023,11.559,86.12689972,2.243,0.1847998815152095,NA,Americas,DOM,8809.96335385949,58.2428049803824,72.3577991823338
DOM,2022,12.852,81.51269675,2.267,0.1780509814303318,NA,Americas,DOM,8698.13592094395,55.1665311527454,72.4203155643711
DOM,2021,16.874,85.24298638,2.294,0.1759704452981804,NA,Americas,DOM,8344.90510312395,56.4690832383051,72.9243347395035
DOM,2020,14.766,81.61730194,2.329,0.1769947627639737,NA,Americas,DOM,7395.8734262396,58.7264105314523,73.2643793773663
DOM,2019,15.835,79.71549988,2.366,0.1601888357197466,NA,Americas,DOM,8117.04639185786,NA,73.5403464672933
DOM,2018,14.847,74.8220483597284,2.397,0.1599439765371455,NA,Americas,DOM,7818.70593240469,NA,73.7589255716938
DOM,2017,13.441,67.5712453277737,2.398,0.1598247565149715,NA,Americas,DOM,7379.39978067137,59.9155940980465,73.926806252977
DOM,2016,16.738,63.8708647408206,2.41,0.1590246884243568,NA,Americas,DOM,7177.75376475488,54.498998211862,74.0506780735522
DOM,2015,16.426,54.2157663369785,2.43,0.1588433646789735,NA,Americas,DOM,6800.95309395474,51.7471143700009,74.1372305958285
DOM,2014,13.343,49.58000183,2.451,0.1577764677173807,NA,Americas,DOM,6430.27811051339,49.3192689674723,74.1931533822153
DOM,2013,17.392,45.9,2.474,0.1588017798270307,NA,Americas,DOM,6075.03399972737,NA,74.2251359951216
DOM,2012,14.821,42.32,2.497,0.1571020787290793,NA,Americas,DOM,5860.29893321013,48.6290038507636,74.2398679969568
DOM,2011,13.956,38,2.527,0.1567791597680123,NA,Americas,DOM,5773.57403459156,NA,74.2440389501301
DOM,2010,10.81,31.39999962,2.556,0.1563274656910064,NA,Americas,DOM,5666.45633430206,NA,74.1642773174177
DOM,2009,12.479,27.72,2.574,0.1562270219566325,NA,Americas,DOM,5294.64953374426,NA,73.5894974865426
DOM,2008,10.548,20.82,2.546,0.1558167473842935,NA,Americas,DOM,5308.92664966814,NA,72.4865154265802
DOM,2007,12.326,17.66,2.51,0.1544668599278515,NA,Americas,DOM,5204.78500652254,NA,71.0193434994977
DOM,2006,10.779,14.8449283654589,2.508,0.1551201976885668,NA,Americas,DOM,4904.71715839398,NA,69.333853706035
DOM,2005,13.492,11.4831977789344,2.574,0.1532936001701632,NA,Americas,DOM,4549.24957008857,NA,67.5759180469321
DOM,2004,12.899,8.8655534607044,2.641,0.1527913591794542,NA,Americas,DOM,4212.01044121773,NA,65.8914085229291
DOM,2003,13.423,7.89839293716387,2.703,0.1522698092833409,NA,Americas,DOM,4162.66686117661,33.6751098632812,64.426197134766
DOM,2002,12.721,6.8237257325842,2.764,0.1516801738601048,NA,Americas,DOM,4280.80182397408,NA,63.2914022524877
DOM,2001,13.455,4.42939069666645,2.827,0.1510099990719271,NA,Americas,DOM,4158.98430282429,NA,62.2979450293469
DOM,2000,12.402,3.70469235587688,2.869,0.15101883139928,NA,Americas,DOM,4123.10573163115,NA,61.3128549215919
ECU,2023,7.782,72.6943146,1.823,0.1799647693338966,NA,Americas,ECU,6174.81822806637,67.8851161961618,63.1307729554263
ECU,2022,8.298,69.71811356,1.861,0.167387094613381,NA,Americas,ECU,6107.49495006543,59.879782344866,63.0901835932266
ECU,2021,9.136,69.1147995,1.909,0.1629562017009667,NA,Americas,ECU,5815.09477390949,NA,63.0871268249117
ECU,2020,11.068,70.7,1.967,0.1650130586450103,NA,Americas,ECU,5355.68934196443,56.9066311483682,63.0773897782521
ECU,2019,8.733,59.2,2.035,0.1444960598965404,NA,Americas,ECU,5971.38938386723,47.2627814012203,63.0627139714638
ECU,2018,7.956,57.5,2.111,0.1440774209560045,NA,Americas,ECU,6063.0956178776,47.3311832253279,63.0433276812321
ECU,2017,8.465,55.79999924,2.128,0.1418261609383373,NA,Americas,ECU,6104.27253521751,NA,63.0194591842425
ECU,2016,10.349,54.0629247288864,2.122,0.1429037023328391,NA,Americas,ECU,5849.13587933672,NA,62.9913367571804
ECU,2015,8.824,48.9404337892669,2.209,0.1415353659818093,NA,Americas,ECU,5976.1596805651,44.5371492743653,62.959188676731
ECU,2014,9.031,45.5903906666095,2.274,0.1407338398312548,NA,Americas,ECU,6055.04172761485,NA,62.9232432195799
ECU,2013,8.332,40.279121941,2.362,0.1411883989553391,NA,Americas,ECU,5893.32172683036,39.7734405802353,62.8837286624122
ECU,2012,8.538,35.1351464545516,2.509,0.139671276039297,NA,Americas,ECU,5579.85624282158,39.2524690384971,62.8408732819135
ECU,2011,8.899,31.3668083587433,2.605,0.1398792093139121,NA,Americas,ECU,5359.45724615639,NA,62.7949053547691
ECU,2010,9.286,29.03,2.615,0.1396705801949798,NA,Americas,ECU,5022.20374387205,NA,62.7405258611644
ECU,2009,9.864,24.6,2.678,0.1392718652944393,NA,Americas,ECU,4909.33681705683,NA,62.6588021150118
ECU,2008,9.163,18.8,2.688,0.140928908911202,NA,Americas,ECU,4939.90215021789,38.1871795654297,62.5395521004212
ECU,2007,7.017,10.80000019,2.704,0.1394905834928812,NA,Americas,ECU,4715.30359842555,NA,62.3887552077227
ECU,2006,7.926,7.199999809,2.753,0.1395795384647149,NA,Americas,ECU,4706.98056823816,NA,62.2099988435587
ECU,2005,7.864,5.994299889,2.8,0.1393960548279522,NA,Americas,ECU,4589.32849203452,NA,62.0068704145716
ECU,2004,10.204,4.83444263759525,2.853,0.1391722640103037,NA,Americas,ECU,4430.23717984188,NA,61.7829573274038
ECU,2003,10.849,4.46022834472698,2.911,0.1388817490482583,NA,Americas,ECU,4220.21298466638,NA,61.5418469886978
ECU,2002,9.507,4.26079691519764,2.972,0.1384750294789516,NA,Americas,ECU,4174.89793579965,NA,61.2871268050958
ECU,2001,8.551,2.67044367376705,3.037,0.1380277232071874,NA,Americas,ECU,4049.0001889951,NA,61.0123544006659
ECU,2000,9.768,1.46218853556457,3.102,0.1381570039757406,NA,Americas,ECU,3953.39879728357,NA,60.6865005107058
EGY,2023,17.153,74.01190186,2.75,0.165558584822032,NA,Africa,EGY,4111.3118478995,37.9005584716797,42.7098115041919
EGY,2022,16.342,72.19806556,2.75,0.1575077983767825,NA,Africa,EGY,4029.78295457978,36.462230682373,42.6325129008032
EGY,2021,18.21,72.05599976,2.75,0.1571638553947485,NA,Africa,EGY,3837.31992324447,35.1185317783157,42.5686062621468
EGY,2020,18.463,71.91420096,2.85,0.1574771125618186,NA,Africa,EGY,3770.86947867421,38.773998260498,42.5181534630674
EGY,2019,20.631,57.2828663990195,2.87,0.1401528205563194,NA,Africa,EGY,3701.2446345188,33.622825887244,42.4812027332648
EGY,2018,26.252,46.92433676792,3.02,0.1398320321237976,NA,Africa,EGY,3568.63966286161,36.1230010986328,42.4577177449969
EGY,2017,32.644,44.9502042452857,3.31,0.1398352022680123,NA,Africa,EGY,3452.90961245539,33.1018892935221,42.4486008687179
EGY,2016,33.655,41.2480670885772,3.35,0.1394241876312252,NA,Africa,EGY,3381.22246306207,31.8731307983398,42.5210717266225
EGY,2015,34.16,37.8193834276939,3.5,0.1395071697095729,NA,Africa,EGY,3306.98159414141,32.8848991394043,42.6056314089048
EGY,2014,32.198,33.8946039115275,3.49,0.1393489392697892,NA,Africa,EGY,3235.66246235257,29.1134325604942,42.6825522284408
EGY,2013,34.12,29.4,3.49,0.1382172329116642,NA,Africa,EGY,3216.3783902629,28.3479816954113,42.7514277188751
EGY,2012,34.439,26.4,3.4,0.1380993139182968,NA,Africa,EGY,3220.99194203067,26.2271566255146,42.8118514138525
EGY,2011,29.426,25.6,3.311,0.1378484788325582,NA,Africa,EGY,3222.37650111856,25.5901820932158,42.8634168470177
EGY,2010,24.583,21.6,3.296,0.1363256400620313,NA,Africa,EGY,3233.84521246786,30.0727383660214,42.9057175520154
EGY,2009,25.219,20,3.259,0.1366929974828564,NA,Africa,EGY,3135.09661303014,29.2693099975586,42.9383470624904
EGY,2008,25.536,18.01,3.238,0.1375145926716104,NA,Africa,EGY,3052.21297844721,28.6861095428467,42.9608989120873
EGY,2007,25.076,16.03,3.237,0.1361824015796255,NA,Africa,EGY,2902.06559804963,28.8399200439453,42.9729666344509
EGY,2006,30.516,13.66,3.223,0.1367218334446752,NA,Africa,EGY,2761.62410769792,28.3695907592773,42.972999168010404
EGY,2005,31.222,12.75,3.254,0.1368982787221025,NA,Africa,EGY,2635.70305227819,28.4127006530762,42.9569271409488
EGY,2004,28.348,11.92,3.283,0.1371673267586157,NA,Africa,EGY,2574.42341789124,27.2862091064453,42.9255593360476
EGY,2003,29.399,4.03788510706701,3.352,0.1351626402397807,NA,Africa,EGY,2524.80477192682,26.0245094299316,42.8834685533792
EGY,2002,26.4,2.71999971465421,3.412,0.1363110881561922,NA,Africa,EGY,2498.48121191713,28.9182395935059,42.8347629483917
EGY,2001,27.632,0.838945611477604,3.46,0.1359307060525358,NA,Africa,EGY,2492.03441188721,27.8922500610352,42.7835506765333
EGY,2000,24.998,0.641265037504813,3.505,0.1358944549855528,NA,Africa,EGY,2458.60835003016,NA,42.7339398932519
SLV,2023,7.031,62.61989975,1.775,0.1467740660895369,NA,Americas,SLV,4489.17787712717,32.3802636612661,74.6080675149903
SLV,2022,7.48,60.05609894,1.785,0.1387561929607429,NA,Americas,SLV,4355.96083888359,31.4538910186841,74.1465021298679
SLV,2021,9.804,57.26380157,1.803,0.1375425105765795,NA,Americas,SLV,4247.54750394978,30.3043325211094,73.6838531494141
SLV,2020,11.084,54.60136976,1.819,0.1366450561546915,NA,Americas,SLV,3808.53195436409,30.9986370324013,73.0570220947266
SLV,2019,9.6,50.4911940673888,1.838,0.1227774760552404,NA,Americas,SLV,4143.11437097867,28.5178063545936,72.4148941040039
SLV,2018,9.278,43.79999924,1.849,0.1235044797533887,NA,Americas,SLV,4046.16291720583,28.194336537252,71.7577209472656
SLV,2017,9.747,33.8207289048526,1.896,0.1217101829898102,NA,Americas,SLV,3954.84014277572,27.6409104549006,71.0856704711914
SLV,2016,9.499,28.99710083,1.965,0.1212750932678351,NA,Americas,SLV,3875.84691357954,27.1794802471695,70.3990173339844
SLV,2015,8.661,26.8026049600572,2.067,0.1207102845876626,NA,Americas,SLV,3790.34089108162,27.3929262374809,69.6982116699219
SLV,2014,9.597,24.7617121459061,2.126,0.1200068843614796,NA,Americas,SLV,3713.94992016222,27.5441027812368,68.9166664266223
SLV,2013,8.512,23.1093,2.154,0.119173441004375,NA,Americas,SLV,3665.1547327058,28.2731299038736,68.0878511957995
SLV,2012,8.435,20.3213877242007,2.187,0.1182364618273451,NA,Americas,SLV,3601.44222914588,28.0979076272602,67.2232666950659
SLV,2011,8.541,18.89999962,2.224,0.1172038624813582,NA,Americas,SLV,3514.069144355,27.32486420544,66.334413642034
SLV,2010,10.156,15.9,2.239,0.1162678781594074,NA,Americas,SLV,3398.49346060363,26.3151708858206,65.4327927543162
SLV,2009,13.87,12.11,2.261,0.1156303236497164,NA,Americas,SLV,3337.81150878211,25.9216804504394,64.5299047495248
SLV,2008,10.867,10.08,2.291,0.1152261882323453,NA,Americas,SLV,3420.44927357444,25.5441799163818,63.6372503452723
SLV,2007,11.372,6.11,2.354,0.1148179188295628,NA,Americas,SLV,3359.1623024135,24.743709564209,62.7676878093683
SLV,2006,11.572,5.5,2.395,0.114494443048078,NA,Americas,SLV,3302.34817354347,23.2541999816894,61.9068679391763
SLV,2005,12.671,4.199999809,2.44,0.114185047678389,NA,Americas,SLV,3163.36118376833,22.4542694091797,61.0308213239291
SLV,2004,11.834,3.2,2.516,0.1138368905272136,NA,Americas,SLV,3081.23629665234,21.6425590515137,60.1425374326239
SLV,2003,11.901,2.5,2.636,0.1134357560013637,NA,Americas,SLV,3057.16467629097,20.5764999389648,59.2468576589718
SLV,2002,10.777,1.9,2.775,0.1129280986545832,NA,Americas,SLV,3016.06307728602,19.7187805175781,58.3486233966841
SLV,2001,12.135,1.5,2.93,0.1123438497892057,NA,Americas,SLV,2978.59734844669,18.9663391113281,57.4526760394716
SLV,2000,11.969,1.17739726914477,3.076,0.1122871141304322,NA,Americas,SLV,2964.89346881406,19.7553405761719,56.5638569810457
GNQ,2023,15.457,63.51950073,4.081,0.1639196068528408,NA,Africa,GNQ,5118.21986148331,NA,71.1290664883517
GNQ,2022,15.81,63.65950012,4.17,0.15435183304023611,NA,Africa,GNQ,5524.24312418579,NA,70.8910029445467
GNQ,2021,16.976,58.71730042,4.266,0.1530291031740518,NA,Africa,GNQ,5487.92479201992,NA,70.6431215020592
GNQ,2020,17.393,55.00130081,4.346,0.1529396275307999,NA,Africa,GNQ,5575.26241511492,NA,70.3853314193247
GNQ,2019,15.221,49.13370132,4.429,0.134501279758902,NA,Africa,GNQ,6018.12066321865,NA,70.1175419547293
GNQ,2018,15.14,29.39999962,4.513,0.1341293206602188,NA,Africa,GNQ,6578.90039765711,NA,69.8396623666175
GNQ,2017,15.389,26.23999977,4.599,0.1338136307223975,NA,Africa,GNQ,7259.10936454803,NA,69.5516019132985
GNQ,2016,15.377,23.78000069,4.686,0.1331293783624604,NA,Africa,GNQ,7971.83401904573,NA,69.253269853051
GNQ,2015,15.404,21.31999969,4.774,0.1334227869856331,NA,Africa,GNQ,9068.91003238645,NA,68.951270615355
GNQ,2014,15.211,18.86000061,4.863,0.1331470654378115,NA,Africa,GNQ,10363.4872473549,NA,65.5593240167184
GNQ,2013,15.252,16.39999962,4.952,0.1326781132631131,NA,Africa,GNQ,10731.6455729191,NA,62.2120073583984
GNQ,2012,15.426,13.94320011,5.04,0.1356472588941926,NA,Africa,GNQ,11650.7196270884,NA,59.0106940671203
GNQ,2011,15.564,11.5,5.126,0.1324289296074181,NA,Africa,GNQ,11203.9073679091,NA,55.9743349096911
GNQ,2010,15.606,6,5.209,0.1330863069780392,NA,Africa,GNQ,10984.3243932426,NA,53.1218806529176
GNQ,2009,15.127,2.130000114,5.288,0.1334239622696299,NA,Africa,GNQ,12627.862381545,NA,50.4722820636069
GNQ,2008,14.696,1.820000052,5.363,0.1308637319826519,NA,Africa,GNQ,13048.0703050168,NA,48.0444899085658
GNQ,2007,14.744,1.557100058,5.433,0.1319677649598582,NA,Africa,GNQ,11594.9172068456,NA,45.8574549546013
GNQ,2006,14.698,1.279199958,5.498,0.1327928297834513,NA,Africa,GNQ,10521.9996774827,NA,43.9301279685204
GNQ,2005,14.852,1.149799943,5.559,0.1312228712003518,NA,Africa,GNQ,10212.4545051498,NA,42.2814597171299
GNQ,2004,14.887,0.843930284607049,5.618,0.1325270931567984,NA,Africa,GNQ,9208.60566707162,NA,40.9304009672368
GNQ,2003,15.098,0.520524272046806,5.675,0.1317078787262895,NA,Africa,GNQ,7082.65489186921,NA,39.895902485648
GNQ,2002,15.063,0.321197997152044,5.731,0.1290911860059522,NA,Africa,GNQ,6604.00546310809,NA,39.1969150391705
GNQ,2001,14.989,0.16526042288306,5.785,0.1297640522298736,NA,Africa,GNQ,5882.85050306586,NA,38.8638365386531
GNQ,2000,14.787,0.132354665123789,5.834,0.1293086298759251,NA,Africa,GNQ,3839.08642737128,1.84452998638153,38.8154587133988
ERI,2023,9.965,NA,3.713,0.1389305880504397,NA,Africa,ERI,NA,NA,34.696403503418
ERI,2022,10.186,NA,3.786,0.1325435892726601,NA,Africa,ERI,NA,NA,34.8469276428223
ERI,2021,10.976,NA,3.867,0.1301375701981084,NA,Africa,ERI,NA,NA,34.9871139526367
ERI,2020,11.1,14.34939957,3.933,0.130336026429113,NA,Africa,ERI,NA,NA,35.116138458252
ERI,2019,9.845,11.22379971,3.997,0.1169968171088921,NA,Africa,ERI,NA,NA,35.2352333068848
ERI,2018,9.802,5.293000221,4.056,0.1161406731035475,NA,Africa,ERI,NA,NA,35.3451042175293
ERI,2017,9.989,2.496099949,4.112,0.1150343881281302,NA,Africa,ERI,NA,NA,35.4427146911621
ERI,2016,9.998,1.177099943,4.164,0.1139611917812356,NA,Africa,ERI,NA,3.20262002944946,35.5254287719727
ERI,2015,10.034,1.083699942,4.217,0.1124809969982148,NA,Africa,ERI,NA,3.51574993133545,35.591007232666
ERI,2014,9.896,0.99000001,4.273,0.1116730398865467,NA,Africa,ERI,NA,4.12871980667114,35.639720916748
ERI,2013,9.945,0.899999976,4.335,0.1110547094880941,NA,Africa,ERI,NA,NA,35.6713333129883
ERI,2012,10.103,0.800000012,4.407,0.1094520019955293,NA,Africa,ERI,NA,NA,35.6824264526367
ERI,2011,10.326,0.699999988,4.486,0.1103997663924227,NA,Africa,ERI,751.374899794668,NA,35.6706275939941
ERI,2010,10.469,0.610000014,4.571,0.1103619799773869,NA,Africa,ERI,703.877374381654,4.35516023635864,35.6346549987793
ERI,2009,10.245,0.540000021,4.656,0.1102566926314021,NA,Africa,ERI,702.430936480778,3.67761993408203,35.5742034912109
ERI,2008,10.056,0.469999999,4.737,0.1107058480353849,NA,Africa,ERI,693.398874212494,NA,35.4897117614746
ERI,2007,10.147,0.409999996,4.812,0.1103185414408606,NA,Africa,ERI,789.072701743247,NA,35.3820953369141
ERI,2006,10.135,NA,4.881,0.1106003725103935,NA,Africa,ERI,789.402432018085,NA,35.2525177001953
ERI,2005,10.223,NA,4.934,0.1104936551277642,NA,Africa,ERI,809.794793468889,NA,35.1022033691406
ERI,2004,10.234,NA,5.036,0.1101256763685667,NA,Africa,ERI,808.591420184592,1.97107994556427,34.9324645996094
ERI,2003,10.42,NA,5.143,0.1112373905396316,NA,Africa,ERI,830.379672282601,NA,34.7451286315918
ERI,2002,10.428,0.227090137626716,5.233,0.1112224087533175,NA,Africa,ERI,889.009113592982,2.54442000389099,34.5420799255371
ERI,2001,10.371,0.157815289303043,5.306,0.1111243418503958,NA,Africa,ERI,893.268735439193,2.69304990768433,34.3253211975098
ERI,2000,10.216,0.136711941104496,5.397,0.1119400038770526,NA,Africa,ERI,845.132430060544,2.00988006591797,34.0983619689941
EST,2023,17.207,93.18342241,1.31,0.1309481645976085,132.24290171342025,Europe,EST,20126.3730486957,67.6179275512695,70.6770085523126
EST,2022,18.392,91.52016546,1.41,0.125888132035034,136.355697017199,Europe,EST,21023.2994937246,71.4251937866211,70.4892333736738
EST,2021,16.622,90.97970174,1.61,0.1268131381330379,131.18168283577177,Europe,EST,21570.6658455268,73.1502075195312,70.1777274135822
EST,2020,18.417,89.05828666,1.58,0.1249494404346099,118.5382164229225,Europe,EST,19946.945696898,72.0443572998047,69.8815778947665
EST,2019,11.623,90.2289281997919,1.66,0.1165083764006615,110.40174299194899,Europe,EST,20579.8756732376,72.7060317993164,69.5787397662154
EST,2018,12.076,89.3570077747426,1.67,0.1167103471455843,106.301332678102,Europe,EST,19914.3454922878,72.0659637451172,69.2803532930133
EST,2017,12.176,88.1024568740199,1.59,0.116842196274641,103.92590612767275,Europe,EST,19270.8141210511,72.1369781494141,68.9931941915158
EST,2016,14.125,87.2402327514547,1.6,0.1169323840821539,102.92320334891178,Europe,EST,18264.9873304279,73.0334320068359,68.724038178078
EST,2015,14.342,88.4097035040431,1.58,0.1168242403803623,99.99999999999983,Europe,EST,17722.1557669523,74.5832824707031,68.4796609690553
EST,2014,14.975,84.2415280294352,1.54,0.1172851170278587,93.73578892565442,Europe,EST,17413.6867560212,76.2024536132812,68.2668382808032
EST,2013,18.704,80.0043,1.52,0.1177268484333161,82.97684133599653,Europe,EST,16809.5326683781,75.4523162841797,68.0923458296768
EST,2012,20.862,78.3899259259259,1.56,0.1174515395168705,77.28761089022008,Europe,EST,16460.6843479001,72.9364700317383,67.9629593320316
EST,2011,22.386,76.5,1.61,0.1181080722545388,75.0916112660413,Europe,EST,15820.922342204,71.0235290527344,67.8775556334506
EST,2010,32.938,74.1,1.72,0.1174156423546312,72.84346032725988,Europe,EST,14657.939813612,68.7101593017578,67.8048042926262
EST,2009,27.41,72.5,1.7,0.1165719426076887,71.75427785419114,Europe,EST,14274.8511086787,67.8494186401367,67.7348909034398
EST,2008,12.032,70.58,1.72,0.115453970974507,113.18822054519745,Europe,EST,16688.997772178,67.8356094360352,67.6696980194394
EST,2007,10.097,66.19,1.69,0.1150882582106324,135.03098033986527,Europe,EST,17543.4661785723,68.8220596313477,67.6097866365576
EST,2006,12.118,63.51,1.58,0.1135912472581485,120.45608323361975,Europe,EST,16234.5152041417,68.7950820922852,67.5557177507269
EST,2005,15.123,61.45,1.52,0.1133406144454533,84.97745711024128,Europe,EST,14703.6179707772,67.9843521118164,67.5080523578799
EST,2004,25.603,53.2,1.47,0.1136444914393327,NA,Europe,EST,13348.5284463324,65.7773971557617,67.467351453949
EST,2003,26.721,45.32,1.37,0.1133652849651699,NA,Europe,EST,12424.0441535693,64.2222671508789,67.4341760348669
EST,2002,20.194,41.52,1.36,0.1125271272972474,NA,Europe,EST,11474.6622721923,61.7471008300781,67.4090870965661
EST,2001,23.847,31.5274897673756,1.32,0.1134736903154284,NA,Europe,EST,10662.9455020331,58.7174797058105,67.3926456349791
EST,2000,21.114,28.5769538105646,1.36,0.1120581238438382,NA,Europe,EST,10006.7696280939,NA,67.385529072627
SWZ,2023,54.239,61.33330154,2.753,0.1473691580735198,NA,Africa,SWZ,3790.16576788091,NA,25.8081878500755
SWZ,2022,58.474,57.34370041,2.801,0.1371451231296496,NA,Africa,SWZ,3695.64957179548,NA,25.396682918542002
SWZ,2021,56.669,53.99530029,2.841,0.1364104301850575,NA,Africa,SWZ,3719.03838239806,NA,25.0156180525173
SWZ,2020,58.611,49.01300049,2.888,0.1341805276775641,NA,Africa,SWZ,3609.3669136859,NA,24.6652798922192
SWZ,2019,51.201,43.93389893,2.925,0.1168850978191171,NA,Africa,SWZ,3759.67106964666,NA,24.3459549517751
SWZ,2018,49.927,39.38100052,2.971,0.1150147126128093,NA,Africa,SWZ,3565.54285067501,NA,24.0579295404227
SWZ,2017,48.365,35.33160019,3.018,0.1147539409295979,NA,Africa,SWZ,3596.23605400492,NA,23.8052004963161
SWZ,2016,46.973,28.56999969,3.068,0.1144464926527154,NA,Africa,SWZ,3500.17688847942,NA,23.5278881746356
SWZ,2015,48.353,25.64299965,3.122,0.1141190846388878,NA,Africa,SWZ,3419.82276559528,NA,23.2660261759632
SWZ,2014,49.309,25,3.181,0.1139301343462134,NA,Africa,SWZ,3381.79292071291,NA,23.026850446568
SWZ,2013,50.462,24.700000760000002,3.237,0.1137270465170828,NA,Africa,SWZ,3332.11983927912,6.43545771863543,22.8121644356992
SWZ,2012,51.687,20.78179932,3.266,0.1135353737958643,NA,Africa,SWZ,3218.50138205493,NA,22.6237715926065
SWZ,2011,53.245,18.13,3.317,0.1142030188589019,NA,Africa,SWZ,3108.70225253092,7.02840092827937,22.4634753665393
SWZ,2010,54.535,11.04,3.375,0.114113412151081,NA,Africa,SWZ,3069.52175725884,NA,22.3330792067471
SWZ,2009,55.585,8.94,3.504,0.1133662309199768,NA,Africa,SWZ,2973.83456912379,NA,22.2343865624794
SWZ,2008,56.211,6.85,3.567,0.1149627153435819,NA,Africa,SWZ,2950.67334362132,NA,22.1692008829856
SWZ,2007,56.793,4.1,3.58,0.1132868504250025,NA,Africa,SWZ,2928.46845823015,NA,22.139989967508
SWZ,2006,55.638,3.69653878906882,3.632,0.1132742338555526,NA,Africa,SWZ,2823.48728215402,4.6042799949646,22.1505527018245
SWZ,2005,54.7,3.697000027,3.704,0.1132034135762277,NA,Africa,SWZ,2658.75180508187,4.7824501991272,22.2102447619336
SWZ,2004,53.665,3.22868507316111,3.76,0.1131290232674634,NA,Africa,SWZ,2522.14342097167,5.39188003540039,22.3077107838089
SWZ,2003,52.664,2.43707385055863,3.796,0.113069911298954,NA,Africa,SWZ,2448.83792077995,NA,22.4312316968119
SWZ,2002,51.557,1.81620380712642,3.854,0.1129975636761154,NA,Africa,SWZ,2358.56935643468,4.41731977462769,22.5690884303038
SWZ,2001,50.336,1.28159005046719,3.944,0.1136603789583641,NA,Africa,SWZ,2283.98316815361,NA,22.7095619136459
SWZ,2000,48.798,0.926191777269401,4.03,0.113583365657143,NA,Africa,SWZ,2273.04683761056,4.26582002639771,22.8409330761997
ETH,2023,5.455,20.33749962,3.989,0.1464960511931586,NA,Africa,ETH,842.44660489404,NA,23.0586471557617
ETH,2022,5.45,17.9836998,4.082,0.1388040382526177,NA,Africa,ETH,811.177729326201,NA,22.7367687225342
ETH,2021,6.246,16.6981031,4.177,0.1393257231146533,NA,Africa,ETH,790.65701959778,NA,22.1067085266113
ETH,2020,6.356,16.06959915,4.274,0.1359730869841338,NA,Africa,ETH,768.705424485209,NA,21.6260051727295
ETH,2019,4.752,15.98460007,4.347,0.120178303389855,NA,Africa,ETH,744.702789753973,NA,21.2486705780029
ETH,2018,4.515,15.88619995,4.371,0.1197215811365142,NA,Africa,ETH,705.96881207336,NA,20.7838096618652
ETH,2017,4.25,15.62440014,4.401,0.1190985518278421,NA,Africa,ETH,678.98541915757,NA,20.3084850311279
ETH,2016,4.031,15.3669238595896,4.473,0.1182879183088087,NA,Africa,ETH,636.835680951429,NA,19.8763618469238
ETH,2015,3.813,13.8551755555556,4.529,0.1174201669402395,NA,Africa,ETH,597.912113218663,NA,19.451566696167
ETH,2014,3.634,7.699999809,4.605,0.116616236611709,NA,Africa,ETH,556.362532243867,5.9192507771213,19.0262870788574
ETH,2013,3.429,4.599999905,4.708,0.1162110857789597,NA,Africa,ETH,518.324662208106,NA,18.615514755249
ETH,2012,3.414,2.9000000950000002,4.887,0.1160845435211844,NA,Africa,ETH,481.639999909808,7.62416982650757,18.2061367034912
ETH,2011,3.42,1.100000024,5.08,0.1154067169351565,NA,Africa,ETH,455.909628648555,7.27566003799438,17.863790512085
ETH,2010,3.435,0.75,5.282,0.1158005224607638,NA,Africa,ETH,421.898622378633,6.96482992172241,17.4937839508057
ETH,2009,3.46,0.540000021,5.488,0.1158563210446799,NA,Africa,ETH,385.632419711374,5.09216022491455,17.1511001586914
ETH,2008,3.453,0.449999988,5.695,0.1157580401107495,NA,Africa,ETH,364.642208155735,3.53211998939514,16.7936706542969
ETH,2007,3.457,0.37,5.887,0.1154747956391373,NA,Africa,ETH,338.799064654308,NA,16.0948330261902
ETH,2006,3.45,0.310592656856176,6.047,0.1156502329332489,NA,Africa,ETH,313.013896721503,NA,16.2148475646973
ETH,2005,3.602,0.219659818999505,6.194,0.1155063077943272,NA,Africa,ETH,290.833381425059,2.94167995452881,15.982967376709
ETH,2004,3.982,0.155334520794722,6.301,0.1154242155625619,NA,Africa,ETH,267.923513391712,2.72982001304627,15.7585906982422
ETH,2003,4.316,0.105811658802603,6.4,0.1160032081155433,NA,Africa,ETH,243.076666020009,2.40167999267578,15.5438537597656
ETH,2002,4.472,0.0724022618698295,6.499,0.116680019535034,NA,Africa,ETH,256.066635883709,1.68374001979828,15.333233833313
ETH,2001,4.683,0.0371623810686744,6.579,0.115913349968618,NA,Africa,ETH,260.04231608135,1.47605001926422,15.1177673339844
ETH,2000,5.127,0.0152637672082567,6.654,0.1166289574292629,NA,Africa,ETH,247.505413659694,1.17114996910095,14.9193096160889
FRO,2023,NA,NA,1.8676,NA,NA,Europe,FRO,59050.1954015578,NA,39.1975270123645
FRO,2022,NA,NA,2.0788,NA,NA,Europe,FRO,57775.0758629956,NA,38.9959824546757
FRO,2021,NA,NA,2.3109,NA,NA,Europe,FRO,56270.2511347442,NA,38.8083763122559
FRO,2020,NA,NA,2.3301,NA,NA,Europe,FRO,54301.6594145787,NA,38.6689987182617
FRO,2019,NA,NA,2.4187,NA,NA,Europe,FRO,56029.4991512974,NA,38.3945655822754
FRO,2018,NA,NA,2.5015,NA,NA,Europe,FRO,54433.5931539501,NA,38.4058837890625
FRO,2017,NA,97.5819589384468,2.4684,NA,NA,Europe,FRO,53831.0294952424,NA,38.3324699401855
FRO,2016,NA,95.1086816720257,2.6078,NA,NA,Europe,FRO,52757.3960429144,NA,38.3200225830078
FRO,2015,NA,94.2,2.411,NA,NA,Europe,FRO,52637.1903526574,NA,38.1431503295898
FRO,2014,NA,93.3,2.5485,NA,NA,Europe,FRO,52644.7898999399,NA,37.9093894958496
FRO,2013,NA,90,2.5099,NA,NA,Europe,FRO,50120.7530887167,NA,37.7414817810059
FRO,2012,NA,85.3351892392109,2.5311,NA,NA,Europe,FRO,47303.8655939098,NA,37.3244972229004
FRO,2011,NA,80.7321728,2.2832,NA,NA,Europe,FRO,43946.251738291,NA,37.2975959777832
FRO,2010,NA,75.2,2.5033,NA,NA,Europe,FRO,42333.5215714088,NA,37.2536926269531
FRO,2009,NA,75.18,2.3435,NA,NA,Europe,FRO,42378.2165335393,NA,36.8888092041016
FRO,2008,NA,75.57,2.5294,NA,NA,Europe,FRO,44623.0315871975,NA,36.4679222106934
FRO,2007,NA,75.98,2.5395,NA,NA,Europe,FRO,NA,NA,36.2929878234863
FRO,2006,NA,69.359445124439,2.4764,NA,NA,Europe,FRO,NA,NA,36.4584197998047
FRO,2005,NA,67.9026317413939,2.6115,NA,NA,Europe,FRO,NA,NA,36.3320579528809
FRO,2004,NA,66.5335994677312,2.5775,NA,NA,Europe,FRO,NA,NA,36.317985534668
FRO,2003,NA,58.9126409695337,2.5267,NA,NA,Europe,FRO,NA,NA,36.1276473999023
FRO,2002,NA,53.2992218313613,2.5436,NA,NA,Europe,FRO,NA,NA,35.9365425109863
FRO,2001,NA,43.2469835228993,2.297,NA,NA,Europe,FRO,NA,NA,35.9342155456543
FRO,2000,NA,32.916392363397,2.5604,NA,NA,Europe,FRO,NA,NA,35.6986770629883
FJI,2023,15.296,74.1160965,2.281,0.1224595307021706,NA,Oceania,FJI,5761.5694863591,60.9679066767014,58.6069049738768
FJI,2022,15.729,72.56549835,2.305,0.1155643678233909,NA,Oceania,FJI,5291.51693123572,68.7794855157684,58.1352701465266
FJI,2021,16.146,70.56800079,2.332,0.1162877357777761,NA,Oceania,FJI,4507.33353596072,76.7030156165859,57.6618364761928
FJI,2020,16.749,68.62560272,2.357,0.1125798568837317,NA,Oceania,FJI,4721.1228189763,83.7613654490349,57.186684691874
FJI,2019,15.28,63.21789932,2.385,0.1028293386897302,NA,Oceania,FJI,5701.10435269432,77.5562006170027,56.70989552257
FJI,2018,15.207,58.2364006,2.419,0.1022778818831866,NA,Oceania,FJI,5720.21447177109,79.1464225438552,56.2328347385698
FJI,2017,15.117,53.6473999,2.461,0.1016008945605571,NA,Oceania,FJI,5500.67840152349,82.343551650893,55.7408343449609
FJI,2016,14.992,49.41999817,2.518,0.1008722141149772,NA,Oceania,FJI,5218.85823412748,77.5601234063116,55.1734720973874
FJI,2015,14.631,42.5,2.567,0.1002156278770363,NA,Oceania,FJI,5097.53106864695,68.4167953525995,54.6234188083653
FJI,2014,14.435,37.40000153,2.591,0.099459339567822,NA,Oceania,FJI,4883.24300436251,69.4327641990718,54.0838287543856
FJI,2013,14.203,35.20000076,2.604,0.098785905688336,NA,Oceania,FJI,4630.35126544718,NA,53.5552726299291
FJI,2012,13.934,33.74240112,2.612,0.0981600873794556,NA,Oceania,FJI,4427.97844455038,NA,53.0383211294771
FJI,2011,13.694,28,2.631,0.0975800783158558,NA,Oceania,FJI,4375.5808542034,NA,52.5335449475105
FJI,2010,13.061,20,2.696,0.0972096439596677,NA,Oceania,FJI,4272.359150902,NA,52.0415147785104
FJI,2009,12.477,17,2.76,0.0968462473451914,NA,Oceania,FJI,4164.29314800857,NA,51.5628013169579
FJI,2008,11.711,13,2.819,0.0965606253580335,NA,Oceania,FJI,4240.77265686858,NA,51.0979752573339
FJI,2007,11.048,10.89780045,2.872,0.0963780884940071,NA,Oceania,FJI,4223.44800626708,NA,50.6494569776975
FJI,2006,10.257,9.6000384001536,2.905,0.0961586295899241,NA,Oceania,FJI,4295.40679748345,NA,50.2294752725468
FJI,2005,9.64,8.45363663371359,2.917,0.0959442840328545,NA,Oceania,FJI,4255.45097421847,14.4559001922607,49.8421361321385
FJI,2004,11.577,7.4129434854202,2.941,0.0956917301857204,NA,Oceania,FJI,4264.59723774177,14.5726699829102,49.4772922157817
FJI,2003,11.514,6.72543473821551,2.957,0.0959945889997952,NA,Oceania,FJI,4087.72449101023,14.7718696594238,49.1260494882891
FJI,2002,11.447,6.15264970011985,2.968,0.0958028822736684,NA,Oceania,FJI,4086.10434130578,NA,48.7795139144731
FJI,2001,11.19,1.8579785936093,2.973,0.0951298030123509,NA,Oceania,FJI,3998.79729208867,NA,48.4287914591462
FJI,2000,11.098,1.4968547339902,2.992,0.0962291289366153,NA,Oceania,FJI,3960.8890315,NA,48.0649880871211
FIN,2023,16.106,93.51385075,1.26,0.1505064366728074,88.66551869067735,Europe,FIN,45357.0296547377,108.130409240723,74.0062548602828
FIN,2022,14.138,92.98879471,1.32,0.1456449587715362,98.6947283400799,Europe,FIN,46016.1492103929,104.944221496582,73.6967597835949
FIN,2021,17.058,92.80806082,1.46,0.1439787724649598,104.01910417312875,Europe,FIN,45792.0454180872,100.868072509766,73.3710215780329
FIN,2020,21.193,92.17027106,1.37,0.1439059656536365,101.641342594417,Europe,FIN,44690.9801103074,96.4726333618164,73.0849439791673
FIN,2019,17.128,89.6073851129779,1.35,0.1349271215540368,100.26360381305217,Europe,FIN,45898.5708448954,94.5891189575195,72.7431214358314
FIN,2018,16.958,88.8899599985585,1.41,0.1334851430830105,100.823600704536,Europe,FIN,45337.2409550575,92.3850021362305,72.3423467740343
FIN,2017,20.041,87.4689290730615,1.49,0.1336854566123434,101.189647691185,Europe,FIN,44862.220404205,90.6983871459961,71.9563038312956
FIN,2016,20.057,87.7036499599455,1.57,0.1331793975493413,101.130677521915,Europe,FIN,43529.6761616969,89.3280029296875,71.6158383428171
FIN,2015,22.304,86.4221333325445,1.65,0.1313612865300232,100.00000000000017,Europe,FIN,42560.3456767103,89.6573791503906,71.3054930040604
FIN,2014,20.454,86.5303927529377,1.71,0.1315436252665818,100.46225320462474,Europe,FIN,42502.4880199858,89.9938812255859,70.9879168940753
FIN,2013,19.817,91.5144,1.75,0.1304592563639494,102.11958873186674,Europe,FIN,42883.6384986417,91.2365264892578,70.6742118159277
FIN,2012,18.868,89.879997974222,1.8,0.1293045687653014,103.383107311031,Europe,FIN,43507.9345371578,91.5533828735352,70.3661363168712
FIN,2011,19.934,88.70999491353,1.83,0.1279272409116245,103.7961037754785,Europe,FIN,44391.4535667984,93.2884292602539,70.0583261874252
FIN,2010,21.288,86.89,1.87,0.1268748902255511,103.9320441579815,Europe,FIN,43556.5385834368,93.1867599487305,69.7855798796947
FIN,2009,21.376,82.49,1.86,0.1259521769642728,99.14396867343548,Europe,FIN,42412.5133513534,92.0154724121094,69.546259966947
FIN,2008,16.337,83.67,1.85,0.1250260822837341,99.59981046097703,Europe,FIN,46359.8732844055,95.8668518066406,69.2943672196361
FIN,2007,16.426,80.78,1.83,0.1243050031974533,102.157395820415,Europe,FIN,46213.6898975737,95.0834808349609,69.0200377316963
FIN,2006,25.774,79.66,1.84,0.1234912242685663,98.32967578464633,Europe,FIN,44069.3958834717,93.4309921264648,68.7588279849327
FIN,2005,26.78,74.48,1.8,0.1231431182428258,93.20946994366957,Europe,FIN,42529.3506920884,91.9409408569336,68.5140529517604
FIN,2004,27.404,72.39,1.8,0.1227167217494479,87.290062835269,Europe,FIN,41521.962874476,90.1379318237305,68.2766596767133
FIN,2003,28.102,69.22,1.76,0.1221811602284949,80.9283440487376,Europe,FIN,40038.9839702277,88.286979675293,68.0425549126858
FIN,2002,28.8,62.43,1.72,0.1220153912131584,76.85822007460236,Europe,FIN,39343.0698997627,86.788932800293,67.7951641569199
FIN,2001,27.321,43.1053633522263,1.73,0.1217046321041112,73.70008135334348,Europe,FIN,38784.1308115726,85.9510498046875,67.4982392821958
FIN,2000,29.333,37.2484617371121,1.73,0.1215416502535722,76.78605546278835,Europe,FIN,37872.6020343504,NA,67.1227685349539
FRA,2023,17.419,86.83635789,1.66,0.2026455080368692,110.66798992949775,Europe,FRA,39319.4152227295,70.4536437988281,78.7804323126547
FRA,2022,17.856,85.33331734,1.78,0.1914052113429555,119.07640225387075,Europe,FRA,38868.3303330557,71.5107269287109,78.7591921123356
FRA,2021,19.252,86.09548575,1.83,0.1888727136798478,117.42559006839,Europe,FRA,38030.8571685178,69.9397888183594,78.7364603392338
FRA,2020,20.398,84.70639801,1.82,0.1882021416639874,111.57362151056076,Europe,FRA,35709.2045925926,68.8709411621094,78.7119131765249
FRA,2019,19.929,83.3397440866883,1.86,0.1695007195401414,106.64644521862225,Europe,FRA,38705.2072940618,67.7331314086914,78.6890784549356
FRA,2018,20.953,82.0431867788484,1.87,0.1685375837937607,104.08540533083749,Europe,FRA,38062.4435961412,67.5435180664062,78.6714432536599
FRA,2017,22.572,80.5024597243607,1.89,0.1666549141601569,102.954682851984,Europe,FRA,37580.5979329356,65.8022308349609,78.6467804026368
FRA,2016,24.938,79.2698113207547,1.92,0.1658282208683514,100.7062376549665,Europe,FRA,36920.5342846914,64.7276763916016,78.5999114705779
FRA,2015,25.262,78.0060377071902,1.96,0.1647176229904328,100.00000000000006,Europe,FRA,36702.4323733379,62.7859306335449,77.7610919150066
FRA,2014,24.828,83.7510996681821,2,0.1633440281133722,102.181026158319,Europe,FRA,36444.3949089146,61.5104789733887,77.3524296788613
FRA,2013,24.363,81.9198,1.99,0.1627272410597464,104.19937768499724,Europe,FRA,36256.086680981,59.8487586975098,77.2440721470918
FRA,2012,24.949,81.44,2.01,0.1623943977465599,107.06534894958175,Europe,FRA,36161.2918253465,57.9090118408203,77.1669464919916
FRA,2011,23.018,77.8199989926706,2.01,0.1620336568179189,109.0775949200315,Europe,FRA,36269.9561530888,55.6257286071777,77.1182717387509
FRA,2010,23.592,77.28,2.03,0.1612882673028968,104.8251973613805,Europe,FRA,35578.1968010183,54.881721496582,77.0962844808803
FRA,2009,24.006,71.58,2,0.1609499985687802,100.85914162402774,Europe,FRA,35052.8510772683,52.7731018066406,77.1005391809676
FRA,2008,19.214,70.68,2.01,0.1605126167997444,106.8874795069125,Europe,FRA,36257.3658930938,52.4755210876465,77.1561901569367
FRA,2007,19.644,66.09,1.98,0.1602442695675326,108.85865132688275,Europe,FRA,36322.1685141004,52.9475402832031,77.2457976606157
FRA,2006,22.447,46.87,2,0.1600366847951799,104.11394364767975,Europe,FRA,35645.4162427116,53.8754196166992,77.3467240068648
FRA,2005,21.225,42.87,1.94,0.1597831384682362,94.88769496339307,Europe,FRA,34946.0372494703,53.8823318481445,77.4363315105438
FRA,2004,19.667,39.15,1.92,0.1594841370139187,83.66602334253125,Europe,FRA,34557.1471111581,53.4576301574707,77.4900500011961
FRA,2003,17.178,36.14,1.89,0.1590805635955629,74.30567740973243,Europe,FRA,33840.6175720101,52.3169784545898,77.4691216035138
FRA,2002,18.846,30.18,1.88,0.1586969879706758,67.46956922466524,Europe,FRA,33753.5782979758,50.2516899108887,77.2543866607525
FRA,2001,17.91,26.3259035521688,1.9,0.1583798793597722,62.59644855907357,Europe,FRA,33640.6738002565,50.4472885131836,76.9074413607811
FRA,2000,20.484,14.3079239430677,1.89,0.157987025564291,59.06529534359275,Europe,FRA,33255.1379642335,NA,76.5143983146093
PYF,2023,36.378,NA,1.501,NA,NA,Oceania,PYF,20664.9770259225,NA,61.6967135028569
PYF,2022,36.815,NA,1.515,NA,NA,Oceania,PYF,20160.4994298379,NA,61.6913806937112
PYF,2021,38.858,NA,1.532,NA,NA,Oceania,PYF,19626.2332540206,NA,61.7399813226008
PYF,2020,41.469,NA,1.57,NA,NA,Oceania,PYF,19026.790444196,NA,61.7673100921
PYF,2019,36.499,NA,1.567,NA,NA,Oceania,PYF,21289.8751241139,NA,61.7824142427508
PYF,2018,36.201,NA,1.645,NA,NA,Oceania,PYF,20674.4206829029,NA,61.7888025236875
PYF,2017,35.867,72.7038953132942,1.669,NA,NA,Oceania,PYF,20287.7685831663,NA,61.7896941062846
PYF,2016,35.778,68.440419493378,1.763,NA,NA,Oceania,PYF,19516.0718353276,NA,61.7744381369651
PYF,2015,35.583,64.560209747212,1.872,NA,NA,Oceania,PYF,19166.9594761931,NA,61.7374742154907
PYF,2014,35.457,60.68,1.957,NA,NA,Oceania,PYF,18928.1858620128,NA,61.6824807401268
PYF,2013,35.431,56.8,1.937,NA,NA,Oceania,PYF,18930.1268887012,NA,61.6130486661995
PYF,2012,35.349,52.8766305867993,2.026,NA,NA,Oceania,PYF,18968.4422157904,NA,61.5286539604592
PYF,2011,35.51,49,2.061,NA,NA,Oceania,PYF,19241.6437951625,NA,61.2717342597741
PYF,2010,35.095,49,2.165,NA,NA,Oceania,PYF,19913.0252687915,NA,60.7610223950988
PYF,2009,34.61,44.6,2.148,NA,NA,Oceania,PYF,20499.7723032831,NA,60.0681095268001
PYF,2008,34.109,33.87,2.195,NA,NA,Oceania,PYF,21493.4178311249,NA,59.2616375081129
PYF,2007,34.11,28.59,2.122,NA,NA,Oceania,PYF,21648.532237682,NA,58.4102481922721
PYF,2006,33.855,25.1079642462589,2.217,NA,NA,Oceania,PYF,21545.5997136473,NA,57.5825834325129
PYF,2005,33.474,21.5421854743002,2.181,NA,NA,Oceania,PYF,21661.4244664054,NA,56.8472850820701
PYF,2004,33.244,17.8845374263753,2.198,NA,NA,Oceania,PYF,21919.9410589378,NA,56.2729949941787
PYF,2003,33.262,14.1242937853107,2.26,NA,NA,Oceania,PYF,22055.6419702196,NA,55.9283550220738
PYF,2002,33.02,8.20021648571522,2.425,NA,NA,Oceania,PYF,21932.9195333418,NA,55.8631794440685
PYF,2001,32.796,6.25158894552365,2.523,NA,NA,Oceania,PYF,22076.5919162624,NA,55.8931875849702
PYF,2000,32.458,6.3570635452072,2.596,NA,NA,Oceania,PYF,22498.8285530328,NA,55.954253994428
GAB,2023,36.407,68.19789886,3.647,0.1667395699555963,NA,Africa,GAB,6541.2536861807,NA,91.6375962797313
GAB,2022,36.64,67.67169952,3.712,0.1574764378752228,NA,Africa,GAB,6527.48207900404,NA,91.2243355459988
GAB,2021,38.244,65.76809692,3.776,0.1560267857652353,NA,Africa,GAB,6479.04900690761,NA,90.7881967286967
GAB,2020,39.702,63.91790009,3.831,0.1536185949769325,NA,Africa,GAB,6534.27966528997,NA,90.3480750410147
GAB,2019,36.711,59.51760101,3.884,0.1358802372145738,NA,Africa,GAB,6817.56879468764,NA,89.9031850170394
GAB,2018,36.804,55.42020035,3.908,0.1334234353100878,NA,Africa,GAB,6724.5961429108,NA,89.4539949981866
GAB,2017,36.532,51.60490036,3.913,0.1330729503081954,NA,Africa,GAB,6840.05959347802,NA,89.0009733256896
GAB,2016,36.191,48.0522995,3.921,0.1325823690169914,NA,Africa,GAB,6991.3251446736,NA,88.5445883406178
GAB,2015,35.857,45.78450012,3.921,0.1319418817607447,NA,Africa,GAB,7047.12654634355,NA,88.085308383892
GAB,2014,35.658,38.07120132,3.953,0.1315041581391976,NA,Africa,GAB,6998.60545439576,NA,87.6236017962969
GAB,2013,35.345,30.53800011,4.019,0.1313356395211542,NA,Africa,GAB,6938.25753862236,NA,87.1482480671637
GAB,2012,35.117,24,4.086,0.1311895664866302,NA,Africa,GAB,6803.22668079211,NA,86.8838635787001
GAB,2011,35.337,18,4.151,0.1311381184856562,NA,Africa,GAB,6699.23394606512,NA,86.5665383650315
GAB,2010,35.935,13,4.153,0.1312071191527172,NA,Africa,GAB,6481.49612073562,NA,86.1852592472945
GAB,2009,35.359,9.5,4.138,0.131272904740956,NA,Africa,GAB,6264.83611480154,NA,85.7432582123932
GAB,2008,34.867,7.5,4.118,0.1313442840412153,NA,Africa,GAB,6468.38523357609,NA,85.2437672472316
GAB,2007,33.725,5.767000198,4.142,0.1313838740028357,NA,Africa,GAB,6908.67399162999,NA,84.6900183387136
GAB,2006,33.336,5.48920080280135,4.17,0.1313076982913113,NA,Africa,GAB,6724.08148977274,NA,84.0852434737431
GAB,2005,32.223,4.89326474972412,4.21,0.1312462242263745,NA,Africa,GAB,7130.22505771754,NA,83.4326746392243
GAB,2004,33.149,2.97906980035019,4.252,0.1311362226813119,NA,Africa,GAB,7148.98713447497,NA,82.7355438220611
GAB,2003,33.795,2.65958659385985,4.299,0.1309722488790641,NA,Africa,GAB,7301.67154442842,7.65526008605957,81.9970830091574
GAB,2002,34.845,1.93953010616212,4.36,0.1317527585558272,NA,Africa,GAB,7338.75620613605,NA,81.2205241874174
GAB,2001,36.263,1.34762022159633,4.417,0.1314498317487484,NA,Africa,GAB,7556.76995314898,7.45746994018555,80.4090993437448
GAB,2000,36.985,1.21614061828589,4.469,0.1312482958330596,NA,Africa,GAB,7596.09970650519,NA,79.5660404650438
GMB,2023,10.811,48.72829819,4.006,0.1613805069911968,NA,Africa,GMB,735.612383709511,NA,63.8020182456108
GMB,2022,10.163,48.22539902,4.078,0.1486197198762999,NA,Africa,GMB,710.686979216316,NA,63.2869880996278
GMB,2021,10.444,41.67309952,4.165,0.1461476631357972,NA,Africa,GMB,689.49323955737,NA,62.7550706637859
GMB,2020,10.14,36.01100159,4.248,0.1447130709918352,NA,Africa,GMB,670.758642891251,NA,62.2069251698555
GMB,2019,7.809,31.11829948,4.33,0.1244380677591177,NA,Africa,GMB,682.797642940426,NA,61.643210849607
GMB,2018,7.15,28.30900002,4.42,0.124905225258147,NA,Africa,GMB,658.127833258563,NA,61.0645869348107
GMB,2017,8.415,22.5156002,4.614,0.1240311482563755,NA,Africa,GMB,628.777299272925,NA,60.471712657237
GMB,2016,9.815,19.90640068,4.809,0.1212459358732134,NA,Africa,GMB,615.193365494386,NA,59.8652472486563
GMB,2015,11.019,17.59950066,5.003,0.1223071908615804,NA,Africa,GMB,619.536364296461,NA,59.2458499408388
GMB,2014,12.207,15.56000042,5.197,0.1198854498297764,NA,Africa,GMB,611.879472952196,NA,58.6141799655551
GMB,2013,13.73,14,5.392,0.1183626384636896,NA,Africa,GMB,638.522368532214,NA,57.970305611505
GMB,2012,14.847,12.44919968,5.519,0.1185483488865829,NA,Africa,GMB,639.139881889048,1.18089454395552,57.3207304207091
GMB,2011,14.761,10.87030029,5.542,0.1168925814592884,NA,Africa,GMB,625.464360270983,2.79681586845883,56.6696692994225
GMB,2010,14.108,9.2,5.558,0.1165886291042748,NA,Africa,GMB,701.014524591061,1.79782111896994,56.0110896605662
GMB,2009,14.22,7.6300001140000004,5.574,0.1166259932244891,NA,Africa,GMB,681.433469086571,NA,55.3379286345209
GMB,2008,14.533,6.8800001140000004,5.625,0.1175832930671996,NA,Africa,GMB,657.675679192228,NA,54.6431233516671
GMB,2007,14.926,6.20503741852418,5.685,0.1180978000225294,NA,Africa,GMB,637.20930597537,NA,53.9196109423854
GMB,2006,14.739,5.23769115841218,5.736,0.1172835331688765,NA,Africa,GMB,636.596026908866,NA,53.1603285370566
GMB,2005,14.407,3.799000025,5.708,0.1184254300891867,NA,Africa,GMB,658.676285443081,NA,52.3582132660613
GMB,2004,14.459,3.30800347812937,5.683,0.1185621844894424,NA,Africa,GMB,693.563314497133,1.07393002510071,51.5062022597801
GMB,2003,14.522,2.436781193062,5.656,0.11725626939389,NA,Africa,GMB,665.834222326194,NA,50.6010077995371
GMB,2002,14.592,1.79677988296495,5.656,0.1171518272800994,NA,Africa,GMB,640.03893213613,NA,49.5731153377033
GMB,2001,14.181,1.33679116648397,5.67,0.1162675936932736,NA,Africa,GMB,679.539755947951,NA,48.3491979765917
GMB,2000,14.29,0.921794919066406,5.716,0.116199994317398,NA,Africa,GMB,659.911237641141,NA,46.9722332873784
GEO,2023,29.931,81.88425624,1.81,0.1361305703819028,NA,Asia,GEO,6180.6206023429,78.2652247393707,60.7523077799724
GEO,2022,30.136,78.71127536,1.82,0.1301510349280136,NA,Asia,GEO,5736.30449578597,79.3253367493498,60.0101622679115
GEO,2021,30.603,76.4427093,1.98,0.1291252228132846,NA,Asia,GEO,5175.19865185825,77.2303110681266,59.4293560618005
GEO,2020,30.851,72.53157487,1.976,0.1291118281912902,NA,Asia,GEO,4659.60925318234,71.8064531290391,58.9990552763878
GEO,2019,30.059,68.8467135616978,2.021,0.1155834259139058,NA,Asia,GEO,4975.81148194814,69.6463934713126,58.6304091780343
GEO,2018,29.691,62.7179081974285,2.093,0.1178441614566987,NA,Asia,GEO,4713.6535484530305,66.747813990461,58.3038181862576
GEO,2017,28.687,59.7055045962571,2.136,0.1164264419049056,NA,Asia,GEO,4442.50744127374,63.535040959252,57.9996827205757
GEO,2016,35.019,58.4592896118725,2.228,0.1174502835818448,NA,Asia,GEO,4225.09154904806,58.1988080034057,57.6984032005062
GEO,2015,35.85,47.5697596438736,2.214,0.1179832501784774,NA,Asia,GEO,4086.6223465965,51.9050659422441,57.3803800455672
GEO,2014,37.367,49.1024547144647,2.18,0.1179217364132109,NA,Asia,GEO,3960.35080091901,46.3290537874173,57.0237612994258
GEO,2013,40.223,43.3,1.993,0.1176763361301382,NA,Asia,GEO,3806.50600649051,40.5870663959566,56.6182119019407
GEO,2012,37.431,36.93999863,1.929,0.1177264424644044,NA,Asia,GEO,3609.780798626,33.6164699594408,56.1683526759979
GEO,2011,40.71,31.52000046,1.915,0.1176844120830684,NA,Asia,GEO,3362.1030031968,35.9205541584628,55.6899257648533
GEO,2010,39.911,26.9,1.973,0.1172491557276256,NA,Asia,GEO,3090.06513662318,32.7360912804725,55.1969344748228
GEO,2009,41.902,20.06999969,1.993,0.1167434289686306,NA,Asia,GEO,2887.25607935922,28.6668605804443,54.7033821122222
GEO,2008,35.471,10.01000023,1.832,0.1173756614112557,NA,Asia,GEO,2970.15858282428,38.640739440918,54.2232719833673
GEO,2007,28.744,8.26,1.697,0.1165340818160368,NA,Asia,GEO,2891.13702331846,41.5539588928223,53.7706073945741
GEO,2006,27.299,7.52687684487832,1.617,0.1164550591714059,NA,Asia,GEO,2554.81253503914,42.33203125,53.3593916521584
GEO,2005,26.159,6.079500198,1.583,0.1164405714476775,NA,Asia,GEO,2321.60084285163,49.7896995544434,53.0036280624359
GEO,2004,25.352,3.88622135350273,1.566,0.1162778550005694,NA,Asia,GEO,2105.00472843799,44.4988403320312,52.7173199317225
GEO,2003,22.768,2.55881648068489,1.552,0.1159458060312265,NA,Asia,GEO,1977.46143338741,45.2726097106934,52.5144705663341
GEO,2002,25.086,1.58787562980332,1.571,0.1160655694470607,NA,Asia,GEO,1768.5970116888,44.0944595336914,52.4127676027039
GEO,2001,18.774,0.992344436138154,1.579,0.1159881861629497,NA,Asia,GEO,1661.83019106421,41.7714691162109,52.4098165040349
GEO,2000,19.589,0.484746298540492,1.609,0.1155656959568695,NA,Asia,GEO,1561.19867638847,40.6597099304199,52.4935999592259
DEU,2023,6.02,92.4763763,1.39,0.1647136588414823,120.38966010608775,Europe,DEU,44368.9920074881,78.5947494506836,81.9034366692129
DEU,2022,6.049,91.62984383,1.455,0.1553599954414473,140.28987114712675,Europe,DEU,44817.1316331389,77.3656997680664,81.7867852780995
DEU,2021,6.665,91.43060973,1.58,0.1577119501083793,141.06656757612376,Europe,DEU,44011.0194631674,75.6655426025391,81.6325870653934
DEU,2020,7.862,89.81294133,1.53,0.1562147560586322,130.5613780803115,Europe,DEU,42372.8726784255,72.3894195556641,81.4700055002738
DEU,2019,5.859,88.1345169091916,1.54,0.1413046207312104,121.8415404441195,Europe,DEU,44235.2658954682,72.705078125,81.3053991689039
DEU,2018,6.22,87.037112092841,1.57,0.1407244645933579,116.84084499126575,Europe,DEU,43905.8550061973,69.1634292602539,81.1423036204018
DEU,2017,6.77,84.3941537010844,1.57,0.1402859875725114,111.41234872124375,Europe,DEU,43543.4807050551,68.4692306518555,80.9842544038853
DEU,2016,7.079,84.1652066441212,1.6,0.1401884994226745,106.74986606032999,Europe,DEU,42516.9337063103,67.9464111328125,80.8347870684725
DEU,2015,7.328,87.5897993525767,1.5,0.1396614910182896,100.00000000000007,Europe,DEU,41929.7549110722,68.23291015625,80.6974371632814
DEU,2014,7.612,86.1937006578756,1.47,0.1390960940702164,95.9971589045569,Europe,DEU,41602.4661281668,65.1844787597656,80.57574023743
DEU,2013,7.825,84.17,1.42,0.1385161153268326,94.09349575664575,Europe,DEU,40884.8926759028,60.8984489440918,80.4732318400362
DEU,2012,8.119,82.3499984738392,1.41,0.1383530578581821,92.67254379790023,Europe,DEU,40834.5088218456,NA,80.393447520218
DEU,2011,8.927,81.26999953602,1.39,0.1388842908921974,90.98156501222867,Europe,DEU,40722.4849268242,NA,80.3405762928198
DEU,2010,10.416,82,1.39,0.1391325139360929,89.6671893077306,Europe,DEU,38526.7371042695,NA,80.305702559949
DEU,2009,11.309,79,1.36,0.1391770927040996,90.21875739339022,Europe,DEU,36940.4078672661,NA,80.2745192417062
DEU,2008,10.929,78,1.38,0.1389677527971002,89.3968262341216,Europe,DEU,39009.8477636357,NA,80.2459549084581
DEU,2007,11.824,75.16,1.37,0.1383441521950981,89.98091231123232,Europe,DEU,38593.0749910508,NA,80.2198636634402
DEU,2006,13.402,72.16,1.33,0.1380935773291902,93.72811204780703,Europe,DEU,37459.261328042,NA,80.1960996098884
DEU,2005,15.463,68.71,1.34,0.1377988469228968,95.24138437546935,Europe,DEU,36024.094704702104,NA,80.1745168510383
DEU,2004,12.984,64.73,1.36,0.1378476768673939,95.24865445348743,Europe,DEU,35687.6378708542,NA,80.1549694901257
DEU,2003,11.024,55.9,1.34,0.1377268234599056,97.94820777526377,Europe,DEU,35270.0227284267,NA,80.1373116303862
DEU,2002,9.285,48.82,1.34,0.1376566137006547,99.2837535551401,Europe,DEU,35477.5151544301,NA,80.1213973750556
DEU,2001,7.787,31.650939416316,1.35,0.1372363235152972,102.15914899868599,Europe,DEU,35618.5143698493,NA,80.1070808273695
DEU,2000,8.545,30.2163466048889,1.38,0.1374339200170913,104.20278942893,Europe,DEU,35104.1308467844,NA,80.0942160905637
GHA,2023,5.352,70.67430115,3.397,0.1489679263797131,NA,Africa,GHA,2091.8133564595,22.0958254757285,57.8074737774654
GHA,2022,5.402,69.91329956,3.434,0.1413601024376092,NA,Africa,GHA,2067.20895910766,20.44559258931,57.250609602871
GHA,2021,5.985,68.6,3.492,0.1411585942738614,NA,Africa,GHA,2030.04866500967,19.2005186528071,56.6952556826536
GHA,2020,6.319,62.51760101,3.541,0.1386617522549385,NA,Africa,GHA,1970.19411460398,18.6139938594155,56.2171613974837
GHA,2019,5.875,22.0732,3.593,0.1247229505418077,NA,Africa,GHA,1999.55372220211,17.3607250095097,55.7246279109161
GHA,2018,6.107,43,3.65,0.1245192956504869,NA,Africa,GHA,1915.4532323781,15.9045597520982,55.218477566593
GHA,2017,6.375,37.88420105,3.715,0.1242132087822602,NA,Africa,GHA,1841.44636153249,16.2065694246062,54.6991419779128
GHA,2016,10.616,28,3.873,0.1231815876545992,NA,Africa,GHA,1740.81101902928,15.606270735823,54.167052758274
GHA,2015,14.238,23,3.982,0.1221023027584424,NA,Africa,GHA,1722.77282833606,15.5618871637579,53.6226415210752
GHA,2014,9.307,19,4.029,0.1211319415733259,NA,Africa,GHA,1726.36930134647,15.0809451652103,53.0663398797148
GHA,2013,4.718,15,4.114,0.120376005819134,NA,Africa,GHA,1718.59704769958,13.4205396326832,52.4985794475913
GHA,2012,6.664,10.6,4.154,0.1196400374328902,NA,Africa,GHA,1640.54072088003,11.4938894891938,51.9197918381031
GHA,2011,8.808,9,4.177,0.1192123503284373,NA,Africa,GHA,1537.81834019283,11.2824466895305,51.3304086646488
GHA,2010,11.059,7.8,4.181,0.118877274900817,NA,Africa,GHA,1381.2279503506,NA,50.7296926788704
GHA,2009,10.811,5.44,4.179,0.1191548417039435,NA,Africa,GHA,1311.63053760125,8.29780006408691,50.1111250897099
GHA,2008,10.264,4.27,4.217,0.1193390559648795,NA,Africa,GHA,1282.63416886747,7.91365003585815,49.4708679942306
GHA,2007,9.996,3.85,4.288,0.119038703025181,NA,Africa,GHA,1205.31705804209,5.92381000518799,48.8125122665918
GHA,2006,9.494,2.72317597313987,4.399,0.1190387884733233,NA,Africa,GHA,1185.26570738595,4.7728099822998,48.1388926229785
GHA,2005,10.671,1.83119746104616,4.496,0.1190367352479384,NA,Africa,GHA,1143.31178934301,5.35099983215332,47.4528437795757
GHA,2004,11.854,1.71679770389504,4.504,0.1188873064619801,NA,Africa,GHA,1108.30475353633,NA,46.7572004525685
GHA,2003,13.052,1.19305791098328,4.597,0.1188213144648957,NA,Africa,GHA,1077.69990866645,NA,46.0547973581418
GHA,2002,14.261,0.830284033818738,4.687,0.1178237611208428,NA,Africa,GHA,1052.46591644399,NA,45.3484692124806
GHA,2001,15.376,0.200008060324831,4.768,0.117051360046624,NA,Africa,GHA,1035.22666053257,NA,44.6410507317701
GHA,2000,16.422,0.153615297625799,4.827,0.1172998411701863,NA,Africa,GHA,1022.27520714566,NA,43.9373786640616
GIB,2023,NA,NA,1.888,NA,NA,Europe,GIB,NA,NA,100
GIB,2022,NA,NA,1.895,NA,NA,Europe,GIB,NA,NA,100
GIB,2021,NA,NA,1.899,NA,NA,Europe,GIB,NA,NA,100
GIB,2020,NA,NA,1.907,NA,NA,Europe,GIB,NA,NA,100
GIB,2019,NA,NA,1.912,NA,NA,Europe,GIB,NA,NA,100
GIB,2018,NA,NA,1.921,NA,NA,Europe,GIB,NA,NA,100
GIB,2017,NA,NA,1.93,NA,NA,Europe,GIB,NA,NA,100
GIB,2016,NA,94.4444715818151,1.94,NA,NA,Europe,GIB,NA,NA,100
GIB,2015,NA,NA,2.074,NA,NA,Europe,GIB,NA,NA,100
GIB,2014,NA,NA,2.084,NA,NA,Europe,GIB,NA,NA,100
GIB,2013,NA,NA,2.099,NA,NA,Europe,GIB,NA,NA,100
GIB,2012,NA,65.017,1.999,NA,NA,Europe,GIB,NA,NA,100
GIB,2011,NA,65,1.974,NA,NA,Europe,GIB,NA,NA,100
GIB,2010,NA,65,1.954,NA,NA,Europe,GIB,NA,NA,100
GIB,2009,NA,65.07,1.926,NA,NA,Europe,GIB,NA,NA,100
GIB,2008,NA,58,1.903,NA,NA,Europe,GIB,NA,NA,100
GIB,2007,NA,51.61,1.852,NA,NA,Europe,GIB,NA,NA,100
GIB,2006,NA,45.29864751181,1.802,NA,NA,Europe,GIB,NA,NA,100
GIB,2005,NA,39.0701308849385,1.754,NA,NA,Europe,GIB,NA,NA,100
GIB,2004,NA,32.8860826098395,1.689,NA,NA,Europe,GIB,NA,NA,100
GIB,2003,NA,28.3257797920554,1.634,NA,NA,Europe,GIB,NA,NA,100
GIB,2002,NA,23.670239745714,1.683,NA,NA,Europe,GIB,NA,NA,100
GIB,2001,NA,21.171109436031,2.104,NA,NA,Europe,GIB,NA,NA,100
GIB,2000,NA,19.1316381248919,2.185,NA,NA,Europe,GIB,NA,NA,100
GRC,2023,26.543,85.0102229,1.26,0.2116307751233577,138.1292373236765,Europe,GRC,21050.8648111581,165.113418579102,78.7746303842088
GRC,2022,31.29,83.17066333,1.32,0.2018130617046473,125.504838356983,Europe,GRC,20552.3223279685,166.389556884766,78.5502190980809
GRC,2021,35.39,78.49426371,1.43,0.1992431142745012,119.35714405841425,Europe,GRC,19232.9683327114,150.605484008789,78.3884898647442
GRC,2020,33.74,78.11584474,1.39,0.1964700524458516,112.00097974925475,Europe,GRC,17486.951333323,143.693344116211,78.3066842455552
GRC,2019,34.754,75.6712066931757,1.34,0.1768947124835509,105.92098782761624,Europe,GRC,19216.6759579785,143.96272277832,78.1888100466875
GRC,2018,40.011,72.2383733920483,1.35,0.1767255348060639,98.85393184160525,Europe,GRC,18769.0389621976,140.950317382812,78.0490656849874
GRC,2017,43.392,69.8929706543154,1.35,0.1738183316383908,97.17340392344123,Europe,GRC,18352.0884461258,135.333923339844,77.8895342613411
GRC,2016,47.223,69.0879154723892,1.38,0.1727698478996361,98.45707450164522,Europe,GRC,18049.928997892,131.403213500977,77.7122988766348
GRC,2015,49.731,66.8349594911035,1.33,0.1733149330817351,100.00000000000013,Europe,GRC,17980.7298238137,NA,77.5194426317545
GRC,2014,52.645,63.2073404784561,1.3,0.1689147591846518,103.9489256706275,Europe,GRC,17903.5252440012,119.104209899902,77.3130486275866
GRC,2013,58.491,59.8663,1.29,0.1687157612156674,109.66684350647625,Europe,GRC,17644.8766635021,112.705833435059,77.0951999650171
GRC,2012,55.656,55.0699934418411,1.34,0.1668408912742707,120.98971914581576,Europe,GRC,17924.6620496886,110.122978210449,76.8679797449322
GRC,2011,44.951,51.6499951676815,1.4,0.1619529273375642,138.33211566942725,Europe,GRC,19448.255802525,105.812690734863,76.6352609929407
GRC,2010,33.005,44.4,1.48,0.160665418209845,150.61841784970076,Europe,GRC,21547.724178239,101.694053649902,76.3631476983077
GRC,2009,25.469,42.4,1.5,0.1586066257501464,163.8380606806635,Europe,GRC,22878.1346644397,NA,76.0174962722535
GRC,2008,21.61,38.2,1.5,0.1555884096552835,171.19859293746626,Europe,GRC,23923.8800731311,NA,75.615079456679
GRC,2007,22.731,35.88,1.41,0.1543646541130585,174.79435591181726,Europe,GRC,23973.6936091313,90.5404281616211,75.1753473512439
GRC,2006,24.658,32.25,1.4,0.1536033088446403,170.55475769454475,Europe,GRC,23220.5324419197,95.0775375366211,74.717750055608
GRC,2005,25.811,24,1.34,0.1528240024626508,155.39643740917302,Europe,GRC,21880.5265835801,90.3474731445312,74.2617376694311
GRC,2004,26.57,21.42,1.31,0.1520831922555858,143.85466504475474,Europe,GRC,21688.1050959558,80.4148406982422,73.8267602923728
GRC,2003,26.499,17.8,1.29,0.1519846952278421,144.75788413054323,Europe,GRC,20632.2557041942,72.9116668701172,73.432268024093
GRC,2002,26.711,14.67,1.28,0.1520400929197738,142.19979923782324,Europe,GRC,19548.3677447396,66.8908386230469,73.0977109642516
GRC,2001,27.816,10.9350258080278,1.25,0.1507119178730107,126.661561460474,Europe,GRC,18742.4235780691,59.9249114990234,72.8460703788502
GRC,2000,28.957,9.13883730776798,1.25,0.1516966746937988,112.444215998642,Europe,GRC,18002.9064613985,52.6726303100586,72.665642910984
GRL,2023,NA,NA,1.769,0.1989175295381208,NA,Americas,GRL,49929.7755428605,NA,88.0631147749908
GRL,2022,NA,NA,1.818,0.1881611634384203,NA,Americas,GRL,49679.3365414895,NA,87.8049405256832
GRL,2021,NA,NA,1.82,0.1865071271667551,NA,Americas,GRL,48709.9339758895,NA,87.5452017613678
GRL,2020,NA,NA,2.109,0.1845923345786072,NA,Americas,GRL,48169.9406957389,NA,87.2840881978115
GRL,2019,NA,NA,2.115,0.1656454383667141,NA,Americas,GRL,48170.7896955512,NA,87.0217895507812
GRL,2018,NA,NA,2.024,0.1646899848319105,NA,Americas,GRL,47012.9860350276,NA,86.72509765625
GRL,2017,NA,69.4824617821988,2.125,0.1638729413975063,NA,Americas,GRL,46597.9452470348,NA,86.3915557861328
GRL,2016,NA,68.500873675421,2.066,0.163305454229104,NA,Americas,GRL,46561.7831434013,NA,86.2261047363281
GRL,2015,NA,67.600443481006,2.116,0.1628095175492315,NA,Americas,GRL,44536.3549705377,NA,86.046257019043
GRL,2014,NA,66.7,1.987,0.1622086712233075,NA,Americas,GRL,45545.1429414917,NA,85.6772384643555
GRL,2013,NA,65.8,2.069,0.161375114860869,NA,Americas,GRL,43338.3839246907,NA,85.3725891113281
GRL,2012,NA,64.8960100995989,2.006,0.1608672994399845,NA,Americas,GRL,43655.7004664255,NA,84.8864593505859
GRL,2011,NA,64,2.097,0.1607068379115271,NA,Americas,GRL,42994.8790874739,NA,84.5286026000977
GRL,2010,NA,63,2.184,0.160587340440039,NA,Americas,GRL,43481.5161087805,NA,84.2784881591797
GRL,2009,NA,62.83,2.344,0.1611733896624593,NA,Americas,GRL,42899.7441985862,NA,83.8556137084961
GRL,2008,NA,62.82,2.249,0.1616945797320645,NA,Americas,GRL,42527.6668469766,NA,83.621826171875
GRL,2007,NA,61.07,2.223,0.1620329501494755,NA,Americas,GRL,39896.875364094,NA,83.2039566040039
GRL,2006,NA,59.361687268664,2.28,0.16213485632323,NA,Americas,GRL,38828.8524943222,NA,82.8471984863281
GRL,2005,NA,57.7034045008656,2.326,0.162144908823986,NA,Americas,GRL,36681.8055890619,NA,82.6899108886719
GRL,2004,NA,56.0990147610533,2.442,0.1624337868878181,NA,Americas,GRL,34961.9356097257,NA,82.5634307861328
GRL,2003,NA,54.5342598293605,2.328,0.162757948148377,NA,Americas,GRL,32787.9680355213,NA,82.3485946655273
GRL,2002,NA,44.154789028418,2.613,0.1626176047092461,NA,Americas,GRL,31483.6074780094,NA,82.0752868652344
GRL,2001,NA,35.4641368915684,2.506,0.1620256231172323,NA,Americas,GRL,31914.1710964481,NA,81.7906112670898
GRL,2000,NA,31.7478112321162,2.406,0.1614334205000735,NA,Americas,GRL,31623.0591501943,NA,81.4517822265625
GRD,2023,NA,69.4131012,1.487,0.1719449198865792,NA,Americas,GRD,9817.86383583917,NA,36.462128238584
GRD,2022,NA,68.42030334,1.502,0.162851240896449,NA,Americas,GRD,9406.19337643226,NA,36.3688840183487
GRD,2021,NA,67.02279663,1.517,0.1644177703873892,NA,Americas,GRD,8782.32193426078,NA,36.2831603706908
GRD,2020,NA,65.65380096,1.532,0.1596573633548854,NA,Americas,GRD,8413.28335500372,NA,36.2050502515788
GRD,2019,NA,64.31279755,1.542,0.1471603271162085,NA,Americas,GRD,9785.56040240592,NA,36.1346465679904
GRD,2018,NA,61.42459869,1.53,0.1472872339544681,NA,Americas,GRD,9744.16919577204,99.9891967773438,36.0720421424532
GRD,2017,NA,54.20000076,1.438,0.147161742553452,NA,Americas,GRD,9357.40728883583,98.6993408203125,36.0173296416579
GRD,2016,NA,53.29999924,1.616,0.1467127541169775,NA,Americas,GRD,8983.68397337899,96.7951431274414,35.9706014181883
GRD,2015,NA,52.5,1.715,0.1460341155601923,NA,Americas,GRD,8694.12438005692,96.7931289672852,35.9319491111708
GRD,2014,NA,51.6,1.799,0.1453457366993036,NA,Americas,GRD,8206.62862112333,NA,35.9014624346562
GRD,2013,NA,35,1.913,0.1449260871067321,NA,Americas,GRD,7688.75297701343,NA,35.8792242623778
GRD,2012,NA,32,1.967,0.1445104942639335,NA,Americas,GRD,7559.5628483956,NA,35.8652755773132
GRD,2011,NA,30,2.006,0.1438436106108143,NA,Americas,GRD,7695.37616017287,NA,35.8601091092326
GRD,2010,NA,27,2.038,0.143600385464555,NA,Americas,GRD,7670.71165827663,NA,35.8743359481443
GRD,2009,NA,24.049999239999998,2.078,0.1434862778677945,NA,Americas,GRD,7733.12990600058,56.8550796508789,35.8877990260417
GRD,2008,NA,23.18000031,2.116,0.1432076957582594,NA,Americas,GRD,8307.49221491819,NA,35.8983157156326
GRD,2007,NA,22.29,2.154,0.1429136996816424,NA,Americas,GRD,8257.36225682689,NA,35.9062498793276
GRD,2006,NA,21.39599991,2.195,0.1425727851520419,NA,Americas,GRD,7808.24358323434,NA,35.9119653795374
GRD,2005,NA,20.4878006,2.242,0.1421933851286352,NA,Americas,GRD,8162.91232124727,NA,35.9158260786725
GRD,2004,NA,19.570620584378698,2.285,0.1417356615928265,NA,Americas,GRD,7233.29494434962,NA,35.9181958391436
GRD,2003,NA,18.6451821830564,2.332,0.1412785396883354,NA,Americas,GRD,7309.78547094579,NA,35.9194385233611
GRD,2002,NA,14.7588405454867,2.378,0.1407121268378426,NA,Americas,GRD,6707.36873532777,NA,35.9199179937357
GRD,2001,NA,5.12810398216998,2.421,0.1400670718380036,NA,Americas,GRD,6509.51660313374,NA,35.9199973947796
GRD,2000,NA,4.06390799146313,2.441,0.1394651116658263,NA,Americas,GRD,6677.1265230922,NA,35.8702371019579
GUM,2023,12.852,NA,2.781,0.1276014550446674,NA,Oceania,GUM,NA,NA,94.1349341638921
GUM,2022,13.032,NA,2.819,0.1209502457789461,NA,Oceania,GUM,34627.9862781837,NA,94.1068261842046
GUM,2021,14.353,NA,2.856,0.1209179727161965,NA,Oceania,GUM,33239.4846327875,NA,94.0884327694075
GUM,2020,15.401,NA,2.895,0.1185648765715733,NA,Oceania,GUM,32884.8852646787,NA,94.0804991087801
GUM,2019,13.131,NA,2.938,0.1077534416098147,NA,Oceania,GUM,36830.1264410973,NA,94.0799802498939
GUM,2018,13.125,NA,2.995,0.107225429271951,NA,Oceania,GUM,35731.2203743081,NA,94.079885002321
GUM,2017,12.999,80.5054655600831,3.088,0.1065823384796787,NA,Oceania,GUM,35850.9025520506,NA,94.0797139460527
GUM,2016,12.889,77.009999893206,3.171,0.1065644761423761,NA,Oceania,GUM,35373.8483143417,NA,94.079467256407
GUM,2015,16.405,73.139999947043,2.933,0.1058581461579679,NA,Oceania,GUM,35165.7014644795,NA,94.079145108702
GUM,2014,17.999,69.27,2.946,0.1043117334386911,NA,Oceania,GUM,34755.2691107298,NA,94.0787476782557
GUM,2013,27.064,65.4,2.883,0.1058741238068432,NA,Oceania,GUM,34044.3190415455,NA,94.0782751403862
GUM,2012,28.608,61.5341593079002,3.117,0.1044840903616474,NA,Oceania,GUM,33404.9317636913,NA,94.0777276704115
GUM,2011,31.963,57.7,2.876,0.1039124333887432,NA,Oceania,GUM,32665.3787483379,NA,94.0771054436498
GUM,2010,19.48,54.04,2.973,0.1049961846118215,NA,Oceania,GUM,32644.1484056205,NA,94.0765173267308
GUM,2009,21.991,50.6420283820435,2.891,0.1036541432249344,NA,Oceania,GUM,31988.7229358255,NA,94.0673223633488
GUM,2008,21.008,48.4187021509296,2.905,0.1032797460026896,NA,Oceania,GUM,31941.2706025874,NA,94.0314223884421
GUM,2007,19.763,46.1504736192355,2.905,0.1035652715306935,NA,Oceania,GUM,31385.0475162113,NA,93.9710535665648
GUM,2006,17.017,43.8514430048178,2.807,0.1010734214083588,NA,Oceania,GUM,31242.462900947,NA,93.8894857603993
GUM,2005,16.277,38.559877557558,2.638,0.1014746107004111,NA,Oceania,GUM,32520.3729565352,NA,93.7899888326279
GUM,2004,18.154,36.1617878387908,2.772,0.101158049530271,NA,Oceania,GUM,31483.8141949558,NA,93.6758326459328
GUM,2003,22.854,33.7166817880876,2.657,0.0995321250808782,NA,Oceania,GUM,29685.9531745657,NA,93.5502870629964
GUM,2002,27.07,31.1922942556271,2.582,0.0993025233355031,NA,Oceania,GUM,29576.221681311,NA,93.4166219465011
GUM,2001,31.521,25.3802275337398,2.817,0.0991557703420004,NA,Oceania,GUM,NA,NA,93.2781071591292
GUM,2000,36.524,16.1131270423389,2.915,0.0990183366229946,NA,Oceania,GUM,NA,NA,93.1395316242857
GTM,2023,4.326,56.72669983,2.311,0.1585815642601504,NA,Americas,GTM,4470.70728455461,27.2948879201171,55.6082319565539
GTM,2022,6.274,54.40430069,2.343,0.1468197217585685,NA,Americas,GTM,4385.14891178047,NA,55.2581228215265
GTM,2021,3.789,50.84164945,2.388,0.1490827756291628,NA,Americas,GTM,4268.62858565412,NA,54.9047071553758
GTM,2020,5.157,47.51229858,2.47,0.1464280532013117,NA,Americas,GTM,4005.83911593999,NA,54.5483167911628
GTM,2019,4.461,44.401049838502,2.593,0.1288392845656161,NA,Americas,GTM,4139.12203836307,22.559501429793,54.1882267267974
GTM,2018,4.679,41.5,2.743,0.1281902612674413,NA,Americas,GTM,4040.2121371198,NA,53.845962303542
GTM,2017,4.939,37.90000153,2.857,0.1256307301583509,NA,Americas,GTM,3972.74057836068,NA,53.7994723140017
GTM,2016,5.582,34.50930023,2.973,0.1258436117973798,NA,Americas,GTM,3924.77894837098,NA,53.6609232857043
GTM,2015,5.581,28.80590057,3.029,0.1260082164670141,NA,Americas,GTM,3893.50533299068,21.9573684260954,53.4411050262961
GTM,2014,5.691,23.39999962,3.088,0.1254938673906664,NA,Americas,GTM,3809.61587570091,18.255292159465,53.1458479013964
GTM,2013,5.512,19.700000760000002,3.151,0.125384219652274,NA,Americas,GTM,3717.30462628413,19.5737030720879,52.7809822766245
GTM,2012,4.618,16,3.219,0.1235377735022115,NA,Americas,GTM,3655.57315791242,16.8753678874298,52.3523385176
GTM,2011,4.991,12.30000019,3.292,0.1228545960384985,NA,Americas,GTM,3621.37409769184,16.4344375204985,51.8657469899423
GTM,2010,5.296,10.5,3.375,0.1209041138390803,NA,Americas,GTM,3546.6258162259,15.752311204905,51.3270380592706
GTM,2009,5.16,9.300000191,3.465,0.1210965863829356,NA,Americas,GTM,3516.19227725255,15.0972604751587,50.7420420912045
GTM,2008,4.937,8.300000191,3.571,0.1206695190159609,NA,Americas,GTM,3569.92861121538,NA,50.1165894513633
GTM,2007,4.961,7.300000191,3.716,0.1218080279606327,NA,Americas,GTM,3527.7782721364,17.2977504730225,49.4565105053665
GTM,2006,5.161,6.5,3.845,0.1217121111207791,NA,Americas,GTM,3388.15003339926,NA,48.7676356188334
GTM,2005,5.353,5.699999809,3.974,0.1212404069258204,NA,Americas,GTM,3284.80971612832,NA,48.0557951573834
GTM,2004,5.351,5.1,4.134,0.1212184289151831,NA,Americas,GTM,3250.20406037693,NA,47.326819486636
GTM,2003,4.425,4.54885490848324,4.25,0.1208366294975869,NA,Americas,GTM,3222.15468293683,NA,46.5865389722105
GTM,2002,3.442,3.39174627024502,4.371,0.1203974052260512,NA,Americas,GTM,3213.26837369582,9.50201988220215,45.7754731938848
GTM,2001,3.438,1.7382017815873,4.502,0.1199590217713189,NA,Americas,GTM,3166.20351297452,NA,44.678095600504
GTM,2000,3.34,0.712332904508925,4.583,0.1194637804475606,NA,Americas,GTM,3165.9323746889,NA,43.2434755105047
GIN,2023,7.071,32.31560135,4.217,0.1666573868876379,NA,Africa,GIN,1016.88094800324,NA,37.6454083954705
GIN,2022,7.095,31.31399918,4.303,0.1560848427314652,NA,Africa,GIN,987.502501465337,NA,37.2384967469106
GIN,2021,7.976,28.61330032,4.399,0.1541370131657826,NA,Africa,GIN,973.646890096159,NA,36.8502178436256
GIN,2020,8.414,26.14550018,4.489,0.152475859889847,NA,Africa,GIN,945.570903389665,NA,36.4802208060551
GIN,2019,6.988,23.89049911,4.576,0.1350706995559812,NA,Africa,GIN,926.42221954853,NA,36.1281547546387
GIN,2018,6.616,21.8300230430563,4.669,0.1339785369159534,NA,Africa,GIN,899.907328045175,NA,35.8554382324219
GIN,2017,6.436,18.700000760000002,4.793,0.1330683407562062,NA,Africa,GIN,867.907502577607,NA,35.5827331542969
GIN,2016,6.35,13.100000380000001,4.915,0.1318238434559331,NA,Africa,GIN,807.236421043888,NA,35.3100280761719
GIN,2015,6.266,9.199999809,5.002,0.1306613631481345,NA,Africa,GIN,747.356966759448,NA,35.0373191833496
GIN,2014,5.974,6.400000095,5.07,0.1300592762961565,NA,Africa,GIN,738.272274481308,10.8547201156616,34.8177920826682
GIN,2013,5.898,4.5,5.151,0.1281894403207291,NA,Africa,GIN,729.833143236326,10.4364004135132,34.5812741977122
GIN,2012,5.844,3.0999999049999998,5.232,0.1287885357518067,NA,Africa,GIN,719.505916794546,10.0085697174072,34.3313936933767
GIN,2011,5.964,2,5.337,0.1280452963529683,NA,Africa,GIN,696.199991395571,10.6184597015381,34.0732054685603
GIN,2010,5.963,1,5.435,0.1271416965285016,NA,Africa,GIN,675.736917327708,10.5439796447754,33.8075426880206
GIN,2009,5.886,0.94,5.528,0.1273045586236016,NA,Africa,GIN,660.756701330284,9.34879016876221,33.5352385165154
GIN,2008,5.803,0.92,5.596,0.126597762272035,NA,Africa,GIN,684.775780377366,9.32559967041016,33.2571261188022
GIN,2007,5.796,0.780025279059244,5.664,0.1264944354621516,NA,Africa,GIN,673.698997420626,8.27204990386963,32.9740386596386
GIN,2006,5.863,0.637499988,5.704,0.1255044913522561,NA,Africa,GIN,645.472001923653,5.37415981292725,32.6868093037822
GIN,2005,5.831,0.542299986,5.727,0.1252305679121007,NA,Africa,GIN,651.359606871604,3.08171010017395,32.3962712159907
GIN,2004,5.753,0.508819332302937,5.733,0.1257539795656071,NA,Africa,GIN,645.182843390689,2.29848003387451,32.1032575610216
GIN,2003,5.694,0.450960370842751,5.744,0.1245892241466892,NA,Africa,GIN,644.071217908894,NA,31.8086015036327
GIN,2002,5.636,0.402022748744397,5.781,0.1251777151347029,NA,Africa,GIN,650.554963973291,NA,31.5131362085814
GIN,2001,5.673,0.175541868491054,5.834,0.1247158760727722,NA,Africa,GIN,628.320554864936,NA,31.2176948406254
GIN,2000,5.683,0.0954249236063846,5.918,0.1233402115110563,NA,Africa,GIN,614.137235083638,NA,30.9231105645224
GNB,2023,2.817,28.71240044,3.836,0.1556626832672076,NA,Africa,GNB,779.085789155531,NA,45.5923843383789
GNB,2022,2.835,27.67379951,3.911,0.1449470823162993,NA,Africa,GNB,752.901123263165,NA,45.1627159118652
GNB,2021,2.941,23.3519001,3.998,0.1403151364239878,NA,Africa,GNB,729.627090607537,NA,44.7334136962891
GNB,2020,2.733,20.45730019,4.075,0.1418237452494219,NA,Africa,GNB,710.275129060129,NA,44.3038330078125
GNB,2019,2.063,17.92149925,4.153,0.1221609132386806,NA,Africa,GNB,706.298562874985,NA,43.8745574951172
GNB,2018,3.868,15.69999981,4.241,0.1212348452997244,NA,Africa,GNB,686.456819839526,NA,43.4449081420898
GNB,2017,3.835,14.80000019,4.347,0.1208336996513025,NA,Africa,GNB,677.466131311367,NA,43.0155792236328
GNB,2016,3.867,13.80000019,4.519,0.1199179264257276,NA,Africa,GNB,663.242608032005,NA,42.586109161377
GNB,2015,3.884,6.099999905,4.661,0.1187137626652967,NA,Africa,GNB,645.066837207039,NA,42.1568145751953
GNB,2014,3.962,3.319999933,4.79,0.1197148907954715,NA,Africa,GNB,623.610159103365,NA,41.7271995544434
GNB,2013,3.88,3.0999999049999998,4.93,0.1166212750722704,NA,Africa,GNB,634.095456089352,NA,41.2976379394531
GNB,2012,3.849,2.894000053,5.003,0.1172356082002187,NA,Africa,GNB,630.66862302825,NA,40.8686027526855
GNB,2011,3.8,2.671999931,5.067,0.1174002924688116,NA,Africa,GNB,658.953470528116,NA,40.4391136169434
GNB,2010,3.832,2.450000048,5.111,0.1153918028825952,NA,Africa,GNB,625.904027290582,NA,40.0095596313477
GNB,2009,3.859,2.30328059172582,5.176,0.1170350092664625,NA,Africa,GNB,608.202131879882,NA,39.6716434222135
GNB,2008,3.851,2.35488871087933,5.266,0.1181018107551767,NA,Africa,GNB,608.958620496925,NA,39.3320535671181
GNB,2007,3.824,2.20630002,5.365,0.1166003929595524,NA,Africa,GNB,597.482020935948,NA,39.0030975009025
GNB,2006,3.834,2.057199955,5.406,0.1182322656443658,NA,Africa,GNB,597.257151722046,2.62031006813049,38.6871193165452
GNB,2005,3.862,1.90139997,5.46,0.1169909774679383,NA,Africa,GNB,595.94255560187,2.26420998573303,38.3801443659997
GNB,2004,3.89,1.80814220342991,5.5,0.1169719495554548,NA,Africa,GNB,572.526464627294,NA,38.0781980012196
GNB,2003,3.847,1.35419747762901,5.577,0.1173924604610808,NA,Africa,GNB,579.092506821836,NA,37.7773055741583
GNB,2002,3.828,1.02299323436117,5.634,0.1158375986729396,NA,Africa,GNB,594.040535151552,NA,37.4734924367695
GNB,2001,3.684,0.299569144677667,5.688,0.1169713615968407,NA,Africa,GNB,585.837980688333,NA,37.1627839410066
GNB,2000,3.975,0.230103170591588,5.786,0.1154608151094348,NA,Africa,GNB,571.094015178625,NA,36.8412054388232
GUY,2023,24.705,79.3553009,2.412,0.1709466959747561,NA,Americas,GUY,23101.3538282741,25.1520757996244,26.4651457279878
GUY,2022,24.566,76.56240082,2.437,0.1632567460837316,NA,Americas,GUY,17365.3336428642,NA,26.4536735068183
GUY,2021,29.122,71.65090179,2.462,0.1621640415052603,NA,Americas,GUY,10711.9973374148,NA,26.443303961947
GUY,2020,30.998,62.95399857,2.491,0.1576314021513908,NA,Americas,GUY,9010.61000469878,NA,26.4340397353676
GUY,2019,26.304,55.31269836,2.521,0.1445997234526406,NA,Americas,GUY,6278.63054079553,NA,26.4258834773058
GUY,2018,25.254,48.59889984,2.553,0.1444829347495423,NA,Americas,GUY,6080.90612132746,NA,26.4188378517884
GUY,2017,24.956,42.6753006,2.593,0.1440613844013419,NA,Americas,GUY,5997.18271426826,NA,26.412905546573
GUY,2016,24.598,35.65999985,2.634,0.1434680380508526,NA,Americas,GUY,5818.61682204646,NA,26.4080892882899
GUY,2015,24.21,34,2.667,0.1426460908872868,NA,Americas,GUY,5640.41560569466,NA,26.4043918297579
GUY,2014,23.693,32,2.695,0.1418095048681293,NA,Americas,GUY,5635.71704117947,NA,26.4018152016157
GUY,2013,23.258,31,2.711,0.1411428457337384,NA,Americas,GUY,5573.3421790463,NA,26.4003891353669
GUY,2012,22.956,30.5,2.701,0.1404826681381918,NA,Americas,GUY,5403.79899428921,11.7027597427368,26.3999996185303
GUY,2011,22.721,30,2.694,0.1407693068832945,NA,Americas,GUY,5133.89539813637,11.2686901092529,26.3999996185303
GUY,2010,22.536,29.9,2.684,0.1404565692712102,NA,Americas,GUY,4860.09110980566,10.9517002105713,26.4592185137368
GUY,2009,22.12,23.9,2.694,0.1401240308418344,NA,Americas,GUY,4649.34144792756,10.0790901184082,26.620074648793
GUY,2008,21.747,18.2,2.697,0.1418196888836303,NA,Americas,GUY,4472.34517889699,10.6148700714111,26.8573671978542
GUY,2007,21.53,13.80000019,2.681,0.138777141099489,NA,Americas,GUY,4382.10449666813,11.1278600692749,27.1458953350755
GUY,2006,21.355,8.899999619,2.659,0.1401900968177275,NA,Americas,GUY,4076.77981715707,10.9942598342896,27.4604582346121
GUY,2005,22.205,5.699999809,2.648,0.1388846584228587,NA,Americas,GUY,3867.93308158647,10.8724203109741,27.7758550706193
GUY,2004,22.726,3.7,2.681,0.1384624186106894,NA,Americas,GUY,3937.11435304522,10.3284902572632,28.0668850172523
GUY,2003,23.301,2.4,2.75,0.1372638256042862,NA,Americas,GUY,3873.04123684261,7.17658996582031,28.308347248666198
GUY,2002,23.901,1.5,2.844,0.1384628290960852,NA,Americas,GUY,3894.87107415198,NA,28.4796776810692
GUY,2001,24.285,1,2.958,0.1368910729277451,NA,Americas,GUY,3847.09461851367,NA,28.6194627210441
GUY,2000,24.877,0.6,3.057,0.136315257783746,NA,Americas,GUY,3759.60789699989,NA,28.7610390578913
HTI,2023,36.326,47.99269867,2.656,0.1719721560755327,NA,Americas,HTI,1219.11871645847,NA,54.4496819335618
HTI,2022,36.326,47.77470016,2.699,0.1657819508537347,NA,Americas,HTI,1256.72143592448,NA,53.8524949966907
HTI,2021,37.806,43.37919998,2.748,0.1642726650434407,NA,Americas,HTI,1292.71954963551,NA,53.2460637918026
HTI,2020,39.534,39.38809967,2.804,0.1603562249628187,NA,Americas,HTI,1331.69778506932,NA,52.6307476732151
HTI,2019,35.247,35.76409912,2.862,0.1486465177008062,NA,Americas,HTI,1394.42114071112,NA,52.0069059952475
HTI,2018,34.896,32.4736271300557,2.924,0.1482563787841028,NA,Americas,HTI,1437.35251928349,NA,51.374898112219
HTI,2017,34.752,27.200000760000002,2.985,0.1447284137440404,NA,Americas,HTI,1432.67228609541,NA,50.735083378449
HTI,2016,34.536,22.799999239999998,3.054,0.1454705643471365,NA,Americas,HTI,1416.74881879698,NA,50.087821148256
HTI,2015,34.179,14.19999981,3.11,0.1428740308953602,NA,Americas,HTI,1411.12684746796,NA,49.4334707759572
HTI,2014,34.092,11.399999619999999,3.164,0.1423733374615131,NA,Americas,HTI,1411.76834802154,NA,48.7723916158687
HTI,2013,33.745,10.600000380000001,3.221,0.141901741933057,NA,Americas,HTI,1392.38204736859,NA,48.1049430223048
HTI,2012,34.295,9.800000191,3.321,0.141889858224473,NA,Americas,HTI,1354.88546124499,NA,47.4314843495779
HTI,2011,35.353,9,3.431,0.1419379678907732,NA,Americas,HTI,1369.16921255852,NA,46.7523749519985
HTI,2010,36.918,8.369999886,3.497,0.1415435961820023,NA,Americas,HTI,1317.58389339746,NA,46.0679741838751
HTI,2009,37.562,8.100000381,3.565,0.1433056587780496,NA,Americas,HTI,1412.89653523429,NA,45.3786413995138
HTI,2008,39.205,7.599999905,3.621,0.1436882474598126,NA,Americas,HTI,1356.53400140048,NA,44.6847359532184
HTI,2007,40.519,7.199999809,3.687,0.1433891159769696,NA,Americas,HTI,1343.61111422048,NA,43.9866171992907
HTI,2006,37.961,6.796000004,3.761,0.1437081377537209,NA,Americas,HTI,1305.03813815611,NA,43.2846444920296
HTI,2005,34.803,6.376200199,3.835,0.1421132945533145,NA,Americas,HTI,1304.33303731231,NA,42.5791771857318
HTI,2004,32.117,5.401261907622,3.943,0.1412391972342892,NA,Americas,HTI,1286.90282128221,NA,41.8705746346912
HTI,2003,29.201,1.64735834557778,4.047,0.1409964804944103,NA,Americas,HTI,1326.47161042212,NA,41.2007603284477
HTI,2002,26.489,0.893432988337908,4.125,0.1397540535222043,NA,Americas,HTI,1304.5293810385,NA,39.9708985140797
HTI,2001,23.512,0.340832326173809,4.248,0.1383322037602986,NA,Americas,HTI,1314.11419693969,NA,38.3871832598564
HTI,2000,20.509,0.231270714628821,4.39,0.1395457293421141,NA,Americas,HTI,1342.89490450523,NA,36.8408497942176
HND,2023,10.478,58.0685997,2.5,0.1486030208638694,NA,Americas,HND,2527.27366333188,NA,58.3132392705102
HND,2022,13.571,56.88069916,2.522,0.1386413507319547,NA,Americas,HND,2482.22384904714,NA,57.8364689017254
HND,2021,14.269,51.95159912,2.548,0.1374471289029471,NA,Americas,HND,2423.76634916911,NA,57.3550236357547
HND,2020,17.065,45.24829865,2.577,0.1367349286351507,NA,Americas,HND,2189.43168668222,NA,56.8691654042685
HND,2019,10.774,39.3883521850111,2.611,0.1205743229948883,NA,Americas,HND,2447.61649282181,25.3231382609304,56.3791561389766
HND,2018,10.49,36.0400608231468,2.645,0.1204833273872494,NA,Americas,HND,2430.13503657762,26.3838242053705,55.8852577716247
HND,2017,10.746,31.7357924661485,2.663,0.1197156284164829,NA,Americas,HND,2383.37398439714,24.5585599156436,55.3877322339915
HND,2016,12.58,29.5282180796457,2.704,0.1190000919541825,NA,Americas,HND,2315.72983058198,21.0025442228384,54.8868414578857
HND,2015,11.042,27.1395454833776,2.746,0.1186850281307624,NA,Americas,HND,2271.20265980349,20.3152639116671,54.3828473751434
HND,2014,11.865,23,2.793,0.1163791908063166,NA,Americas,HND,2229.24772232218,19.7241865242748,53.8768089124249
HND,2013,9.823,17.8,2.855,0.1169575059827027,NA,Americas,HND,2205.40126728067,19.4476759264062,53.356379133253
HND,2012,6.972,18.12,2.927,0.1151717043031365,NA,Americas,HND,2188.39378817891,18.9442917508647,52.6641557109031
HND,2011,8.064,15.9,2.998,0.1154479611466998,NA,Americas,HND,2144.56265540491,NA,51.9908892304951
HND,2010,7.506,11.09,3.078,0.1126371963727717,NA,Americas,HND,2108.47314459603,19.2757550175649,51.3273733161098
HND,2009,6,9.800000191,3.173,0.1127994367041101,NA,Americas,HND,2076.30859895638,NA,50.6740175729851
HND,2008,5.521,9.6,3.26,0.110861769707685,NA,Americas,HND,2175.14709403064,17.5304298400879,50.0312316063593
HND,2007,5.505,9.399999619,3.351,0.1110911102523471,NA,Americas,HND,2134.19540639485,NA,49.3994250214704
HND,2006,6.186,7.800000191,3.449,0.1113575472679187,NA,Americas,HND,2056.53491469231,NA,48.7790074235564
HND,2005,8.732,6.5,3.577,0.110459317495017,NA,Americas,HND,1975.85647913236,NA,48.1703884178554
HND,2004,10.55,5.6,3.71,0.1110979375072458,NA,Americas,HND,1908.90950050464,15.9416399002075,47.5739776096056
HND,2003,9.201,4.8,3.844,0.1108914566334434,NA,Americas,HND,1842.29750018813,15.888970375061,46.990184604045
HND,2002,6.963,2.5974025974026,4,0.1091314874564178,NA,Americas,HND,1807.97305547292,NA,46.4194190064116
HND,2001,6.814,1.41528193123711,4.153,0.1087639439275973,NA,Americas,HND,1789.18816032117,NA,45.8623033555915
HND,2000,6.585,1.20385599891878,4.289,0.1090958390453958,NA,Americas,HND,1789.47798512637,12.8694696426392,45.3233354392127
HKG,2023,8.973,95.97781908,0.751,NA,NA,Asia,HKG,43550.6298747786,105.461738484398,100
HKG,2022,11.03,95.61357052,0.701,NA,NA,Asia,HKG,43281.6852291306,100.776315789474,100
HKG,2021,12.79,93.08715788,0.772,NA,NA,Asia,HKG,44530.9262090583,97.3813269493844,100
HKG,2020,15.533,92.41313602,0.883,NA,NA,Asia,HKG,41451.2981131333,89.9479038224414,100
HKG,2019,8.527,91.7434003891587,1.064,NA,NA,Asia,HKG,44195.2768644431,83.8542119335773,100
HKG,2018,8.731,90.5073953294283,1.08,NA,NA,Asia,HKG,45280.5079891951,78.2463196011546,100
HKG,2017,8.531,89.4159446487565,1.128,NA,NA,Asia,HKG,44380.8100340362,72.9228515909643,100
HKG,2016,9.728,87.47941467087,1.205,NA,NA,Asia,HKG,43087.5455578429,70.3316379391101,100
HKG,2015,10.424,84.9483529634062,1.196,NA,NA,Asia,HKG,42432.1619740441,68.7008718656545,100
HKG,2014,9.202,79.8662704309064,1.235,NA,NA,Asia,HKG,41796.8681867763,69.6881506285714,100
HKG,2013,9.444,74.2,1.125,NA,NA,Asia,HKG,40959.9813033996,68.0858986854034,100
HKG,2012,9.229,72.9,1.285,NA,NA,Asia,HKG,39887.8339456509,60.9527896995708,100
HKG,2011,9.269,72.19999695,1.204,NA,NA,Asia,HKG,39656.3392885062,60.2208370436331,100
HKG,2010,12.097,72,1.127,NA,NA,Asia,HKG,38090.0213994329,59.0325529542921,100
HKG,2009,12.49,69.4,1.055,NA,NA,Asia,HKG,35938.5902369431,56.5805511474609,100
HKG,2008,8.514,66.7,1.064,NA,NA,Asia,HKG,36924.0883854556,55.8018608093262,100
HKG,2007,8.973,64.8,1.028,NA,NA,Asia,HKG,36371.6859370268,42.6142997741699,100
HKG,2006,10.374,60.8,0.984,NA,NA,Asia,HKG,34458.0498746756,33.7220993041992,100
HKG,2005,10.671,56.9,0.959,NA,NA,Asia,HKG,32401.3907659685,32.9854888916016,100
HKG,2004,12.073,56.3998803935333,0.922,NA,NA,Asia,HKG,30304.3126863152,32.296459197998,100
HKG,2003,14.84,52.2000433497404,0.901,NA,NA,Asia,HKG,28097.108881817,32.2168502807617,100
HKG,2002,14.814,43.0823830278909,0.941,NA,NA,Asia,HKG,27210.0693480769,NA,100
HKG,2001,11.196,38.6714032309569,0.931,NA,NA,Asia,HKG,26885.4284833926,NA,100
HKG,2000,11.064,27.8277606812581,1.032,NA,NA,Asia,HKG,26933.2377453994,NA,100
HUN,2023,12.779,91.4500713,1.55,0.134690305915222,169.24252427585674,Europe,HUN,16375.0462724192,56.5924415588379,70.2923026891431
HUN,2022,10.541,89.14282688,1.57,0.128478945825748,179.94330475823674,Europe,HUN,16487.7973935944,60.2746810913086,70.1585064243445
HUN,2021,13.549,88.64083466,1.63,0.1295170705558031,169.5674100029345,Europe,HUN,15787.9535427563,58.6536102294922,70.2059275331413
HUN,2020,12.882,84.77115202,1.61,0.1282201613371916,154.09886865957625,Europe,HUN,14664.2971195385,56.6071815490723,70.2917327880859
HUN,2019,11.472,80.3716936050482,1.58,0.1187307712239088,150.962381960186,Europe,HUN,15290.8085466331,54.2122917175293,70.4565277099609
HUN,2018,10.115,76.0743606365063,1.57,0.1193589026372727,134.80998194392026,Europe,HUN,14533.7783144312,52.5629386901855,70.4711761474609
HUN,2017,10.699,76.7505471201922,1.56,0.1197041666373495,122.03527065046426,Europe,HUN,13734.2442804335,51.3840599060059,70.4542541503906
HUN,2016,12.923,79.2594121273057,1.55,0.1202183298474522,112.31207124771575,Europe,HUN,13145.6559885563,50.7361488342285,70.4733810424805
HUN,2015,17.272,72.8347370323805,1.46,0.1205194870825004,100.00000000000003,Europe,HUN,12782.9412577973,50.9797401428223,70.4847717285156
HUN,2014,20.378,75.6531974544103,1.45,0.1204700149457406,88.85771963264335,Europe,HUN,12287.3779441033,53.4245910644531,70.3071053512008
HUN,2013,26.545,72.6439,1.36,0.1206295120745281,86.25174616207205,Europe,HUN,11729.5720798501,57.5212211608887,69.9277636266638
HUN,2012,28.185,70.579998153838,1.34,0.1205176705099379,89.80368112469195,Europe,HUN,11440.7622718825,60.6758003234863,69.5772326660156
HUN,2011,25.957,68.0199878861296,1.23,0.1193980919216328,98.17710202363175,Europe,HUN,11536.3578996772,59.9984893798828,69.4779934082031
HUN,2010,26.392,65,1.25,0.119165902107837,104.99352224414025,Europe,HUN,11287.3686666108,60.7487602233887,69.5305480957031
HUN,2009,26.393,62,1.32,0.1188933951447441,111.458754555412,Europe,HUN,11142.885928524,61.9771690368652,68.4592590332031
HUN,2008,19.602,61,1.35,0.1177343351209977,122.3977955926455,Europe,HUN,11929.7209867703,63.9738388061523,68.0976986078883
HUN,2007,18.147,53.3,1.32,0.1174898848935918,126.3994076737385,Europe,HUN,11791.7074416876,66.2652969360352,67.0041656494141
HUN,2006,19.364,47.06,1.34,0.1173228383487395,NA,Europe,HUN,11734.4544729813,66.3986663818359,67.0155868530273
HUN,2005,19.653,38.97,1.31,0.1176128377070973,NA,Europe,HUN,11272.7345428122,64.9774017333984,66.1261367797852
HUN,2004,14.604,27.74,1.28,0.1177829861747607,NA,Europe,HUN,10786.4881991495,61.5071411132812,65.0225372314453
HUN,2003,13.171,21.63,1.27,0.1169699741988742,NA,Europe,HUN,10253.723920764,54.6346397399902,64.8452987670898
HUN,2002,11.754,16.67,1.3,0.1171571488786557,NA,Europe,HUN,9836.94065083321,47.357421875,65.0400009155273
HUN,2001,11.036,14.5285543028277,1.31,0.1169012569033009,NA,Europe,HUN,9365.95393193015,42.3478889465332,64.646880283041
HUN,2000,12.862,6.99967635062916,1.32,0.1162322339143948,NA,Europe,HUN,8979.73578602949,NA,64.2602344392211
ISL,2023,8.488,97.94860077,1.55,0.1901199759161318,168.06906916330848,Europe,ISL,60019.4084189868,76.5200729370117,94.1518261784801
ISL,2022,8.421,97.58339691,1.589,0.1827555458699075,168.173899544648,Europe,ISL,57606.8756094882,84.985237121582,94.1787071228028
ISL,2021,11.831,99.68701957,1.82,0.1805382869059383,148.697042695102,Europe,ISL,54285.0209153958,86.5232086181641,94.2108206403841
ISL,2020,9.872,99.5327519,1.72,0.1776911332514241,136.4322232915005,Europe,ISL,52464.3072858637,74.5906066894531,94.1367102874722
ISL,2019,8.449,99.5049411693787,1.74,0.1617025652571696,132.94438561682026,Europe,ISL,57118.8452718755,70.6093521118164,93.9770847416131
ISL,2018,5.902,99.0109539916991,1.71,0.1604193691974067,133.33008480979376,Europe,ISL,57731.6523401884,69.3402328491211,93.8526667025487
ISL,2017,7.544,98.2552011867973,1.71,0.1561036602784456,128.2638144302265,Europe,ISL,56657.9800285572,71.3372497558594,93.7718982310092
ISL,2016,6.317,98.23999786,1.74,0.1541587377268014,107.19891772932625,Europe,ISL,56049.2928648152,74.7006301879883,93.7822647094726
ISL,2015,8.578,98.19999695,1.8,0.152599717971491,99.99999999999997,Europe,ISL,53505.6964079339,75.6419982910156,93.727919768566
ISL,2014,9.566,98.1580233097118,1.93,0.1513373802132621,94.0443489389981,Europe,ISL,52102.5757919438,80.3950881958008,93.6196716315805
ISL,2013,10.415,96.5468,1.93,0.1497777912604052,89.14697616909235,Europe,ISL,51696.0876528983,78.3723907470703,93.6166725158692
ISL,2012,13.201,96.2097995545657,2.04,0.1481057678348279,87.42276709660948,Europe,ISL,50375.4116888351,79.5824813842773,93.514892578125
ISL,2011,14.151,94.8196868008949,2.02,0.1462709787145663,86.37752823695047,Europe,ISL,50058.8302502676,79.9194183349609,93.41106112427
ISL,2010,15.857,93.39,2.2,0.1446620149802436,85.54791248755015,Europe,ISL,49528.4864575422,78.5030899047852,93.4588348107886
ISL,2009,15.455,93,2.23,0.1432654313252379,91.67318625743452,Europe,ISL,50581.0846203691,72.4675521850586,93.4441340553707
ISL,2008,7.868,91,2.15,0.1417436742047266,117.3583764877055,Europe,ISL,55360.8136015347,73.5754699707031,93.0646442174216
ISL,2007,6.685,90.6,2.09,0.1408608458361367,126.49616305312651,Europe,ISL,55457.3601417561,73.1370162963867,92.3614571703229
ISL,2006,7.921,89.51,2.08,0.140260798666115,121.12544325034575,Europe,ISL,52306.1284689188,72.9682083129883,92.1949009038813
ISL,2005,7.051,87,2.05,0.1395787476335655,111.2965541040886,Europe,ISL,50674.4411254865,69.8324279785156,92.377441015064
ISL,2004,11.49,83.88,2.04,0.1388184318468089,87.76212457247743,Europe,ISL,48101.7116286153,66.5821762084961,92.4377293375354
ISL,2003,11.815,83.14,1.99,0.1380196748252281,82.1250805469485,Europe,ISL,45088.9225976672,60.0269813537598,92.3235559316863
ISL,2002,6.158,79.12,1.93,0.1375809712785553,74.33073173525051,Europe,ISL,44389.5560505836,52.6091117858887,92.1674022598912
ISL,2001,4.86,49.3929953676426,1.95,0.137481995425922,74.76539686505603,Europe,ISL,44545.9822640262,46.9373588562012,92.0452304560359
ISL,2000,4.246,44.470533824288,2.08,0.1373832223633334,76.25095018707974,Europe,ISL,43472.3369863945,45.9174499511719,91.9674192031642
IND,2023,15.595,60.25230026,1.975,0.1462090150792447,99.342531818453807,Asia,IND,2270.9051808027,34.2394344991225,35.0676918424186
IND,2022,17.732,55.9,1.994,0.1376309634812883,99.11910164486318,Asia,IND,2098.2112447615,32.6703053423023,34.7555673994206
IND,2021,20.824,49.2580986,2.014,0.1356581238743571,103.5936567628795,Asia,IND,1965.30943437506,31.5741765984501,34.4425517181304
IND,2020,24.666,43.40544313,2.047,0.1344665511065646,106.6998037421925,Asia,IND,1806.50110583878,29.8196397708424,34.1286726088333
IND,2019,22.947,29.52350044,2.12,0.1198010023717864,108.53545232440351,Asia,IND,1936.03067741067,29.0233593907143,33.8139578818147
IND,2018,26.003,20.0813000379384,2.184,0.1190151040283189,108.8927261407785,Asia,IND,1883.35772705062,28.5316865291946,33.4984353473598
IND,2017,25.591,18.200000760000002,2.193,0.1186569884908217,107.5095404911485,Asia,IND,1788.69770318446,27.9090519049334,33.1821328157539
IND,2016,25.23,16.5,2.284,0.1180531185142007,102.55235532760457,Asia,IND,1694.46534973825,27.3043573857643,32.8650780972823
IND,2015,24.959,14.899999619999999,2.289,0.1172833321622973,99.99999999999977,Asia,IND,1583.99815907985,27.2845677075978,32.5472990022299
IND,2014,24.709,13.5,2.293,0.1163297328023571,91.28578116185523,Asia,IND,1484.31640682913,25.991324706788,32.2288233408821
IND,2013,24.473,12.30000019,2.399,0.1154313864000267,84.41637152532198,Asia,IND,1399.4537980287,24.390638443123,31.9096789235237
IND,2012,24.135,11.100000380000001,2.47,0.1148780543287223,79.3809851194292,Asia,IND,1333.09626557668,24.9402082606779,31.5898935604399
IND,2011,23.641,10.07,2.532,0.1142566714924112,69.20029351148256,Asia,IND,1281.61054354933,23.8253684220097,31.2746502853309
IND,2010,23.299,7.5,2.598,0.1135616879120791,62.85232115237862,Asia,IND,1235.15939133951,18.6971831309683,30.9042190810094
IND,2009,22.862,5.12,2.674,0.1128470165440762,57.431410364929825,Asia,IND,1155.10163274172,16.6775093078613,30.5185314023263
IND,2008,22.417,4.38,2.711,0.1122110483628149,NA,Asia,IND,1086.50605251513,15.6485204696655,30.1438485921815
IND,2007,21.863,3.95,2.775,0.1115149240450393,NA,Asia,IND,1069.24696813025,13.6564798355103,29.7810426848684
IND,2006,21.472,2.80549986534254,2.867,0.1110826984784391,NA,Asia,IND,1008.23275343783,11.9628095626831,29.4309857146804
IND,2005,21.117,2.388099909,2.958,0.1109572002559152,NA,Asia,IND,947.732565646672,11.1277303695679,29.0945497159107
IND,2004,20.988,1.97613649190559,3.046,0.11076580095342,NA,Asia,IND,892.596614581612,11.3926801681519,28.7726067228528
IND,2003,20.855,1.68648997063625,3.122,0.1111377358649259,NA,Asia,IND,841.278894571674,11.0576400756836,28.4660287698
IND,2002,20.761,1.53787558175083,3.217,0.1114654885315964,NA,Asia,IND,793.615912906381,10.5586500167847,28.1756878910456
IND,2001,20.422,0.660146377009928,3.303,0.1114277405607005,NA,Asia,IND,778.507377528365,10.0273504257202,27.9028652096636
IND,2000,20.198,0.527532449930946,3.35,0.1118006170493411,NA,Asia,IND,756.704109527449,9.93826007843018,27.6470407512523
IDN,2023,13.015,69.20836554,2.127,0.1001338022929102,92.88318887458918,Asia,IDN,4192.65167890692,44.8813034886441,58.1179353397878
IDN,2022,14.054,66.48461277,2.149,0.0949170278473703,95.11540694837875,Asia,IDN,4024.91225288391,42.3260385456152,57.4934704226599
IDN,2021,13.8,62.10447842,2.166,0.0949291384426429,97.84641051071247,Asia,IDN,3850.68877253903,40.6293239880732,56.8761702464027
IDN,2020,14.773,53.72649449,2.189,0.0929581669388508,98.12143419564585,Asia,IDN,3739.44906563161,38.1650601406923,56.2785287648768
IDN,2019,13.577,47.6906489788375,2.205,0.0849612477072353,98.51990546382174,Asia,IDN,3850.90321738979,37.3230862728703,55.7382049560547
IDN,2018,16.369,39.9046386385762,2.219,0.084619111786975107,99.79438022523198,Asia,IDN,3701.32155461912,36.1494878042588,55.0956840515137
IDN,2017,14.553,32.335806250688,2.253,0.0840203567751717,99.84022951543368,Asia,IDN,3553.51999262321,35.967012362631,54.4541015625
IDN,2016,15.997,25.447353701827,2.311,0.0832429719483901,100.06291825364053,Asia,IDN,3416.81005170972,34.8307173410877,53.812557220459
IDN,2015,17.224,22.062742603379,2.346,0.0829343277383648,99.99999999999991,Asia,IDN,3288.22269725538,32.4590200433758,53.1720771789551
IDN,2014,15.977,17.1431598350566,2.393,0.0822782998461036,99.08897696971857,Asia,IDN,3170.72103011429,29.9904910473273,52.5002136230469
IDN,2013,15.977,14.94,2.441,0.0818665065906585,97.90186842736425,Asia,IDN,3055.24246006469,29.894529174265,51.8307495117188
IDN,2012,15.673,14.52,2.514,0.0814512302121072,92.49911911066795,Asia,IDN,2930.518445323,29.0425391195214,51.1593933105469
IDN,2011,18.393,12.28,2.515,0.0808516376451125,93.94459487680187,Asia,IDN,2799.62468790318,25.027444191823,50.4830017089844
IDN,2010,17.691,10.92,2.462,0.0807260290919519,96.16860936958263,Asia,IDN,2670.8129098953,23.4159086398462,49.8521375148888
IDN,2009,19.106,6.92,2.442,0.0807574138069595,100.6719234564752,Asia,IDN,2546.21969707767,22.6933307647705,49.16775798133
IDN,2008,19.644,7.917500019,2.44,0.0800930306812509,104.79980390529175,Asia,IDN,2464.60193418272,20.5209503173828,48.4644736032029
IDN,2007,22.861,5.78627472934199,2.476,0.0804403507686475,116.1588835082305,Asia,IDN,2355.1528565328,17.5765991210938,47.7432993585496
IDN,2006,24.616,4.7648131336665704,2.457,0.0803591044305388,129.76435015281425,Asia,IDN,2244.0802226202,16.767240524292,47.0017588692457
IDN,2005,26.302,3.60202476259646,2.452,0.0800422029030772,140.247005673317,Asia,IDN,2155.4478015921,16.6967105865479,46.2373757571669
IDN,2004,23.617,2.60028587633414,2.415,0.0801018506797987,150.649782500972,Asia,IDN,2065.70617470842,16.1766300201416,45.4476736441888
IDN,2003,21.436,2.38701977959476,2.41,0.0798197597288557,154.231614637435,Asia,IDN,1991.91820506473,15.7722797393799,44.6301761521872
IDN,2002,21.434,2.13413573295808,2.436,0.079711749738071,156.25529784900326,Asia,IDN,1926.37435868149,14.6824598312378,43.7824069030376
IDN,2001,19.035,2.01861385948459,2.466,0.0797732561805409,NA,Asia,IDN,1868.59172307292,14.1229801177978,42.9018895186157
IDN,2000,19.147,0.925563864466858,2.503,0.0793957815078551,NA,Asia,IDN,1828.10265968361,14.810640335083,41.9861540600656
IRN,2023,21.265,83.71050262,1.695,0.2202052715534367,NA,Asia,IRN,5687.84396330117,NA,76.6759567260742
IRN,2022,22.686,81.71649933,1.704,0.2044202226808981,NA,Asia,IRN,5465.31447539413,58.6838607788086,76.3342208862305
IRN,2021,23.752,78.5957366,1.709,0.2018172026365735,NA,Asia,IRN,5300.62271961895,54.3051986694336,75.9926376342773
IRN,2020,23.712,75.56986637,1.7,0.2024033259177098,NA,Asia,IRN,5132.82430762118,55.6366691589355,75.5986404418945
IRN,2019,25.948,72.4509047672065,1.766,0.1774259562958751,NA,Asia,IRN,4952.45669081078,58.1169509887695,75.2038879394531
IRN,2018,27.502,70.2005650008363,1.919,0.1778907093438115,NA,Asia,IRN,5127.22495367018,60.8611488342285,74.8034286499023
IRN,2017,28.208,64.0439736249513,2.023,0.1776109851342872,NA,Asia,IRN,5395.2398398598,66.351448059082,74.4011840820312
IRN,2016,29.087,53.2267716709857,2.054,0.1773062356575411,NA,Asia,IRN,5312.61724954192,67.9112319946289,73.8796100096595
IRN,2015,25.962,45.3349761533285,2.017,0.177143428266872,NA,Asia,IRN,4952.73355532178,70.6858520507812,73.3561403575949
IRN,2014,24.972,39.353614505223,1.975,0.1759486613365337,NA,Asia,IRN,5093.20319702187,64.4999084472656,72.8324070385223
IRN,2013,23.872,29.95,1.913,0.1765183459227874,NA,Asia,IRN,4916.97291948475,56.4632682800293,72.3030873515412
IRN,2012,26.894,22.73,1.851,0.17583261394537,NA,Asia,IRN,5058.64637811835,53.9002494812012,71.7633634041294
IRN,2011,26.645,19,1.792,0.17459424147032,NA,Asia,IRN,5321.75870744453,48.0596084594727,71.204050944517
IRN,2010,28.7,15.9,1.749,0.1737190453327463,NA,Asia,IRN,5249.06133369759,42.5482215881348,70.6092626774386
IRN,2009,24.716,13.80000019,1.74,0.1744432338536806,NA,Asia,IRN,5023.89314362941,36.4833183288574,69.99007683587
IRN,2008,23.136,12.02,1.743,0.1752978137719091,NA,Asia,IRN,5035.94008533618,36.1939392089844,69.3790072996746
IRN,2007,22.347,9.470000267,1.748,0.1767561517679033,NA,Asia,IRN,5084.71796043623,29.8213806152344,68.806189933608
IRN,2006,23.534,8.760000229,1.755,0.1773979609902738,NA,Asia,IRN,4778.7934584732,25.3070392608643,68.3101850492144
IRN,2005,23.396,8.100000381,1.756,0.1781259698317787,NA,Asia,IRN,4650.35841490708,22.6841907501221,67.8708801269531
IRN,2004,20.347,7.49,1.78,0.178144297324443,NA,Asia,IRN,4607.45169088209,21.3706798553467,67.2567367553711
IRN,2003,22.683,6.93372195304053,1.801,0.1781540869824773,NA,Asia,IRN,4511.43134034458,19.4057903289795,66.6049270629883
IRN,2002,25.174,4.62617511492205,1.836,0.1780610198213433,NA,Asia,IRN,4198.95356080727,18.2758693695068,65.9271621704102
IRN,2001,24.28,1.48422133163363,1.918,0.1779539187535246,NA,Asia,IRN,3917.29935489016,19.4918804168701,65.2168655395508
IRN,2000,23.088,0.934190019959829,1.999,0.1777253866111375,NA,Asia,IRN,3885.30183360649,18.780179977417,64.4780120849609
IRQ,2023,31.514,81.80889893,3.249,0.1676693220597004,NA,Asia,IRQ,4337.08705324182,NA,69.868278503418
IRQ,2022,31.791,78.71560926,3.294,0.1572142450720819,NA,Asia,IRQ,4412.99733146512,NA,69.8682861328125
IRQ,2021,35.653,65.00219727,3.358,0.1552941061389287,NA,Asia,IRQ,4182.5006404573,NA,69.8682708740234
IRQ,2020,34.45,53.67779922,3.419,0.1569963715700022,NA,Asia,IRQ,4213.99843766061,NA,69.8683166503906
IRQ,2019,29.75,44.3263465511579,3.48,0.1376436519840879,NA,Asia,IRQ,4898.14897652265,NA,69.8683395385742
IRQ,2018,27.338,33.92810059,3.547,0.1375743577672825,NA,Asia,IRQ,4749.00921836896,NA,69.8765148865842
IRQ,2017,25.276,25.96920013,3.64,0.1376943909202841,NA,Asia,IRQ,4736.32710809857,NA,69.8944511190753
IRQ,2016,22.446,19.87719917,3.843,0.1375499601937372,NA,Asia,IRQ,4932.9272911439,NA,69.9123778259643
IRQ,2015,21.387,15.21440029,4.08,0.1370844672558764,NA,Asia,IRQ,4440.14189252367,NA,69.920524597168
IRQ,2014,19.908,11.6453267304545,4.31,0.1364708987450661,NA,Asia,IRQ,4446.97343234862,NA,69.6666641235352
IRQ,2013,17.913,9.199999809,4.441,0.1357194930987117,NA,Asia,IRQ,4504.82687537354,NA,69.444450378418
IRQ,2012,16.091,7.099999905,4.544,0.1349486273612975,NA,Asia,IRQ,4387.90469058707,NA,69.2222213745117
IRQ,2011,16.453,5,4.588,0.1348043010616517,NA,Asia,IRQ,4030.01686860986,NA,69.1252233869916
IRQ,2010,16.579,2.5,4.457,0.1345652468020165,NA,Asia,IRQ,3881.94327045302,NA,69.0582953378474
IRQ,2009,16.818,1.06,4.378,0.1344290678593822,NA,Asia,IRQ,3768.17284328983,NA,68.9742328505284
IRQ,2008,16.914,1,4.373,0.1343296858218032,NA,Asia,IRQ,3781.78001712762,NA,68.8569818968574
IRQ,2007,17.207,0.93,4.404,0.134128391200438,NA,Asia,IRQ,3565.58054079041,NA,68.716475540845
IRQ,2006,16.761,0.95234424383919,4.459,0.1340520121254179,NA,Asia,IRQ,3471.98744698568,NA,68.5590667282222
IRQ,2005,16.908,0.899999976,4.446,0.1336865845020183,NA,Asia,IRQ,3310.86344473993,15.5580997467041,68.391425621866
IRQ,2004,17.022,0.9,4.527,0.1334292915197388,NA,Asia,IRQ,3354.26588756715,15.5104904174805,68.2202223846538
IRQ,2003,17.271,0.6,4.581,0.1335007170592846,NA,Asia,IRQ,2250.06990123369,NA,68.0521271794625
IRQ,2002,16.64,0.5,4.668,0.132997210250361,NA,Asia,IRQ,3660.92527507177,12.6159200668335,67.8938101691696
IRQ,2001,15.955,0.1,4.799,0.132989365800357,NA,Asia,IRQ,4116.09405320279,NA,67.751941516652
IRQ,2000,15.505,NA,4.92,0.1330199856188446,NA,Asia,IRQ,4172.78025105244,12.0502004623413,67.6331913847871
IRL,2023,10.161,96.8660965,1.5,0.2143226578451302,133.46873649013574,Europe,IRL,93541.9643678381,NA,64.1152082461268
IRL,2022,9.389,95.03690338,1.51,0.202435573342606,140.6890433880945,Europe,IRL,97793.5366671697,77.5933380126953,63.8920250215059
IRL,2021,15.612,93.50610352,1.72,0.2000962491158978,134.56647772273874,Europe,IRL,92781.2322150786,78.4613265991211,63.6774229356985
IRL,2020,15.263,91.99989097,1.6,0.1966358739979367,127.99765160051174,Europe,IRL,80927.936475395,74.1961975097656,63.4713366724915
IRL,2019,12.457,87.0000552425146,1.69,0.17749606582364,127.70052001974375,Europe,IRL,76485.635854651,74.444580078125,63.2737009154127
IRL,2018,13.756,87.0001401148942,1.74,0.1756191377409684,126.91481678384,Europe,IRL,74029.0550611436,76.7604675292969,63.0844503476779
IRL,2017,14.402,84.1140070623844,1.76,0.1732704673676649,116.87336138159175,Europe,IRL,69748.6221034014,77.5191116333008,62.9035196521232
IRL,2016,16.797,83.5,1.81,0.1725117551411075,106.5855228955145,Europe,IRL,64205.979777351,77.5571365356445,62.7229399123734
IRL,2015,20.235,83.4947916666667,1.85,0.1692658947400619,100,Europe,IRL,64250.1385181257,77.2321472167969,62.6392123492764
IRL,2014,23.416,83.4917223351728,1.89,0.167655973235097,90.70102499578968,Europe,IRL,52044.6201181887,73.813232421875,62.535401730577
IRL,2013,26.732,78.2477,1.93,0.1648871815354699,78.91953115055901,Europe,IRL,47928.0346487005,71.6995468139648,62.4047157756118
IRL,2012,30.792,76.919992540097,1.98,0.1619462040511115,79.07832464483637,Europe,IRL,47147.1604669421,68.1972503662109,62.2529318511038
IRL,2011,29.579,74.8899729670944,2.03,0.1593268498154982,92.70882622907605,Europe,IRL,47539.9181739968,67.7985916137695,62.0872735820277
IRL,2010,28.157,69.85,2.05,0.1555341506509985,112.96768047337275,Europe,IRL,46991.6464673949,63.1264381408691,61.8910689348512
IRL,2009,24.509,67.38,2.06,0.1540645780073398,128.46076764210125,Europe,IRL,46466.3794269222,56.503978729248,61.6421022728798
IRL,2008,13.471,65.34,2.06,0.1516908945778255,146.7706255222005,Europe,IRL,49461.1594281353,54.0174713134766,61.3581903884996
IRL,2007,9.159,61.158324551,2.01,0.1494623011777658,158.50044608308923,Europe,IRL,52849.6948429458,58.3019905090332,61.0601979374234
IRL,2006,7.909,54.82,1.91,0.1493603108375803,152.12773587508275,Europe,IRL,51656.8194855887,58.4411811828613,60.7703677431593
IRL,2005,7.821,41.61,1.86,0.1465652015939444,136.2048948608315,Europe,IRL,50547.2123729763,58.8693199157715,60.4882988006461
IRL,2004,7.874,36.99,1.93,0.1450453798995904,127.4271317417875,Europe,IRL,48856.3238587396,58.9219093322754,60.1994750854288
IRL,2003,7.706,34.31,1.96,0.1435678242648634,116.24772121457775,Europe,IRL,46594.8620267616,55.8461685180664,59.9120142632573
IRL,2002,7.358,25.85,1.97,0.1430706719143407,104.892158376065,Europe,IRL,45974.4881988842,53.5348014831543,59.6367259990731
IRL,2001,5.858,23.1388121904053,1.94,0.1429589970797543,102.37388297752699,Europe,IRL,44151.1536032557,50.6748008728027,59.3763923617156
IRL,2000,6.257,17.8504672405807,1.89,0.14151672486628,94.23411402534107,Europe,IRL,42599.4803921319,NA,59.1247997891425
IMN,2023,NA,NA,1.548,NA,NA,Europe,IMN,NA,NA,52.1832571730182
IMN,2022,NA,NA,1.556,NA,NA,Europe,IMN,86103.3379308107,NA,52.1955609162662
IMN,2021,NA,NA,1.569,NA,NA,Europe,IMN,89873.5420093569,NA,52.1999559660634
IMN,2020,NA,NA,1.585,NA,NA,Europe,IMN,86595.0676099275,NA,52.1909519786866
IMN,2019,NA,NA,1.606,NA,NA,Europe,IMN,95110.1385990737,NA,52.1789898247578
IMN,2018,NA,NA,1.636,NA,NA,Europe,IMN,95040.4061748938,NA,52.1651893864538
IMN,2017,NA,NA,1.674,NA,NA,Europe,IMN,93200.3108083857,NA,52.1498415744309
IMN,2016,NA,NA,1.713,NA,NA,Europe,IMN,90783.7647245394,NA,52.1331532169475
IMN,2015,NA,NA,1.748,NA,NA,Europe,IMN,84753.5187422732,NA,52.1164840474526
IMN,2014,NA,NA,1.79,NA,NA,Europe,IMN,84778.5806639347,NA,52.0997913403899
IMN,2013,NA,NA,1.824,NA,NA,Europe,IMN,80383.8273088527,NA,52.0804107092926
IMN,2012,NA,NA,1.864,NA,NA,Europe,IMN,77009.2978612012,NA,52.0555317322629
IMN,2011,NA,NA,1.903,NA,NA,Europe,IMN,71727.5055082703,NA,52.0246324097527
IMN,2010,NA,NA,1.928,NA,NA,Europe,IMN,70747.8417587183,NA,51.9396170300917
IMN,2009,NA,NA,1.937,NA,NA,Europe,IMN,69192.0258221691,NA,51.7305375428215
IMN,2008,NA,NA,1.941,NA,NA,Europe,IMN,68520.6825624937,NA,51.4683663096054
IMN,2007,NA,NA,1.927,NA,NA,Europe,IMN,66029.9755907183,NA,51.2353481079414
IMN,2006,NA,NA,1.905,NA,NA,Europe,IMN,62075.7601604994,NA,51.1148712415781
IMN,2005,NA,NA,1.863,NA,NA,Europe,IMN,58201.5990838178,NA,51.1608382095573
IMN,2004,NA,NA,1.826,NA,NA,Europe,IMN,55464.0220993356,NA,51.3260536002657
IMN,2003,NA,NA,1.84,NA,NA,Europe,IMN,53224.3527757804,NA,51.5389094585101
IMN,2002,NA,NA,1.863,NA,NA,Europe,IMN,50714.5824703383,NA,51.7294050812584
IMN,2001,NA,NA,1.87,NA,NA,Europe,IMN,48252.7638498277,NA,51.8267726358515
IMN,2000,NA,NA,1.866,NA,NA,Europe,IMN,46274.9709691403,NA,51.8280887588444
ISR,2023,5.873,87.03842615,2.85,0.173898670339522,136.5339608242275,Asia,ISR,42011.6213954855,57.143440246582,91.5089569794505
ISR,2022,6.719,91.85079615,2.89,0.1659493245894201,138.998340271294,Asia,ISR,42516.3888090274,58.9500617980957,91.4979834273327
ISR,2021,7.649,90.29689758,3,0.1657091526720953,124.38170687812425,Asia,ISR,40804.9689802536,60.2585487365723,91.5353517549466
ISR,2020,7.645,90.12734091,2.9,0.1643346880829612,116.3506330792335,Asia,ISR,37935.5432717179,57.633861541748,91.5788453228939
ISR,2019,6.525,86.7878776180583,3.01,0.1497925108648679,112.33938618301225,Asia,ISR,39407.2016076709,57.4564514160156,91.6154002002652
ISR,2018,7.025,83.7331569615326,3.09,0.1489117456763581,110.9937503824105,Asia,ISR,38729.6426036983,58.6109886169434,91.6456193546346
ISR,2017,7.151,81.5811835871611,3.11,0.1483262914919462,112.80443385734425,Asia,ISR,37963.0491190696,60.3434600830078,91.6701057535759
ISR,2016,8.514,79.6531241815281,3.11,0.1474169654651336,108.5082684917865,Asia,ISR,37093.7879065422,61.4426498413086,91.6894623646632
ISR,2015,9.202,77.3520896572253,3.09,0.1464750052571153,99.99999999999994,Asia,ISR,36213.1041481958,61.6271781921387,91.7042921554705
ISR,2014,10.429,75.0177531628076,3.08,0.1459760666544682,94.0828128754805,Asia,ISR,36129.3146105805,62.6224403381348,91.7151980935716
ISR,2013,10.4,70.250311945000007,3.03,0.1456023546393763,88.84185099742837,Asia,ISR,35489.5086561247,62.6519393920898,91.7227831465406
ISR,2012,11.99,70.8,3.05,0.1438576405857734,83.13436952982018,Asia,ISR,34738.6587001,64.2354736328125,91.7276502819515
ISR,2011,11.825,68.8738779907441,2.98,0.1431335353098496,82.10314361711215,Asia,ISR,34540.6749784398,62.7604484558105,91.7304024673781
ISR,2010,14.22,67.5,3.03,0.1422096411980382,76.5504922905844,Asia,ISR,33344.7213294093,62.1285705566406,91.7316426703946
ISR,2009,14.709,63.12,2.96,0.1412295220151851,66.71005323798508,Asia,ISR,32178.5727387015,59.5300903320312,91.7319738585748
ISR,2008,12.481,59.39,2.96,0.1400984011408332,60.16848027507592,Asia,ISR,32554.0413211945,56.7789001464844,91.7292868898136
ISR,2007,16.252,48.1280621948445,2.9,0.139088641208582,58.268118745924575,Asia,ISR,32103.162857656702,57.3098487854004,91.713639843393
ISR,2006,18.41,27.8810997,2.88,0.1386875573230976,59.8736865062206,Asia,ISR,30734.9619835354,54.7331390380859,91.6825760364229
ISR,2005,17.862,25.19400024,2.84,0.1378206709491616,60.93787260156287,Asia,ISR,29623.7172812577,55.645191192627,91.6384296279033
ISR,2004,20.657,22.7704855254035,2.9,0.137154243532588,61.7203382367423,Asia,ISR,28883.247588548,54.5026702880859,91.5829008110251
ISR,2003,22.409,19.5933936579649,2.95,0.1363569919351602,62.440279561457025,Asia,ISR,28092.6176251486,55.2073287963867,91.5176897789793
ISR,2002,20.845,17.7645990630493,2.89,0.1355167622779181,66.25556309487925,Asia,ISR,28195.8676389139,55.8358116149902,91.4444967249569
ISR,2001,18.701,17.3786238639049,2.92,0.1348090158756755,65.9323325513669,Asia,ISR,28808.1300136037,51.1147117614746,91.365021842149
ISR,2000,17.315,20.8737899981674,2.95,0.1345724961665699,68.8619375227253,Asia,ISR,29413.4894578106,NA,91.2809653237465
ITA,2023,22.727,87.0278292,1.21,0.1734893108411517,91.10368456318993,Europe,ITA,34239.6554751239,75.9496536254883,69.5381540123301
ITA,2022,23.704,85.06074504,1.24,0.1636185887404506,94.49594191167088,Europe,ITA,33891.8866526216,73.8962097167969,69.4839779766539
ITA,2021,29.665,74.8623274,1.25,0.1602540932941902,97.16998730100245,Europe,ITA,32267.7091050201,71.2745208740234,69.4812507629394
ITA,2020,29.629,70.48342785,1.24,0.1602515884748433,96.1396898598098,Europe,ITA,29469.7989238626,68.7231063842773,69.5187492370606
ITA,2019,29.102,67.8507102874836,1.27,0.1442974411893884,94.59297245667665,Europe,ITA,32180.4341017428,65.6895065307617,69.5050010681153
ITA,2018,32.185,74.3871829234822,1.31,0.1428861171641967,95.5382960481508,Europe,ITA,31819.3971830067,64.4753265380859,69.4800033569336
ITA,2017,34.726,63.0773469984291,1.34,0.1419762272475408,97.34977522930666,Europe,ITA,31635.52277108,62.69580078125,69.5180784259382
ITA,2016,37.758,61.3242527666303,1.36,0.1414457779897703,99.7309442316483,Europe,ITA,31077.6792675211,61.3571014404297,69.5969232525286
ITA,2015,40.316,58.1417349568747,1.36,0.1406139425822999,100.00000000000007,Europe,ITA,30639.8829751432,60.941291809082,69.6100006103516
ITA,2014,42.669,55.6384602242293,1.38,0.138256834165254,104.10048647890775,Europe,ITA,30325.0287793923,60.8831481933594,69.5807638614879
ITA,2013,40.022,58.4593,1.39,0.1369665556475245,109.52939989619576,Europe,ITA,30330.0221599668,60.8925285339355,69.3073989916076
ITA,2012,35.294,55.829997993283,1.42,0.1340487879039797,118.42662990325925,Europe,ITA,30953.4147447427,62.3447418212891,68.7608794235259
ITA,2011,29.145,54.3899983018814,1.42,0.1326177974153562,124.8022696259735,Europe,ITA,32039.5032494316,64.2492523193359,68.4015073889511
ITA,2010,27.91,53.68,1.44,0.1313443630667433,126.69916615506276,Europe,ITA,31928.5543621096,65.3790435791016,68.2163741829857
ITA,2009,25.352,48.83,1.44,0.1293780686899848,129.29073057797876,Europe,ITA,31587.0638416305,66.9516296386719,68.0494239486665
ITA,2008,21.217,44.53,1.44,0.1289666692870542,133.61696360633576,Europe,ITA,33550.6340800063,67.5799865722656,67.9071958431441
ITA,2007,20.384,40.79,1.39,0.1278918955354034,135.53581032461676,Europe,ITA,34159.9109244074,68.8725967407227,67.7857771296669
ITA,2006,21.792,37.99,1.37,0.12764592828416849,131.83574367673626,Europe,ITA,33873.0493680093,67.2835083007812,67.6812550714834
ITA,2005,24.113,35,1.33,0.127184999838238,127.27833926127124,Europe,ITA,33407.6754716472,65.3270263671875,67.5897169318419
ITA,2004,24.424,33.24,1.34,0.1261204109360782,120.9137450862985,Europe,ITA,33348.9744820456,63.3327293395996,67.5072499739908
ITA,2003,26.983,29.04,1.29,0.1259648576858452,112.71189180964325,Europe,ITA,33110.1698494812,60.0055885314941,67.4299414611787
ITA,2002,27.171,28.04,1.27,0.1245971526382654,105.3432010829455,Europe,ITA,33267.4474482048,56.3153915405273,67.3538786566538
ITA,2001,27.806,27.2221169788811,1.25,0.1241892550142315,98.9332427965189,Europe,ITA,33243.599343976,53.4531898498535,67.27519882288
ITA,2000,31.46,23.1108742441037,1.26,0.1238322286861059,93.80118124592848,Europe,ITA,32609.66746283,NA,67.1932283786243
JAM,2023,9.992,89.47304282,1.358,0.1611134186267469,NA,Americas,JAM,6127.90771263434,NA,58.4510149367429
JAM,2022,13.117,85.84329987,1.372,0.1568906941374071,NA,Americas,JAM,5965.46127464873,NA,57.9879906034775
JAM,2021,16.837,82.36071561,1.378,0.1581540747137181,NA,Americas,JAM,5607.45378253877,NA,57.5411017937226
JAM,2020,20.087,76.38400269,1.383,0.1542952163551975,NA,Americas,JAM,5317.84145033966,NA,57.1103647563627
JAM,2019,15.96,70.8410169743356,1.39,0.1423185451719377,NA,Americas,JAM,5814.79275311692,NA,56.6957957395074
JAM,2018,18.064,68.2145170876072,1.4,0.1426350882844541,NA,Americas,JAM,5717.87621107532,NA,56.297410990325
JAM,2017,21.686,55.0720670507751,1.428,0.1410713963505514,NA,Americas,JAM,5586.1365723133,NA,55.9152267548307
JAM,2016,24.661,44.3668563671334,1.464,0.1406226008278208,NA,Americas,JAM,5472.28314023034,NA,55.549259277615
JAM,2015,25.777,42.2212211907441,1.508,0.1395079168045818,NA,Americas,JAM,5339.30718256806,26.2334142821948,55.1995248014924
JAM,2014,26.348,40.4027351046672,1.544,0.1380657611966502,NA,Americas,JAM,5307.19165380801,NA,54.8660395670395
JAM,2013,27.228,37.1,1.591,0.1370410251829635,NA,Americas,JAM,5289.88438546111,25.6212147817614,54.548819811983
JAM,2012,23.401,33.79,1.648,0.1360833789755414,NA,Americas,JAM,5284.00852557589,27.0686781072538,54.2478817703732
JAM,2011,20.363,37.438613414848,1.717,0.1346080699748476,NA,Americas,JAM,5339.62170188798,24.7684625492773,53.956586109128
JAM,2010,20.451,27.67,1.799,0.1332804084880939,NA,Americas,JAM,5271.57221477938,25.3770890609495,53.7535679480806
JAM,2009,18.552,24.3,1.879,0.1319497547049709,NA,Americas,JAM,5372.14234169511,22.2321395874023,53.5618180258738
JAM,2008,17.182,23.6,1.953,0.1309584497629552,NA,Americas,JAM,5639.58974873397,22.3192901611328,53.3674108497524
JAM,2007,17.009,21.10000038,2.023,0.1302475797849623,NA,Americas,JAM,5710.53878446758,NA,53.1703742191887
JAM,2006,16.951,16.39999962,2.089,0.1295971746385214,NA,Americas,JAM,5656.66803579988,17.2686595916748,52.9707359336549
JAM,2005,16.841,12.80000019,2.148,0.1293451296734788,NA,Americas,JAM,5525.73577833713,17.27659034729,52.7685237926234
JAM,2004,16.706,10,2.198,0.1290095972197301,NA,Americas,JAM,5507.20135110043,18.9983196258545,52.5637655955662
JAM,2003,16.546,7.8,2.244,0.1286424305334388,NA,Americas,JAM,5467.17406988236,18.8019199371338,52.3564891419558
JAM,2002,16.598,6.1,2.271,0.1282093352873808,NA,Americas,JAM,5305.87658697244,16.8487892150879,52.1467222312645
JAM,2001,16.548,3.8630203874764,2.296,0.1277029889657631,NA,Americas,JAM,5234.02744397806,16.0548496246338,51.934190578424
JAM,2000,16.597,3.11577802729967,2.345,0.1280043046350321,NA,Americas,JAM,5197.39692210665,13.8694095611572,51.7165550768252
JPN,2023,4.116,85.00990295,1.2,0.1437535901351245,116.0708743743545,Asia,JPN,36952.5150709861,64.4907608032227,92.0826903891473
JPN,2022,4.434,84.92343147,1.26,0.1412305085683901,116.51256582486874,Asia,JPN,36238.3294895302,63.3752288818359,91.9776532428406
JPN,2021,4.707,82.91407928,1.3,0.142993557447665,111.05991538964025,Asia,JPN,35741.1601062924,62.0412483215332,91.8741049279527
JPN,2020,4.679,90.21945812,1.33,0.1378292612342353,105.8486566812265,Asia,JPN,34642.9718743239,62.2987403869629,91.7809926267889
JPN,2019,3.938,92.7303978145525,1.36,0.1342414754851514,106.6759596147065,Asia,JPN,36043.7844013518,62.4008407592773,91.7164207898107
JPN,2018,3.668,88.7463508901772,1.42,0.1323780240733986,105.91680659758126,Asia,JPN,36138.5290824814,62.6058502197266,91.6377318609728
JPN,2017,4.611,91.7265472366635,1.43,0.1312258461604671,104.64413989149425,Asia,JPN,35861.9728545672,63.287540435791,91.5498419685883
JPN,2016,5.12,93.1827212821617,1.44,0.129943470863744,102.514594196164,Asia,JPN,35242.199377148,62.4975395202637,91.4541254852142
JPN,2015,5.471,91.0580283929962,1.45,0.1297175913922316,99.99999999999987,Asia,JPN,34960.6393843385,62.4498481750488,91.3532644103625
JPN,2014,6.299,89.1068330166075,1.42,0.1280412932662847,98.20963246376326,Asia,JPN,34386.9058552671,62.8334884643555,91.2548945132333
JPN,2013,6.809,88.219428911,1.43,0.1268787538797219,98.65807286624528,Asia,JPN,34239.8862473488,62.6422691345215,91.1516595654317
JPN,2012,8.236,79.4964,1.41,0.1258615214524227,96.90006974531845,Asia,JPN,33518.4449368599,NA,91.0265277326652
JPN,2011,8.325,79.0541135244739,1.39,0.1251530702103886,97.16139282388752,Asia,JPN,33011.1342301291,NA,90.8631654434251
JPN,2010,9.46,78.21,1.39,0.1245413996332479,96.58038914697192,Asia,JPN,32942.2020783835,NA,90.6228586840649
JPN,2009,9.205,78,1.37,0.1237655746457659,93.7815686636607,Asia,JPN,31651.0837739562,NA,90.1131158718189
JPN,2008,7.314,75.4,1.37,0.122972319781426,97.34769140509535,Asia,JPN,33557.6454041595,NA,89.2921563808851
JPN,2007,7.871,74.3,1.34,0.1222647549186299,97.49505052680877,Asia,JPN,33990.0360341367,NA,88.2701404492656
JPN,2006,8.301,68.6852703213795,1.32,0.121650359851024,98.15257975931272,Asia,JPN,33531.518563066,NA,87.1460898958075
JPN,2005,8.705,66.9210661042901,1.26,0.1209743741375341,101.11288415593992,Asia,JPN,33098.5474664881,NA,85.9573620483714
JPN,2004,9.573,62.3939296327259,1.29,0.1203597372623262,105.39774553166875,Asia,JPN,32515.1158024695,NA,84.3710541898905
JPN,2003,10.199,48.4352658899653,1.29,0.1195526918973763,111.594404079933,Asia,JPN,31830.217584972,NA,82.4206778416671
JPN,2002,10.062,46.5942011179917,1.32,0.1187096980682341,117.755131316493,Asia,JPN,31416.1241772309,NA,80.5469860733981
JPN,2001,9.603,38.5320608612719,1.33,0.1179617606938844,122.5943114544095,Asia,JPN,31476.0520665746,NA,79.1577482060887
JPN,2000,9.212,29.9907403589142,1.36,0.117423330965273,126.504639424985,Asia,JPN,31430.631130325,NA,78.6126803295375
JOR,2023,38.837,92.53443944,2.639,0.1579539735430089,NA,Asia,JOR,3958.23043952182,33.0567036969523,92.682236868336
JOR,2022,42.028,90.4999984,2.679,0.150095571535617,NA,Asia,JOR,3909.80228869045,32.5119829829151,92.4048379066163
JOR,2021,43.862,85.999997,2.735,0.1494000308515788,NA,Asia,JOR,3874.32714084633,30.451314266821,92.117972910453
JOR,2020,42.458,78.4178009,2.791,0.1502108194357846,NA,Asia,JOR,3806.87949354914,30.2879665605319,91.8216722992319
JOR,2019,37.205,70.08470154,2.855,0.1337370219504585,NA,Asia,JOR,3919.06426916073,30.1108403894558,91.515966492507
JOR,2018,38.941,65.2,2.923,0.133882327442515,NA,Asia,JOR,3928.77026821205,31.5562985544301,91.2008859099729
JOR,2017,35.438,64.5,2.994,0.1343177041678312,NA,Asia,JOR,3940.70199181145,28.6210570991622,90.8764609714428
JOR,2016,35.61,56.15000153,3.072,0.1344978555518103,NA,Asia,JOR,3933.14704611068,34.0612635636995,90.56272794707
JOR,2015,30.914,54.22000122,3.141,0.1341422208757923,NA,Asia,JOR,4042.75678097555,36.6284278762539,89.8881391939133
JOR,2014,27.612,46.2,3.302,0.1335084582361516,NA,Asia,JOR,4282.11872849239,NA,88.0371754329978
JOR,2013,29.536,41.4,3.449,0.1339549370294442,NA,Asia,JOR,4556.52023716712,NA,86.4627110188335
JOR,2012,28.853,37,3.568,0.1337354434629379,NA,Asia,JOR,4677.47613977192,43.9161464129347,84.9592629639423
JOR,2011,30.787,34.9,3.69,0.1313368470006398,NA,Asia,JOR,4631.67703841605,37.4216386327285,83.5505043825064
JOR,2010,30.059,27.2,3.78,0.1325191121442131,NA,Asia,JOR,4621.5742854131,37.7581337455828,82.2601083887084
JOR,2009,31.368,26,3.841,0.1312653415255191,NA,Asia,JOR,4615.23067817324,42.0630187988281,81.1117480967305
JOR,2008,30.716,23,3.876,0.1319337010253216,NA,Asia,JOR,4489.9554553731105,41.3684692382812,80.1290966207551
JOR,2007,31.755,20,3.797,0.1315288625784322,NA,Asia,JOR,4287.35229821209,38.7338409423828,79.3358270749644
JOR,2006,33.022,13.86709976,3.711,0.1318419218214376,NA,Asia,JOR,4209.86864014361,37.8664016723633,78.755612573541
JOR,2005,34.989,12.93290043,3.653,0.1323598815509889,NA,Asia,JOR,4151.61313015439,39.7074890136719,78.412126230667
JOR,2004,34.093,11.6587413706379,3.729,0.132430031327613,NA,Asia,JOR,3935.15704743447,40.467830657959,78.3185350370311
JOR,2003,33.288,8.46600501623938,3.816,0.1302127760391893,NA,Asia,JOR,3713.15193593268,36.0558204650879,78.3069420335538
JOR,2002,35.349,6.02553241191204,3.805,0.1310179591153381,NA,Asia,JOR,3644.62434644332,32.2784004211426,78.2972918926847
JOR,2001,33.899,4.70571958094159,3.803,0.1306639119144356,NA,Asia,JOR,3518.76635312228,NA,78.2902365290261
JOR,2000,31.651,2.62327542156362,3.864,0.1291135490671711,NA,Asia,JOR,3412.07673213708,28.7968101501465,78.2848247546539
KAZ,2023,3.814,92.87846096,3.012,0.1161904485883368,NA,Asia,KAZ,11453.3952725363,54.6563982045582,61.7560919499181
KAZ,2022,3.822,92.29685266,3.05,0.112039460378563,NA,Asia,KAZ,11058.3482413407,57.2459264222925,61.444157327248
KAZ,2021,4.216,90.9239507,3.32,0.1123258501627063,NA,Asia,KAZ,10873.3915275276,59.3849415869809,61.030254280267
KAZ,2020,3.775,85.94259898,3.13,0.1096221961296953,NA,Asia,KAZ,10565.0359816235,62.2921373672319,59.9871193541692
KAZ,2019,3.766,81.8776204746284,2.89,0.1022063050267067,NA,Asia,KAZ,10989.6840718388,57.3421123781351,59.0832474269546
KAZ,2018,3.776,78.9039190578816,2.845,0.1029435160320475,NA,Asia,KAZ,10670.2120148279,51.9662639587064,58.2388038921695
KAZ,2017,3.79,76.4267482325439,2.745,0.1022363847458663,NA,Asia,KAZ,10404.2718646317,49.9712092283595,57.4586448748837
KAZ,2016,3.806,74.5877264735738,2.795,0.1028520693165656,NA,Asia,KAZ,10151.423313302,46.0492258820674,56.7476265001667
KAZ,2015,3.761,70.82993359566,2.755,0.1027352450353803,NA,Asia,KAZ,10196.1226255982,48.3464575023644,56.1106048930882
KAZ,2014,3.838,66,2.76,0.1025912069403405,NA,Asia,KAZ,10226.7100539683,51.0877733655657,55.5524361787178
KAZ,2013,3.923,63.30422443,2.67,0.1021885482740011,NA,Asia,KAZ,9959.72586930534,45.8669276379862,55.0779764821252
KAZ,2012,3.94,61.9066274652008,2.64,0.1020408735384965,NA,Asia,KAZ,9531.91477617058,52.1525037230692,54.69208192838
KAZ,2011,4.576,50.6,2.605,0.1014295799653055,NA,Asia,KAZ,9223.3021336315,50.4275094921369,54.3996086425518
KAZ,2010,5.215,31.6,2.61,0.1012070202485985,NA,Asia,KAZ,8704.70655484556,46.7229330476587,54.2054127497102
KAZ,2009,6.675,18.2,2.58,0.1007057192178865,NA,Asia,KAZ,8218.39912556048,NA,54.1167144748885
KAZ,2008,7.389,11,2.616,0.1004233454426205,NA,Asia,KAZ,8216.52181589585,NA,54.1287736358813
KAZ,2007,9.349,4.02,2.49,0.1001237524194692,NA,Asia,KAZ,8036.87599811505,NA,54.2346203341799
KAZ,2006,11.181,3.268399954,2.38,0.0993056312738106,NA,Asia,KAZ,7450.39687062615,54.5240592956543,54.4137278108953
KAZ,2005,12.714,2.961699963,2.274,0.0985487312501909,NA,Asia,KAZ,6787.4115548789,NA,54.6481873472392
KAZ,2004,14.116,2.6503946570164,2.201,0.0987247815062562,NA,Asia,KAZ,6233.29439373307,NA,54.9200902244233
KAZ,2003,14.349,2.00041475265872,2.075,0.0977673160007766,NA,Asia,KAZ,5724.43199248054,NA,55.2115277236592
KAZ,2002,16.697,1.67477099516366,1.956,0.0974031072390202,NA,Asia,KAZ,5267.6990320263,NA,55.5045911261585
KAZ,2001,18.715,1.00612421099739,1.906,0.0977420697012782,NA,Asia,KAZ,4822.52862802669,NA,55.7813717131331
KAZ,2000,22.71,0.668594402621264,1.898,0.0973914422244994,NA,Asia,KAZ,4269.33016782791,30.799259185791,56.0239607657944
KEN,2023,15.164,32.07040024,3.208,0.1293599110908684,NA,Africa,KEN,1811.21651838425,8.67676730066979,31.6330340816429
KEN,2022,15.488,29.40589905,3.262,0.1222906949144304,NA,Africa,KEN,1747.53198804428,NA,31.4307820066946
KEN,2021,12.232,26.96290016,3.312,0.1226578061582046,NA,Africa,KEN,1698.89578271444,NA,31.2879334021971
KEN,2020,13.619,24.7227993,3.364,0.1220602735801485,NA,Africa,KEN,1609.33414078281,NA,31.2063494632616
KEN,2019,12.547,22.6687733618171,3.433,0.1093645481059332,NA,Africa,KEN,1645.70961777862,10.4975595474243,31.1895566421135
KEN,2018,10.818,19.5,3.536,0.1086354476183019,NA,Africa,KEN,1596.69045914945,NA,31.3940041639796
KEN,2017,9.097,17.82710075,3.609,0.1079789968519112,NA,Africa,KEN,1542.33773973372,11.8049232142021,31.5383650847102
KEN,2016,7.333,16.6,3.689,0.1084479332628494,NA,Africa,KEN,1517.97796057742,11.6347883294504,31.6502520105647
KEN,2015,7.299,16.5878548475992,3.766,0.1068814955131698,NA,Africa,KEN,1489.11959777284,9.25319496188721,31.7338026039958
KEN,2014,7.253,16.5,3.843,0.1077946500411273,NA,Africa,KEN,1450.59338202277,NA,31.7931545274563
KEN,2013,7.183,13,3.955,0.107513940438311,NA,Africa,KEN,1413.94142522583,NA,31.8324454433988
KEN,2012,6.945,10.5,4.116,0.1065888433294947,NA,Africa,KEN,1396.30178709756,NA,31.8558130142761
KEN,2011,6.924,8.800000191,4.284,0.1068185163943175,NA,Africa,KEN,1370.58000874482,NA,31.8673949025409
KEN,2010,7.049,7.2,4.446,0.1064690965587121,NA,Africa,KEN,1340.16467408856,NA,31.8713287706458
KEN,2009,7.03,6.1,4.567,0.1069050680087194,NA,Africa,KEN,1276.73503486074,3.99230003356934,31.8603086707305
KEN,2008,6.839,5.199999809,4.66,0.1069684435016208,NA,Africa,KEN,1273.77226103073,NA,31.4230276259143
KEN,2007,6.561,4.400000095,4.718,0.1069909994233173,NA,Africa,KEN,1309.91092948216,NA,30.4153861196239
KEN,2006,6.571,3.5999999049999998,4.754,0.1070032744391154,NA,Africa,KEN,1263.54164666211,NA,28.9830768551925
KEN,2005,6.654,3.101900101,4.801,0.107043214937822,NA,Africa,KEN,1223.44738472019,3.00099992752075,27.2686745625048
KEN,2004,6.818,3.0235280420962,4.861,0.1069151202746425,NA,Africa,KEN,1191.25443604556,2.96267008781433,25.4147539714454
KEN,2003,6.829,2.94190286101524,4.937,0.1068920940462757,NA,Africa,KEN,1169.14433674051,NA,23.563889811899
KEN,2002,6.885,1.20777388492125,5.027,0.1068841879890396,NA,Africa,KEN,1171.4262517349,2.87671995162964,21.8586568137501
KEN,2001,6.778,0.619782266151425,5.094,0.1067162418103297,NA,Africa,KEN,1202.29348759987,2.88299989700317,20.4416297068833
KEN,2000,6.763,0.318059713612037,5.136,0.107045297082509,NA,Africa,KEN,1195.41296851656,2.81501007080078,19.4553832211834
KIR,2023,NA,88,3.147,0.129014327606527,NA,Oceania,KIR,1968.80973802094,NA,61.5244676194408
KIR,2022,NA,84.99849701,3.182,0.1221096484734498,NA,Oceania,KIR,1948.24312238625,NA,60.5739126559419
KIR,2021,NA,67.08760071,3.219,0.12204101444664,NA,Oceania,KIR,1893.52661599343,NA,59.6364645301985
KIR,2020,NA,52.95090103,3.254,0.1189707615883413,NA,Oceania,KIR,1777.0447605811,NA,58.4123714112748
KIR,2019,NA,41.79299927,3.29,0.1071447864379747,NA,Oceania,KIR,1835.21963082467,NA,56.2846727145489
KIR,2018,NA,32.9864006,3.318,0.1066090781400252,NA,Oceania,KIR,1803.94864980951,NA,54.5004023142497
KIR,2017,NA,25.30960083,3.339,0.1059700393058993,NA,Oceania,KIR,1769.51191332519,NA,52.9734697275451
KIR,2016,NA,19.41939926,3.375,0.1052447581440109,NA,Oceania,KIR,1731.43693824902,NA,51.7710553002321
KIR,2015,NA,14.899999619999999,3.438,0.1045353182087717,NA,Oceania,KIR,1639.85274740652,NA,50.9541970402064
KIR,2014,NA,12.25,3.521,0.1036956125874957,NA,Oceania,KIR,1492.8506819325,NA,50.3909308922385
KIR,2013,NA,11.5,3.643,0.102966951323997,NA,Oceania,KIR,1493.49134858915,NA,49.9687043258795
KIR,2012,NA,10.74680042,3.768,0.1022917826053886,NA,Oceania,KIR,1405.50280446236,NA,49.5800786695548
KIR,2011,NA,10,3.878,0.1016480782730431,NA,Oceania,KIR,1348.06011226744,NA,49.1228169536795
KIR,2010,NA,9.07,3.898,0.101175949506883,NA,Oceania,KIR,1328.78764145125,NA,48.4603839564718
KIR,2009,NA,8.97,3.905,0.1006619682946456,NA,Oceania,KIR,1340.27593200253,NA,47.3510238975116
KIR,2008,NA,7,3.899,0.1001535655067998,NA,Oceania,KIR,1361.83587176171,NA,45.9461325515373
KIR,2007,NA,6,3.865,0.0997614752684008,NA,Oceania,KIR,1433.3573454448,NA,44.6212141757087
KIR,2006,NA,4.5,3.815,0.0993702064407061,NA,Oceania,KIR,1419.38709899471,NA,43.7349826427011
KIR,2005,NA,4,3.76,0.0990104869355632,NA,Oceania,KIR,1368.99716100101,NA,43.5443274444527
KIR,2004,NA,3.5,3.734,0.0986827515576199,NA,Oceania,KIR,1378.9582420937,NA,43.5238025326975
KIR,2003,NA,3,3.702,0.0983465453090548,NA,Oceania,KIR,1415.54564772956,NA,43.510668313316
KIR,2002,NA,2.5,3.814,0.098072790498095,NA,Oceania,KIR,1467.99259660077,NA,43.4985457088421
KIR,2001,NA,2.33745894837722,3.957,0.0978476508412566,NA,Oceania,KIR,1477.951639475,NA,43.4777440627131
KIR,2000,NA,1.78522547397736,4.071,0.0976583533919898,NA,Oceania,KIR,1555.58190420161,NA,43.3274808848011
PRK,2023,7.577,NA,1.78,0.1259532620891508,NA,Asia,PRK,NA,NA,63.5382165423021
PRK,2022,7.61,NA,1.797,0.1224303000124561,NA,Asia,PRK,NA,NA,63.2274365906829
PRK,2021,8.1,NA,1.806,0.11816077636116851,NA,Asia,PRK,NA,NA,62.926560562457
PRK,2020,8.51,NA,1.821,0.1197886328390761,NA,Asia,PRK,NA,NA,62.6355140538495
PRK,2019,7.605,NA,1.825,0.1114225605959852,NA,Asia,PRK,NA,NA,62.3542226611578
PRK,2018,7.765,NA,1.834,0.1088176972020185,NA,Asia,PRK,NA,26.7206192016602,62.0826119807623
PRK,2017,7.923,NA,1.848,0.1073387319043817,NA,Asia,PRK,NA,NA,61.8206076091402
PRK,2016,8.091,NA,1.856,0.106969098713221,NA,Asia,PRK,NA,NA,61.5681351428803
PRK,2015,7.758,NA,1.863,0.1050630166104972,NA,Asia,PRK,NA,27.9393501281738,61.3247571174501
PRK,2014,7.628,NA,1.874,0.103708429175036,NA,Asia,PRK,NA,NA,61.0940947540873
PRK,2013,7.687,NA,1.877,0.1025579507265471,NA,Asia,PRK,NA,NA,60.8843063158034
PRK,2012,7.576,NA,1.882,0.1019895424515776,NA,Asia,PRK,NA,NA,60.6781140779735
PRK,2011,7.654,NA,1.883,0.1015300757087859,NA,Asia,PRK,NA,29.8180599212646,60.4836230684404
PRK,2010,7.462,NA,1.89,0.1009974647981839,NA,Asia,PRK,NA,NA,60.307007469148
PRK,2009,7.579,NA,1.905,0.1005384564945136,NA,Asia,PRK,NA,30.1253795623779,60.1544414620403
PRK,2008,7.557,NA,1.97,0.1000695956031113,NA,Asia,PRK,NA,NA,60.0310692203612
PRK,2007,7.727,NA,1.943,0.0998856576087221,NA,Asia,PRK,NA,NA,59.926906023448
PRK,2006,7.821,NA,1.936,0.0996470939467555,NA,Asia,PRK,NA,NA,59.8339025655097
PRK,2005,7.885,NA,1.872,0.099678671285094,NA,Asia,PRK,NA,NA,59.7506437119853
PRK,2004,7.957,0,1.899,0.09976564644951,NA,Asia,PRK,NA,NA,59.6753901274401
PRK,2003,8.039,0,1.909,0.0998724361649254,NA,Asia,PRK,NA,NA,59.6064024764394
PRK,2002,7.995,0,1.919,0.1000924162885018,NA,Asia,PRK,NA,NA,59.5419414235486
PRK,2001,8.062,0,1.94,0.1003955458931417,NA,Asia,PRK,NA,NA,59.4802676333329
PRK,2000,8.005,0,1.941,0.1006923538629117,NA,Asia,PRK,NA,NA,59.4196417703576
KOR,2023,5.405,97.41597478,0.721,0.1437708405802406,93.97170335736102,Asia,KOR,36347.7036392553,106.709167480469,81.1645551720421
KOR,2022,6.638,97.16855335,0.778,0.1384257844381239,104.68713993421588,Asia,KOR,35809.0138105144,102.813056945801,81.1624941626873
KOR,2021,8.055,97.57132698,0.808,0.1392522967175513,107.03795689437726,Asia,KOR,34792.9397214598,100.359878540039,81.1616526507785
KOR,2020,10.143,96.50506052,0.837,0.1355931986240999,100.88241174159818,Asia,KOR,33215.9298928108,96.8767700195312,81.1759595622913
KOR,2019,9.827,96.157579184239,0.918,0.129095501612594,98.53111365047228,Asia,KOR,33496.3113815643,93.9989166259766,81.2901063535619
KOR,2018,10.12,96.0228595797887,0.977,0.1275287669489566,99.52094822762385,Asia,KOR,32852.8887488942,93.3281784057617,81.3823523035196
KOR,2017,9.781,95.0694218761004,1.052,0.1284673589253066,99.54764321426914,Asia,KOR,31979.9027302467,93.7230224609375,81.471030429984
KOR,2016,10.145,92.843025679607507,1.172,0.1269537862991282,100.29259784809035,Asia,KOR,31005.4072876388,93.6577224731445,81.5559241797057
KOR,2015,9.899,89.8962557995106,1.239,0.1269948927477918,100.00000000000006,Asia,KOR,30171.7906545222,93.9676513671875,81.639489860678
KOR,2014,8.594,87.5568264944747,1.205,0.1263401707868173,98.20278911275477,Asia,KOR,29470.6732991655,94.4421691894531,81.7315682816954
KOR,2013,8.943,84.77,1.187,0.1253177589524151,97.90240024703787,Asia,KOR,28732.711152033,96.3375015258789,81.8269383502703
KOR,2012,7.738,84.07,1.297,0.1244541820261749,100.10009166072942,Asia,KOR,27944.0564190045,98.286979675293,81.9087898200378
KOR,2011,8.298,83.7591201534472,1.244,0.1235240333727872,101.153878633846,Asia,KOR,27393.455357272,100.819679260254,81.9615408086376
KOR,2010,8.54,83.7,1.226,0.1236115993681956,100.03825718885807,Asia,KOR,26623.0487122927,101.673286437988,81.9685075986486
KOR,2009,9.221,81.6,1.149,0.1235617863071307,100.33035669921242,Asia,KOR,25009.9148311999,102.658447265625,81.9245045084002
KOR,2008,8.65,81,1.192,0.122302744052249,102.07538640701425,Asia,KOR,24934.5396367691,103.136177062988,81.8350833138518
KOR,2007,7.853,78.8,1.259,0.1228731038862092,99.6480054699598,Asia,KOR,24391.7651013448,102.949272155762,81.712125801927
KOR,2006,8.916,78.1,1.132,0.1222280770616026,92.39250343743728,Asia,KOR,23162.1860111297,99.9493103027344,81.566462110512
KOR,2005,9.321,73.5,1.085,0.1215861104067293,88.02301334288063,Asia,KOR,22123.7613066851,95.3700103759766,81.3901352283669
KOR,2004,9.798,72.7,1.164,0.1212814612713267,89.08521849558862,Asia,KOR,21244.8136800528,89.8009033203125,81.104386778171
KOR,2003,9.424,65.5,1.191,0.1202723709375406,91.34211873035315,Asia,KOR,20278.0406421178,84.4563903808594,80.707793508044
KOR,2002,7.902,59.4,1.178,0.1202179574256053,86.65104398805835,Asia,KOR,19775.3800655139,80.7160491943359,80.2766294544335
KOR,2001,9.359,56.6,1.309,0.1193289713494369,76.67550958230447,Asia,KOR,18460.4288193829,77.3433532714844,79.8787704357425
KOR,2000,10.002,44.7,1.48,0.1188121326572173,76.80469218865355,Asia,KOR,17763.1353417297,74.6898574829102,79.579960745642
KWT,2023,15.091,99.74731125,1.524,0.1502422043334335,NA,Asia,KWT,24716.196765637,NA,100
KWT,2022,15.19,99.74729919,1.546,0.142938025921365,NA,Asia,KWT,26579.8321646876,NA,100
KWT,2021,17.755,99.7,2.148,0.1432194833988475,NA,Asia,KWT,26203.2617257856,51.8967176944636,100
KWT,2020,19.059,99.10587017,2.033,0.142432507604217,NA,Asia,KWT,25541.5378987908,53.731878917367,100
KWT,2019,15.223,99.5426764518489,2.082,0.1278430482304984,NA,Asia,KWT,26580.2264741607,50.4400595299189,100
KWT,2018,15.224,99.5988495907557,2.118,0.1306394269419115,NA,Asia,KWT,26706.0191660864,52.1066893601774,100
KWT,2017,15.255,97.9999893344615,2.16,0.1291708824079226,NA,Asia,KWT,27048.3706935958,54.9159622359267,100
KWT,2016,15.143,85.59999847,2.061,0.130064288500553,NA,Asia,KWT,29454.4426388829,59.2213394214596,100
KWT,2015,16.18,82,2.03,0.1286903535602414,NA,Asia,KWT,29882.2126495698,58.9434554973822,100
KWT,2014,15.464,78.69999695,2.06,0.1271820478748109,NA,Asia,KWT,31073.1537300624,55.893130577116,100
KWT,2013,13.635,75.45999908,1.968,0.1270504237612834,NA,Asia,KWT,32311.1800008536,NA,100
KWT,2012,11.994,70.44999695,1.99,0.1256651774583335,NA,Asia,KWT,33578.3309651964,NA,100
KWT,2011,10.297,65.7690706867398,1.956,0.1281856802760561,NA,Asia,KWT,33545.346271839,NA,100
KWT,2010,8.584,61.40000153,2.044,0.1267515101855642,NA,Asia,KWT,32568.4981754501,NA,100
KWT,2009,7.241,50.79999924,2.155,0.1283108491839261,NA,Asia,KWT,35124.0853941026,NA,100
KWT,2008,7.82,42,2.266,0.127924064751573,NA,Asia,KWT,39852.5129115699,NA,100
KWT,2007,6.858,34.79999924,2.412,0.1281769771108472,NA,Asia,KWT,41113.8693942735,NA,100
KWT,2006,5.858,28.79120064,2.589,0.1278785163709201,NA,Asia,KWT,41137.969927672,NA,100
KWT,2005,6.573,25.92609978,2.731,0.1277217823416849,NA,Asia,KWT,40451.2551656974,NA,100
KWT,2004,7.328,22.9271120360078,2.762,0.1276404024437367,NA,Asia,KWT,37918.5405829238,19.9746398925781,99.94716743531
KWT,2003,5.219,22.4029383804612,2.771,0.1276361757552358,NA,Asia,KWT,35169.6335737863,19.5890598297119,99.7655794280652
KWT,2002,4.224,10.2489679289296,2.795,0.1275060757924368,NA,Asia,KWT,30702.2162068121,19.2795295715332,99.5090276880805
KWT,2001,2.976,8.55179243431475,2.839,0.1274321047917308,NA,Asia,KWT,30573.4284224199,18.3207397460938,99.2347539628831
KWT,2000,2.988,6.73139576837536,2.887,0.1274124992129302,NA,Asia,KWT,31341.9780819419,NA,99
KGZ,2023,8.451,91.04440308,2.7,0.1184363432801183,NA,Asia,KGZ,1298.25724482211,53.588822099772,34.706439175362
KGZ,2022,10.914,84.1937027,2.8,0.1136928606686938,NA,Asia,KGZ,1212.17812721768,54.2184527097527,34.7003053497743
KGZ,2021,11.649,77.11769867,2.89,0.114314446943673,NA,Asia,KGZ,1132.5546781282,51.6239256637785,34.7521210171204
KGZ,2020,11.862,72,3.1,0.1118168916923086,NA,Asia,KGZ,1093.32856461422,45.3327840830343,34.8174315392111
KGZ,2019,12.821,64.1,3.3,0.1020079235402354,NA,Asia,KGZ,1201.87701429721,40.8257000638543,34.8805205758044
KGZ,2018,9.559,62.8,3.3,0.1018494884429399,NA,Asia,KGZ,1175.0712778747,39.5679556504749,34.9408997219466
KGZ,2017,9.3,50.80530167,3,0.1018029255132248,NA,Asia,KGZ,1157.1827575806701,41.5760302696793,34.9980805726839
KGZ,2016,8.925,40.52619934,3.1,0.1016949256643395,NA,Asia,KGZ,1128.3161612818,44.5886036787376,35.0515747230627
KGZ,2015,8.508,30.24699974,3.2,0.1017198790667759,NA,Asia,KGZ,1105.65193844261,46.5495890237956,35.1008937681291
KGZ,2014,8.129,28.299999239999998,3.2,0.1021437674327045,NA,Asia,KGZ,1088.58214229508,46.360320327803,35.1455493029297
KGZ,2013,7.654,23,3.1,0.1023791568847765,NA,Asia,KGZ,1069.78404438716,48.5727890390198,35.1850529225105
KGZ,2012,7.548,19.799999239999998,3.2,0.1016651937264935,NA,Asia,KGZ,985.8472865972,45.2330629115781,35.218916221918
KGZ,2011,7.085,17.5,3.1,0.1013047715335239,NA,Asia,KGZ,1005.4831781815,42.4374714139813,35.2466507961984
KGZ,2010,6.734,16.299999239999998,3.1,0.1014679479242692,NA,Asia,KGZ,962.764789828724,42.2182042645436,35.267768240398
KGZ,2009,6.424,16,2.9,0.1003204630452838,NA,Asia,KGZ,981.220904665529,43.4328689575195,35.2815523593591
KGZ,2008,6.154,15.69999981,2.8,0.1002359070237165,NA,Asia,KGZ,966.409971184817,45.5842208862305,35.2897130588983
KGZ,2007,5.9,14.03,2.7,0.0995030387093023,NA,Asia,KGZ,900.02796489729,41.4537391662598,35.2954926466692
KGZ,2006,5.626,12.30690002,2.7,0.1011246036458425,NA,Asia,KGZ,837.138026647346,41.6426811218262,35.2997926803498
KGZ,2005,5.356,10.53380013,2.5,0.1002716106366177,NA,Asia,KGZ,820.709519437592,40.615779876709,35.3030968124082
KGZ,2004,5.111,5.09038530732863,2.6,0.1001835619682544,NA,Asia,KGZ,831.482103944381,39.1110000610352,35.3058886953128
KGZ,2003,4.842,3.90876626828521,2.5,0.1014185339413984,NA,Asia,KGZ,786.350474964134,39.491138458252,35.3086519815317
KGZ,2002,4.576,2.99926518003089,2.4,0.1014959857314836,NA,Asia,KGZ,742.44300111832,42.2281188964844,35.3118703235333
KGZ,2001,4.321,3.00294132719239,2.4,0.1006248139715724,NA,Asia,KGZ,749.423779561565,39.2672080993652,35.3160273737858
KGZ,2000,4.064,1.04140114469361,2.4,0.100514298984019,NA,Asia,KGZ,718.342832397662,33.69287109375,35.3216067847574
LAO,2023,2.176,64.39800262,2.421,0.0980996555753821,NA,Asia,LAO,2648.88726608035,14.8841695785522,38.8070088517156
LAO,2022,2.184,64.54000092,2.455,0.0948598630932077,NA,Asia,LAO,2589.05015191628,13.677811550152,38.0682382805397
LAO,2021,3.326,62,2.494,0.0957691870849228,NA,Asia,LAO,2556.58912640405,12.4396649191011,37.338778268357
LAO,2020,4.237,54,2.535,0.093202173064096,NA,Asia,LAO,2529.74622698761,12.561911777868,36.6185033569111
LAO,2019,4.472,47.03229904,2.589,0.0884269444520517,NA,Asia,LAO,2554.95638019245,13.7404020217342,35.9072880879451
LAO,2018,5.128,36.27130127,2.633,0.0865505727228449,NA,Asia,LAO,2459.97874636195,14.4969749098337,35.2050070032013
LAO,2017,5.779,25.51040077,2.691,0.0865634970066344,NA,Asia,LAO,2351.57441747595,15.4112577339384,34.5115346444216
LAO,2016,4.836,21.87000084,2.744,0.0858496543580638,NA,Asia,LAO,2234.76098741846,17.0880719461771,33.8267455533474
LAO,2015,3.899,18.200000760000002,2.796,0.0848628803951778,NA,Asia,LAO,2121.01339097363,18.1574846273063,33.1240204432199
LAO,2014,3.414,14.26000023,2.802,0.0839820507239351,NA,Asia,LAO,2006.31195444447,18.4954952643985,32.6638235172635
LAO,2013,2.937,12.5,2.872,0.0829982563762844,NA,Asia,LAO,1890.27861294875,18.9224448772621,32.2264033448341
LAO,2012,2.468,10.74769974,2.953,0.082392739790894,NA,Asia,LAO,1774.63585203672,17.330766926856,31.7422801040872
LAO,2011,2.022,9,3.049,0.0810767405577417,NA,Asia,LAO,1666.40086189871,17.4954696423161,31.2146877128668
LAO,2010,1.578,7,3.137,0.0805333414568264,NA,Asia,LAO,1564.91068311647,16.6638298034668,30.6468600890172
LAO,2009,1.832,6,3.229,0.0804896192946379,NA,Asia,LAO,1463.3379666846,16.2123508453369,30.0420311503825
LAO,2008,2.058,3.55,3.331,0.0795850228124177,NA,Asia,LAO,1381.73754223953,13.0783004760742,29.4034348148069
LAO,2007,2.307,1.64,3.438,0.0797382503599851,NA,Asia,LAO,1301.08597549864,11.2626600265503,28.7343050001346
LAO,2006,2.568,1.16989994,3.559,0.0800401553038457,NA,Asia,LAO,1228.08927619923,8.78625965118408,28.0378756242097
LAO,2005,2.863,0.850399971,3.685,0.0795217484284392,NA,Asia,LAO,1148.68153852071,7.60128021240234,27.3224977292697
LAO,2004,3.167,0.361434490258043,3.898,0.0795019677258182,NA,Asia,LAO,1088.76034728831,5.579430103302,26.5371091732139
LAO,2003,3.46,0.333912466428616,4.024,0.0794314403223235,NA,Asia,LAO,1038.71192767783,4.79725980758667,25.5945881340707
LAO,2002,3.746,0.267899241309349,4.132,0.0793852430435628,NA,Asia,LAO,994.492241963795,4.05916023254395,24.5247834668291
LAO,2001,3.981,0.181664460654566,4.29,0.0788085612301365,NA,Asia,LAO,954.123505414634,3.04713988304138,23.3728884682287
LAO,2000,4.307,0.111044032290124,4.429,0.0788811871293203,NA,Asia,LAO,917.228038617529,2.64691996574402,22.1840964350091
LVA,2023,12.323,92.18791291,1.36,0.1376196904846081,137.76334548132974,Europe,LVA,16229.3844520245,85.7360610961914,68.358631634306093
LVA,2022,15.27,91.03009059,1.47,0.1313559054827722,143.311021779386,Europe,LVA,16421.3748596,91.3303680419922,68.2570218109034
LVA,2021,14.785,91.17964988,1.57,0.1323199650546251,143.050296403243,Europe,LVA,16070.1680032322,93.4839324951172,68.1808791463693
LVA,2020,14.868,88.89796078,1.55,0.1294271499095226,132.375053543294,Europe,LVA,14900.7295718866,94.5108337402344,68.1211222872228
LVA,2019,12.415,86.13545644343,1.61,0.1199639033107192,128.22242085408124,Europe,LVA,15328.3859933295,94.8645324707031,68.066323694246
LVA,2018,12.192,83.5771748630956,1.6,0.1200748665787147,121.6036416885725,Europe,LVA,15120.0698171804,93.0244827270508,68.0160346376376
LVA,2017,16.971,80.1140770037369,1.69,0.1204065794408081,113.94114921047151,Europe,LVA,14382.8612727134,88.0574264526367,67.9706866054779
LVA,2016,17.271,79.8420977843089,1.74,0.120432768922522,107.72961633699725,Europe,LVA,13787.3367440023,80.6048126220703,67.9307110858472
LVA,2015,16.316,79.2005829239344,1.7,0.1202681747106333,100.00000000000003,Europe,LVA,13321.9753140616,74.2998809814453,67.8965395668259
LVA,2014,19.595,75.8261041383556,1.65,0.1200892841987566,103.60013641578098,Europe,LVA,12731.6771959342,70.8979415893555,67.8686035364944
LVA,2013,23.237,75.2344,1.52,0.1200563141042994,98.50279285834222,Europe,LVA,12353.5386135301,69.0765991210938,67.847334482933
LVA,2012,28.564,73.1199437663748,1.44,0.120621094957312,92.40714467642078,Europe,LVA,11971.0107466522,66.6435470581055,67.8331638942219
LVA,2011,31.069,69.7499545592245,1.33,0.120973151686452,91.77728130979698,Europe,LVA,11018.5152421583,67.9534683227539,67.8266897008267
LVA,2010,36.24,68.42,1.36,0.1201223336423393,86.5730194101622,Europe,LVA,10500.8666223014,69.0510406494141,67.8270681752453
LVA,2009,33.432,66.84,1.46,0.1211454676509799,94.96835225653427,Europe,LVA,10675.425174228,73.0548934936523,67.8323653539295
LVA,2008,13.648,63.41,1.58,0.1206620944521595,155.7253663558655,Europe,LVA,12506.6945041012,72.3635406494141,67.8420335208058
LVA,2007,10.56,59.17,1.54,0.1191536213890374,175.874796169956,Europe,LVA,12810.0409502542,73.0432968139648,67.8558853865191
LVA,2006,13.615,53.63,1.46,0.119946885353479,142.454735200078,Europe,LVA,11507.4648265658,74.5965118408203,67.873733661714
LVA,2005,15.141,46,1.39,0.1179407805810342,NA,Europe,LVA,10106.2626157732,75.4191970825195,67.8953910570353
LVA,2004,21.798,38.58,1.29,0.1187142403534116,NA,Europe,LVA,8957.23393555082,74.6085586547852,67.9206702831277
LVA,2003,20.418,26.98,1.32,0.1177750316901919,NA,Europe,LVA,8149.00183600084,71.0342407226562,67.9493840506358
LVA,2002,25.252,21.94,1.26,0.1174627029458425,NA,Europe,LVA,7443.22944659059,67.8093032836914,67.9813450702046
LVA,2001,24.162,7.21934580836289,1.22,0.1166701604532981,NA,Europe,LVA,6833.4354323157,63.4917602539062,68.0163660524785
LVA,2000,21.266,6.31906208267861,1.25,0.1175439000258901,NA,Europe,LVA,6336.38296707987,NA,68.0520561441955
LBN,2023,22.744,81.7059021,2.239,0.1860420157559074,NA,Asia,LBN,5834.63415739394,54.4012561547071,90.4524074197598
LBN,2022,22.9,81.46479797,2.263,0.1740352561897903,NA,Asia,LBN,5909.03651555028,58.1761149059991,90.206313713022
LBN,2021,25.203,82.65599823,2.283,0.1734650038504082,NA,Asia,LBN,5973.41933892988,56.8657861418168,89.965362045441
LBN,2020,26.576,82.0664978,2.308,0.1719683701282006,NA,Asia,LBN,6440.82843092922,51.5677337643942,89.729499798117
LBN,2019,23.28,81.48120117,2.327,0.150573868145249,NA,Asia,LBN,8064.04873416236,50.1483937104215,89.4986743521503
LBN,2018,22.668,80.90000153,2.347,0.1497976028067752,NA,Asia,LBN,8388.7235123835,47.2296269060678,89.272833088641
LBN,2017,22.039,78.18080139,2.372,0.1507921604161427,NA,Asia,LBN,8305.57405425721,44.1878772500135,89.0519233886895
LBN,2016,21.37,76.11000061,2.39,0.1510724579442305,NA,Asia,LBN,8019.1416913426,42.5074771456909,88.835892633396
LBN,2015,20.591,74,2.382,0.1513834920336844,NA,Asia,LBN,7714.1099998804,39.2905242294107,88.6246882038608
LBN,2014,19.772,73,2.375,0.1514636636649379,NA,Asia,LBN,7830.4151113336,42.9353408813477,88.4182574811842
LBN,2013,19.112,70.5,2.361,0.151361339106215,NA,Asia,LBN,8443.53856528784,48.3089213263461,88.2165478464663
LBN,2012,18.192,61.24980164,2.345,0.1502609900891434,NA,Asia,LBN,8920.8056984673,44.9326117621184,88.0195066808075
LBN,2011,17.134,52,2.32,0.1505324456259094,NA,Asia,LBN,8936.20027462737,45.5351218323996,87.8270813653079
LBN,2010,16.079,43.68000031,2.256,0.1497644191487098,NA,Asia,LBN,8955.54336184707,42.1777031083244,87.6392192810679
LBN,2009,15.297,30.13999939,2.191,0.150094844864296,NA,Asia,LBN,8375.48851252821,41.8963890075684,87.4558678091878
LBN,2008,18.543,22.53,2.172,0.1502137341305212,NA,Asia,LBN,7701.29823027979,41.7746200561523,87.2769743307677
LBN,2007,21.837,18.74,2.201,0.1492171971810705,NA,Asia,LBN,7179.34520092306,40.4916915893555,87.1024862269079
LBN,2006,21.264,15,2.244,0.149998680561466,NA,Asia,LBN,6696.37428200596,38.105541229248,86.9323508787087
LBN,2005,20.489,10.14000034,2.291,0.1490805998637785,NA,Asia,LBN,6707.18024635316,36.9155197143555,86.7665156672703
LBN,2004,19.785,9,2.378,0.148121736785314,NA,Asia,LBN,6633.75258002393,34.8977317810059,86.6049279736931
LBN,2003,20.15,8,2.457,0.1489908722476182,NA,Asia,LBN,6319.76518298647,33.0007705688477,86.4475351790771
LBN,2002,20.473,7,2.523,0.1486822064722219,NA,Asia,LBN,6207.24133893746,33.2399406433105,86.2942846645228
LBN,2001,20.912,6.78321977527715,2.576,0.1488916395050588,NA,Asia,LBN,6085.76041420146,31.8084697723389,86.1451238111303
LBN,2000,21.168,7.95274373635276,2.6,0.1489702670801256,NA,Asia,LBN,5958.97836750301,28.1094799041748,86
LSO,2023,24.738,48.98590088,2.694,0.1420593787409826,NA,Africa,LSO,974.382478149793,NA,42.6781596804785
LSO,2022,25.057,48.06959915,2.716,0.1309844656305206,NA,Africa,LSO,967.51928598325,NA,41.6703965165322
LSO,2021,27.188,45.05670166,2.769,0.1297140274669538,NA,Africa,LSO,955.221236301503,NA,40.6551760851997
LSO,2020,28.218,43.65750122,2.846,0.1264407547314656,NA,Africa,LSO,944.834128375429,NA,39.6329305425532
LSO,2019,25.318,42.301733569273,2.924,0.1094933320127671,NA,Africa,LSO,1040.99351014117,NA,38.6040920446259
LSO,2018,24.887,40.79999924,3.016,0.1086633634448684,NA,Africa,LSO,1068.44462913373,9.93844298033582,37.569092747415
LSO,2017,24.478,39,3.105,0.1096781637759099,NA,Africa,LSO,1097.82166812752,10.3130654092878,36.5283648068846
LSO,2016,24.045,32.4538569477365,3.18,0.1065732396832207,NA,Africa,LSO,1147.58748801671,NA,35.5077950709441
LSO,2015,23.997,25,3.217,0.1062929173130448,NA,Africa,LSO,1121.19851342518,9.72517754374624,34.0903875831861
LSO,2014,23.636,22,3.239,0.1047123074509748,NA,Africa,LSO,1100.04993684215,10.4168970963646,32.6404409096604
LSO,2013,23.291,15,3.283,0.1024798001183636,NA,Africa,LSO,1093.95323489272,10.4558385996916,31.2407460933407
LSO,2012,22.917,10,3.296,0.1037303839515608,NA,Africa,LSO,1086.39034816283,10.8528418132462,29.8970340055453
LSO,2011,23.196,7,3.343,0.1020026780367663,NA,Africa,LSO,1031.99721564343,NA,28.6150355175921
LSO,2010,22.992,3.859999895,3.25,0.1027793655780164,NA,Africa,LSO,995.233432451681,NA,27.4004815007995
LSO,2009,22.917,3.72,3.309,0.1033795060597303,NA,Africa,LSO,952.747929746529,NA,26.2591028264855
LSO,2008,22.478,3.58,3.392,0.1031678864659155,NA,Africa,LSO,971.881366821351,NA,25.1966303659683
LSO,2007,22.496,3.44543125970873,3.442,0.1018890693387227,NA,Africa,LSO,927.26863327342,NA,24.2187949905661
LSO,2006,22.56,2.97970818724486,3.414,0.1031697549147696,NA,Africa,LSO,893.750686627156,3.67536997795105,23.3329886243114
LSO,2005,22.466,2.580199957,3.428,0.1024996350904408,NA,Africa,LSO,853.960500629797,3.44801998138428,22.5317981562788
LSO,2004,22.553,2.17552433931097,3.508,0.1024312106164059,NA,Africa,LSO,817.793597897186,NA,21.7993659097494
LSO,2003,22.387,1.53249659019509,3.619,0.1018286847751472,NA,Africa,LSO,798.540500554454,2.70279002189636,21.1231084926925
LSO,2002,22.382,1.08394313737534,3.682,0.1029283459417116,NA,Africa,LSO,760.033443180306,2.2450098991394,20.4926272688562
LSO,2001,22.357,0.261150063093855,3.63,0.1024219174274215,NA,Africa,LSO,752.243212493971,2.27312994003296,19.8975236019886
LSO,2000,22.439,0.211806070361977,3.605,0.1030033502851124,NA,Africa,LSO,725.263668707773,2.08551001548767,19.3273988558381
LBR,2023,2.215,31.22410011,3.95,0.1671292132592466,NA,Africa,LBR,653.329188343162,NA,54.997863482224
LBR,2022,2.232,30.38010025,4.016,0.1540659880284131,NA,Africa,LBR,638.005183858289,NA,54.4591057083
LBR,2021,2.82,26.38229942,4.089,0.1509887983663035,NA,Africa,LBR,621.927983063426,NA,53.9224618859098
LBR,2020,2.91,22.91069984,4.174,0.1496119709485974,NA,Africa,LBR,605.025475431411,NA,53.3878685572381
LBR,2019,2.302,19.89579964,4.257,0.1298726249644349,NA,Africa,LBR,636.699384824869,NA,52.85526226447
LBR,2018,2.298,17.27770042,4.336,0.1280512649685364,NA,Africa,LBR,665.875439637137,NA,52.3245795497906
LBR,2017,2.301,16.299999239999998,4.396,0.1285741163593387,NA,Africa,LBR,671.260899835355,NA,51.7957569553849
LBR,2016,2.305,15.69999981,4.461,0.128023602109004,NA,Africa,LBR,668.031513175601,NA,51.2687310234384
LBR,2015,1.923,10,4.523,0.1267703797596736,NA,Africa,LBR,692.590082351257,NA,50.7434382961363
LBR,2014,1.554,5.409999847,4.622,0.1259100875082461,NA,Africa,LBR,707.157694930142,NA,50.2198153156642
LBR,2013,1.954,3.200000048,4.749,0.1242607491616751,NA,Africa,LBR,717.007280358975,NA,49.6977986242077
LBR,2012,2.366,2.5999999049999998,4.881,0.1226493176543667,NA,Africa,LBR,674.360011422232,10.838520055325,49.1773247639526
LBR,2011,2.768,2.5,4.97,0.1235353556510867,NA,Africa,LBR,646.908727016597,NA,48.6583302770849
LBR,2010,3.151,2.3,5.058,0.1246295271723834,NA,Africa,LBR,621.783295071575,9.00753004752703,48.1407517057907
LBR,2009,3.129,2,5.174,0.1240413562511972,NA,Africa,LBR,603.256211077605,NA,47.6245255922562
LBR,2008,3.11,0.529999971,5.328,0.1259534861893605,NA,Africa,LBR,591.185378141907,NA,47.1080497871025
LBR,2007,3.117,0.551400006,5.462,0.127088173270083,NA,Africa,LBR,574.609394348543,NA,46.6104850769043
LBR,2006,3.153,0.529999971,5.53,0.1262105430048329,NA,Africa,LBR,551.377446611852,NA,46.2322959899902
LBR,2005,3.251,0.551400006,5.519,0.1275294199735518,NA,Africa,LBR,539.665378841936,NA,45.8510093035277
LBR,2004,3.257,0.0310111848040233,5.506,0.1273731449346203,NA,Africa,LBR,535.995882066218,NA,45.4344781497244
LBR,2003,3.252,0.0318689345450327,5.547,0.1275308018119457,NA,Africa,LBR,528.567395543421,NA,45.0004573003041
LBR,2002,3.099,0.0327133071190699,5.653,0.1269335949917544,NA,Africa,LBR,762.716393927064,NA,44.566701526991
LBR,2001,2.999,0.033812227177592,5.774,0.1259851419919691,NA,Africa,LBR,754.422355762017,NA,44.1509656015089
LBR,2000,2.921,0.0177027057169472,5.875,0.1250705180110053,NA,Africa,LBR,754.850917360951,18.5271492004394,43.7710042955819
LBY,2023,49.864,82.10469818,2.355,0.1615754190907995,NA,Africa,LBY,7630.49664928174,NA,87.8647197919848
LBY,2022,50.841,80.64720154,2.402,0.1535964300239275,NA,Africa,LBY,7002.68189296358,NA,87.8486088593786
LBY,2021,52.086,77.438797,2.462,0.1543495650156278,NA,Africa,LBY,7731.35448152581,NA,87.8365018271835
LBY,2020,53.562,74.35810089,2.507,0.153124972476175,NA,Africa,LBY,6102.79864032512,NA,87.8278267096263
LBY,2019,50.569,71.40409851,2.539,0.1373095498226273,NA,Africa,LBY,8768.4104874586,NA,87.8220115209342
LBY,2018,50.136,47.5,2.581,0.1377034616299127,NA,Africa,LBY,10020.9165751361,NA,87.818484275334
LBY,2017,50.471,47.5,2.626,0.1380176389389086,NA,Africa,LBY,9435.60060040046,NA,87.8166729870528
LBY,2016,51.378,35,2.673,0.1381828197612686,NA,Africa,LBY,7236.16409923502,NA,87.8160056703177
LBY,2015,51.538,25,2.711,0.1382314507277781,NA,Africa,LBY,7458.48917756374,NA,87.8159103393555
LBY,2014,50.68,17.76000023,2.754,0.1385921568491818,NA,Africa,LBY,7644.24843947404,NA,88.0142059326172
LBY,2013,50.576,16.5,2.716,0.1372720332880713,NA,Africa,LBY,10126.314927806,NA,88.0451431274414
LBY,2012,49.879,15.19999981,2.68,0.1364321432093129,NA,Africa,LBY,12599.258882136,NA,88.0727920532227
LBY,2011,50.372,14,2.646,0.1376581744852394,NA,Africa,LBY,6569.59477578957,NA,88.0970458984375
LBY,2010,49.563,14,2.603,0.1350655572857352,NA,Africa,LBY,12913.9334939386,NA,88.1177139282227
LBY,2009,49.126,10.80000019,2.556,0.1354044543002108,NA,Africa,LBY,12549.0854345521,NA,88.1345825195312
LBY,2008,48.284,9,2.599,0.1374342653230167,NA,Africa,LBY,13403.0004645911,NA,88.1474456787109
LBY,2007,47.384,4.72199937850513,2.648,0.134872410142133,NA,Africa,LBY,13712.9602583972,NA,88.1560287475586
LBY,2006,47.013,4.301099777,2.699,0.1355376342142951,NA,Africa,LBY,13176.7758911904,NA,88.1599560242948
LBY,2005,46.395,3.91779995,2.765,0.1362269340064922,NA,Africa,LBY,12628.896152656,NA,88.135773324416
LBY,2004,46.672,3.53283816154549,2.773,0.1356307284701084,NA,Africa,LBY,11529.1086646221,NA,88.0371675280346
LBY,2003,46.7,2.81451798740855,2.797,0.1359334166618082,NA,Africa,LBY,11267.0627623548,58.543701171875,87.8659880500458
LBY,2002,46.894,2.24441822165946,2.831,0.1365341577127093,NA,Africa,LBY,10170.3095776338,56.240291595459,87.6256192750746
LBY,2001,46.677,0.366533175284228,2.866,0.1361432693377617,NA,Africa,LBY,10467.8776146012,51.0642204284668,87.3194455877457
LBY,2000,46.657,0.187042622337565,2.906,0.1373415064081899,NA,Africa,LBY,10853.8059516526,46.5393905639648,86.9508513726842
LIE,2023,NA,98.13230133,1.45,NA,NA,Europe,LIE,NA,NA,14.6783761234077
LIE,2022,NA,97.88069916,1.47,NA,NA,Europe,LIE,NA,NA,14.6923070071538
LIE,2021,NA,95.56939697,1.53,NA,NA,Europe,LIE,NA,46.0189590454102,14.6989159370696
LIE,2020,NA,94.34999847,1.46,NA,NA,Europe,LIE,NA,42.5986099243164,14.6666622853765
LIE,2019,NA,93.14610291,1.48,NA,NA,Europe,LIE,NA,41.1658401489258,14.6070830005951
LIE,2018,NA,NA,1.58,NA,NA,Europe,LIE,NA,38.3002700805664,14.5565184941154
LIE,2017,NA,99.54660034,1.44,NA,NA,Europe,LIE,NA,35.6219291687012,14.5144332791067
LIE,2016,NA,98.09390259,1.61,NA,NA,Europe,LIE,NA,35.0226211547852,14.4802918687379
LIE,2015,NA,96.6411972,1.4,NA,NA,Europe,LIE,167187.15730982,33.5420417785645,14.4535587761782
LIE,2014,NA,95.20999908,1.59,NA,NA,Europe,LIE,NA,37.4887084960938,14.4336985145967
LIE,2013,NA,93.80000305,1.45,NA,NA,Europe,LIE,NA,NA,14.4201755971624
LIE,2012,NA,89.40769958,1.51,NA,NA,Europe,LIE,NA,42.4966812133789,14.4124545370445
LIE,2011,NA,85,1.69,NA,NA,Europe,LIE,NA,43.6750984191895,14.4099998474121
LIE,2010,NA,80,1.4,NA,NA,Europe,LIE,NA,36.018310546875,14.4154354105611
LIE,2009,NA,75,1.71,NA,NA,Europe,LIE,NA,34.4922218322754,14.4314852298684
LIE,2008,NA,70,1.43,NA,NA,Europe,LIE,NA,36.7309494018555,14.4577640001239
LIE,2007,NA,65.0802002,1.42,NA,NA,Europe,LIE,NA,31.5962390899658,14.4938864161177
LIE,2006,NA,64.21420288,1.43,NA,NA,Europe,LIE,NA,29.81715965271,14.5394671726401
LIE,2005,NA,63.37139893,1.49,NA,NA,Europe,LIE,NA,24.4774703979492,14.594120964481
LIE,2004,NA,64.0074481394199,1.44,NA,NA,Europe,LIE,NA,24.6068496704102,14.6574624864307
LIE,2003,NA,58.8096918372148,1.36,NA,NA,Europe,LIE,NA,20.7547206878662,14.7291064332791
LIE,2002,NA,59.4707106749926,1.47,NA,NA,Europe,LIE,NA,NA,14.8086674998164
LIE,2001,NA,45.1168526483592,1.52,NA,NA,Europe,LIE,NA,NA,14.8957603808328
LIE,2000,NA,36.5152298938015,1.57,NA,NA,Europe,LIE,NA,NA,14.9899997711182
LTU,2023,13.712,88.50287484,1.18,0.1446930889249561,143.1199831535755,Europe,LTU,18685.5523679178,77.0064163208008,68.575454583199
LTU,2022,11.873,87.72420219,1.27,0.138249711717325,141.5565376649675,Europe,LTU,18884.5152531698,76.9154586791992,68.2866452426813
LTU,2021,14.304,86.93054425,1.36,0.1387531300560534,140.67810476850775,Europe,LTU,18569.7057246217,75.0314712524414,68.1912117004395
LTU,2020,19.556,83.05554724,1.36,0.1358771322235238,126.855646815553,Europe,LTU,17443.65526328,73.5892868041992,67.4254608154297
LTU,2019,11.85,81.5818683764046,1.43,0.1243986631019327,119.66177085090575,Europe,LTU,17431.7239081591,75.0942306518555,67.245735168457
LTU,2018,11.117,79.7225827680518,1.53,0.1245682412942056,114.43571251171875,Europe,LTU,16604.9021440809,77.3577728271484,67.1464742010457
LTU,2017,13.266,77.6152565124514,1.57,0.1247975047150349,109.38546515915274,Europe,LTU,15695.9993288456,76.5389785766602,67.1012954711914
LTU,2016,14.455,74.3766455618662,1.63,0.1248912325339356,104.227196282367,Europe,LTU,14823.107153522,74.0858306884766,67.1894226074219
LTU,2015,16.302,71.3780590101754,1.63,0.124684486784451,100.00000000000004,Europe,LTU,14269.8039878287,72.1163330078125,67.2282485961914
LTU,2014,19.258,72.1335378644566,1.57,0.1243218235638306,95.48570343847058,Europe,LTU,13753.1895982305,72.034538269043,67.1514937628023
LTU,2013,21.896,68.4529,1.59,0.1237823005100023,89.7164780541139,Europe,LTU,13145.8069309969,74.3968200683594,67.0092086791992
LTU,2012,26.684,67.2299893276414,1.6,0.123134785862229,89.46523423919882,Europe,LTU,12516.6184065667,79.7516326904297,66.8536758422852
LTU,2011,32.587,63.6399774002179,1.55,0.1231554840089585,92.72534611813693,Europe,LTU,11836.7200384033,84.0555877685547,66.7518340055756
LTU,2010,35.744,62.12,1.5,0.1225822272813358,90.76250391771651,Europe,LTU,10884.1161852582,86.5725708007812,66.7712860107422
LTU,2009,29.584,59.76,1.5,0.1213729964701241,99.4898700952549,Europe,LTU,10612.9204044582,89.2521667480469,66.7816619873047
LTU,2008,13.353,55.22,1.45,0.1222461643761097,148.186791624009,Europe,LTU,12324.5197331387,85.7450866699219,66.7527770996094
LTU,2007,8.394,49.9,1.36,0.1205050254071555,150.7857637871585,Europe,LTU,11889.3545234657,82.5158309936523,66.7184982299805
LTU,2006,9.984,43.9,1.33,0.1201161179438098,126.27518409193576,Europe,LTU,10577.2145522871,82.4531784057617,66.6381530761719
LTU,2005,15.766,36.22,1.29,0.119853456289334,NA,Europe,LTU,9692.86853763267,79.7298126220703,66.5784912109375
LTU,2004,20.252,31.23,1.27,0.1195700920831885,NA,Europe,LTU,8851.92598922347,74.9013824462891,66.6022567749023
LTU,2003,26.932,25.91,1.26,0.1192855458220944,NA,Europe,LTU,8218.69336289848,69.6304168701172,66.7596664428711
LTU,2002,20.422,17.69,1.23,0.1190414003247322,NA,Europe,LTU,7374.0979710116,63.0700798034668,66.8887100219727
LTU,2001,31.526,7.17935699381369,1.29,0.118811171389676,NA,Europe,LTU,6854.5251282667105,57.3476104736328,66.9286097501613
LTU,2000,28.535,6.42706749477765,1.39,0.1192292412289727,NA,Europe,LTU,6384.30865426374,NA,66.9768374826555
LUX,2023,18.848,99.34785707,1.25,0.1912219746599024,142.43302035708274,Europe,LUX,105422.829667869,21.5371704101562,94.8015300320787
LUX,2022,17.599,98.24203749,1.31,0.180578916848357,164.05387440283948,Europe,LUX,107467.187082637,21.032600402832,94.7605400940185
LUX,2021,18.666,98.66086333,1.38,0.1779435571461315,157.94846689742974,Europe,LUX,110873.185245175,20.7341499328613,94.5861743396533
LUX,2020,23.182,98.45962893,1.36,0.1764110891923041,140.76016702856825,Europe,LUX,105274.2471768,19.961389541626,93.8600689970981
LUX,2019,16.975,97.120635693272,1.34,0.1569432490188235,124.115729646626,Europe,LUX,107591.965850496,19.3969497680664,93.2589839734767
LUX,2018,14.18,97.061298705829,1.38,0.1550563146656927,114.28247621278724,Europe,LUX,106788.728745199,19.3915195465088,92.6709441899184
LUX,2017,15.473,97.3629603241751,1.39,0.1531400733835857,108.70347060985274,Europe,LUX,107142.126672598,19.5990200042725,92.0963768119916
LUX,2016,21.98,98.1366986657616,1.41,0.1514899152171518,105.21229532861025,Europe,LUX,108351.451826983,19.9203605651856,91.5357090052649
LUX,2015,17.5,96.3767141704759,1.47,0.150082853645268,99.99999999999986,Europe,LUX,105462.012584423,20.2907104492188,90.9893679353068
LUX,2014,24.278,94.6702052774766,1.5,0.1483953773235101,95.71178412408042,Europe,LUX,105583.937273429,NA,90.4577807676859
LUX,2013,16.289,93.7765,1.55,0.1468287646487849,92.32822179995784,Europe,LUX,105338.955521681,NA,89.9413746679705
LUX,2012,16.578,91.9499237417387,1.57,0.1454894958833315,89.29095904486365,Europe,LUX,104487.744312565,19.117790222168,89.4405768017292
LUX,2011,18.048,90.0298585646936,1.52,0.1440022859400642,87.52395229866579,Europe,LUX,105290.249021891,NA,88.9562814837254
LUX,2010,13.917,90.62,1.63,0.1429039988376369,86.92583780881648,Europe,LUX,106544.057363484,18.2021293640137,88.48791681658
LUX,2009,16.781,87.31,1.59,0.1417975817025618,84.08960091335263,Europe,LUX,104574.349049084,NA,88.0379076027949
LUX,2008,17.761,82.23,1.61,0.1407175649292427,84.60403263056048,Europe,LUX,110094.791529429,10.6716299057007,87.6037664162874
LUX,2007,14.824,78.92,1.61,0.139807747763482,83.70559514713736,Europe,LUX,112417.876989455,NA,87.1831946460401
LUX,2006,15.966,72.51,1.65,0.1391075741057471,NA,Europe,LUX,105614.178851764,9.85431003570557,86.7738936810355
LUX,2005,13.629,70,1.63,0.1383429912941118,NA,Europe,LUX,101222.044353044,NA,86.3735649102561
LUX,2004,16.805,65.88,1.66,0.1375427200941265,NA,Europe,LUX,100292.566948333,NA,85.9799097226846
LUX,2003,10.888,54.55,1.62,0.1367359166611001,NA,Europe,LUX,97597.9973184565,12.0609903335571,85.5906295073034
LUX,2002,6.948,39.84,1.63,0.1362703163195224,NA,Europe,LUX,96269.5797484275,11.6310997009277,85.203425653095
LUX,2001,6.329,36.163422506306,1.66,0.1361729469123215,NA,Europe,LUX,94243.7068360989,9.9181604385376,84.8173254067976
LUX,2000,6.375,22.8873279731211,1.76,0.1360618652088304,NA,Europe,LUX,92527.7108705226,NA,84.4182155177842
MAC,2023,6.557,89.82640076,0.586,NA,NA,Asia,MAC,59474.3964251614,129.151041666667,100
MAC,2022,6.949,89.48549652,0.68,NA,NA,Asia,MAC,34000.7134128308,116.232189973615,100
MAC,2021,6.393,88.46810492,0.756,NA,NA,Asia,MAC,41634.2386139903,98.9696202531646,100
MAC,2020,7.591,87.46230316,0.841,NA,NA,Asia,MAC,33853.7761550109,86.7956730769231,100
MAC,2019,4.936,86.4679257062588,0.899,NA,NA,Asia,MAC,75724.6078280261,80.0911214953271,100
MAC,2018,5.053,83.7940896091516,0.915,NA,NA,Asia,MAC,79178.6506290559,76.7935034802784,100
MAC,2017,5.1,83.1740890688259,1.021,NA,NA,Asia,MAC,75650.1261840452,81.2655086848635,100
MAC,2016,4.98,81.6429854646415,1.138,NA,NA,Asia,MAC,68391.3415491921,79.925,100
MAC,2015,4.338,77.6001318608868,1.142,NA,NA,Asia,MAC,69902.9605741233,76.1658415841584,100
MAC,2014,3.886,69.7809492200465,1.224,NA,NA,Asia,MAC,92383.8434915276,69.2981220657277,100
MAC,2013,4.128,65.8,1.15,NA,NA,Asia,MAC,99054.4980289716,61.8619153674833,100
MAC,2012,5.479,61.31,1.357,NA,NA,Asia,MAC,93192.885853941,53.9347408829175,100
MAC,2011,5.754,60.2036967182195,1.15,NA,NA,Asia,MAC,88168.9713699088,70.3462105845473,100
MAC,2010,5.416,55.198,1.07,NA,NA,Asia,MAC,74195.0577762344,63.4042461657596,100
MAC,2009,7.538,54,1.004,NA,NA,Asia,MAC,59528.8350159491,56.2147483825684,100
MAC,2008,5.898,49.24,0.979,NA,NA,Asia,MAC,58146.3285846714,48.17041015625,100
MAC,2007,6.503,47.32699966,1.008,NA,NA,Asia,MAC,58376.1176047275,46.4321784973145,100
MAC,2006,7.162,46.4,0.954,NA,NA,Asia,MAC,53240.2045750276,49.7756004333496,100
MAC,2005,8.26,34.86289978,0.912,NA,NA,Asia,MAC,49470.940295748,57.060718536377,100
MAC,2004,10.488,31.4840973824121,0.855,NA,NA,Asia,MAC,47665.9330386643,69.0725402832031,100
MAC,2003,11.813,25.7421239826498,0.837,NA,NA,Asia,MAC,38581.6976189322,80.2272033691406,100
MAC,2002,10.844,25.1718801643395,0.813,NA,NA,Asia,MAC,34967.8914561813,66.0375518798828,100
MAC,2001,9.87,22.5212167700561,0.818,NA,NA,Asia,MAC,32441.6760183581,50.4305801391602,99.9998984128371
MAC,2000,10.905,13.6085897418451,0.933,NA,NA,Asia,MAC,31772.6302531656,NA,99.9957926704194
MDG,2023,5.43,18.24080086,3.972,0.139534457170916,NA,Africa,MDG,445.834551910581,6.1466638463036,31.9799438860946
MDG,2022,5.584,17.81170082,4.036,0.131146521416953,NA,Africa,MDG,438.516263353189,5.87562673022926,31.5397813465886
MDG,2021,6.056,13.74590015,4.104,0.1306528595789922,NA,Africa,MDG,431.599103077746,5.3135678666922,31.1137123216036
MDG,2020,5.874,11.35470009,4.17,0.1288430678516254,NA,Africa,MDG,422.924255422319,5.17336117275841,30.7019474167548
MDG,2019,4.485,9.379400253,4.221,0.1138547609346012,NA,Africa,MDG,467.27741349648,5.28586006164551,30.3046972370204
MDG,2018,4.183,7.747799873,4.246,0.1138416336333197,NA,Africa,MDG,459.330367799543,5.11877849200791,29.9181125346909
MDG,2017,3.878,6.406000137,4.259,0.1124891303468435,NA,Africa,MDG,456.851859574031,5.07525058069797,29.671033028335
MDG,2016,3.583,4.713699818,4.285,0.1122085302219475,NA,Africa,MDG,451.15659433146,4.6583858057243,29.4239466316878
MDG,2015,3.305,4.173999786,4.335,0.111393192631435,NA,Africa,MDG,445.320069480568,4.65904652237845,29.1731079210354
MDG,2014,2.538,3.700000048,4.421,0.1103471433502625,NA,Africa,MDG,443.343869908205,4.68533144082284,28.9185894345838
MDG,2013,1.782,3,4.527,0.1098425417805896,NA,Africa,MDG,440.67465890362803,4.186720053214,28.6604637105393
MDG,2012,1.01,2.299999952,4.613,0.1099000821229906,NA,Africa,MDG,442.641500123543,4.04987583552392,28.3988032871081
MDG,2011,3.217,1.899999976,4.737,0.1083515226168805,NA,Africa,MDG,441.755158414121,3.99246757065153,28.1336807024963
MDG,2010,4.78,1.700000048,4.896,0.1087257045050874,NA,Africa,MDG,447.417143030687,3.61032855425362,27.8651684949103
MDG,2009,3.99,1.629999995,5.003,0.1078059244970004,NA,Africa,MDG,457.789754866068,3.44889998435974,27.5933392025561
MDG,2008,3.364,1.649999976,5.043,0.1069848346128071,NA,Africa,MDG,490.963935389518,3.23572993278503,27.31826536364
MDG,2007,2.967,0.649999976,5.083,0.1073010511706017,NA,Africa,MDG,473.785462328449,3.13453006744385,27.0400195163682
MDG,2006,2.615,0.607599974,5.133,0.1052685251822565,NA,Africa,MDG,461.540337897729,2.74632000923157,26.7586741989468
MDG,2005,2.273,0.567700028,5.195,0.1065012761333058,NA,Africa,MDG,450.955230911228,2.54628992080689,26.4743019495822
MDG,2004,4.649,0.525353654946669,5.264,0.1064156030247976,NA,Africa,MDG,443.278654985967,2.44068002700806,26.1869753064804
MDG,2003,6.875,0.423252419277809,5.329,0.1052671492847867,NA,Africa,MDG,433.601040301214,2.0998899936676,25.8967668078478
MDG,2002,7.645,0.339720154596142,5.412,0.1065266740530286,NA,Africa,MDG,406.70122213637,1.92859995365143,25.6037489918904
MDG,2001,7.802,0.222511586178292,5.528,0.1047577136975784,NA,Africa,MDG,478.40561494987,1.89465999603272,25.3079943968146
MDG,2000,8.407,0.196394691006341,5.665,0.1058630751325986,NA,Africa,MDG,465.529509827021,2.02373003959656,25.0095755608264
MWI,2023,6.842,17.98810346,3.648,0.1427669182531949,NA,Africa,MWI,557.03523965791,NA,16.9748746665356
MWI,2022,6.848,16.84830093,3.72,0.1335428284869852,NA,Africa,MWI,560.635759714941,2.70813684546823,16.7146031979436
MWI,2021,7.632,15.30300045,3.791,0.1327732822026515,NA,Africa,MWI,569.968967322435,2.39798041885226,16.4881925800694
MWI,2020,7.831,13.89949989,3.877,0.1291429466143299,NA,Africa,MWI,559.447086086067,2.40217380732134,16.2961471756409
MWI,2019,6.812,11.05860043,3.952,0.1150722573078063,NA,Africa,MWI,569.866249371948,NA,16.1383746619001
MWI,2018,6.853,8.798299789,4.021,0.1139691532779266,NA,Africa,MWI,553.528790902088,1.6942403485732,16.0221486554255
MWI,2017,6.865,7,4.113,0.1132469439838967,NA,Africa,MWI,544.795729220349,NA,15.9634281867266
MWI,2016,6.819,6.300000191,4.216,0.112083713310399,NA,Africa,MWI,538.221990810959,NA,15.899632938282
MWI,2015,6.75,6,4.384,0.1103568342600106,NA,Africa,MWI,539.605363240686,0.809801002249246,15.8338504946918
MWI,2014,6.753,5.829999924,4.569,0.1097070875740491,NA,Africa,MWI,539.562601918057,0.827777867221161,15.766154187056
MWI,2013,6.751,5.050000191,4.759,0.1088246000180849,NA,Africa,MWI,525.357645516557,NA,15.6966173464742
MWI,2012,6.71,4.350599766,4.902,0.1060318246324162,NA,Africa,MWI,512.74031797451,0.838820281170415,15.6253133040464
MWI,2011,6.579,3.33,5.083,0.1068949011055638,NA,Africa,MWI,517.833736624232,1.55183037174754,15.5523153908723
MWI,2010,6.517,2.26,5.263,0.105343323438872,NA,Africa,MWI,508.088650552846,1.26225889832108,15.4776969380518
MWI,2009,6.455,1.07,5.453,0.1045101574147189,NA,Africa,MWI,489.631418790158,NA,15.4015312766848
MWI,2008,6.507,0.7,5.609,0.1057185140401889,NA,Africa,MWI,465.55147298007,NA,15.3238029928378
MWI,2007,6.575,0.965864736553132,5.724,0.1043933786551856,NA,Africa,MWI,445.254305419586,0.477120012044907,15.2477960727861
MWI,2006,6.642,0.425099999,5.802,0.1044919572383759,NA,Africa,MWI,417.877689776503,0.479409992694855,15.1753987017157
MWI,2005,6.616,0.384499997,5.848,0.1049103104047608,NA,Africa,MWI,410.267979592536,0.45329999923706,15.1041793656241
MWI,2004,6.647,0.347505334967577,5.864,0.1053916242194461,NA,Africa,MWI,408.064916052765,0.462709993124008,15.0316039821946
MWI,2003,6.849,0.278815116302304,5.875,0.1053006035285934,NA,Africa,MWI,397.224846758815,0.391519993543625,14.9551384691108
MWI,2002,6.937,0.21509472652259,5.903,0.1057093687589416,NA,Africa,MWI,385.308980237095,0.385289996862411,14.872248744055801
MWI,2001,6.919,0.164020725330811,5.943,0.1052704958575829,NA,Africa,MWI,388.260039763569,0.364780008792877,14.780400724713
MWI,2000,6.758,0.126780944756387,6.002,0.1052033108355289,NA,Africa,MWI,418.592985038462,0.331539988517761,14.6770603287659
MYS,2023,12.146,97.69272633,1.55,0.1053133604780922,NA,Asia,MYS,11445.3925275079,37.2745812491757,76.4434752105739
MYS,2022,12.159,97.3986404,1.55,0.1034915901295517,NA,Asia,MYS,11191.6511756943,36.9853099297291,75.9741357073003
MYS,2021,11.579,96.7514278,1.555,0.1072213316768165,NA,Asia,MYS,10388.2667120857,38.1899993008367,75.5088628191907
MYS,2020,12.365,89.55501192,1.68,0.0996473385177007,NA,Asia,MYS,10171.4657842762,39.744566736763304,75.0511895575672
MYS,2019,11.211,84.1871450078281,1.777,0.094805411812708,NA,Asia,MYS,10902.9834855856,40.8082966813944,74.8377707734042
MYS,2018,11.395,81.2010486181174,1.838,0.0948291662915139,NA,Asia,MYS,10610.1950240479,43.3100279300797,74.5634625145296
MYS,2017,11.277,80.1404790103961,1.893,0.0941919349285542,NA,Asia,MYS,10293.762920536201,42.293211695146,74.2354806421432
MYS,2016,10.836,78.7883099275229,1.942,0.0941790745224993,NA,Asia,MYS,9901.47960179812,45.4034659569972,73.8588978909614
MYS,2015,10.979,71.0640678111957,2.008,0.0933582347102002,NA,Asia,MYS,9648.6797937523,44.289909239243,73.4387869957006
MYS,2014,9.77,63.6654258813225,2.058,0.0916689598523281,NA,Asia,MYS,9341.73055971278,38.3919142029325,72.9802206910773
MYS,2013,10.072,57.05751226,2.07,0.0912991748751837,NA,Asia,MYS,8964.80724896203,38.0700970900265,72.4882717118078
MYS,2012,10.137,65.8,2.117,0.0896223045335811,NA,Asia,MYS,8710.52671359902,36.825516807355,71.9680127926087
MYS,2011,9.821,61,2.153,0.0879297756370636,NA,Asia,MYS,8400.32248683558,35.5661790570975,71.4245166681964
MYS,2010,10.871,56.3,2.144,0.0873482024936172,NA,Asia,MYS,8118.92270511981,36.6774305573553,70.8625314831025
MYS,2009,11.235,55.9,2.223,0.0872047332610813,NA,Asia,MYS,7700.46111294033,35.0602111816406,70.2462628363839
MYS,2008,10.588,55.8,2.262,0.0857580332594625,NA,Asia,MYS,7976.11785374773,32.9037017822266,69.5438130147565
MYS,2007,10.757,55.7,2.252,0.0856611695569116,NA,Asia,MYS,7769.59693350488,29.375789642334,68.7649673902807
MYS,2006,10.681,51.6379889864403,2.308,0.085321506820896,NA,Asia,MYS,7469.8106921211,27.6703605651856,67.9191992840997
MYS,2005,11.325,48.6291702459839,2.391,0.0847977944454961,NA,Asia,MYS,7234.02442689141,27.1163005828857,67.0159820173565
MYS,2004,11.361,42.2522656295248,2.493,0.0833289072922007,NA,Asia,MYS,7025.34558004381,29.779899597168,66.0647889111941
MYS,2003,11.494,34.9711523397291,2.601,0.084336725322068,NA,Asia,MYS,6732.92049458099,31.2641696929932,65.0750932867555
MYS,2002,11.191,32.3382043389359,2.658,0.0823521575394446,NA,Asia,MYS,6516.90671560155,28.92991065979,64.056368465184
MYS,2001,11.396,26.6959725007084,2.807,0.0825129462717041,NA,Asia,MYS,6334.92795651698,26.960880279541,63.0180877676224
MYS,2000,9.6,21.3847311644538,2.942,0.0827660343927226,NA,Asia,MYS,6455.61419792583,27.5522994995117,61.9694564490726
MDV,2023,14.124,84.552902220000007,1.575,0.0987975826829122,NA,Asia,MDV,11439.5364342871,NA,41.5096832933973
MDV,2022,14.27,83.91189054,1.583,0.094990702718369,NA,Asia,MDV,10939.9963271738,48.4968654322788,41.0641769690663
MDV,2021,15.319,81.95760345,1.599,0.0958498212845545,NA,Asia,MDV,9759.2219360708,23.794640430505,40.7398648710483
MDV,2020,16.149,79.09780121,1.613,0.0937545050367178,NA,Asia,MDV,7295.60220956454,27.0805812417437,40.3985147902839
MDV,2019,13.496,77.46970367,1.64,0.0878773027060896,NA,Asia,MDV,11194.9253748064,24.6480059688561,40.0492764783282
MDV,2018,14.024,70.93689728,1.71,0.087400850379921,NA,Asia,MDV,10793.8941325367,NA,39.6923354428279
MDV,2017,14.589,64.95500183,1.798,0.0883215087332491,NA,Asia,MDV,10263.2991147672,33.3294981245829,39.32787719143
MDV,2016,15.126,59.47750092,1.903,0.0866768119683823,NA,Asia,MDV,9909.07669723415,NA,38.9560872317815
MDV,2015,16.833,54.4620018,2.004,0.0869418003514987,NA,Asia,MDV,9644.90655028145,NA,38.5771510715291
MDV,2014,18.374,49.27999878,2.089,0.0860278642560669,NA,Asia,MDV,9612.07861806739,13.6843761236965,38.1938859868107
MDV,2013,19.636,44.09999847,2.174,0.0854535624151271,NA,Asia,MDV,9213.32791442475,NA,37.8257075155926
MDV,2012,20.815,38.93009949,2.254,0.0848038038083985,NA,Asia,MDV,8907.66134868182,NA,37.475963433544
MDV,2011,22.11,34,2.307,0.0837677807733581,NA,Asia,MDV,9005.81391375104,NA,37.1274623517731
MDV,2010,23.344,26.53,2.349,0.0834486971245295,NA,Asia,MDV,8569.52494600725,NA,36.7646137762553
MDV,2009,24.656,24.8,2.39,0.0833198433845342,NA,Asia,MDV,8313.4098369723,NA,36.3718272129661
MDV,2008,21.896,23.2,2.371,0.0823138914058485,NA,Asia,MDV,9396.49733610486,11.3926296234131,35.9335121678807
MDV,2007,19.866,16.3,2.293,0.0822721908936772,NA,Asia,MDV,8933.17166363858,10.3270502090454,35.4340781469745
MDV,2006,17.714,11.0363527828647,2.204,0.082000887336567,NA,Asia,MDV,8620.72814678183,NA,34.8678636610379
MDV,2005,15.6,6.86960506696215,2.199,0.0816648985049041,NA,Asia,MDV,7141.88377049891,NA,34.0715178283824
MDV,2004,13.26,6.58825487530861,2.262,0.0807412562835942,NA,Asia,MDV,8174.41607301248,NA,32.8541942827704
MDV,2003,11.118,5.97659284988557,2.342,0.0811725097759727,NA,Asia,MDV,7845.29307409315,0.21356999874115,31.3913356462169
MDV,2002,8.945,5.3477651689359,2.425,0.0800323852820004,NA,Asia,MDV,7012.25568873173,NA,29.8881681908815
MDV,2001,6.704,3.61729064930367,2.532,0.0805049728033651,NA,Asia,MDV,6647.6503820039,NA,28.5499181889238
MDV,2000,4.403,2.2038729393788,2.691,0.07986804627439,NA,Asia,MDV,7037.08546104613,NA,27.6038586493758
MLI,2023,3.861,36.03879929,5.614,0.157933888815844,NA,Africa,MLI,892.360907760383,NA,31.0031889023235
MLI,2022,3.205,35.19919968,5.692,0.1457560745570308,NA,Africa,MLI,877.817842432934,NA,30.4015705681899
MLI,2021,4.433,33.95650101,5.779,0.1437986122200168,NA,Africa,MLI,872.332509419855,NA,29.7049638253978
MLI,2020,6.733,29.11300087,5.85,0.1418842770511899,NA,Africa,MLI,872.389426814294,NA,29.0205972994693
MLI,2019,4.669,24.96030045,5.892,0.1230470316236603,NA,Africa,MLI,909.751069703313,NA,28.3520715749509
MLI,2018,2.335,21.39999962,6.118,0.121903391234558,NA,Africa,MLI,892.978322791418,NA,27.6999185916288
MLI,2017,2.234,18.89999962,6.251,0.1203174427882821,NA,Africa,MLI,878.561348377434,NA,27.0646702892896
MLI,2016,2.134,14,6.319,0.1186466038305645,NA,Africa,MLI,860.75307554569,NA,26.4468586077195
MLI,2015,2.171,10.32999992,6.385,0.1170490678348897,NA,Africa,MLI,838.11986940103,5.12750941173932,25.847015486705
MLI,2014,2.243,7,6.441,0.115570084402661,NA,Africa,MLI,813.975661285204,5.53504882678079,25.2656728660325
MLI,2013,2.28,3.5,6.491,0.1148842398258382,NA,Africa,MLI,788.819448205749,5.94123501789155,24.7033626854883
MLI,2012,2.231,2.799999952,6.523,0.1139021365650467,NA,Africa,MLI,786.323471336853,6.41861745428738,24.1606168848588
MLI,2011,2.176,2.2,6.545,0.1133430244791923,NA,Africa,MLI,818.399030995547,4.96896888641169,23.6379674039304
MLI,2010,2.147,2,6.579,0.113314658972812,NA,Africa,MLI,821.181286587872,5.50589495885227,23.1359461824894
MLI,2009,2.176,1.799999952,6.592,0.1136204813441498,NA,Africa,MLI,803.486738927624,5.29625988006592,22.6557955217884
MLI,2008,2.151,1.57,6.624,0.1137360317798652,NA,Africa,MLI,787.156518987615,4.79010009765625,22.1922849560871
MLI,2007,2.138,0.81,6.647,0.1133586762667661,NA,Africa,MLI,784.893915016638,NA,21.7398043631622
MLI,2006,2.157,0.729600012,6.677,0.1136661881605731,NA,Africa,MLI,797.100532884951,NA,21.2987608960246
MLI,2005,2.128,0.507099986,6.708,0.1135787521206939,NA,Africa,MLI,794.373328211361,NA,20.8706715422205
MLI,2004,2.169,0.432819639900985,6.741,0.1131531609975132,NA,Africa,MLI,800.501816706213,NA,20.4570532892964
MLI,2003,2.024,0.310364443230575,6.783,0.1137118739804231,NA,Africa,MLI,814.808466525191,NA,20.0594231247985
MLI,2002,2.113,0.2270455784917,6.819,0.1134300727516747,NA,Africa,MLI,766.073669042446,1.88522005081177,19.6792980362731
MLI,2001,2.083,0.185897413256084,6.852,0.1130152221093514,NA,Africa,MLI,766.960343246307,1.89023995399475,19.3181950112665
MLI,2000,2.161,0.142545755049184,6.886,0.1125814377141012,NA,Africa,MLI,682.49742045713,1.77691996097565,18.977631037325
MLT,2023,9.323,92.07266941,1.06,0.2268216417224298,NA,Europe,MLT,33408.2005015872,80.5250091552734,95.6272277147965
MLT,2022,9.064,91.54062209,1.08,0.211955964252673,NA,Europe,MLT,31430.6187070236,74.5901336669922,95.6003155132879
MLT,2021,9.871,87.46977742,1.13,0.2060608971421343,NA,Europe,MLT,31436.3493030938,70.2313537597656,95.5145343617045
MLT,2020,11.536,86.85876183,1.14,0.2047953340404115,NA,Europe,MLT,27861.8202844538,61.4767112731934,95.1841082280263
MLT,2019,10.07,85.7785963798031,1.14,0.1811079316310499,NA,Europe,MLT,29522.661886008,58.4985084533691,94.9332032524644
MLT,2018,9.355,81.6580442928014,1.23,0.1778613785151178,NA,Europe,MLT,29536.8052374716,57.8407592773438,94.7242373261706
MLT,2017,10.589,81.0119110762945,1.26,0.1762207251701384,NA,Europe,MLT,28546.6597365912,54.0890197753906,94.5691806330314
MLT,2016,10.713,78.0751488032182,1.37,0.1726255635949136,NA,Europe,MLT,25969.5120352027,49.2171897888184,94.4800033569336
MLT,2015,11.653,75.9600189752747,1.37,0.1698576047378827,NA,Europe,MLT,25529.6813337717,48.0389709472656,94.4387696268011
MLT,2014,11.696,73.1141157845193,1.38,0.16684745728332331,NA,Europe,MLT,23866.0667851301,45.4103507995605,94.412512773898
MLT,2013,12.729,68.9138,1.36,0.1637475332007059,NA,Europe,MLT,22626.4981391343,44.4813919067383,94.3906567856206
MLT,2012,13.846,68.1998742928975,1.42,0.1609704786040378,NA,Europe,MLT,21529.3982167566,42.5473289489746,94.3626256493653
MLT,2011,13.341,68.0198237885462,1.45,0.1578988312046273,NA,Europe,MLT,20867.9310851632,39.4486618041992,94.3155916422812
MLT,2010,13.245,63,1.36,0.1549974950777708,NA,Europe,MLT,20750.6479461598,36.8344192504883,94.2412435620154
MLT,2009,14.506,58.86,1.42,0.1518583334318968,NA,Europe,MLT,19635.9157805971,35.7878684997559,94.1423744490362
MLT,2008,11.619,50.08,1.43,0.1486191120661638,NA,Europe,MLT,20064.4610845081,33.3216094970703,94.0294765354989
MLT,2007,13.491,46.9,1.35,0.1462578629551023,NA,Europe,MLT,19342.3252929886,34.6690711975098,93.9118231189546
MLT,2006,15.462,40.41,1.36,0.1446357609357097,NA,Europe,MLT,18479.213008171,31.2252807617188,93.7986874969541
MLT,2005,16.121,41.24,1.38,0.143036047238798,NA,Europe,MLT,18123.2685184554,32.2053604125977,93.6985189936163
MLT,2004,18.586,34.62,1.4,0.141811595625683,NA,Europe,MLT,17728.3659761648,26.6235694885254,93.6081858790552
MLT,2003,17.572,31.64,1.48,0.140631063473751,NA,Europe,MLT,17775.4264786392,30.0867691040039,93.5241031580205
MLT,2002,15.433,28.92,1.45,0.1400107891999351,NA,Europe,MLT,17255.4299440987,24.2556896209717,93.4431095912187
MLT,2001,17.743,17.8778483243348,1.48,0.139920052134826,NA,Europe,MLT,16920.7309706609,24.9949493408203,93.3621924014528
MLT,2000,11.84,13.1137087111024,1.68,0.1398239116513953,NA,Europe,MLT,17178.3773811056,NA,93.278338811526
MHL,2023,NA,64.07589722,2.919,0.125560164009039,NA,Oceania,MHL,5482.44553639985,NA,78.3593928884282
MHL,2022,NA,64.26719666,2.936,0.1185296166175249,NA,Oceania,MHL,5591.46421459004,41.3350449293967,77.9855966195187
MHL,2021,NA,63.97259903,2.964,0.1187148511691567,NA,Oceania,MHL,5455.31642282232,NA,77.6163157431143
MHL,2020,NA,56.41910172,2.989,0.1157360056424742,NA,Oceania,MHL,5172.57528216176,NA,77.285864607515
MHL,2019,NA,49.75749969,3.012,0.1048356195367574,NA,Oceania,MHL,5162.81500670348,37.3626373626374,76.9422712042154
MHL,2018,NA,43.88249969,3.038,0.1042815372537652,NA,Oceania,MHL,4542.34293916308,NA,76.5886712229035
MHL,2017,NA,38.70119858,3.064,0.1036187599671643,NA,Oceania,MHL,4190.93468589482,NA,76.2253071645634
MHL,2016,NA,29.78779984,3.091,0.1028803371802993,NA,Oceania,MHL,3946.8444109078,36.6609294320138,75.8524215301796
MHL,2015,NA,19.28240013,3.131,0.1021767120754531,NA,Oceania,MHL,3764.34426229508,34.320987654321,75.4702568207363
MHL,2014,NA,16.799999239999998,3.18,0.1013704957063399,NA,Oceania,MHL,3620.77275283155,NA,75.0790555372177
MHL,2013,NA,14,3.247,0.1006953294540694,NA,Oceania,MHL,3602.92811901896,NA,74.6790601806083
MHL,2012,NA,12.5,3.382,0.1000809413155423,NA,Oceania,MHL,3420.91444796671,29.3663060278207,74.2705132518924
MHL,2011,NA,10,3.527,0.09949321830658,NA,Oceania,MHL,3433.06297801838,NA,73.8553711172585
MHL,2010,NA,7,3.673,0.099062412203973,NA,Oceania,MHL,3441.31888402121,NA,73.4115658761809
MHL,2009,NA,5.599999905,3.83,0.098578198443434,NA,Oceania,MHL,3262.26955535477,NA,72.9115832892586
MHL,2008,NA,4.599999905,3.967,0.0981101243590897,NA,Oceania,MHL,3146.26177205458,NA,72.3673018695269
MHL,2007,NA,3.950000048,4.09,0.0977545112182667,NA,Oceania,MHL,3403.47842798117,NA,71.7941991662501
MHL,2006,NA,3.79559021427832,4.197,0.0974036294476533,NA,Oceania,MHL,3285.12078781351,NA,71.2077527286922
MHL,2005,NA,3.8787023977433,4.276,0.0970814508196616,NA,Oceania,MHL,3284.78403267445,NA,70.6234401061174
MHL,2004,NA,3.59977681383754,4.34,0.096767692316933,NA,Oceania,MHL,3234.15265200518,NA,70.0567388477898
MHL,2003,NA,2.5697503671072,4.418,0.0964549300654553,NA,Oceania,MHL,3256.97244330835,NA,69.5231265029735
MHL,2002,NA,2.33544457522934,4.488,0.0962258170324551,NA,Oceania,MHL,3322.41127856101,16.0476303100586,69.0380806209326
MHL,2001,NA,1.7066140776699,4.583,0.0960773863220268,NA,Oceania,MHL,3224.7911898754,NA,68.6170787509313
MHL,2000,NA,1.53427179624871,4.695,0.0959370974358874,NA,Oceania,MHL,3040.59677355737,NA,68.2755984422337
MRT,2023,23.24,44.95629883,4.697,0.1423198868817968,NA,Africa,MRT,1634.89897144624,NA,59.7142464747058
MRT,2022,23.509,42.46450043,4.77,0.1316915320010985,NA,Africa,MRT,1576.75624107308,NA,58.8120996197226
MRT,2021,24.854,35.63660049,4.848,0.1290994393456845,NA,Africa,MRT,1520.3111804259,NA,57.901535141641
MRT,2020,25.518,29.90649986,4.912,0.1293622909651982,NA,Africa,MRT,1553.3061558659099,5.97194330025359,56.9836701058893
MRT,2019,23.371,25.0977993,4.984,0.1112079117539202,NA,Africa,MRT,1605.1352359742,5.88823986461851,56.0596215779146
MRT,2018,22.196,22.96699905,5.044,0.1108837071638704,NA,Africa,MRT,1602.90225649072,5.13275480775448,55.1305077000081
MRT,2017,20.967,21.01720047,5.106,0.1096009870111237,NA,Africa,MRT,1576.06857825162,5.15614020144375,54.1970448502004
MRT,2016,19.825,19.23279953,5.157,0.1075435481956062,NA,Africa,MRT,1528.05152299375,5.56245834327609,52.9185627319946
MRT,2015,18.503,17.60000038,5.211,0.1082191575218277,NA,Africa,MRT,1554.94897871782,5.88425001273035,51.6680350049622
MRT,2014,17.358,11.80000019,5.261,0.1068144138149511,NA,Africa,MRT,1520.64621634902,NA,50.4694791226856
MRT,2013,16.199,6.199999809,5.317,0.1072274641617948,NA,Africa,MRT,1502.90142381083,5.79601450584933,49.3553973225913
MRT,2012,15.087,5,5.352,0.1068405850037389,NA,Africa,MRT,1488.97177557214,5.49335070425997,48.2732447351525
MRT,2011,15.22,4.5,5.38,0.1070748967283983,NA,Africa,MRT,1472.55245572229,5.06647175812938,47.1350407023691
MRT,2010,15.351,4,5.384,0.1068874136748257,NA,Africa,MRT,1460.19179652873,4.66769636853479,45.9541923109942
MRT,2009,15.477,2.279999971,5.406,0.1064645755174914,NA,Africa,MRT,1469.05426880813,4.12409019470215,44.7591814741371
MRT,2008,14.854,1.870000005,5.436,0.1069591404801295,NA,Africa,MRT,1514.2655013629,4.07179021835327,43.5784901049073
MRT,2007,14.563,1.433599949,5.426,0.1068722577071357,NA,Africa,MRT,1563.60628765192,3.95002007484436,42.4406001164139
MRT,2006,14.368,0.979700029,5.404,0.1056523759645983,NA,Africa,MRT,1637.04191255803,3.48698997497559,41.3739934217664
MRT,2005,14.721,0.670000017,5.376,0.1068187909743159,NA,Africa,MRT,1418.53202144135,3.07908010482788,40.407151934074
MRT,2004,14.952,0.481470438230954,5.374,0.1047981601655032,NA,Africa,MRT,1338.66768122804,3.34153008460998,39.5685575664461
MRT,2003,15.134,0.424004895843197,5.364,0.1059420595710495,NA,Africa,MRT,1308.56307582578,3.29281997680664,38.8866922319919
MRT,2002,15.49,0.363229414608579,5.373,0.1046678799306338,NA,Africa,MRT,1252.10300454131,3.0836501121521,38.3900378438208
MRT,2001,15.419,0.261448551967195,5.407,0.1047573269395115,NA,Africa,MRT,1262.65567288639,3.47914004325867,38.1070763150421
MRT,2000,15.297,0.192031462434805,5.456,0.1046945707201735,NA,Africa,MRT,1304.64439067179,NA,38.0555858542174
MUS,2023,16.448,79.5,1.4,0.1110807138638358,NA,Africa,MUS,11348.4337725632,43.3386887794765,39.0039901092226
MUS,2022,22.321,75.5,1.33,0.1079526534546156,NA,Africa,MUS,10688.4383112722,44.2026816403629,39.0000125885784
MUS,2021,25.369,71.59999847,1.42,0.1076195815723525,NA,Africa,MUS,9804.0031863121,43.9577226373808,39.077147315722
MUS,2020,25.032,67.73290684,1.46,0.104839027159651,NA,Africa,MUS,9483.67602630847,42.5378418595105,39.1607039074325
MUS,2019,22.083,61.7299551453346,1.41,0.0960795372210677,NA,Africa,MUS,11098.3137067341,42.9878710798151,39.2509492806955
MUS,2018,24.196,58.596169704299,1.42,0.0968253327142955,NA,Africa,MUS,10789.9241521132,40.4078098261963,39.3474905591359
MUS,2017,24.231,55.4032403002657,1.46,0.0971678333803749,NA,Africa,MUS,10379.9138706732,39.6618786560902,39.4499348663789
MUS,2016,22.979,52.19129944,1.41,0.0969838017121303,NA,Africa,MUS,9995.65028642071,38.4107692617261,39.5578893260494
MUS,2015,25.564,50.1393184766711,1.37,0.0983010822293012,NA,Africa,MUS,9630.5437837507,37.760738643162,39.6709610617726
MUS,2014,24.728,44.8032753683379,1.44,0.0976621535423027,NA,Africa,MUS,9300.07878638583,40.0382004235695,39.7887571971735
MUS,2013,22.175,40.116825135,1.45,0.097527229032898,NA,Africa,MUS,8973.51550099533,41.4023953525386,39.9108848558771
MUS,2012,23.574,35.42,1.56,0.0971617238435139,NA,Africa,MUS,8702.82242878289,40.3749497386409,40.0369511615085
MUS,2011,21.588,34.95000076,1.55,0.0958820557726772,NA,Africa,MUS,8432.19129317694,34.2265053809565,40.1665923228716
MUS,2010,23.524,28.33,1.57,0.0956989961370515,NA,Africa,MUS,8114.82056038003,33.0799908955061,40.3046131827718
MUS,2009,21.439,22.51,1.59,0.0959225502300628,NA,Africa,MUS,7793.0308214588,31.3993797302246,40.4548202346069
MUS,2008,19.206,21.81,1.67,0.0943082382687571,NA,Africa,MUS,7563.03143738425,27.0272006988525,40.6154231740954
MUS,2007,24.515,20.22,1.74,0.0945748454913931,NA,Africa,MUS,7202.43853899489,24.5238494873047,40.7846600109183
MUS,2006,23.251,16.7,1.77,0.0943458926589674,NA,Africa,MUS,6843.39977734988,23.6054592132568,40.9607687547567
MUS,2005,25.657,15.1722002,1.88,0.0940395932654144,NA,Africa,MUS,6556.38819193225,21.0529594421387,41.1419874152917
MUS,2004,24.659,13.6890885885342,1.92,0.0923444984841641,NA,Africa,MUS,6480.13648507258,17.2851009368896,41.3265540022042
MUS,2003,25.25,12.1871062041308,1.87,0.0935364118190286,NA,Africa,MUS,6250.2637051329,15.7577295303345,41.5127065251754
MUS,2002,25.739,10.252624671916,1.94,0.0911522663062863,NA,Africa,MUS,5943.48081247767,15.1241102218628,41.6986829938864
MUS,2001,27.843,8.78090401892036,1.91,0.0922332798977841,NA,Africa,MUS,5889.77138546269,16.4485702514648,41.8827214180181
MUS,2000,26.388,7.28153511499385,1.99,0.0907614477821167,NA,Africa,MUS,5744.19830169899,10.6760301589966,42.063123063288
MEX,2023,5.844,81.18318755,1.91,0.1559590989991844,127.55321089053226,Americas,MEX,10259.1766616403,47.474681854248,79.4734935748046
MEX,2022,6.465,78.63217894,1.94,0.1453726616651226,118.01938659247651,Americas,MEX,10013.2479236143,46.4061317443848,79.199683215791
MEX,2021,7.626,75.62650476,1.97,0.1441496776067748,118.1344612705,Americas,MEX,9728.05680032556,45.6506195068359,78.9324007418057
MEX,2020,8.053,71.49017499,1.99,0.1435106151092424,115.49914712835624,Americas,MEX,9234.64362317923,45.1654510498047,78.677960602824
MEX,2019,7.16,69.6321092705209,2.02,0.1271951910632365,114.49117171532001,Americas,MEX,10159.4448364319,43.0441398620605,78.355984332992
MEX,2018,6.815,56.6595667981289,2.03,0.1267936508069798,108.18690849383525,Americas,MEX,10296.8690928534,41.6382789611816,78.0271223924494
MEX,2017,6.849,53.0317886110982,2.041,0.1262869553075062,103.7604933501805,Americas,MEX,10193.7727193457,40.3390693664551,77.7206924598541
MEX,2016,7.621,59.5404459967255,2.086,0.1256443073955109,101.656354692226,Americas,MEX,10100.5021214015,38.589771270752,77.4405087351486
MEX,2015,8.516,57.4310429923633,2.137,0.1252505165164099,99.99999999999983,Americas,MEX,10021.2386118827,31.9718608856201,77.1903854182753
MEX,2014,9.418,44.3856962723411,2.211,0.1247509413663887,93.23626295894617,Americas,MEX,9862.48125444199,31.2052898406982,76.9741367091766
MEX,2013,9.398,43.46,2.269,0.1237418376732858,93.88806300678542,Americas,MEX,9738.71059803658,30.3301601409912,76.7955768077952
MEX,2012,9.357,39.75,2.294,0.1226336261619101,91.35326694897532,Americas,MEX,9782.51776305354,29.3496494293213,76.6585199140734
MEX,2011,9.765,37.1762954125184,2.317,0.1213740448440976,92.85936856870292,Americas,MEX,9575.93437788582,28.0361595153809,76.5667802279537
MEX,2010,9.704,31.05,2.34,0.1202684858512624,90.84758452642087,Americas,MEX,9389.06722084275,27.1670207977295,76.5244441414713
MEX,2009,10.012,26.34,2.364,0.1192193660456971,94.28277079258002,Americas,MEX,9074.1188145564,26.2105903625488,76.5143930040295
MEX,2008,7.594,21.71,2.391,0.1182109642812623,93.55118971567705,Americas,MEX,9826.3421836048,25.7789402008057,76.5090428271033
MEX,2007,7.124,20.81,2.421,0.1173365112264213,94.32691574985385,Americas,MEX,9877.69532644737,25.1474304199219,76.5047326234761
MEX,2006,6.98,19.52000046,2.456,0.1165336478935733,93.81747036026782,Americas,MEX,9813.8280424425,24.5689697265625,76.4982455683657
MEX,2005,6.878,17.20999908,2.495,0.1157614492883846,90.91128025812304,Americas,MEX,9491.51730225718,24.130989074707,76.4748624380269
MEX,2004,8.2,14.1,2.536,0.1149927212870534,NA,Americas,MEX,9421.28975988024,23.7031497955322,76.3274397419019
MEX,2003,7.099,12.9,2.579,0.1141938872473311,NA,Americas,MEX,9221.99666693097,23.0477905273438,76.046170340551
MEX,2002,6.093,11.9,2.633,0.1134565495974931,NA,Americas,MEX,9242.27886130016,22.3153591156006,75.6840752828994
MEX,2001,4.975,7.0380231165045,2.671,0.1127991639294953,NA,Americas,MEX,9398.35074355724,21.3776397705078,75.2907557567987
MEX,2000,5.228,5.08138415338066,2.714,0.1121598475202972,NA,Americas,MEX,9581.96970210753,20.5259704589844,74.9203113970256
FSM,2023,NA,39.39889908,2.748,0.1252147498061235,NA,Oceania,FSM,2923.05174793291,NA,22.4334012451903
FSM,2022,NA,39.027900699999996,2.785,0.118240657172849,NA,Oceania,FSM,2923.25915160041,NA,22.4122701819053
FSM,2021,NA,NA,2.818,0.1184594072850592,NA,Oceania,FSM,3023.96457451783,NA,22.3928762855411
FSM,2020,NA,39.38330078,2.852,0.1154368378258859,NA,Oceania,FSM,2951.77114318964,NA,22.3752060036598
FSM,2019,NA,37.97370148,2.883,0.1045659091661497,NA,Oceania,FSM,3019.25086619614,NA,22.359245777081
FSM,2018,NA,36.61460114,2.922,0.1040158196976142,NA,Oceania,FSM,2910.6935304708,NA,22.3449820355433
FSM,2017,NA,35.30410004,2.957,0.1033553678558978,NA,Oceania,FSM,2922.07246225843,NA,22.332401189542
FSM,2016,NA,33.35219955,3.001,0.102616849863777,NA,Oceania,FSM,2870.49424845266,NA,22.3214896137555
FSM,2015,NA,31.50110054,3.049,0.1019140586290948,NA,Oceania,FSM,2853.07643587028,NA,22.3122336099411
FSM,2014,NA,29.64999962,3.091,0.1011090831748091,NA,Oceania,FSM,2740.01667828088,NA,22.3046193122479
FSM,2013,NA,27.799999239999998,3.133,0.100426765836574,NA,Oceania,FSM,2819.90328917215,NA,22.2986323961146
FSM,2012,NA,25.97439957,3.18,0.0998028366541897,NA,Oceania,FSM,2933.79998441501,NA,22.2942568788425
FSM,2011,NA,22.799999239999998,3.223,0.0992057559699641,NA,Oceania,FSM,2989.68205288365,NA,22.2914664135472
FSM,2010,NA,20,3.271,0.0987719349747078,NA,Oceania,FSM,2884.91733583068,NA,22.2903529875138
FSM,2009,NA,15.35,3.313,0.0982895196679648,NA,Oceania,FSM,2815.59835156937,NA,22.2995385016606
FSM,2008,NA,14.49,3.368,0.0978198361486532,NA,Oceania,FSM,2759.97734131572,NA,22.3111192453232
FSM,2007,NA,13.62110043,3.439,0.097462679559691,NA,Oceania,FSM,2808.83168399832,NA,22.3208324539882
FSM,2006,NA,12.75030041,3.514,0.0971127333028797,NA,Oceania,FSM,2836.18187521481,NA,22.3275140420008
FSM,2005,NA,11.88140011,3.595,0.0967935894865603,NA,Oceania,FSM,2824.41492288117,NA,22.3299999237061
FSM,2004,NA,11.0178673081514,3.681,0.0964834194457545,NA,Oceania,FSM,2747.87981611358,NA,22.3299999237061
FSM,2003,NA,9.23250210039423,3.785,0.0961827672745848,NA,Oceania,FSM,2829.3364363568,NA,22.3299999237061
FSM,2002,NA,5.57009970478472,3.934,0.0959604036524912,NA,Oceania,FSM,2776.29556090642,NA,22.3299999237061
FSM,2001,NA,4.66052719883673,4.084,0.0958342816154265,NA,Oceania,FSM,2766.08612139035,NA,22.3299999237061
FSM,2000,NA,3.73486213690137,4.217,0.0956939594470245,NA,Oceania,FSM,2724.42245620978,13.3582201004028,22.3299999237061
MDA,2023,4.031,76.50330353,1.731,0.1457491434820009,NA,Europe,MDA,3760.7000642059,71.1679028753075,43.0011825561523
MDA,2022,2.905,74.91899872,1.694,0.1367326417270405,NA,Europe,MDA,3611.95484733286,68.0572346521372,42.4048843383789
MDA,2021,1.797,74.91899872,1.751,0.1365009141480068,NA,Europe,MDA,3688.16729442144,61.3014036981023,41.8115425109863
MDA,2020,4.053,74.11830139,1.77,0.1345430029712631,NA,Europe,MDA,3188.91691602699,56.2498196612517,41.3368530273438
MDA,2019,3.256,73.32610321,1.78,0.1213444876081268,NA,Europe,MDA,3438.67732670712,54.7812048030675,40.772289276123
MDA,2018,3.208,72.54239655,1.81,0.12001464737126501,NA,Europe,MDA,3267.9961042872,52.8423092059456,40.3258094787598
MDA,2017,3.925,71.76709747,1.81,0.1197356871958448,NA,Europe,MDA,3085.33305844263,51.9490291393525,39.9736557006836
MDA,2016,3.02,70.9999991066624,1.89,0.1194110025043616,NA,Europe,MDA,2910.95486872376,52.8435823784374,39.7373237609863
MDA,2015,3.341,69.0000044661932,1.87,0.11982060203416,NA,Europe,MDA,2749.55137054338,52.1000519119307,39.6954040527344
MDA,2014,2.298,66.9999982002077,1.82,0.1197562612894326,NA,Europe,MDA,2737.80185056647,52.151516238366,39.6298484802246
MDA,2013,2.953,37.43999863,1.622,0.1191217386136176,NA,Europe,MDA,2605.85029986142,41.2771708905345,39.4275512695312
MDA,2012,3.452,34.65000153,1.661,0.1200442249286673,NA,Europe,MDA,2389.08666147529,40.1086414991241,39.3614196777344
MDA,2011,4.865,32.06999969,1.65,0.1187486825591632,NA,Europe,MDA,2402.94446306051,39.4480430115419,39.3469161987305
MDA,2010,5.686,29.68000031,1.703,0.1184607816430556,NA,Europe,MDA,2269.51116145996,38.1453631147397,39.2804946899414
MDA,2009,6.669,27.5,1.719,0.1187015268056041,NA,Europe,MDA,2116.94357544097,NA,39.3255348205566
MDA,2008,5.888,23.39,1.638,0.1183321094321428,NA,Europe,MDA,2249.22589719372,NA,39.3710708618164
MDA,2007,7.582,20.45,1.575,0.1176035282786007,NA,Europe,MDA,2082.51260097669,NA,39.4315032958984
MDA,2006,9.796,19.6206477051634,1.537,0.1183777232673314,NA,Europe,MDA,2017.17730062908,NA,39.2182388305664
MDA,2005,14.642,14.6302704551796,1.528,0.1170622262206339,NA,Europe,MDA,1919.44550763748,NA,39.3704032897949
MDA,2004,15.492,10.629390841654,1.543,0.1168207153920956,NA,Europe,MDA,1781.19145323724,NA,39.4460945129395
MDA,2003,14.85,7.40754458415897,1.479,0.117056071850502,NA,Europe,MDA,1654.36629303195,NA,39.5945358276367
MDA,2002,15.334,3.78724279887342,1.448,0.1168100968539974,NA,Europe,MDA,1547.57421231612,NA,39.620719909668
MDA,2001,16.495,1.48781295215565,1.471,0.1161060880232143,NA,Europe,MDA,1432.2768928234,NA,39.6744270324707
MDA,2000,16.003,1.28284641670022,1.496,0.1169078090392315,NA,Europe,MDA,1346.9156717656101,NA,40.4185981750488
MCO,2023,NA,98.87049866,2.11,0.2081826549641076,NA,Europe,MCO,225884.183303985,NA,100
MCO,2022,NA,98.75189972,2.114,0.1948347489730569,NA,Europe,MCO,214359.605825981,NA,100
MCO,2021,NA,99.07759857,2.122,0.1916889549710188,NA,Europe,MCO,194674.777609089,NA,100
MCO,2020,NA,98.57080078,2.38,0.1888226223450297,NA,Europe,MCO,161262.925884403,NA,100
MCO,2019,NA,98,2.403,0.1668967195444685,NA,Europe,MCO,185582.7556905,NA,100
MCO,2018,NA,NA,2.485,0.1644710072935342,NA,Europe,MCO,173041.761057866,NA,100
MCO,2017,NA,97.0530014,2.418,0.1621126677829593,NA,Europe,MCO,165781.779121526,NA,100
MCO,2016,NA,95.20819855,2.578,0.1597766181626678,NA,Europe,MCO,173120.189785092,53.5667991638184,100
MCO,2015,NA,93.36329651,2.503,0.1573310294741639,NA,Europe,MCO,170437.101188261,NA,100
MCO,2014,NA,92.40000153,2.485,0.1550004579564945,NA,Europe,MCO,165288.200345355,NA,100
MCO,2013,NA,90.69999695,2.313,0.1525310522845041,NA,Europe,MCO,157167.975027858,NA,100
MCO,2012,NA,87,2.294,0.1501599951380382,NA,Europe,MCO,146472.677860476,NA,100
MCO,2011,NA,80.30000305,2.22,0.1478873584670923,NA,Europe,MCO,148272.711991792,NA,100
MCO,2010,NA,75,2.385,0.1458546845632451,NA,Europe,MCO,141814.78664157,NA,100
MCO,2009,NA,70.1,2.397,0.1442135638676775,NA,Europe,MCO,142375.532007071,NA,100
MCO,2008,NA,67.25,2.384,0.1423470635731654,NA,Europe,MCO,163243.752211148,NA,100
MCO,2007,NA,64.37770081,2.206,0.1410670248980394,NA,Europe,MCO,162028.480643444,NA,100
MCO,2006,NA,61.47600174,2.101,0.1401536730472055,NA,Europe,MCO,140615.178788026,NA,100
MCO,2005,NA,55.46480179,2.006,0.1391918317111833,NA,Europe,MCO,132253.218402608,NA,100
MCO,2004,NA,52.4901966838546,1.994,0.1382958501484236,NA,Europe,MCO,129403.404955341,NA,100
MCO,2003,NA,49.4911689195459,1.914,0.1374032258438367,NA,Europe,MCO,126022.239091348,NA,100
MCO,2002,NA,48.0471171729696,2.006,0.1368896381390417,NA,Europe,MCO,124481.880220824,NA,100
MCO,2001,NA,46.6461423640265,2.176,0.1367605576409083,NA,Europe,MCO,123122.12291461,NA,100
MCO,2000,NA,42.1848634460346,2.082,0.136689026355041,NA,Europe,MCO,120456.506337384,NA,100
MNG,2023,11.605,83.74320221,2.7,0.1279746493731903,NA,Asia,MNG,4456.53627552726,67.941399950927,70.4464492797852
MNG,2022,11.434,81.07720184,2.7,0.1226439625937818,NA,Asia,MNG,4205.88554513551,67.6998728025335,69.783805847168
MNG,2021,16.508,81.60682285,2.8,0.1237915223561056,NA,Asia,MNG,4063.53669849245,67.4261046440448,69.2153244018555
MNG,2020,14.889,62.50002848,2.9,0.1206801753924308,NA,Asia,MNG,4066.03410882791,66.2557467107749,68.0894771770775
MNG,2019,21.128,51.079994082603,3,0.1121759020254466,NA,Asia,MNG,4337.8167085432,67.970817565918,67.8277299551557
MNG,2018,16.46,47.1300018848989,2.9,0.1120144461696674,NA,Asia,MNG,4183.85566447661,65.1030502319336,67.8683444833372
MNG,2017,17.435,23.71430016,2.8,0.1119137113909809,NA,Asia,MNG,3956.2049437134,64.4055709838867,67.9260583223672
MNG,2016,20.14,22.2657705007562,3,0.1115649412104441,NA,Asia,MNG,3817.91962716702,65.2477111816406,67.9776754820979
MNG,2015,12.738,22.5000041337688,3,0.1112074628564871,NA,Asia,MNG,3838.92126989984,70.3587265014648,67.9999999906095
MNG,2014,11.961,19.9424474349209,3.1,0.1105661243205159,NA,Asia,MNG,3830.35892049593,66.6792297363281,67.9941357229626
MNG,2013,10.581,17.699984237,3,0.1099751166615434,NA,Asia,MNG,3628.90708069575,64.8171691894531,67.9776750055915
MNG,2012,8.366,16.4,2.7,0.1095533038915024,NA,Asia,MNG,3318.16496597089,61.3067016601562,67.9522782537785
MNG,2011,10.274,12.4999911084745,2.6,0.1092316688157529,NA,Asia,MNG,3010.81642672623,56.7482133834947,67.9196058798676
MNG,2010,14.559,10.2,2.4,0.1089568626228095,NA,Asia,MNG,2611.67326563924,56.0776786804199,67.8298018313254
MNG,2009,10.064,10,2.8,0.1087307839922723,NA,Asia,MNG,2498.72967493254,53.1806716918945,67.3659050254095
MNG,2008,9.738,9.800000191,2.6,0.1085461177325503,NA,Asia,MNG,2576.71295838607,49.1745986938477,66.4693095486742
MNG,2007,12.04,9,2.3,0.1082871455967057,NA,Asia,MNG,2403.72416258662,46.9772300720215,65.2590695004873
MNG,2006,11.691,9,2.1,0.1080552189929968,NA,Asia,MNG,2209.74321787628,46.8148307800293,63.8388366340039
MNG,2005,11.281,9,2,0.1078132310571597,NA,Asia,MNG,2060.26168223171,43.4830207824707,62.3122627023789
MNG,2004,10.902,NA,2,0.1075710323219497,NA,Asia,MNG,1942.36263694017,39.5999908447266,60.7829994587671
MNG,2003,10.605,NA,2,0.1073118066761872,NA,Asia,MNG,1775.64906676137,36.878849029541,59.3546986563236
MNG,2002,9.66,2.0395726034818,2.1,0.107091217370293,NA,Asia,MNG,1680.65335337555,34.7981109619141,58.1310120482033
MNG,2001,9.501,1.65323823906982,2.2,0.1068782625311743,NA,Asia,MNG,1625.46152259484,33.2865905761719,57.2155913875612
MNG,2000,9.312,1.25565200358112,2.2,0.1066717714555098,NA,Asia,MNG,1598.31282040605,29.2760200500488,56.7305447074496
MNE,2023,23.335,88.5515976,1.74,0.1579940793615004,NA,Europe,MNE,8278.0284985113,55.1743011474609,65.4731667624849
MNE,2022,29.795,88.22192026,1.8,0.1476143736253885,NA,Europe,MNE,7773.60323941511,57.4317893981934,65.4012965440866
MNE,2021,37.399,82.21969752,1.75,0.1463277735888319,NA,Europe,MNE,7198.30460781272,57.9613914489746,65.3266031317675
MNE,2020,36.216,77.60879306,1.75,0.1440100723649926,NA,Europe,MNE,6351.95486320483,58.0944709777832,65.2490688418027
MNE,2019,25.305,73.4766657478691,1.8,0.1289428805548334,NA,Europe,MNE,7470.29588471711,56.2633209228516,65.1686759904159
MNE,2018,29.61,71.5171004874886,1.8,0.1298922988888897,NA,Europe,MNE,7159.47114735985,58.1831512451172,65.0854068937869
MNE,2017,31.846,71.2723325399382,1.8,0.1288069510639979,NA,Europe,MNE,6840.91155440218,60.9102210998535,64.9992438680584
MNE,2016,36.061,69.8816468416779,1.8,0.1284263768126037,NA,Europe,MNE,6634.3850883880305,59.1839218139648,64.9101692293409
MNE,2015,37.722,68.1197860085679,1.7,0.1280309360991589,NA,Europe,MNE,6421.00307345999,63.9372711181641,64.8181652937171
MNE,2014,36.008,63.8868840056697,1.75,0.1277924249966732,NA,Europe,MNE,6272.09116381077,63.2196388244629,64.7232143772459
MNE,2013,41.825,60.31,1.73,0.127649812765725,NA,Europe,MNE,6138.25153608056,60.4347686767578,64.6252987959653
MNE,2012,44.038,56.8387825490631,1.72,0.1275263687952412,NA,Europe,MNE,5948.3791195297,60.3092498779297,64.5244008658951
MNE,2011,37.039,35.6115412460109,1.65,0.127142121778836,NA,Europe,MNE,6110.66013917018,59.0115089416504,64.4210914835811
MNE,2010,36.707,37.5,1.7,0.126658339388593,NA,Europe,MNE,5917.91788713074,55.2963485717773,64.3069625751293
MNE,2009,35.588,35.09999847,1.98,0.1261329722417969,NA,Europe,MNE,5768.65709477479,51.6601409912109,64.1131468872325
MNE,2008,32.047,32.90000153,1.89,0.1255412456198587,NA,Europe,MNE,6149.68558098863,43.55712890625,63.8414387962647
MNE,2007,36.086,30.799999239999998,1.8,0.1250216789378487,NA,Europe,MNE,5763.04035952173,36.3274917602539,63.5035790981749
MNE,2006,45.845,28.89999962,1.73,0.1246570234809998,NA,Europe,MNE,5386.53833750521,29.1942901611328,63.111308588912
MNE,2005,55.647,27.10000038,1.69,0.1242032195030102,NA,Europe,MNE,4967.68527082416,24.9292507171631,62.6763680644251
MNE,2004,55.556,25.3500686036232,1.734,0.124267391003313,NA,Europe,MNE,4775.39883026359,22.1096992492676,62.210498320663
MNE,2003,55.513,NA,1.804,0.1243907256033362,NA,Europe,MNE,4581.10700736435,18.6800899505615,61.6986616237464
MNE,2002,55.43,NA,1.813,0.1235754941613565,NA,Europe,MNE,4488.00716747744,17.7185001373291,61.0261817231895
MNE,2001,55.669,NA,1.855,0.1238102278487186,NA,Europe,MNE,4421.83994305167,18.9315395355225,60.1387879596705
MNE,2000,55.557,NA,1.903,0.1235882434979792,NA,Europe,MNE,4391.36966049063,18.111270904541,59.0899260145706
MAR,2023,21.974,91,2.23,0.1531439950947274,NA,Africa,MAR,3421.21704101563,47.4687039298036,62.673750838878
MAR,2022,22.713,89.9,2.256,0.146963605970178,NA,Africa,MAR,3334.91162109375,45.9400219155138,62.5118468550703
MAR,2021,25.053,88.13031937,2.288,0.1460738379498461,NA,Africa,MAR,3309.130859375,42.531967383806,62.3173276600289
MAR,2020,26.795,84.12036305,2.32,0.1456663828165429,NA,Africa,MAR,3090.89428710938,39.6858047574445,62.0933436005366
MAR,2019,22.475,84.1203630467602,2.342,0.1306891541795131,NA,Africa,MAR,3364.73950195313,37.7212021382481,61.8430450233765
MAR,2018,22.431,64.8038651924043,2.354,0.1305930595617813,NA,Africa,MAR,3304.7119140625,35.319186358341,61.5695822753314
MAR,2017,22.167,61.7622120123071,2.375,0.129705913677342,NA,Africa,MAR,3242.64428710938,33.4735433090703,61.2761057031842
MAR,2016,22.265,58.271236420398,2.396,0.1296718919882837,NA,Africa,MAR,3124.42504882813,32.0952579243239,60.9657656537179
MAR,2015,20.826,57.0799993486116,2.406,0.1297412948095679,NA,Africa,MAR,3146.24780273438,28.5519130573154,60.6417124737154
MAR,2014,19.97,56.7746379160074,2.425,0.1296426894105065,NA,Africa,MAR,3051.458984375,25.3112415031422,60.3030486171654
MAR,2013,19.162,56,2.478,0.1298574317048252,NA,Africa,MAR,3008.185546875,22.4068908691406,59.9083499302469
MAR,2012,18.642,55.4160531914894,2.543,0.1293101600708129,NA,Africa,MAR,2927.45043945313,19.0472282489073,59.4348555979895
MAR,2011,17.931,46.107482597,2.595,0.1291743504015285,NA,Africa,MAR,2879.53930664063,15.8539977340994,58.902576690412
MAR,2010,17.621,52,2.629,0.1301262858014675,NA,Africa,MAR,2767.04223632813,13.9896441158412,58.3287516486646
MAR,2009,16.646,41.3,2.624,0.1295549643381083,NA,Africa,MAR,2710.66650390625,13.0986795425415,57.7306189138977
MAR,2008,18.2,33.1,2.612,0.1292397226450075,NA,Africa,MAR,2648.58569335938,12.6373701095581,57.1254169272616
MAR,2007,15.597,21.5,2.618,0.1300990700491995,NA,Africa,MAR,2540.615234375,11.6039199829102,56.5303841299064
MAR,2006,16.473,19.7711915653115,2.611,0.1309173103023578,NA,Africa,MAR,2489.99291992188,12.1653699874878,55.9627589629824
MAR,2005,15.713,15.0844445240204,2.613,0.1303563052753003,NA,Africa,MAR,2342.15478515625,11.69873046875,55.4397798676399
MAR,2004,15.443,11.6079347729582,2.611,0.1295640254434489,NA,Africa,MAR,2301.08178710938,11.1358003616333,54.9787569660869
MAR,2003,17.041,3.35336668122363,2.606,0.1306648569784004,NA,Africa,MAR,2229.576171875,11.0415000915527,54.5782811140771
MAR,2002,17.599,2.37325319241544,2.617,0.1300537861371851,NA,Africa,MAR,2127.50708007813,10.6168403625488,54.222745830177
MAR,2001,18.869,1.37143810096418,2.686,0.1293865511016365,NA,Africa,MAR,2078.96606445313,10.5071296691894,53.8972613497219
MAR,2000,20.391,0.693791244805455,2.774,0.129850637091175,NA,Africa,MAR,1957.14135742188,10.1461200714111,53.58724711125
MOZ,2023,11.471,19.94560051,4.763,0.1523782814327532,NA,Africa,MOZ,610.433258850746,NA,35.7149783148407
MOZ,2022,11.619,18.96220016,4.84,0.1438233212499952,NA,Africa,MOZ,596.058889461466,NA,35.0536638047945
MOZ,2021,9.836,16.35759926,4.905,0.14368540392144,NA,Africa,MOZ,588.215854695416,NA,34.4499259401554
MOZ,2020,9.707,14.28740025,4.959,0.1394908371489987,NA,Africa,MOZ,591.804059985932,NA,33.9044006416285
MOZ,2019,8.511,12.47929955,5.016,0.1262230118842311,NA,Africa,MOZ,617.13932000195,NA,33.4177241517032
MOZ,2018,8.173,10.899999619999999,5.07,0.125850265293569,NA,Africa,MOZ,621.153734194787,7.4630510423433,32.9902559073541
MOZ,2017,7.798,7.7963266079129,5.128,0.1246244440330635,NA,Africa,MOZ,618.397694360334,7.24573099191356,32.6274411492675
MOZ,2016,7.401,7,5.188,0.124077720210247,NA,Africa,MOZ,620.779714954555,7.34197304077013,32.3819234395234
MOZ,2015,7.097,6.5,5.245,0.123217616104896,NA,Africa,MOZ,610.563774706589,6.73181717702859,32.1372836259918
MOZ,2014,7.027,6,5.304,0.1220859004584731,NA,Africa,MOZ,585.266716133984,6.25049132527997,31.8972245802342
MOZ,2013,6.986,5.5,5.43,0.1218197287709153,NA,Africa,MOZ,559.393953685688,5.59344755668074,31.6619153976179
MOZ,2012,6.928,5,5.518,0.1210275235701366,NA,Africa,MOZ,540.2945177803,5.19951373358179,31.4315251735105
MOZ,2011,6.922,4.599999905,5.599,0.1194412735228925,NA,Africa,MOZ,514.869957191994,4.903703492415,31.2062230032794
MOZ,2010,6.871,4.17,5.66,0.1212111639066423,NA,Africa,MOZ,494.162859074785,4.6029332896014,30.9861779822921
MOZ,2009,6.79,2.68,5.681,0.1209511697240396,NA,Africa,MOZ,475.788178051193,3.82146000862122,30.7715592059159
MOZ,2008,6.639,1.56,5.598,0.1213239362749762,NA,Africa,MOZ,460.94729485679,3.51939988136292,30.5625357695184
MOZ,2007,6.595,0.91,5.466,0.1224467968999477,NA,Africa,MOZ,442.049574057751,3.03946995735169,30.3598131347122
MOZ,2006,6.525,0.842954488044236,5.452,0.1219853982455165,NA,Africa,MOZ,420.526462764726,2.12770009040833,30.1740801725307
MOZ,2005,6.525,0.854399979,5.5,0.1222207277844978,NA,Africa,MOZ,391.699758163976,1.43202996253967,30.0098613217248
MOZ,2004,6.382,0.679447835392438,5.551,0.1218877188402866,NA,Africa,MOZ,377.064958084878,1.15550994873047,29.8592114813982
MOZ,2003,6.216,0.419538843913707,5.6,0.1208275631222842,NA,Africa,MOZ,356.521157404125,0.928529977798462,29.7146340268639
MOZ,2002,6.246,0.259612611253739,5.667,0.1219816467074645,NA,Africa,MOZ,340.13537022259,0.682079970836639,29.5686323334348
MOZ,2001,6.094,0.160031946644069,5.755,0.120405018203551,NA,Africa,MOZ,317.185703581034,0.602580010890961,29.4137097764239
MOZ,2000,6.044,0.109592530041641,5.83,0.1213761743819106,NA,Africa,MOZ,287.390630344484,0.613489985466003,29.2423697311441
MMR,2023,10.069,NA,2.115,0.1049724345904534,NA,Asia,MMR,1177.76649647177,NA,30.3820718069466
MMR,2022,10.148,NA,2.131,0.1002778987639496,NA,Asia,MMR,1174.76697947364,NA,30.311095757938
MMR,2021,12.818,NA,2.158,0.1001231418971372,NA,Asia,MMR,1136.99566055698,NA,30.2368812529698
MMR,2020,4.955,45.4477005,2.179,0.0978693078684322,NA,Asia,MMR,1301.3138635245,NA,30.1593049968842
MMR,2019,1.313,36.54050064,2.206,0.0901198920646919,NA,Asia,MMR,1440.98988238708,NA,30.0782436945232
MMR,2018,1.843,29.37899971,2.228,0.0894720942558018,NA,Asia,MMR,1361.56831265985,20.3723297119141,29.993574050729
MMR,2017,3.586,23.621081950267,2.252,0.0887314814421433,NA,Asia,MMR,1290.56409027458,NA,29.9051727703437
MMR,2016,2.551,16,2.27,0.0879293012295748,NA,Asia,MMR,1225.37913972668,NA,29.8129165582094
MMR,2015,1.588,10.899999619999999,2.266,0.087588962994225,NA,Asia,MMR,1166.73305547935,NA,29.7166821191682
MMR,2014,1.575,7.400000095,2.252,0.0867501070179675,NA,Asia,MMR,1099.24387751605,NA,29.6164342116462
MMR,2013,1.57,1.799999952,2.264,0.0862135409811442,NA,Asia,MMR,1024.69060474658,NA,29.5103946237239
MMR,2012,1.555,1.399999976,2.276,0.0857370020865952,NA,Asia,MMR,953.123081936485,13.7377004623413,29.3956289363345
MMR,2011,1.533,0.98,2.306,0.0851982216117104,NA,Asia,MMR,895.512538762631,14.3246002197266,29.2724765136213
MMR,2010,1.504,0.25,2.335,0.0846425677225073,NA,Asia,MMR,854.932478027749,NA,29.1415329218024
MMR,2009,1.478,0.219999999,2.369,0.0842310024896791,NA,Asia,MMR,785.634853168658,NA,29.0033937270962
MMR,2008,1.449,0.22,2.404,0.0836713047715816,NA,Asia,MMR,714.620419027129,NA,28.8586544957208
MMR,2007,1.416,0.217128445069958,2.447,0.0834309798763741,NA,Asia,MMR,651.729730899198,11.0508098602295,28.7079107938945
MMR,2006,1.39,0.18204833106115,2.471,0.0830825427044737,NA,Asia,MMR,586.085579935448,NA,28.5517581878355
MMR,2005,1.368,0.065200001,2.515,0.0827811511015802,NA,Asia,MMR,522.099544791815,NA,28.390792243762
MMR,2004,1.357,0.024337392002823,2.588,0.0824358254265905,NA,Asia,MMR,463.33013572168,NA,28.2256085278922
MMR,2003,1.35,0.0240641491408465,2.68,0.0821146914833547,NA,Asia,MMR,411.498764127557,NA,28.0568026064444
MMR,2002,1.333,4.2649350636189e-4,2.765,0.0818811800401166,NA,Asia,MMR,364.855800197477,NA,27.8849700456368
MMR,2001,1.324,2.89277380848561e-4,2.793,0.0816613668753243,NA,Asia,MMR,328.973872713504,11.6847896575928,27.7107064116875
MMR,2000,1.337,NA,2.813,0.0816219765388036,NA,Asia,MMR,298.590464510138,NA,27.5346072708149
NAM,2023,37.129,63.69549942,3.212,0.1375154855106667,NA,Africa,NAM,3977.97779909619,NA,49.9545837830821
NAM,2022,37.809,62.99720001,3.248,0.1279218050561746,NA,Africa,NAM,3905.55135268164,26.1092654658031,49.5291037671807
NAM,2021,40.1,60.25999832,3.303,0.1271333773879351,NA,Africa,NAM,3809.80753359714,26.6057345682932,49.0571881483796
NAM,2020,41.505,57.8608017,3.349,0.1239809726332454,NA,Africa,NAM,3787.49943973286,25.9870484145026,48.547381745659
NAM,2019,38.157,49.77590179,3.404,0.1110600031926103,NA,Africa,NAM,4243.09274481966,25.8966511201824,48.0019807724839
NAM,2018,37.974,42.8207016,3.462,0.1092245635918582,NA,Africa,NAM,4400.47537705743,23.7001690404035,47.4232814423189
NAM,2017,41.466,36.83739853,3.511,0.1100994646542593,NA,Africa,NAM,4476.73324402105,22.4801755471009,46.8135799686288
NAM,2016,44.21,31.0333004,3.574,0.1077673920159835,NA,Africa,NAM,4648.62713460213,21.4367036193,46.1751725648784
NAM,2015,41.224,25.68790054,3.604,0.1079555016299362,NA,Africa,NAM,4774.10650865775,19.6551504993361,45.5103554445325
NAM,2014,38.733,14.84000015,3.635,0.1070639231363342,NA,Africa,NAM,4701.95694189098,18.4653069281067,44.8214248210559
NAM,2013,40.505,13.899999619999999,3.653,0.104641569588261,NA,Africa,NAM,4549.26759093897,17.4603999838663,44.1106769079132
NAM,2012,34.093,12.94139957,3.676,0.10454202904434,NA,Africa,NAM,4420.96741373862,16.9048603106683,43.3804079185694
NAM,2011,39.367,12,3.658,0.1026006861526408,NA,Africa,NAM,4302.72451368462,NA,42.6276075621535
NAM,2010,44.529,11.6,3.657,0.1017574427128965,NA,Africa,NAM,4165.12990200988,NA,41.7946176561991
NAM,2009,44.461,6.5,3.633,0.1012615131802091,NA,Africa,NAM,3989.20711387651,NA,40.8524900328246
NAM,2008,43.724,5.32900377208954,3.616,0.1009907448451456,NA,Africa,NAM,4036.38187484707,9.49368953704834,39.8328120256318
NAM,2007,43.687,4.83561077833704,3.608,0.1007483235594889,NA,Africa,NAM,3987.61796106565,NA,38.763436210037
NAM,2006,43.017,4.39887064732726,3.601,0.1012275505324144,NA,Africa,NAM,3834.99894666178,6.75277996063232,37.6722151614564
NAM,2005,43.261,4.010000229,3.571,0.1015820474900664,NA,Africa,NAM,3627.75059772278,7.1070499420166,36.5870014553064
NAM,2004,43.012,3.8047156152631,3.545,0.1014231745259485,NA,Africa,NAM,3582.89503259701,NA,35.5356476670033
NAM,2003,42.872,3.35983988553801,3.58,0.1027544164384483,NA,Africa,NAM,3232.30589658857,6.39102983474731,34.5460063719633
NAM,2002,41.736,2.63369976876116,3.693,0.1023617891992525,NA,Africa,NAM,3145.94566281247,6.05016994476318,33.6459301456028
NAM,2001,40.647,2.41697944170998,3.827,0.1023797449012777,NA,Africa,NAM,3055.40444831936,7.40269994735718,32.857505842571904
NAM,2000,39.243,1.64473954726899,3.991,0.1021618761172045,NA,Africa,NAM,3083.59657884697,NA,32.1168956399877
NRU,2023,NA,83.03970337,3.331,0.127057028603934,NA,Oceania,NRU,8504.80065666726,NA,100
NRU,2022,NA,83.22660065,3.379,0.1195738227468794,NA,Oceania,NRU,8498.6998601243,NA,100
NRU,2021,NA,80.29499817,3.425,0.1197001512111797,NA,Oceania,NRU,8325.88214663427,NA,100
NRU,2020,NA,77.46659851,3.466,0.1166232011108011,NA,Oceania,NRU,7770.69883784016,NA,100
NRU,2019,NA,74.73789978,3.531,0.1051748711484237,NA,Oceania,NRU,7687.19643322519,NA,100
NRU,2018,NA,NA,3.683,0.1046049803569511,NA,Oceania,NRU,7149.78109138393,NA,100
NRU,2017,NA,62.38510132,3.879,0.1039198838287855,NA,Oceania,NRU,7308.31758516508,NA,100
NRU,2016,NA,NA,4.027,0.1031514393942168,NA,Oceania,NRU,7925.5779662048,NA,100
NRU,2015,NA,NA,4.075,0.1024098369479865,NA,Oceania,NRU,7747.25584993607,NA,100
NRU,2014,NA,NA,4.085,0.1015423946271771,NA,Oceania,NRU,7638.99065218892,NA,100
NRU,2013,NA,NA,4.098,0.1007800607266472,NA,Oceania,NRU,6735.42128061862,NA,100
NRU,2012,NA,NA,4.115,0.1000727843884762,NA,Oceania,NRU,6626.18317072945,NA,100
NRU,2011,NA,54,4.117,0.0994091493052044,NA,Oceania,NRU,5417.44487923767,NA,100
NRU,2010,NA,NA,4.019,0.0989398279738813,NA,Oceania,NRU,4748.76539924078,NA,100
NRU,2009,NA,NA,3.847,0.0984380202030532,NA,Oceania,NRU,4761.56658392323,NA,100
NRU,2008,NA,NA,3.665,0.0979500414832749,NA,Oceania,NRU,5045.18472364491,NA,100
NRU,2007,NA,NA,3.504,0.097580905616149,NA,Oceania,NRU,4199.70508141733,NA,100
NRU,2006,NA,NA,3.4,0.0972302471074379,NA,Oceania,NRU,5382.10161869099,NA,100
NRU,2005,NA,NA,3.377,0.0969286577330212,NA,Oceania,NRU,4955.30929946913,NA,100
NRU,2004,NA,NA,3.378,0.0966590178140347,NA,Oceania,NRU,4949.8909692212,NA,100
NRU,2003,NA,NA,3.388,0.0964055473458212,NA,Oceania,NRU,5173.61559183102,NA,100
NRU,2002,NA,NA,3.4,0.0962451611857501,NA,Oceania,NRU,5147.16130887748,NA,100
NRU,2001,NA,2.98715523250025,3.461,0.0961676289567696,NA,Oceania,NRU,5690.15963796811,NA,100
NRU,2000,NA,NA,3.543,0.0960976373441002,NA,Oceania,NRU,6079.96620774489,NA,100
NPL,2023,20.43,45.80680084,1.984,0.1338447040526551,NA,Asia,NPL,1136.42769313825,19.0357612047581,66.5432933453944
NPL,2022,20.607,45.45080185,2.002,0.1254208382555009,NA,Asia,NPL,1113.55462341223,14.8435874359729,66.2992968721053
NPL,2021,22.639,40.98910141,2.025,0.1253608898014164,NA,Asia,NPL,1062.7888430629,15.243139284484,66.144235274522
NPL,2020,24.072,36.96530151,2.051,0.1229551898943134,NA,Asia,NPL,1031.53618783934,14.2002391888535,66.1050886088505
NPL,2019,19.679,33.33660126,2.08,0.1103893102357324,NA,Asia,NPL,1077.11796498188,13.8072821953912,65.9873929484157
NPL,2018,19.604,28.60000038,2.12,0.1097771296999527,NA,Asia,NPL,1021.91492204011,12.613695863565,65.8104229225551
NPL,2017,19.571,24.3,2.173,0.1089767969298394,NA,Asia,NPL,951.857298563641,11.4357824790838,65.5768928085184
NPL,2016,19.548,20.700000760000002,2.226,0.1078858605566738,NA,Asia,NPL,875.188943730855,11.0932748536215,65.2895168835553
NPL,2015,19.403,17.58160019,2.273,0.1069064417701196,NA,Asia,NPL,875.543635474862,12.282886814704,64.9510094249155
NPL,2014,19.348,15.43999958,2.319,0.1059391612700304,NA,Asia,NPL,846.665541773599,13.2380540463977,64.5640847098488
NPL,2013,19.377,13.30000019,2.36,0.1052174593521157,NA,Asia,NPL,801.039060847856,15.4719563352624,64.1314570156048
NPL,2012,19.306,11.14929962,2.42,0.104678463973107,NA,Asia,NPL,775.310578479839,NA,63.6558406194333
NPL,2011,19.294,9,2.462,0.1041201954374167,NA,Asia,NPL,742.617252662576,13.2867385971183,63.139949798584
NPL,2010,19.207,7.93,2.541,0.1037264146769273,NA,Asia,NPL,721.265221364302,13.3236488235053,62.0156581578338
NPL,2009,19.213,1.97,2.63,0.1034932600178586,NA,Asia,NPL,692.400000816919,10.4467401504517,59.8638612146309
NPL,2008,19.202,1.73,2.737,0.1039808081964214,NA,Asia,NPL,666.865095417138,10.4749002456665,56.9108061152324
NPL,2007,19.22,1.41,2.857,0.1035001134571297,NA,Asia,NPL,633.226129136597,9.50374031066895,53.3827400058951
NPL,2006,19.126,1.14138916388191,2.967,0.104176368486895,NA,Asia,NPL,617.477638588722,7.62671995162964,49.5059100328759
NPL,2005,19.054,0.82655126590551,3.115,0.1042762112026164,NA,Asia,NPL,603.190108570995,7.15422010421753,45.5065633424317
NPL,2004,19.097,0.449843651215974,3.279,0.1041654584467898,NA,Asia,NPL,589.46992868617,5.69477987289429,41.6109470808194
NPL,2003,19.053,0.382810917017044,3.439,0.1038543767558093,NA,Asia,NPL,570.28967363428,4.91134977340698,38.045308394296
NPL,2002,18.955,0.312956060108532,3.604,0.1038033410591287,NA,Asia,NPL,556.438454538796,4.98775005340576,35.0358944291182
NPL,2001,18.826,0.240015303375743,3.793,0.1034484512243947,NA,Asia,NPL,564.28622920391,4.40957021713257,32.808952331543
NPL,2000,18.877,0.204651683653029,3.984,0.1032124394490191,NA,Asia,NPL,547.221082273632,4.12185001373291,31.0994241803849
NLD,2023,8.272,97.00680272,1.43,0.2487165999998865,139.52355117083525,Europe,NLD,50960.7745021066,86.5938262939453,95.3221682092129
NLD,2022,7.647,92.51968504,1.49,0.2307332196086121,152.24441071027974,Europe,NLD,51777.5431588864,NA,94.9856177734136
NLD,2021,9.335,92.05298013,1.62,0.2263601793870951,144.35839820277175,Europe,NLD,49780.8440526836,89.3898620605469,94.6294783220315
NLD,2020,8.879,91.33333333,1.54,0.2232707495191372,131.5751819882525,Europe,NLD,47086.5804192702,85.3370819091797,94.2532277765935
NLD,2019,6.606,93.2885906040269,1.57,0.1946812373485732,124.342882514197,Europe,NLD,49254.0158854264,NA,93.8898028856479
NLD,2018,7.046,91.8918918918919,1.59,0.1936336839905007,118.648359893342,Europe,NLD,48463.0299739951,83.652473449707,92.6062472401044
NLD,2017,8.716,93.1972789115646,1.62,0.1892298381673574,110.79514280246374,Europe,NLD,47670.1057253297,83.2009887695312,91.1219700676602
NLD,2016,10.64,90.4109589041096,1.66,0.1896316230824193,104.5451070099245,Europe,NLD,46655.0363382039,79.8454895019531,90.5803239452777
NLD,2015,11.104,91.7241379310345,1.66,0.1834074512165624,100,Europe,NLD,45793.8135434697,80.1601486206055,90.2787737214621
NLD,2014,12.529,91.6666666666667,1.71,0.1829277519142418,96.67259301726695,Europe,NLD,45042.0669545832,NA,89.8364787097165
NLD,2013,12.942,93.9564,1.68,0.1794239643392849,96.73431042532425,Europe,NLD,44487.03063469,NA,89.1749992370605
NLD,2012,11.454,92.859992359525,1.72,0.175598268149639,104.913339169159,Europe,NLD,44631.8745388789,75.8141632080078,88.5342462391333
NLD,2011,9.777,91.4199957622284,1.76,0.1726530741174417,113.666185781922,Europe,NLD,45239.7318887962,75.518798828125,88.0059204972573
NLD,2010,10.765,90.72,1.79,0.1727798332553324,119.1747614754285,Europe,NLD,44659.272839058,63.7049789428711,87.3502790247129
NLD,2009,9.87,89.63,1.79,0.1714268635664824,123.180990089731,Europe,NLD,44304.4119317351,61.4280090332031,86.2223179632671
NLD,2008,8.315,87.42,1.77,0.1691951993536507,127.50024141944975,Europe,NLD,46227.211156219,61.0170593261719,85.6149582464487
NLD,2007,9.098,85.82,1.72,0.1683154798322342,127.70134203586825,Europe,NLD,45445.522872349,60.3940391540527,85.4089231499726
NLD,2006,9.759,83.7,1.72,0.1669327546904178,124.43473327223376,Europe,NLD,43841.1223404104,59.8265113830566,84.6532280358545
NLD,2005,11.538,81,1.71,0.1643710296882143,122.680614699454,Europe,NLD,42411.3453838518,58.7895011901855,83.5048949725161
NLD,2004,7.913,68.52,1.72,0.1659590138697677,120.19705178961325,Europe,NLD,41663.1477772692,56.7709884643555,82.250953139759
NLD,2003,6.529,64.35,1.75,0.1626639471746399,116.90986828358174,Europe,NLD,40981.8477039972,54.9959297180176,81.301130887858207
NLD,2002,4.54,61.29,1.73,0.1628123288923658,115.5571881739005,Europe,NLD,41135.4190736263,54.2512283325195,80.8085275226169
NLD,2001,4.325,49.3730621073123,1.71,0.1620178819431633,112.5346226158315,Europe,NLD,41297.3198832208,52.9789810180664,80.1840578652121
NLD,2000,5.191,43.984351373138,1.72,0.1608469090238675,104.60928515787297,Europe,NLD,40665.338169599,NA,78.4826828427081
NCL,2023,31.752,NA,1.98,NA,NA,Oceania,NCL,NA,NA,67.751522311337
NCL,2022,33.324,NA,1.998,NA,NA,Oceania,NCL,NA,NA,67.5720305021282
NCL,2021,34.404,NA,2.012,NA,NA,Oceania,NCL,NA,NA,67.4130776539646
NCL,2020,46.146,NA,2.022,NA,NA,Oceania,NCL,NA,NA,67.2747261065933
NCL,2019,32.409,NA,2.05,NA,NA,Oceania,NCL,NA,NA,67.1574673707832
NCL,2018,39.948,NA,2.041,NA,NA,Oceania,NCL,NA,NA,67.0588809757675
NCL,2017,36.413,82.0058408035186,2.043,NA,NA,Oceania,NCL,NA,NA,66.9683393293094
NCL,2016,37.053,NA,2.078,NA,NA,Oceania,NCL,NA,NA,66.8902054658406
NCL,2015,37.587,74.00175279141,2.079,NA,NA,Oceania,NCL,30858.7237060533,NA,66.8278045547803
NCL,2014,38.207,70,2.118,NA,NA,Oceania,NCL,NA,NA,66.7846387072769
NCL,2013,37.577,66,2.167,NA,NA,Oceania,NCL,NA,NA,66.7584127864925
NCL,2012,36.776,58,2.202,NA,NA,Oceania,NCL,NA,NA,66.7417059914448
NCL,2011,36.311,50,2.2,NA,NA,Oceania,NCL,NA,NA,66.726209122213
NCL,2010,36.126,42,2.187,NA,NA,Oceania,NCL,NA,NA,66.703836218007
NCL,2009,35.809,33.99,2.194,NA,NA,Oceania,NCL,NA,NA,66.6631859586932
NCL,2008,36.709,34.51,2.204,NA,NA,Oceania,NCL,NA,NA,66.3257509774158
NCL,2007,37.584,35.05,2.215,NA,NA,Oceania,NCL,NA,NA,65.6204802173329
NCL,2006,38.611,33.5157146807209,2.241,NA,NA,Oceania,NCL,NA,NA,64.7508025811084
NCL,2005,39.753,32.3590147531561,2.227,NA,NA,Oceania,NCL,NA,NA,63.918391040144
NCL,2004,41.014,30.2980462088488,2.243,NA,NA,Oceania,NCL,NA,NA,63.3117500793361
NCL,2003,41.773,26.4083344703588,2.268,NA,NA,Oceania,NCL,NA,NA,62.8540725422625
NCL,2002,42.549,22.389797417113,2.347,NA,NA,Oceania,NCL,NA,NA,62.4118035339378
NCL,2001,43.213,18.2371097828416,2.422,NA,NA,Oceania,NCL,NA,NA,61.9960127034469
NCL,2000,44.181,13.9395488232698,2.509,NA,NA,Oceania,NCL,NA,NA,61.6103287085477
NZL,2023,10.714,93.32610321,1.57,0.2118339541026729,137.9470673899635,Oceania,NZL,42573.2308423434,76.3811416625977,83.8898991461229
NZL,2022,9.362,93.07289886,1.67,0.2068499800574963,155.66622994078475,Oceania,NZL,42965.2749754735,77.0104675292969,83.8547305017812
NZL,2021,10.49,91.99060059,1.65,0.2047280690242652,164.2645057010065,Oceania,NZL,41490.1148198326,79.4128875732422,83.8299382585905
NZL,2020,12.442,90.92099762,1.62,0.2057190238839185,133.79698488412174,Oceania,NZL,39785.473128643,75.7348327636719,83.8138977095908
NZL,2019,11.294,89.86370087,1.72,0.1958667154221414,123.3880652891255,Oceania,NZL,40727.8822513384,77.5843734741211,83.804965871667
NZL,2018,11.83,89,1.71,0.1960998849797045,121.62530386300675,Oceania,NZL,40371.5456268118,81.2513122558594,83.8017846685577
NZL,2017,12.968,87.69999695,1.81,0.1962056124876962,118.941469474277,Oceania,NZL,39722.6068434219,81.2698593139648,84.1701025874108
NZL,2016,13.474,86.5,1.87,0.1964755194163154,113.43506133138125,Oceania,NZL,39235.3695566636,81.8633575439453,84.691365594
NZL,2015,13.872,85.19999695,1.99,0.196786795117417,100.00000000000003,Oceania,NZL,38665.3723018158,82.1818466186523,85.1518763760531
NZL,2014,14.109,84,1.92,0.1974245779369946,89.65234633605823,Oceania,NZL,38056.2646732554,80.7100067138672,85.5076659530411
NZL,2013,15.302,82.77999878,2.01,0.19764471767818,84.9315342595081,Oceania,NZL,37267.6586997514,80.388542175293,85.7080129786455
NZL,2012,18.003,81.644470179502,2.1,0.1978489137534163,78.56224627814673,Oceania,NZL,36607.1493914827,NA,85.777700676896
NZL,2011,17.512,81.23000336,2.09,0.1977334611939933,75.7792382974841,Oceania,NZL,35957.523248516,NA,85.8233151875134
NZL,2010,17.421,80.45999908,2.17,0.1976394813870999,77.41750102419597,Oceania,NZL,35489.7631519026,NA,85.8614043258228
NZL,2009,16.759,79.7,2.13,0.1973093008472686,76.88823905409106,Oceania,NZL,35370.585185302,NA,85.8918345477824
NZL,2008,11.411,72.02999878,2.19,0.1966751213339618,80.21285039303878,Oceania,NZL,35739.3584607571,NA,85.9144723093505
NZL,2007,10.101,69.76000214,2.18,0.1958707514084783,87.0104766995655,Oceania,NZL,36414.3173040299,NA,85.9291840664852
NZL,2006,9.946,69,2.01,0.1949877042376925,79.73942803379686,Oceania,NZL,35665.3533259784,NA,85.9356841665703
NZL,2005,9.752,62.72019958,1.97,0.1939737728609987,74.56736459212352,Oceania,NZL,35126.3341641095,NA,85.9299325780946
NZL,2004,9.656,61.8476278106481,1.98,0.1928440090779297,66.58415375404682,Oceania,NZL,34372.5891093868,NA,85.901770829459707
NZL,2003,10.486,60.9625398663824,1.93,0.1915506116824133,57.24229371978595,Oceania,NZL,33517.0893271345,NA,85.857962055807
NZL,2002,11.728,59.0807532812931,1.89,0.1901660870027018,48.1151243470159,Oceania,NZL,32641.8202163485,NA,85.8061578183401
NZL,2001,12.092,53.2410152941279,1.97,0.1887610197102711,44.42860055168085,Oceania,NZL,31718.7628389095,NA,85.7545174444303
NZL,2000,13.498,47.3795565432096,1.98,0.1874846978188933,44.52139597376005,Oceania,NZL,30853.807635459,NA,85.7059660456056
NIC,2023,9.203,60.30120087,2.218,0.1523596795189262,NA,Americas,NIC,2241.12235476653,30.3635101318359,59.1250953674316
NIC,2022,9.503,59.38000107,2.24,0.1427675276045022,NA,Americas,NIC,2175.73899144405,NA,58.9954376220703
NIC,2021,11.057,51.62039948,2.265,0.1419371665629065,NA,Americas,NIC,2128.30881395452,NA,58.8592529296875
NIC,2020,11.424,44.87490082,2.299,0.1401461691765843,NA,Americas,NIC,1950.19181218473,NA,58.7045922689128
NIC,2019,10.056,39.01079941,2.321,0.1242519904534125,NA,Americas,NIC,2019.91518620044,NA,58.5405671448072
NIC,2018,9.714,33.9129982,2.347,0.1244170789704741,NA,Americas,NIC,2107.3396261623,NA,58.3683858659405
NIC,2017,6.251,30.39999962,2.378,0.1232121636809054,NA,Americas,NIC,2209.63273423213,NA,58.1892567408822
NIC,2016,7.338,24.57180023,2.407,0.1228519947378852,NA,Americas,NIC,2140.14405941606,NA,58.0043880782023
NIC,2015,8.793,19.70429993,2.434,0.1216871012597443,NA,Americas,NIC,2074.45620634731,NA,57.8149881864705
NIC,2014,8.437,17.60000038,2.463,0.1224570376554079,NA,Americas,NIC,2006.64869646533,NA,57.6222653742564
NIC,2013,9.007,15.5,2.492,0.12090646756825,NA,Americas,NIC,1941.45628552626,NA,57.4274279501299
NIC,2012,8.142,13.5,2.527,0.1207520767175735,NA,Americas,NIC,1876.1759720149,NA,57.2316842226606
NIC,2011,10.189,10.6,2.558,0.12061739735484,NA,Americas,NIC,1786.62863418308,NA,57.0362425004184
NIC,2010,12.083,10,2.596,0.1203886844937381,NA,Americas,NIC,1704.37875049059,NA,56.842311091973
NIC,2009,12.717,7.300000191,2.626,0.1202850101453253,NA,Americas,NIC,1655.72028962416,NA,56.651098305894
NIC,2008,9.906,5.300000191,2.66,0.1201583300647442,NA,Americas,NIC,1736.65740610408,NA,56.4638124507513
NIC,2007,7.878,3.9000000950000002,2.697,0.1199010692988737,NA,Americas,NIC,1703.20780299405,NA,56.2816618351146
NIC,2006,8.608,2.8055730627337,2.733,0.1200974611910062,NA,Americas,NIC,1644.37193565251,NA,56.1058547675536
NIC,2005,8.676,2.566400051,2.765,0.1198237552344853,NA,Americas,NIC,1601.48770707458,NA,55.9375480421093
NIC,2004,10.285,2.32066460863941,2.784,0.1190303461361851,NA,Americas,NIC,1555.87425694816,NA,55.7791779253789
NIC,2003,12.021,1.88041253242301,2.827,0.1202216704967544,NA,Americas,NIC,1494.95618752566,NA,55.6308042935869
NIC,2002,11.88,1.71472958428668,2.887,0.1187050331193446,NA,Americas,NIC,1475.48635411179,17.9654998779297,55.4894961947237
NIC,2001,11.509,1.44879942820716,2.996,0.11760483734476,NA,Americas,NIC,1482.31517247279,NA,55.3522521763064
NIC,2000,11.413,0.980216486692385,3.12,0.1187744058988216,NA,Americas,NIC,1458.37490084556,NA,55.2160707858522
NER,2023,0.398,12.98079967,6.061,0.1515008028864476,NA,Africa,NER,557.572652727864,NA,17.7506873295237
NER,2022,0.397,13.087499619999999,6.135,0.1413231513973578,NA,Africa,NER,566.797962983866,NA,17.477207007512
NER,2021,0.718,12.45689964,6.2,0.1383429265454038,NA,Africa,NER,523.263179518652,NA,17.2295936666686
NER,2020,0.743,11.85680008,6.369,0.137949513166322,NA,Africa,NER,533.194328910254,NA,17.0081420003794
NER,2019,0.75,11.28549957,6.537,0.1197447153782067,NA,Africa,NER,532.186024570389,4.15170730347346,16.813146499685
NER,2018,0.739,10.74180031,6.706,0.1179820137739358,NA,Africa,NER,519.546993483886,4.33801956751366,16.6449011799221
NER,2017,0.734,10.2243115586561,6.874,0.1158960691207713,NA,Africa,NER,501.615305462902,3.66741981878978,16.5036987906896
NER,2016,0.716,4.322800159,7.043,0.1142331333281519,NA,Africa,NER,495.017437216008,3.45043638449437,16.3898280543236
NER,2015,0.704,2.476200104,7.215,0.1122545582538892,NA,Africa,NER,485.662574175279,3.24257822413642,16.3035606587493
NER,2014,0.674,1.24867568902241,7.342,0.1106681480120045,NA,Africa,NER,482.74524741946,NA,16.2450424611665
NER,2013,2.328,1.149999976,7.445,0.1097162949127068,NA,Africa,NER,469.690214200878,NA,16.2162595696064
NER,2012,3.854,1.049999952,7.527,0.1083477617266046,NA,Africa,NER,463.066265496402,1.54284142561837,16.2141284004355
NER,2011,0.466,0.9,7.592,0.1086180797018363,NA,Africa,NER,434.986264873953,1.34816649944538,16.2303066053496
NER,2010,1.21,0.829999983,7.64,0.1086929290962648,NA,Africa,NER,441.079166112039,1.30152108043912,16.2416301279116
NER,2009,2.133,0.76,7.679,0.1087278329377978,NA,Africa,NER,421.650901333136,1.25635004043579,16.2511180003032
NER,2008,2.997,0.7,7.702,0.1092022904847657,NA,Africa,NER,429.195542798877,1.03770005702972,16.2586706998252
NER,2007,3.955,0.390399992,7.726,0.1092383642922959,NA,Africa,NER,413.419126261066,0.905510008335114,16.2641887037781
NER,2006,5.02,0.294,7.744,0.1084128865408064,NA,Africa,NER,415.852022114801,0.960169970989227,16.2675724894628
NER,2005,6.184,0.221300006,7.769,0.1081487740205851,NA,Africa,NER,407.190931059924,0.951579988002777,16.2687225341797
NER,2004,5.54,0.189933733703092,7.777,0.1087017809133077,NA,Africa,NER,393.398781453199,0.796029984951019,16.2687225341797
NER,2003,4.529,0.155698703668983,7.789,0.1074170921308649,NA,Africa,NER,406.333757497876,0.827859997749329,16.2687225341797
NER,2002,3.831,0.127152468779619,7.797,0.1082798389653842,NA,Africa,NER,412.123793192578,NA,16.2687206268311
NER,2001,3.107,0.10518543139701,7.81,0.1080992180856021,NA,Africa,NER,406.923493665264,NA,16.2687225341797
NER,2000,3.057,0.0362612938065891,7.829,0.1076743673228077,NA,Africa,NER,392.898616941042,NA,16.1307678222656
NGA,2023,5.131,40.06399918,4.482,0.1538978259518232,NA,Africa,NGA,2280.91931156115,NA,62.1746763155343
NGA,2022,6.024,39.14720154,4.552,0.1459176136402104,NA,Africa,NGA,2254.29080416892,NA,61.3727650622225
NGA,2021,8.991,35.50979996,4.636,0.1432070251446023,NA,Africa,NGA,2206.66406250067,NA,60.5698545383604
NGA,2020,10.842,31.88879967,4.7,0.1417941146613247,NA,Africa,NGA,2228.68631422888,NA,59.7659654848781
NGA,2019,10.418,29.74410057,4.861,0.1256407186377298,NA,Africa,NGA,2431.53528472982,NA,58.9611186427056
NGA,2018,10.138,27.74370003,5.021,0.1249633296095898,NA,Africa,NGA,2431.77857832568,NA,58.1553347527729
NGA,2017,9.707,25.87789917,5.182,0.1245594369152497,NA,Africa,NGA,2441.71236404488,NA,57.3486345560101
NGA,2016,9.1,24.137500760000002,5.343,0.1231296552629357,NA,Africa,NGA,2481.81490350326,NA,56.541038793347
NGA,2015,8.457,22.51420021,5.503,0.1212701506311236,NA,Africa,NGA,2585.73360671797,NA,55.7325682057138
NGA,2014,8.044,21,5.622,0.1192805256693559,NA,Africa,NGA,2583.6155695814,NA,54.9232435340404
NGA,2013,7.713,19.10000038,5.694,0.1174543513472941,NA,Africa,NGA,2495.34106573749,NA,54.1130855192568
NGA,2012,7.861,16.10000038,5.797,0.115756884951013,NA,Africa,NGA,2403.65387896924,NA,53.302114902293
NGA,2011,7.896,13.80000019,5.893,0.1151368500841475,NA,Africa,NGA,2370.97657091803,9.74153350922586,52.490352424079
NGA,2010,7.861,11.5,5.948,0.114800354154991,NA,Africa,NGA,2315.46676509663,9.21187548100134,51.6778188255446
NGA,2009,7.836,9.300000191,5.993,0.1136029995028607,NA,Africa,NGA,2204.6072560373,NA,50.86453484762
NGA,2008,7.921,8,6.024,0.1139777158375441,NA,Africa,NGA,2098.28339220668,NA,50.0505212312351
NGA,2007,7.859,6.769999981,6.027,0.1131954681820302,NA,Africa,NGA,2020.83316299454,NA,49.2357987173198
NGA,2006,7.687,5.54503608300536,6.053,0.1125217548444463,NA,Africa,NGA,1949.15856804565,NA,48.424271994461
NGA,2005,7.538,3.54915571796492,6.063,0.1124059686102607,NA,Africa,NGA,1889.25175325818,10.0968999862671,47.5656414756863
NGA,2004,7.228,1.28613764134527,6.09,0.1121759044986274,NA,Africa,NGA,1824.80269456773,9.52007961273193,46.6994804889599
NGA,2003,7.233,0.558576244860521,6.1,0.1114395061964033,NA,Africa,NGA,1717.2145111176,9.28291988372803,45.8372080921761
NGA,2002,7.219,0.320461975542327,6.116,0.1112618434352331,NA,Africa,NGA,1644.39518877633,NA,44.9793025536893
NGA,2001,7.539,0.089901370457273,6.128,0.1102146467343293,NA,Africa,NGA,1465.45720342309,NA,44.1262421418539
NGA,2000,7.571,0.0640808079494101,6.124,0.1102737903621803,NA,Africa,NGA,1421.67987952013,NA,43.2785051250243
MKD,2023,29.685,88.5,1.5,0.1448710747928287,NA,Europe,MKD,6423.99221393369,55.0082015991211,62.2518322545779
MKD,2022,32.595,83.85030365,1.6,0.1351372378507228,NA,Europe,MKD,6250.62720952063,53.1601181030273,61.9530566607267
MKD,2021,36.097,81.873703,1.6,0.1351523456728335,NA,Europe,MKD,6064.92315120022,44.3020210266113,61.6841975628139
MKD,2020,35.622,81.40553811,1.31,0.1333067792343661,NA,Europe,MKD,5743.72649424581,43.782169342041,61.1593302746435
MKD,2019,35.353,81.4128827618364,1.34,0.1204213169612608,NA,Europe,MKD,5961.58475399191,43.1991004943848,60.6286848102132
MKD,2018,45.495,79.1677551850871,1.42,0.1202103563850083,NA,Europe,MKD,5698.39334484489,43.8547897338867,60.1580316016216
MKD,2017,46.759,74.5168241807954,1.43,0.1201704664150448,NA,Europe,MKD,5510.81862920922,43.5097694396973,59.7437719356273
MKD,2016,48.48,72.1568144676058,1.5,0.1201100730493814,NA,Europe,MKD,5429.94678358359,NA,59.3823070989891
MKD,2015,47.478,70.3802030766689,1.49,0.1201963221543589,NA,Europe,MKD,5262.68671928674,42.0811805725098,59.0700383784659
MKD,2014,53.073,68.0584815397496,1.5,0.1197526974794086,NA,Europe,MKD,5053.75001236367,39.3214912414551,58.8033670608162
MKD,2013,51.588,65.24,1.5,0.1190428895243773,NA,Europe,MKD,4863.68088666968,38.9499015808105,58.578694432799
MKD,2012,53.713,57.449947312961,1.5,0.1194828769043661,NA,Europe,MKD,4708.05168535923,39.7961082458496,58.3924217811729
MKD,2011,55.109,56.7,1.46,0.1181625027473821,NA,Europe,MKD,4711.13027870081,NA,58.2409503926967
MKD,2010,55.198,51.9,1.6,0.1174992601238802,NA,Europe,MKD,4582.36517512347,38.147590637207,58.1206815541291
MKD,2009,55.156,51.77,1.5,0.1168009338680829,NA,Europe,MKD,4405.20045750867,39.837718963623,58.0280165522288
MKD,2008,56.802,46.04,1.47,0.1164489514105946,NA,Europe,MKD,4392.5507164151,39.6388511657715,57.9593566737547
MKD,2007,58.213,36.29999924,1.46,0.1154961403385678,NA,Europe,MKD,4140.63354809364,35.2432899475098,57.9111032054655
MKD,2006,60.112,28.62,1.46,0.1155794861045224,NA,Europe,MKD,3866.74650622977,29.2525997161865,57.8796574341199
MKD,2005,61.967,26.450000760000002,1.5,0.1148725143598056,NA,Europe,MKD,3657.56307699216,29.7906494140625,57.8614206464767
MKD,2004,64.163,24.44,1.524,0.1146037888031944,NA,Europe,MKD,3473.76544811451,28.2504692077637,57.8527941292946
MKD,2003,65.75,19.07,1.745,0.1151733617678448,NA,Europe,MKD,3307.92040834712,27.8220596313477,57.8501791693323
MKD,2002,58.444,17.33,1.786,0.1147927974362113,NA,Europe,MKD,3240.11064526089,26.8072891235352,57.8726144171205
MKD,2001,55.55,3.46818460849398,1.729,0.1142095153409022,NA,Europe,MKD,3169.32514368931,24.3628692626953,58.0943199277127
MKD,2000,58.347,2.48556631640066,1.863,0.1133405527011836,NA,Europe,MKD,3283.37934095351,22.4084796905518,58.4918382392587
MNP,2023,NA,NA,2.348,0.1277066875047956,NA,Oceania,MNP,NA,NA,91.9754112887573
MNP,2022,NA,NA,2.388,0.1208186760141842,NA,Oceania,MNP,19461.8611129744,NA,91.8785788645608
MNP,2021,NA,NA,2.441,0.1210262921657191,NA,Oceania,MNP,16365.016735395,NA,91.7842137303802
MNP,2020,NA,NA,2.494,0.118195682230157,NA,Oceania,MNP,15410.1186923944,NA,91.6908367362908
MNP,2019,NA,NA,2.559,0.1072825809519725,NA,Oceania,MNP,21451.4401636511,NA,91.6162852134162
MNP,2018,NA,NA,2.643,0.106695070886383,NA,Oceania,MNP,23756.6075820248,NA,91.5444506155168
MNP,2017,NA,NA,2.762,0.1059736668090576,NA,Oceania,MNP,28989.3470221339,NA,91.4720215898621
MNP,2016,NA,NA,2.923,0.1051708757868527,NA,Oceania,MNP,23158.5744988538,NA,91.3990047853283
MNP,2015,NA,NA,3.134,0.1044675959058007,NA,Oceania,MNP,17665.1007493109,NA,91.3254068507915
MNP,2014,NA,NA,3.372,0.103687164970236,NA,Oceania,MNP,16869.5270385638,NA,91.2512344351276
MNP,2013,NA,NA,3.535,0.1030529614003245,NA,Oceania,MNP,16015.0349164338,NA,91.1764941872129
MNP,2012,NA,NA,3.328,0.1024945505856897,NA,Oceania,MNP,15457.4258192247,NA,91.1011927559234
MNP,2011,NA,NA,3.208,0.1018777725912545,NA,Oceania,MNP,15226.1308805108,NA,91.0253367901352
MNP,2010,NA,NA,2.982,0.1021372170483631,NA,Oceania,MNP,16293.3059496259,NA,90.9488180328106
MNP,2009,NA,NA,2.736,0.1016583546757724,NA,Oceania,MNP,15710.5807282039,NA,90.8729232264729
MNP,2008,NA,NA,2.815,0.1012143898577875,NA,Oceania,MNP,18451.3905458787,NA,90.7990126104496
MNP,2007,NA,NA,2.786,0.1031569480293037,NA,Oceania,MNP,20117.7037335229,NA,90.726220848958
MNP,2006,NA,NA,2.613,0.1005453137438748,NA,Oceania,MNP,20940.1619770428,NA,90.6534562341057
MNP,2005,NA,NA,2.256,0.1011149863980113,NA,Oceania,MNP,21882.2927935415,NA,90.5796270580004
MNP,2004,NA,NA,2.066,0.1007641694205034,NA,Oceania,MNP,24445.4618441919,NA,90.5036416127499
MNP,2003,NA,NA,1.893,0.099041725341995,NA,Oceania,MNP,24650.0405531909,NA,90.4244081904616
MNP,2002,NA,NA,1.678,0.098732334618875,NA,Oceania,MNP,24066.5361573445,NA,90.3408350832433
MNP,2001,NA,NA,1.736,0.0984662454647891,NA,Oceania,MNP,NA,NA,90.2518305832026
MNP,2000,NA,NA,1.64,0.0982763446797351,NA,Oceania,MNP,NA,NA,90.1578212649113
NOR,2023,10.975,99.00000258,1.4,0.180902570292194,115.3927328969825,Europe,NOR,78775.7495154943,95.0573806762695,83.0718560702166
NOR,2022,9.908,98.99997764,1.41,0.1714902981291264,122.18984160754825,Europe,NOR,79620.1635455079,97.6419830322266,82.9563661816034
NOR,2021,12.848,99.0000036,1.55,0.1692221545052907,121.52723133267224,Europe,NOR,77812.7115614383,93.9243011474609,82.8612877226956
NOR,2020,11.215,94.60755647,1.48,0.1671524532357522,112.25661631119975,Europe,NOR,75287.2059527598,87.1685333251953,82.7029885700532
NOR,2019,9.813,98.0000043853142,1.53,0.15329546656001,108.77829635233076,Europe,NOR,76712.2871160349,85.7633819580078,82.4935894878281
NOR,2018,9.599,96.4916579887094,1.56,0.1518692624064785,107.77571418375675,Europe,NOR,76373.6474606092,85.3883514404297,82.2452112401723
NOR,2017,10.275,96.3576012951191,1.62,0.1498690929905607,108.02392600760601,Europe,NOR,76247.4116445341,83.7353363037109,81.9699745912375
NOR,2016,11.044,97.2982036675068,1.71,0.147863354815012,104.44308131701024,Europe,NOR,75017.4944769055,81.8827285766602,81.6800003051758
NOR,2015,9.804,96.810325691365,1.72,0.1466212730998609,100.00000000000013,Europe,NOR,74809.9658049898,79.206428527832,81.2378240971353
NOR,2014,7.786,96.3005098242892,1.75,0.1461647194718208,95.97033451394427,Europe,NOR,74180.3238731011,78.109977722168,80.6117159535579
NOR,2013,9.043,95.0534,1.78,0.1453882904572591,95.12337756395343,Europe,NOR,73515.9144917472,75.8635787963867,79.9723980455359
NOR,2012,8.382,94.6499780533304,1.85,0.1435023913196933,93.0485690674998,Europe,NOR,73661.6785830334,71.7047576904297,79.4905925441617
NOR,2011,8.413,93.4899826515194,1.88,0.1419873314785892,87.82948162079265,Europe,NOR,72660.6754124944,71.0614166259766,79.311620451463
NOR,2010,9.228,93.39,1.95,0.1406316507352445,82.02211372645765,Europe,NOR,72804.3956188398,72.1170806884766,79.245002746582
NOR,2009,9.051,92.08,1.98,0.1396767492977845,77.1693353416544,Europe,NOR,73141.3073299889,73.0674514770508,79.0570820210427
NOR,2008,7.426,90.57,1.96,0.1387972377287455,77.41964186736115,Europe,NOR,75535.2118003041,73.5914688110352,78.7541006020666
NOR,2007,7.341,86.93,1.9,0.1386936860470811,80.71364753328527,Europe,NOR,76115.7066768285,77.0373611450195,78.4072502632828
NOR,2006,8.634,82.55,1.9,0.1385972940289864,72.43112151642835,Europe,NOR,74729.7365961068,77.9310684204102,78.0877227783203
NOR,2005,11.293,81.99,1.84,0.1383443023861887,64.77833827857027,Europe,NOR,73524.2549197612,78.4450302124023,77.8260148882032
NOR,2004,12.787,77.69,1.83,0.1380675499086452,60.439334696502975,Europe,NOR,72090.9862854901,78.612548828125,77.5684593888498
NOR,2003,11.826,78.13,1.8,0.1376655302602365,55.4561549231803,Europe,NOR,69719.3122573679,77.970588684082,77.2600021362305
NOR,2002,13.036,72.84,1.75,0.1374259929150041,56.06653380165085,Europe,NOR,69472.9836807311,72.3173294067383,76.7955442460288
NOR,2001,12.144,64,1.78,0.1375162880685398,54.13689244708165,Europe,NOR,68899.5268987833,69.9630813598633,76.3958619273785
NOR,2000,11.047,52,1.85,0.1371294275658794,51.75652394566273,Europe,NOR,67846.5968643534,NA,76.1338922449534
OMN,2023,13.594,95.25170135,2.525,0.1486339125496455,NA,Asia,OMN,17853.9645119949,NA,79.5702973228932
OMN,2022,14.562,95.24530029,2.449,0.1394802113968023,NA,Asia,OMN,18792.4460565306,NA,80.0117053152301
OMN,2021,9.097,95.23880005,2.588,0.1415911842637735,NA,Asia,OMN,18291.3387983888,43.8433613964625,80.1239942103569
OMN,2020,13.523,95.23229321,2.638,0.1390169837517941,NA,Asia,OMN,17743.8858800477,48.3754397440909,80.0176378922722
OMN,2019,9.015,90.25939941,2.696,0.1244145042126344,NA,Asia,OMN,18089.586668488,45.1723183863131,79.5780017545962
OMN,2018,7.851,85.5,2.81,0.1247186554877211,NA,Asia,OMN,18269.6769435562,44.9540216505645,78.9655839720276
OMN,2017,11.058,80.18560028,2.923,0.1246496704046611,NA,Asia,OMN,18277.945563615,43.5767818520195,78.3142260040136
OMN,2016,14.199,76.8453904741456,2.949,0.1247660208830258,NA,Asia,OMN,18830.6057208608,46.8235059845958,77.7521362304688
OMN,2015,15.152,73.52999878,2.965,0.1248224899293015,NA,Asia,OMN,18808.3077921839,45.1898945959512,77.3025363037955
OMN,2014,15.327,70.22000122,2.97,0.1246973448616528,NA,Asia,OMN,18726.2026946971,41.1818561581842,76.8892576748951
OMN,2013,15.453,66.45,2.954,0.1248387873693043,NA,Asia,OMN,19299.9400516869,35.149615885003,76.4914234214313
OMN,2012,15.655,60,2.928,0.1256752363264393,NA,Asia,OMN,19824.1215485946,NA,76.088156621068
OMN,2011,15.209,48,2.955,0.1258726741639504,NA,Asia,OMN,20993.9079436935,31.5563508791784,75.6585803514688
OMN,2010,13.873,35.8278,2.973,0.1258160442654437,NA,Asia,OMN,22766.0503620721,27.8526854365953,75.1579724666274
OMN,2009,13.54,26.799999239999998,2.829,0.1272397567973769,NA,Asia,OMN,22819.1977324647,21.9678993225098,74.5338635149003
OMN,2008,13.739,20,2.762,0.1263914863904533,NA,Asia,OMN,22007.7338963517,20.4462108612061,73.807772368029
OMN,2007,13.914,16.68,2.761,0.1266171261814767,NA,Asia,OMN,20642.7489563377,20.4086494445801,73.0679250158092
OMN,2006,13.991,8.299699783,2.879,0.1267160969468672,NA,Asia,OMN,20096.3965576134,19.2329597473144,72.3920261203777
OMN,2005,14.587,6.683599949,3.029,0.1268357348909259,NA,Asia,OMN,19629.0451546015,17.117769241333,71.8577803438712
OMN,2004,14.939,6.75885217024525,3.2,0.1269041858287656,NA,Asia,OMN,19534.8601445269,15.1500101089478,71.5428923484265
OMN,2003,14.571,7.25574294536556,3.371,0.1269023814895456,NA,Asia,OMN,19485.6441506077,14.3313598632812,71.4926171971641
OMN,2002,13.526,6.87339603918545,3.51,0.1267991670944382,NA,Asia,OMN,20150.1131971413,NA,71.5013318111475
OMN,2001,13.341,5.89384152148671,3.662,0.1266306220260222,NA,Asia,OMN,20546.0554077598,NA,71.5179623016414
OMN,2000,13.733,3.52042141651097,3.852,0.1265088928669157,NA,Asia,OMN,19881.7364316776,NA,71.5400835229196
PAK,2023,9.423,NA,3.605,0.1456871055649307,NA,Asia,PAK,1610.33122837537,10.4770304814137,38.8191861872791
PAK,2022,9.448,NA,3.662,0.1376083313800873,NA,Asia,PAK,1642.28066974826,10.5057175294292,38.3740439760816
PAK,2021,11.053,NA,3.72,0.1372107901415438,NA,Asia,PAK,1595.02792175422,12.3810012807012,37.9333395514173
PAK,2020,10.739,18.935,3.765,0.1367948169427097,NA,Asia,PAK,1526.00597486307,11.7245978752314,37.5080192948099
PAK,2019,9.599,17.070901719916,3.81,0.1211093526997988,NA,Asia,PAK,1573.8330826937,11.103638528678,37.1091631735769
PAK,2018,7.864,15.34000015,3.855,0.1211857143091463,NA,Asia,PAK,1561.68169819559,8.20683057963381,36.7478511550359
PAK,2017,6.519,13.77999973,3.9,0.1209518327063734,NA,Asia,PAK,1495.26187528032,8.62228080260493,36.435154822339904
PAK,2016,5.165,12.385446763381,3.902,0.1209498016920543,NA,Asia,PAK,1452.18658269177,8.31973903550878,36.1597184900333
PAK,2015,6.682,11,3.988,0.1208820958747895,NA,Asia,PAK,1380.47020838317,8.43556648904153,35.9017325715342
PAK,2014,4.052,10,4.055,0.1206733196481999,NA,Asia,PAK,1343.30778121043,8.74569228544475,35.6595549759128
PAK,2013,5.98,9,4.125,0.1203189512126998,NA,Asia,PAK,1309.70080446386,8.71835995772812,35.4315352494366
PAK,2012,7.556,8.100000381,4.204,0.1201514322411211,NA,Asia,PAK,1275.48806898966,8.33303617018241,35.2160229383731
PAK,2011,1.719,8,4.305,0.119769451893491,NA,Asia,PAK,1261.83161907857,7.31739557390399,35.0113675889897
PAK,2010,1.287,8,4.398,0.1193646219050255,NA,Asia,PAK,1256.69482201323,7.03303843576596,34.8159187475539
PAK,2009,1.08,7.5,4.465,0.1189376883510534,NA,Asia,PAK,1269.07432116444,5.97273015975952,34.6280259603331
PAK,2008,0.99,7,4.515,0.1177493864278271,NA,Asia,PAK,1258.05188934452,4.87824010848999,34.4460387735948
PAK,2007,0.82,6.800000191,4.554,0.1169546998569207,NA,Asia,PAK,1265.35567539842,4.95792007446289,34.2683067336065
PAK,2006,0.939,6.5,4.589,0.1167422953039268,NA,Asia,PAK,1243.94142602543,4.39564990997315,34.0931793866356
PAK,2005,0.938,6.332300186,4.595,0.115838980784958,NA,Asia,PAK,1201.23359367214,4.32808017730713,33.9190062789495
PAK,2004,0.943,6.16432098534156,4.685,0.1155666609084975,NA,Asia,PAK,1146.99632842666,2.97886991500854,33.7441369568158
PAK,2003,0.948,5.04115812592502,4.894,0.1152156034740907,NA,Asia,PAK,1090.27523993746,2.37435007095337,33.5669209665019
PAK,2002,0.95,2.57742673683831,5.012,0.1150914400013724,NA,Asia,PAK,1059.04171024589,NA,33.3857078542752
PAK,2001,0.958,1.31855077925626,5.182,0.1145691413498755,NA,Asia,PAK,1057.86767778646,NA,33.1988471664032
PAK,2000,0.967,NA,5.352,0.1144513349351968,NA,Asia,PAK,1049.54229686852,NA,33.0046884491535
PLW,2023,NA,82.91629791,1.907,0.1273160413468896,NA,Oceania,PLW,13128.1314312511,41.130604288499,79.1531991438847
PLW,2022,NA,82.56749725,1.927,0.1204362192276104,NA,Oceania,PLW,12820.3765209089,51.5274949083503,79.1134831712956
PLW,2021,NA,NA,1.95,0.1205516407880141,NA,Oceania,PLW,12612.2906184953,NA,79.0890798782416
PLW,2020,NA,NA,1.972,0.1176446897844927,NA,Oceania,PLW,14532.9898440558,NA,79.0796884006264
PLW,2019,NA,NA,1.984,0.1067965089225497,NA,Oceania,PLW,15600.1871093094,NA,79.2803814152827
PLW,2018,NA,NA,1.97,0.1062640239958351,NA,Oceania,PLW,15642.8069323229,NA,79.5520868568744
PLW,2017,NA,NA,2.019,0.1056134339272763,NA,Oceania,PLW,15841.6183886679,NA,79.8284579022498
PLW,2016,NA,NA,2.055,0.1048768753218207,NA,Oceania,PLW,16343.5615050344,NA,80.1089335766065
PLW,2015,NA,NA,2.002,0.104168426423975,NA,Oceania,PLW,16154.0532152373,NA,80.388246269234
PLW,2014,NA,NA,2.032,0.1033397076191093,NA,Oceania,PLW,15015.0026129107,NA,80.7338640362566
PLW,2013,NA,NA,2.054,0.1026255211129447,NA,Oceania,PLW,14331.3395472642,67.3166885375977,81.0756895339142
PLW,2012,NA,NA,2.006,0.1019671967856847,NA,Oceania,PLW,14609.8376964301,NA,81.1285663568435
PLW,2011,NA,NA,1.965,0.1013418006945474,NA,Oceania,PLW,14123.1262308557,NA,80.9747231246263
PLW,2010,NA,NA,1.937,0.1008986822830607,NA,Oceania,PLW,13206.5122645,NA,80.6626667312304
PLW,2009,NA,NA,1.935,0.1004301973263394,NA,Oceania,PLW,13338.1300928439,NA,80.2186712923386
PLW,2008,NA,NA,1.947,0.0999961772338883,NA,Oceania,PLW,14045.7297946023,NA,79.6639213135968
PLW,2007,NA,NA,1.968,0.0996849824163153,NA,Oceania,PLW,14590.4803753503,NA,79.019601300651
PLW,2006,NA,NA,1.996,0.099378857026349507,NA,Oceania,PLW,14186.1538388023,NA,78.306895759147
PLW,2005,NA,NA,2.017,0.0990974603900356,NA,Oceania,PLW,13992.4700518965,NA,77.574268209537
PLW,2004,NA,26.9703326341025,1.989,0.0988224215896235,NA,Oceania,PLW,13599.4436174869,NA,76.445323887982
PLW,2003,NA,21.6015271777354,1.962,0.0985487280122603,NA,Oceania,PLW,13250.6865944432,NA,74.5444848058291
PLW,2002,NA,20.243939470621,1.923,0.0983536940801777,NA,Oceania,PLW,13647.052731145,36.3363418579102,72.3817031907384
PLW,2001,NA,NA,1.87,0.0982296501380775,NA,Oceania,PLW,13134.260646066,36.336109161377,70.5337109001769
PLW,2000,NA,NA,1.819,0.0980871297419066,NA,Oceania,PLW,12346.4680054398,45.7822113037109,69.5876201801789
PAN,2023,16.765,68.54851592,2.119,0.1395916048865323,NA,Americas,PAN,16877.1508423953,53.6949637061742,65.8601271176084
PAN,2022,19.186,67.2838974,2.139,0.1313642625444044,NA,Americas,PAN,15956.0653932059,57.8162831217614,65.8211343914956
PAN,2021,22.338,66.04270172,2.152,0.1296883681324607,NA,Americas,PAN,14552.9401400295,52.7147829654218,65.8092302689169
PAN,2020,33.033,64.82430267,2.184,0.1299739863831206,NA,Americas,PAN,12647.0826553801,44.9372948646286,65.7862999591993
PAN,2019,17.128,63.6284147731451,2.288,0.115013411469769,NA,Americas,PAN,15602.5420714581,NA,65.752985396379
PAN,2018,14.1,61.8055313202468,2.402,0.1155970769502063,NA,Americas,PAN,15375.6434854475,NA,65.7099285144924
PAN,2017,14.817,59.9506309038683,2.462,0.1138293288410395,NA,Americas,PAN,15045.545619615,NA,65.6577712475758
PAN,2016,12.295,54,2.502,0.1129661736828505,NA,Americas,PAN,14474.124340577,48.3799959758914,65.5971555296656
PAN,2015,11.675,51.2054249948687,2.53,0.1121688656923496,NA,Americas,PAN,14082.6548434996,47.5819435584313,65.5287232947981
PAN,2014,11.523,44.9238152577893,2.552,0.1114876215928349,NA,Americas,PAN,13611.5490656071,44.6253501937764,65.4531164770096
PAN,2013,9.896,44.03,2.569,0.1106667093310469,NA,Americas,PAN,13236.8306490828,NA,65.3709770103365
PAN,2012,9.583,40.3018952210488,2.591,0.1100716142950095,NA,Americas,PAN,12668.2945402358,43.6626516529234,65.2829468288151
PAN,2011,11.099,42.7,2.604,0.1091998715036805,NA,Americas,PAN,11761.4988389067,41.8858795918623,65.1896678664818
PAN,2010,13.43,40.1,2.587,0.1081921600227179,NA,Americas,PAN,10698.0717490512,43.9639480204278,65.0926097647906
PAN,2009,13.258,39.08,2.593,0.1092956390953146,NA,Americas,PAN,10267.063313242401,43.0278511047363,64.9730405510737
PAN,2008,12.956,33.82,2.608,0.1083966253893849,NA,Americas,PAN,10288.1549774225,43.0992698669434,64.8088713516952
PAN,2007,13.093,22.29,2.612,0.1082658403083414,NA,Americas,PAN,9507.64640169959,42.9214782714844,64.6019807394311
PAN,2006,13.287,17.34959984,2.62,0.1083546095057684,NA,Americas,PAN,8557.98017379308,42.6925010681152,64.355408255933
PAN,2005,13.485,11.48400021,2.643,0.1081825321426178,NA,Americas,PAN,7935.87134515908,41.6649894714355,64.0721934428526
PAN,2004,13.59,11.1408625409415,2.68,0.1079819010023645,NA,Americas,PAN,7468.76593461799,43.0450782775879,63.7553758418416
PAN,2003,13.884,9.98742407723405,2.679,0.1077398728252068,NA,Americas,PAN,7037.08164896629,44.2729110717773,63.4079949945516
PAN,2002,13.852,8.51807781515595,2.698,0.1074179892405308,NA,Americas,PAN,6825.1774775292,40.7841186523438,63.0330904426342
PAN,2001,13.773,7.26839987788729,2.72,0.1070110090575667,NA,Americas,PAN,6787.86265820271,41.646728515625,62.6337017277411
PAN,2000,13.549,6.55479647729549,2.744,0.1072573746738451,NA,Americas,PAN,6856.1491877083,42.537109375,62.2165370013582
PNG,2023,3.792,18.56130028,3.099,0.122427647637122,NA,Oceania,PNG,2515.29070398356,NA,15.0581017891206
PNG,2022,3.811,18.25659943,3.165,0.1170474978862086,NA,Oceania,PNG,2467.23488790877,NA,14.7358658260841
PNG,2021,4.33,16.55960083,3.215,0.1183027504178428,NA,Oceania,PNG,2378.3716816549,NA,14.4398342822353
PNG,2020,4.563,15.02040005,3.274,0.111946685480654,NA,Oceania,PNG,2438.61137922293,NA,14.1703677185729
PNG,2019,4.119,13.62419987,3.322,0.1053976808282555,NA,Oceania,PNG,2572.56177967896,NA,13.9278267446947
PNG,2018,4.185,12.35789967,3.382,0.1036146476231888,NA,Oceania,PNG,2518.45899317321,NA,13.7125720532162
PNG,2017,4.207,11.20919991,3.432,0.1025640403386242,NA,Oceania,PNG,2584.8883636271,NA,13.5249644881888
PNG,2016,4.188,9.601499557,3.495,0.1029733692775353,NA,Oceania,PNG,2557.09463030035,NA,13.3653651942392
PNG,2015,4.266,7.900000095,3.558,0.1013175681946929,NA,Oceania,PNG,2484.5963398603,NA,13.2341359836319
PNG,2014,4.341,6.5,3.625,0.1005785008559353,NA,Oceania,PNG,2391.3578028163,NA,13.1316404025265
PNG,2013,4.508,5.099999905,3.684,0.0999598677330119,NA,Oceania,PNG,2162.10592595591,NA,13.0582475733094
PNG,2012,4.501,3.5,3.746,0.0993986638197214,NA,Oceania,PNG,2139.48096660428,NA,13.0143796071362
PNG,2011,4.531,2,3.816,0.0988561080256192,NA,Oceania,PNG,2102.03192060639,NA,13.0000025015364
PNG,2010,3.574,1.28,3.883,0.0984625045116375,NA,Oceania,PNG,2140.50939027384,NA,13.0021920069407
PNG,2009,3.724,1.61,3.941,0.0980170081219535,NA,Oceania,PNG,2003.24109727039,NA,13.008427139986
PNG,2008,3.873,1.15,4.015,0.0975632169593746,NA,Oceania,PNG,1934.03201558753,NA,13.0185611592166
PNG,2007,3.958,1.790599942,4.076,0.0971932420348414,NA,Oceania,PNG,2000.9726186689,NA,13.0324481284965
PNG,2006,4.144,1.754487260668,4.148,0.0968604517227003,NA,Oceania,PNG,1915.2349405788,NA,13.04994211169
PNG,2005,4.32,1.71619047556782,4.22,0.0965619423189718,NA,Oceania,PNG,1875.82273480514,NA,13.0708971726612
PNG,2004,4.537,1.5079127722725,4.283,0.0967158245730983,NA,Oceania,PNG,1821.84741071002,NA,13.0951673752744
PNG,2003,4.725,1.37440466802801,4.362,0.096388422616682,NA,Oceania,PNG,1832.67870314447,NA,13.1226067833938
PNG,2002,4.941,1.3216569348661,4.419,0.0956690201083935,NA,Oceania,PNG,1854.41831737462,NA,13.1530694608835
PNG,2001,5.078,0.904103545170821,4.469,0.0970278729498352,NA,Oceania,PNG,1920.78003889393,NA,13.1864094716078
PNG,2000,5.294,0.835249302427624,4.525,0.0964035687812566,NA,Oceania,PNG,1989.57882204274,NA,13.2228772276955
PRY,2023,13.185,78.09481878,2.422,0.1803650772859527,NA,Americas,PRY,6449.23028812969,NA,69.3466081733694
PRY,2022,14.601,76.25916611,2.444,0.1686135838981298,NA,Americas,PRY,6218.19790694162,NA,68.6396537819458
PRY,2021,16.203,77.01838621,2.469,0.1706122920640516,NA,Americas,PRY,6278.11006663809,NA,67.3058612772421
PRY,2020,17.152,73.95751114,2.497,0.1649456925005923,NA,Americas,PRY,6109.19608100826,NA,66.116520986009
PRY,2019,15.3,68.5176284222264,2.525,0.1493671957237879,NA,Americas,PRY,6243.53620897823,NA,64.9845298299929
PRY,2018,14.52,64.9935430235756,2.561,0.148999716139194,NA,Americas,PRY,6354.2392005316,NA,63.9248988239553
PRY,2017,14.28,61.0757562215797,2.591,0.1493544118042001,NA,Americas,PRY,6243.1336313903,NA,62.9526389826574
PRY,2016,11.529,53.4041274791009,2.624,0.1501390802959527,NA,Americas,PRY,6041.95879367349,NA,62.0827613208606
PRY,2015,10.922,49.716304663966,2.645,0.1507477497978637,NA,Americas,PRY,5879.33792308762,NA,61.3302768533263
PRY,2014,11.097,43.0073750122614,2.646,0.1500614821396085,NA,Americas,PRY,5794.47644689985,NA,60.7101965948157
PRY,2013,9.497,36.9,2.636,0.1504204991621716,NA,Americas,PRY,5583.12274473566,NA,60.2375315600901
PRY,2012,10.045,29.34,2.658,0.1503719765807624,NA,Americas,PRY,5230.26244858989,NA,59.9212909454702
PRY,2011,11.361,24.7635158793993,2.667,0.149331764588442,NA,Americas,PRY,5342.19015717538,NA,59.693499539898
PRY,2010,10.614,19.8,2.695,0.1513865539172126,NA,Americas,PRY,5191.05014254362,37.6179261040957,59.5122792618786
PRY,2009,11.746,18.9,2.757,0.1514890257297167,NA,Americas,PRY,4727.59685811389,39.7724685668945,59.3666109432844
PRY,2008,9.594,14.27,2.792,0.1527689284598536,NA,Americas,PRY,4788.66318778074,36.8851890563965,59.2442256780564
PRY,2007,10.411,11.21,2.823,0.1529643490429298,NA,Americas,PRY,4540.38235899258,31.087760925293,59.1328545601355
PRY,2006,11.076,7.962100029,2.889,0.1532178698446416,NA,Americas,PRY,4349.31197066239,NA,59.0202286834627
PRY,2005,10.33,7.90700786141285,2.973,0.1529697864283237,NA,Americas,PRY,4193.28086525675,27.7761993408203,58.894079141979
PRY,2004,11.927,3.45243843137079,3.053,0.1527192318187323,NA,Americas,PRY,4151.34584799423,27.1320304870606,58.7421370296254
PRY,2003,13.35,2.11194208210034,3.123,0.1524613857918858,NA,Americas,PRY,4035.71833919936,26.9151496887207,58.5521334403429
PRY,2002,16.531,1.79496959770244,3.233,0.1524926360625718,NA,Americas,PRY,3916.44022308731,28.3164596557617,58.3089732866691
PRY,2001,11.219,1.09879383569333,3.361,0.1516365856816922,NA,Americas,PRY,3972.88427866739,19.336540222168,57.9686577349574
PRY,2000,13.964,0.747630711548184,3.508,0.1507257623494536,NA,Americas,PRY,4074.48953320457,17.2918395996094,57.5141169408231
PER,2023,8.846,79.48484477,1.98,0.1888911371598331,NA,Americas,PER,6568.0002779793,NA,84.7810255849745
PER,2022,7.681,74.67495213,2.004,0.1739313281730451,NA,Americas,PER,6667.51695632036,NA,84.3663554951194
PER,2021,9.586,71.10782643,2.029,0.1729592195425697,NA,Americas,PER,6547.84718181776,NA,83.9480118272361
PER,2020,12.659,65.25179796,2.056,0.1724574251373915,NA,Americas,PER,5831.83024758521,NA,83.5267437189637
PER,2019,7.405,59.9505036049006,2.086,0.1507513267540368,NA,Americas,PER,6626.26083494969,NA,83.1033003087105
PER,2018,8.342,55.0543342443197,2.118,0.15059874366549,NA,Americas,PER,6593.14437459526,NA,82.6854929960921
PER,2017,8.319,50.4504121848143,2.152,0.1506239562025498,NA,Americas,PER,6457.41940254721,71.2404708862305,82.1931650502403
PER,2016,8.272,45.4617406869459,2.189,0.1507674397997257,NA,Americas,PER,6392.25474941014,73.2223205566406,81.4192362241943
PER,2015,6.877,40.8526009090468,2.229,0.1513449657177556,NA,Americas,PER,6231.71150338894,NA,80.698277662669
PER,2014,7.55,40.2446560091704,2.271,0.1516946246149854,NA,Americas,PER,6103.91864749969,NA,79.9945465682649
PER,2013,7.008,39.2,2.317,0.1516106837683701,NA,Americas,PER,6021.46142765232,NA,79.3105527820586
PER,2012,6.848,38.2,2.356,0.1517900851225511,NA,Americas,PER,5740.04346272472,NA,78.6488061451268
PER,2011,7.001,36.01,2.413,0.1517855051245336,NA,Americas,PER,5453.45718713631,NA,78.0118164985462
PER,2010,6.843,34.77,2.421,0.1522058958169682,NA,Americas,PER,5167.39259325937,NA,77.4020936833934
PER,2009,7.11,31.4,2.48,0.1528964882464339,NA,Americas,PER,4801.17153740507,NA,76.822147540745
PER,2008,7.432,30.57,2.528,0.153483794362906,NA,Americas,PER,4778.52642172313,NA,76.2744879116779
PER,2007,7.541,25.200000760000002,2.583,0.1537181216196808,NA,Americas,PER,4407.79121686416,NA,75.7615250588738
PER,2006,7.153,20.700000760000002,2.619,0.1539140346731484,NA,Americas,PER,4091.36268615581,33.9184188842773,75.2766672012397
PER,2005,8.43,17.10000038,2.643,0.153993058186613,NA,Americas,PER,3835.13219279722,32.4608917236328,74.8162354830832
PER,2004,7.737,14.1,2.673,0.1537531518120693,NA,Americas,PER,3640.60299869744,32.1658897399902,74.3769516383133
PER,2003,6.364,11.6,2.661,0.1537989979334947,NA,Americas,PER,3502.79165687646,30.319580078125,73.9558750733136
PER,2002,5.935,8.96694917040028,2.693,0.1537315588733796,NA,Americas,PER,3398.74991419297,30.2558097839356,73.5500651944675
PER,2001,6.069,7.57876295717419,2.744,0.1536864710800624,NA,Americas,PER,3261.6642505136,29.9192008972168,73.1565814081586
PER,2000,5.948,3.07643061137675,2.845,0.1533467043878674,NA,Americas,PER,3286.27308475523,33.4137687683105,72.7724831207703
PHL,2023,6.912,77.86699677,1.916,0.1050878285328431,NA,Asia,PHL,3744.69763802928,44.2394203278519,55.1242716168851
PHL,2022,6.813,75.21114422,1.929,0.100063698380031,NA,Asia,PHL,3577.70136573244,38.4011392706768,54.7902343568327
PHL,2021,8.434,66.90779877,1.95,0.1014019001723083,NA,Asia,PHL,3350.97587587776,33.6166173848126,54.4504102510776
PHL,2020,6.987,53.76490021,2.075,0.097943302094854,NA,Asia,PHL,3198.66690008413,31.6317598507085,54.1077719895977
PHL,2019,6.696,43.0266118680279,2.215,0.0900489023110316,NA,Asia,PHL,3575.88170922922,30.0548680110365,53.7157859948017
PHL,2018,6.605,44.09999847,2.378,0.0895532751391632,NA,Asia,PHL,3410.93647976109,28.1166228592308,53.2088897464754
PHL,2017,7.379,41.59999847,2.525,0.0891346130103132,NA,Asia,PHL,3247.4503878362,33.6841018682349,52.6010482354344
PHL,2016,7.634,39.20000076,2.679,0.0888644483622652,NA,Asia,PHL,3076.3374186759,38.3447414525513,51.9114748151175
PHL,2015,8.509,36.90000153,2.829,0.0887015989586356,NA,Asia,PHL,2909.85818010301,35.8745887819664,51.1549047745227
PHL,2014,9.465,34.70000076,2.894,0.0883897610056661,NA,Asia,PHL,2776.92005909479,33.8741923214799,50.2392400212368
PHL,2013,9.165,32.70000076,3.042,0.0880554674022578,NA,Asia,PHL,2654.41506933978,31.8704183328366,49.1313688766206
PHL,2012,9.361,30.799999239999998,3.143,0.0877654121846064,NA,Asia,PHL,2533.74141964959,29.6298942276846,47.9182784810426
PHL,2011,9.477,29,3.236,0.0876497225091971,NA,Asia,PHL,2416.75212064542,29.0709151463153,46.6833632464759
PHL,2010,9.736,25,3.315,0.0874980387598739,NA,Asia,PHL,2373.14312064664,27.7549235195177,45.5208176726647
PHL,2009,10.149,9,3.376,0.087335634654033,NA,Asia,PHL,2256.72554835463,26.6055793762207,44.3356772609527
PHL,2008,9.844,6.22,3.401,0.0869820823128514,NA,Asia,PHL,2264.9462907288,27.1289901733398,43.1547492407016
PHL,2007,8.742,5.97,3.403,0.0867188876464848,NA,Asia,PHL,2209.34651083329,NA,42.3470499959497
PHL,2006,10.018,5.74058632534702,3.466,0.0865128829614607,NA,Asia,PHL,2110.42044781284,26.2468109130859,41.8308558715226
PHL,2005,9.247,5.397600174,3.448,0.0862086557954505,NA,Asia,PHL,2037.8776605946,25.823429107666,41.3297701258519
PHL,2004,9.061,5.2436284521711,3.524,0.0860949759913037,NA,Asia,PHL,1978.34489133113,26.5457592010498,40.8507057988121
PHL,2003,8.923,4.85767226708512,3.591,0.0857778244624865,NA,Asia,PHL,1892.82161995051,27.230110168457,40.3928506135438
PHL,2002,9.169,4.33227574643007,3.651,0.085483771146921,NA,Asia,PHL,1837.25429286854,28.3481502532959,39.9553922931877
PHL,2001,9.418,2.52400566008269,3.719,0.0853884179207677,NA,Asia,PHL,1807.70892524758,28.6476802825928,39.5375185608843
PHL,2000,9.541,1.98225319605827,3.754,0.0852653179590189,NA,Asia,PHL,1793.34761146436,NA,39.1384171397742
POL,2023,11.176,86.414744,1.2,0.1280611707934853,125.59346413740175,Europe,POL,17410.3830137066,76.8794097900391,59.8859561370214
POL,2022,10.56,86.94113479,1.29,0.1224746129330991,126.48544243582825,Europe,POL,17303.64494323,75.2911071777344,59.8315488048321
POL,2021,11.817,85.37490906,1.33,0.1226058884240785,128.97154156161326,Europe,POL,16368.6239689025,72.2060623168945,59.8096513205543
POL,2020,10.836,83.18488715,1.39,0.1216393359066201,124.6929387787365,Europe,POL,15090.2228440113,70.9730377197266,59.8738141138092
POL,2019,9.835,80.4359068768673,1.44,0.1126646015295699,116.692094580869,Europe,POL,15221.3090624454,70.9065017700195,59.9626184068963
POL,2018,11.686,77.5417345350006,1.46,0.1132495267435635,109.78528382944825,Europe,POL,14551.0850277089,71.0217437744141,60.0533306480907
POL,2017,14.762,75.9853659493832,1.48,0.1135849954762933,104.56171855315625,Europe,POL,13695.6452848724,70.6174621582031,60.145888199417
POL,2016,17.592,73.3007040962669,1.39,0.1137228202917667,102.5664708550735,Europe,POL,13026.1858988718,69.8503799438477,60.2402284228997
POL,2015,20.686,67.9969871556415,1.32,0.1141215329799783,100.00000000000017,Europe,POL,12637.5220324406,69.3731994628906,60.3362886805635
POL,2014,23.732,66.5987360557248,1.32,0.1142682682117699,98.0693681616727,Europe,POL,12093.1622787394,70.2389678955078,60.4340063344328
POL,2013,27.167,62.8492,1.29,0.1144243764989379,96.81139155677972,Europe,POL,11628.2286809525,73.317268371582,60.5333187465323
POL,2012,26.322,62.3099972714691,1.33,0.113982334275498,101.68100181892473,Europe,POL,11542.2353368014,75.0382919311523,60.6341632788866
POL,2011,25.523,61.94999896898,1.33,0.1147655598224815,108.57096070285701,Europe,POL,11370.313427173,75.8021011352539,60.7357090652544
POL,2010,23.576,62.32,1.41,0.1136387030983257,113.4217711702115,Europe,POL,10808.3975674238,76.5571212768555,60.8474783987677
POL,2009,20.471,58.97,1.4,0.1132911908237767,120.77749250884526,Europe,POL,10446.5289138524,72.6793594360352,60.9800753477
POL,2008,17.101,53.13,1.39,0.1136557651335757,127.78973752917325,Europe,POL,10187.2017910883,70.2946319580078,61.1258760375274
POL,2007,21.387,48.6,1.31,0.113574051499263,134.00102223649125,Europe,POL,9760.7042604352,66.9424667358398,61.2756005207604
POL,2006,29.538,44.58,1.27,0.1134764104363903,92.17421087229178,Europe,POL,9137.65850849801,65.0900726318359,61.4199688499096
POL,2005,36.945,38.81,1.24,0.1129543414764089,68.53702244523512,Europe,POL,8598.57681241557,63.7791404724121,61.5497010774856
POL,2004,39.98,32.53,1.23,0.1136256499757931,NA,Europe,POL,8323.38773754587,61.7436981201172,61.6555172559989
POL,2003,42.659,24.87,1.22,0.1125209384960146,NA,Europe,POL,7915.55424389704,60.6214714050293,61.7281374379602
POL,2002,43.322,21.15,1.25,0.1123299833387256,NA,Europe,POL,7640.99307757777,59.5361404418945,61.7581534555696
POL,2001,40.387,9.9006697073534,1.31,0.1121662473903027,NA,Europe,POL,7494.96089503246,56.3456916809082,61.7557708646056
POL,2000,32.91,7.2854287080601,1.37,0.1120670056231973,NA,Europe,POL,7401.57697647848,NA,61.7459160613903
PRT,2023,20.463,85.79012676,1.45,0.2408496106425208,169.5519604681955,Europe,PRT,22417.1615864385,77.6778182983398,61.2048652633664
PRT,2022,19.183,84.49690644,1.43,0.2257794254121239,164.275625619967,Europe,PRT,22042.8680283647,75.0714797973633,61.1259255772782
PRT,2021,23.424,82.30902804,1.35,0.222100927941197,156.44778803077824,Europe,PRT,20747.6990734163,72.5122375488281,61.0951249296597
PRT,2020,22.46,78.26166044,1.42,0.2200166788787982,145.9063855495445,Europe,PRT,19778.7139525722,68.1568908691406,61.1042566768691
PRT,2019,18.326,75.346377940871207,1.44,0.1952083563977489,134.715224676015,Europe,PRT,21569.1874752919,66.0920562744141,61.114927250613
PRT,2018,20.235,74.6609681487507,1.42,0.1924791787412801,123.62127581818525,Europe,PRT,20997.7745987013,65.1127395629883,61.1233069673808
PRT,2017,23.802,73.7912139515729,1.38,0.1910204565614575,113.93634132826475,Europe,PRT,20364.1962735946,64.2040176391602,61.1296726507436
PRT,2016,27.799,70.423567088723,1.37,0.1898086898766636,105.978539190373,Europe,PRT,19662.82312462,63.2387504577637,61.1343011242723
PRT,2015,31.786,68.6328614804299,1.31,0.1884987265959655,99.99999999999983,Europe,PRT,19215.7813014347,61.7960205078125,61.137469211538
PRT,2014,34.663,64.5924200648949,1.24,0.1876471906802485,97.78155264265853,Europe,PRT,18836.8967978906,NA,61.1394537361116
PRT,2013,38.452,62.0956,1.21,0.1855317216305076,94.0278128011305,Europe,PRT,18597.7214623964,NA,61.1405315215642
PRT,2012,37.978,60.3399974868057,1.28,0.1828903028946361,96.68156846898574,Europe,PRT,18679.7626789594,NA,61.1409793914666
PRT,2011,30.305,55.2499968797194,1.35,0.1829031409218535,106.02919719913925,Europe,PRT,19389.6395896162,NA,61.1410698395502
PRT,2010,22.753,53.3,1.39,0.1803022767767443,113.45587282227575,Europe,PRT,19698.6836791397,NA,61.0788867241731
PRT,2009,20.308,48.27,1.34,0.1790352265703572,114.6979129459605,Europe,PRT,19371.1318876855,NA,60.8066368745822
PRT,2008,16.663,44.13,1.39,0.1792453079148097,112.24415122816424,Europe,PRT,20014.4749330004,NA,60.3510029424595
PRT,2007,16.727,42.09,1.35,0.1774033107774138,123.157644412681,Europe,PRT,19979.5706280792,NA,59.7481128966109
PRT,2006,16.502,38.01,1.37,0.1767401397298298,126.76034665012425,Europe,PRT,19529.3122100477,NA,59.0340947058419
PRT,2005,16.217,34.99,1.41,0.1754610440879138,128.54005973868874,Europe,PRT,19251.71450683,NA,58.2450763389585
PRT,2004,14.048,31.78,1.4,0.1756049705482784,130.49908923467575,Europe,PRT,19137.8370898949,NA,57.4171857647664
PRT,2003,13.492,29.67,1.44,0.1725631418300789,132.72313904661974,Europe,PRT,18846.5411893632,NA,56.5865509520713
PRT,2002,10.448,19.37,1.46,0.1733368194352209,136.01188136439225,Europe,PRT,19095.1102477398,NA,55.789299869679
PRT,2001,8.954,18.0871365595338,1.45,0.1711081809751751,139.85272653502724,Europe,PRT,19053.089945659,NA,55.0679833009212
PRT,2000,8.245,16.4304676923534,1.55,0.1702158472537901,137.7403132732115,Europe,PRT,18822.0933092937,NA,54.4051635389142
PRI,2023,13.178,NA,0.92,0.18695255274344,NA,Americas,PRI,30012.9242468103,77.9263575380698,94.1774359275881
PRI,2022,13.684,87.29178106,0.914,0.1813072054631602,NA,Americas,PRI,29643.7408907829,82.0153279566474,94.1110923054937
PRI,2021,17.201,84.78666399,0.907,0.1806388907537471,NA,Americas,PRI,28416.6231262223,88.5327447779272,94.0550712597302
PRI,2020,19.574,NA,0.922,0.1789644305320158,NA,Americas,PRI,28144.7223184239,88.4148538699338,94.0116144995587
PRI,2019,18.561,77.7364393708352,0.982,0.1646248949201187,NA,Americas,PRI,29185.0969964707,95.6914950121196,93.9519912222253
PRI,2018,20.497,70.8563997424362,1.035,0.1638275922207046,NA,Americas,PRI,28808.8518638025,107.502380763432,93.8986961132283
PRI,2017,24.054,68.7407731407209,1.101,0.1627677181538745,NA,Americas,PRI,29061.5563802711,100.739404309645,93.8561953815964
PRI,2016,26.197,68.6438071976518,1.2425,0.1620524757692463,NA,Americas,PRI,29326.5748761873,100.643406166336,93.8232738004303
PRI,2015,26.574,63.4663353848474,1.3365,0.1623169312653777,NA,Americas,PRI,29242.041465085,100.706557185143,93.7987161428303
PRI,2014,30.705,76.1338597201667,1.432,0.1618478893514789,NA,Americas,PRI,29141.2038639816,97.2016557105489,93.7813071818968
PRI,2013,31.585,68.999990004,1.47,0.1618391100270768,NA,Americas,PRI,29115.3549161996,95.3715682046859,93.7698316907305
PRI,2012,31.954,68.9999826014151,1.5425,0.1611134296280492,NA,Americas,PRI,28968.6942131352,94.0074751455172,93.7630744424317
PRI,2011,34.559,48,1.5965,0.1610885448309199,NA,Americas,PRI,28706.0207514856,91.7977449760959,93.7598202101009
PRI,2010,35.446,45.3,1.6235,0.1591169316602246,NA,Americas,PRI,28569.5077088001,90.7308767027593,93.758877221439107
PRI,2009,32.488,41.5,1.6528,0.1601090756724648,NA,Americas,PRI,28565.767919549002,86.6972579956055,93.7692762093964
PRI,2008,24.619,38,1.6516,0.159586071782683,NA,Americas,PRI,28976.1310520159,84.4570999145508,93.8114589079331
PRI,2007,22.291,27.86,1.6505,0.1593606337784871,NA,Americas,PRI,29347.8460041613,78.6092071533203,93.878819713548907
PRI,2006,22.504,25.4424182102582,1.7123,0.1585741969044372,NA,Americas,PRI,29519.7386759729,NA,93.9636036518786
PRI,2005,23.525,23.4000504486583,1.7702,0.1572692723186891,NA,Americas,PRI,29815.216422231,NA,94.058055748557
PRI,2004,21.447,22.1307382347014,1.7822,0.1559000050050004,NA,Americas,PRI,30375.7895758237,NA,94.1544210292187
PRI,2003,23.33,19.7070256578252,1.7624,0.154944221300536,NA,Americas,PRI,27937.8165922567,NA,94.2449445194985
PRI,2002,23.327,17.5476475654777,1.8317,0.1533981199809886,NA,Americas,PRI,27940.3826219734,NA,94.3218712450313
PRI,2001,22.803,15.6300309162012,1.9346,0.1525489804345114,NA,Americas,PRI,27722.3671872748,NA,94.3774462314518
PRI,2000,20.61,10.4746482089399,2.0485,0.152008045158933,NA,Americas,PRI,26131.9630643584,NA,94.4035182032107
QAT,2023,0.574,98.15229797,1.729,0.13540226008984,NA,Asia,QAT,65337.9507645329,38.2058906555176,99.2835325193835
QAT,2022,0.559,98.03800201,1.739,0.1297205896269893,NA,Asia,QAT,64315.6355652952,35.0854901088778,99.243997525719
QAT,2021,0.693,99.65280151,1.605,0.1288583156475765,NA,Asia,QAT,65488.5460040395,31.2813974439236,99.203408908243
QAT,2020,0.48,99.65284913,1.675,0.128887769593811,NA,Asia,QAT,57769.5836053284,23.7649212314763,99.1617913833034
QAT,2019,0.295,99.6528042086389,1.731,0.1175386651969233,NA,Asia,QAT,63430.3717285437,21.0931416049405,99.1191696672067
QAT,2018,0.309,99.6528491261175,1.756,0.1171530739432035,NA,Asia,QAT,64410.7171628721,17.4458250857575,99.0755684762244
QAT,2017,0.505,97.3888491654164,1.834,0.1172831839887626,NA,Asia,QAT,64497.6242543737,16.7774362605473,99.0310125265978
QAT,2016,0.482,95.1246621661148,1.856,0.1168818664453114,NA,Asia,QAT,67294.3517688172,14.8163562584538,98.9855265345423
QAT,2015,0.569,92.8848264535481,1.976,0.1160616779076232,NA,Asia,QAT,68985.2433380102,15.9339905308662,98.9382407681154
QAT,2014,0.737,91.48999786,2.03,0.1171803322888302,NA,Asia,QAT,71756.0265797248,17.3063613126932,98.901627838826
QAT,2013,1.109,85.3,2.032,0.1155079658221127,NA,Asia,QAT,76486.9151226864,14.8707295209095,98.8357621827901
QAT,2012,1.475,69.3,2.04,0.115085119894661,NA,Asia,QAT,80621.7554942834,12.2866942772156,98.7428010471968
QAT,2011,1.306,69,2.07,0.1148394579780261,NA,Asia,QAT,81608.4080652473,12.6008552690979,98.6300610210909
QAT,2010,1.296,69,2.137,0.1147517079216864,NA,Asia,QAT,72333.8027430124,9.64273278083432,98.5066232166665
QAT,2009,1.16,53.09999847,2.254,0.1146438186799176,NA,Asia,QAT,60781.8017337781,10.1654901504517,98.3494885340955
QAT,2008,1.01,44.29999924,2.369,0.1154041054668312,NA,Asia,QAT,61213.7206556875,11.3421602249146,98.1295193937322
QAT,2007,1.57,37,2.438,0.115508974606977,NA,Asia,QAT,61423.0131050382,11.8196697235107,97.8663125111735
QAT,2006,2.729,28.97410011,2.509,0.1149392727482951,NA,Asia,QAT,64676.3189868053,12.8355398178101,97.5827378795062
QAT,2005,2.825,24.73349953,2.635,0.1164845581419704,NA,Asia,QAT,60416.7101500199,14.7242298126221,97.3016654918171
QAT,2004,2.834,20.701647851169,2.794,0.1157535400773451,NA,Asia,QAT,59990.23422872,16.8915996551514,97.0472579559041
QAT,2003,2.794,19.242336421002,2.925,0.115832136660491,NA,Asia,QAT,52255.320560255,15.7512302398682,96.8311182064009
QAT,2002,2.728,10.2261289281118,3.011,0.1152430645568675,NA,Asia,QAT,52752.6445826427,17.2873592376709,96.6424497593905
QAT,2001,2.681,6.17026856093911,3.08,0.1166588952305221,NA,Asia,QAT,51633.898491151,18.6874694824219,96.4674307551724
QAT,2000,2.659,4.86367917875156,3.073,0.1152740975937404,NA,Asia,QAT,52234.3615212341,NA,96.2942718926638
ROU,2023,21.701,89.20335498,1.54,0.1324355648904637,98.73314983087255,Europe,ROU,12340.8170509969,55.1682891845703,52.1645747011867
ROU,2022,22.874,85.50309124,1.71,0.1245136991675664,104.28361995853,Europe,ROU,12076.3033811896,58.2390403747559,52.1634832477272
ROU,2021,21.149,83.5904265,1.81,0.1243975307444485,110.8364296606675,Europe,ROU,11546.3224998072,55.2656097412109,52.2321512130811
ROU,2020,17.584,78.45526895,1.8,0.1233535811746978,111.052075123327,Europe,ROU,10854.049431887,53.4911117553711,52.611947245178
ROU,2019,17.143,73.6574757545465,1.77,0.1129209387696645,108.521149932177,Europe,ROU,11197.3162915853,52.4439697265625,52.8931835224862
ROU,2018,16.607,70.6812779273268,1.76,0.113759709112573,110.52426130506424,Europe,ROU,10714.1701157127,51.9943504333496,53.1445711571868
ROU,2017,18.726,63.7472821822484,1.78,0.1142720786471581,108.7168408357295,Europe,ROU,10106.2269557253,50.5108184814453,53.3648643239046
ROU,2016,21.024,59.5039512852713,1.69,0.1140892441282806,105.21191576997074,Europe,ROU,9286.87678236598,49.911319732666,53.5528171972639
ROU,2015,22.029,55.7631556336233,1.62,0.1145997771716663,100.0000000000001,Europe,ROU,8977.01748158196,49.3609886169434,53.7071839518893
ROU,2014,24.364,54.0783206550943,1.56,0.1145978653366781,98.36699043840802,Europe,ROU,8661.47397274241,51.0950393676758,53.8267187624053
ROU,2013,24.017,49.7645,1.46,0.1140232351433564,101.66842113984335,Europe,ROU,8287.95844089676,51.3826103210449,53.9101758034365
ROU,2012,22.806,45.8799942529424,1.52,0.1142822369297656,103.40249944426425,Europe,ROU,8234.28553425194,54.9534912109375,53.9563092496073
ROU,2011,24.061,40.0099967810008,1.47,0.1131906693414814,113.4583362801125,Europe,ROU,8044.57194920892,66.7865829467773,53.9608874244169
ROU,2010,22.18,39.93,1.59,0.1126907315697985,134.6686627324295,Europe,ROU,7660.70667630517,75.2290267944336,53.9038227941329
ROU,2009,21.45,36.6,1.66,0.1125522864616337,159.30198708553024,Europe,ROU,7924.87058070212,81.5331497192383,53.7875150259042
ROU,2008,19.21,32.42,1.6,0.1128498815877993,NA,Europe,ROU,8318.00342795388,73.4470672607422,53.6297858153706
ROU,2007,20.641,28.3,1.45,0.1124671608985764,NA,Europe,ROU,7483.97375820611,60.2831192016602,53.4472789126416
ROU,2006,21.749,24.66,1.42,0.1129955239781004,NA,Europe,ROU,6876.77841417966,54.1389312744141,53.2566380678272
ROU,2005,20.559,21.5,1.4,0.1132422822106929,NA,Europe,ROU,6328.09022324183,45.4637298583984,53.074507031037
ROU,2004,23.164,15,1.33,0.1125174632557174,NA,Europe,ROU,6008.64048461485,41.7997398376465,52.9175295523808
ROU,2003,19.678,8.9,1.3,0.1123947607334362,NA,Europe,ROU,5410.30835796252,38.9063987731934,52.8023493819682
ROU,2002,22.688,6.58,1.27,0.1117718408958131,NA,Europe,ROU,5248.54994632668,33.7016906738281,52.7466427937759
ROU,2001,17.776,4.53866902895312,1.27,0.1119290329924028,NA,Europe,ROU,4875.30310600635,28.0544300079346,52.764808691157
ROU,2000,17.953,3.61371729139783,1.31,0.1115598711678182,NA,Europe,ROU,4569.31124324524,NA,52.8619549004535
RUS,2023,11.147,92.24496346,1.41,0.1354337497942555,154.752077054686,Europe,RUS,10562.0263671875,93.7277679443359,74.9805047873279
RUS,2022,14.388,90.41799163,1.416,0.1294571295048566,147.56112626649576,Europe,RUS,10119.0625,53.9151941239211,74.8544893625017
RUS,2021,16.144,88.21384578,1.505,0.128665864430131,127.62844524744625,Europe,RUS,10231.318359375,54.9542479280814,74.7516840220252
RUS,2020,16.986,84.99466978,1.505,0.1274774635161157,117.0772756003385,Europe,RUS,9632.3251953125,57.2232854739754,74.6932216791674
RUS,2019,15.209,82.6421618670668,1.504,0.1160269924316085,101.30467878880955,Europe,RUS,9882.0244140625,80.9520697471091,74.6222859951926
RUS,2018,16.99,80.8647218726954,1.579,0.1156573868325613,102.3383684070385,Europe,RUS,9674.787109375,81.5681115998523,74.5442926137992
RUS,2017,16.329,76.0081385339105,1.621,0.1158725677072693,99.08965383183143,Europe,RUS,9418.9140625,81.7051021681418,74.460036813029
RUS,2016,16.688,73.091434617897,1.762,0.1157938556003897,96.23793950323925,Europe,RUS,9269.3193359375,83.860044350614,74.3703138709243
RUS,2015,16.389,70.0992412263947,1.777,0.1154698005121877,100.00000000000006,Europe,RUS,9277.7138671875,84.2355651240256,74.275919065527
RUS,2014,14.053,70.5175682574413,1.75,0.1157582654784424,111.398853009162,Europe,RUS,9493.8125,84.5181387513356,74.1776476748791
RUS,2013,14.201,67.97,1.707,0.1160099278022174,116.81820273289,Europe,RUS,9601.537109375,82.8009567260742,74.0762949770228
RUS,2012,14.97,66,1.691,0.1155234564521856,115.77913697299999,Europe,RUS,9464.0107421875,80.5323453975492,73.97265625
RUS,2011,15.512,58,1.582,0.1153320722979798,113.60908939443425,Europe,RUS,9120.8203125,80.1629736412764,73.8534851074219
RUS,2010,17.177,49,1.567,0.1152463122572472,138.66536403725252,Europe,RUS,8755.1201171875,NA,73.6696307887624
RUS,2009,18.516,42.55,1.542,0.115122006701437,150.193467537798,Europe,RUS,8381.8681640625,77.8685607910156,73.5288696289062
RUS,2008,14.093,32,1.502,0.1154366448572007,174.43586479952074,Europe,RUS,9093.7001953125,77.5339736938477,73.4822463989258
RUS,2007,14.474,24.66,1.416,0.1150369182435837,166.982108369288,Europe,RUS,8640.40625,76.1305465698242,73.3856048583984
RUS,2006,16.409,18.02330017,1.305,0.1153401841170015,129.3659656615325,Europe,RUS,7949.89697265625,73.4398880004883,73.2439193725586
RUS,2005,15.531,15.22669983,1.294,0.1154639223011819,106.33081509300226,Europe,RUS,7323.38525390625,72.2228012084961,73.1613922119141
RUS,2004,17.235,12.8593889008473,1.344,0.1153934196225566,98.9924918730694,Europe,RUS,6856.67822265625,69.818717956543,73.3065795898438
RUS,2003,17.555,8.29886061553908,1.319,0.1153361328991849,88.12387704952963,Europe,RUS,6370.45361328125,69.0352096557617,73.4057388305664
RUS,2002,15.558,4.12827181796644,1.286,0.1151632852530238,79.42854627770907,Europe,RUS,5910.171875,65.0104217529297,73.2929008030615
RUS,2001,17.997,2.94436778664985,1.223,0.1145956564921001,73.15148390807617,Europe,RUS,5618.95556640625,60.3866996765137,73.22998046875
RUS,2000,20.717,1.97723010897647,1.195,0.114206565618995,NA,Europe,RUS,5323.66650390625,55.2136611938477,73.1568222045898
RWA,2023,18.172,28.80579948,3.698,0.1444269733329575,NA,Africa,RWA,1004.33216650024,8.88624308383425,28.8555310645477
RWA,2022,22.203,28.01679993,3.778,0.1355620481118742,NA,Africa,RWA,948.413686948024,7.41325884733851,27.7806702737761
RWA,2021,23.312,24.4416008,3.841,0.1353886375368396,NA,Africa,RWA,896.271033574985,NA,26.1049092762833
RWA,2020,15.947,23.8,3.913,0.129622258428724,NA,Africa,RWA,826.391307701022,7.56709586345553,24.5029761132966
RWA,2019,16.052,21.3579998,3.985,0.116553780426656,NA,Africa,RWA,874.639658935978,6.3142892660234,22.9711026997362
RWA,2018,16.264,19.16659927,4.047,0.1139314927690809,NA,Africa,RWA,817.578437300032,6.76094647714264,21.5418444579064
RWA,2017,16.732,17.2,4.084,0.1118035863929852,NA,Africa,RWA,771.069237513582,7.34488296090452,20.2477568101111
RWA,2016,16.595,14.63710022,4.106,0.1105602421031076,NA,Africa,RWA,759.606288155109,7.57807264441764,19.1213951786548
RWA,2015,16.599,12.45600033,4.108,0.1082770507225872,NA,Africa,RWA,733.998629882494,7.53124856448318,18.1953149858416
RWA,2014,16.554,10.600000380000001,4.117,0.1073372513594596,NA,Africa,RWA,690.610394944356,7.35861774339014,17.5020716539756
RWA,2013,16.42,9,4.136,0.1062015701203057,NA,Africa,RWA,666.408788783175,6.23149117030345,17.0742206053612
RWA,2012,16.251,8.023900032,4.201,0.1057139845036599,NA,Africa,RWA,651.852818665834,6.70938666027303,16.9410248882148
RWA,2011,16.289,7,4.332,0.1049957739757621,NA,Africa,RWA,614.539650123021,6.83723020553589,16.9323586881273
RWA,2010,16.096,8,4.522,0.1049119133333806,NA,Africa,RWA,583.371416419483,5.77316665562353,16.9255580310614
RWA,2009,16.017,7.7,4.707,0.1047608045366194,NA,Africa,RWA,557.397804859216,5.0719199180603,16.9206894426355
RWA,2008,15.828,4.5,4.922,0.1046559084440593,NA,Africa,RWA,538.325372065592,4.18300008773804,16.9170867063804
RWA,2007,15.831,2.115400076,5.141,0.1045798661521567,NA,Africa,RWA,497.171622130545,3.88545989990234,16.9140836058266
RWA,2006,15.772,NA,5.335,0.104607440065737,NA,Africa,RWA,474.364599463307,3.64229989051819,16.9110139245047
RWA,2005,15.995,0.555999994,5.5,0.1042086618546086,NA,Africa,RWA,446.029809636404,2.85111999511719,16.9072114459454
RWA,2004,15.779,0.43085424337006,5.64,0.1043231300921308,NA,Africa,RWA,418.780997277457,2.73148989677429,16.9020099536792
RWA,2003,15.684,0.356918467272361,5.737,0.1046833682630892,NA,Africa,RWA,400.191620648726,2.34143996238708,16.8947432312369
RWA,2002,15.368,0.292784718792575,5.816,0.1034038932042858,NA,Africa,RWA,400.270421264911,1.87186002731323,16.8778847116752
RWA,2001,15.603,0.240672409832383,5.893,0.1048097227656015,NA,Africa,RWA,358.446058691452,1.54308998584747,16.5487399668155
RWA,2000,15.439,0.0628314595107164,5.967,0.1041855252491706,NA,Africa,RWA,333.355090143084,1.12785005569458,15.7804474645996
WSM,2023,12.9,NA,3.829,0.1256401985005047,NA,Oceania,WSM,4688.4631403154,14.6106638814429,17.5012799804602
WSM,2022,13.245,NA,3.883,0.1185942147010604,NA,Oceania,WSM,4095.15868286688,18.5508413272527,17.5007949951039
WSM,2021,16.034,NA,3.94,0.11885328875826601,NA,Oceania,WSM,4032.13733959294,19.1409681560724,17.5672426452007
WSM,2020,17.834,NA,4.002,0.1159222440082924,NA,Oceania,WSM,4283.06392492734,17.3303454643177,18.0516608994722
WSM,2019,17.486,NA,4.061,0.1051112158916794,NA,Oceania,WSM,4466.08075482035,13.5792119039657,18.4147344481283
WSM,2018,18.45,NA,4.136,0.1045854443141878,NA,Oceania,WSM,4321.00518344962,14.1633542972529,18.7241267935467
WSM,2017,19.382,NA,4.196,0.1039406659552965,NA,Oceania,WSM,4393.37316255965,13.2596995097127,18.9657191879831
WSM,2016,18.605,NA,4.262,0.1032203190975275,NA,Oceania,WSM,4373.23792440391,NA,19.126462366749
WSM,2015,18.058,NA,4.344,0.1025356839881839,NA,Oceania,WSM,4084.36083819933,NA,19.2340105383551
WSM,2014,17.525,21.200000760000002,4.423,0.101744109902277,NA,Oceania,WSM,3967.23730470679,NA,19.3126679480432
WSM,2013,17.555,15.30000019,4.491,0.101073020984256,NA,Oceania,WSM,3976.39289268132,NA,19.3865949620667
WSM,2012,17.49,12.92249966,4.545,0.1004557886861069,NA,Oceania,WSM,4007.91092846814,NA,19.478718368689
WSM,2011,14.882,11,4.56,0.0998672347946178,NA,Oceania,WSM,4201.45663738908,NA,19.6174273708146
WSM,2010,14.619,7,4.52,0.0994242737499723,NA,Oceania,WSM,4081.15535978003,NA,19.8302101862085
WSM,2009,14.504,6,4.466,0.0989150308098791,NA,Oceania,WSM,3875.94291686166,NA,20.1045321482817
WSM,2008,14.198,5.031599998,4.417,0.098457762118125,NA,Oceania,WSM,3925.8743329936,NA,20.4038457706991
WSM,2007,13.836,4.75,4.358,0.0980660060351078,NA,Oceania,WSM,3818.25503804332,NA,20.6944481303605
WSM,2006,13.51,4.46917387320954,4.322,0.0976721084173473,NA,Oceania,WSM,3820.92239453139,NA,20.9567957063672
WSM,2005,13.099,3.35259211246829,4.322,0.0973155174584372,NA,Oceania,WSM,3755.78242822467,NA,21.2352904191687
WSM,2004,12.732,3.07552941044897,4.343,0.0969663732972784,NA,Oceania,WSM,3535.73813824914,NA,21.5282844040566
WSM,2003,12.249,2.79963044878076,4.392,0.0966014246177402,NA,Oceania,WSM,3444.99857743289,NA,21.7806875309864
WSM,2002,11.891,2.24483267578443,4.444,0.0963156706376548,NA,Oceania,WSM,3291.3424477268,NA,21.9431903680112
WSM,2001,11.65,1.68990283058724,4.477,0.0961171615957671,NA,Oceania,WSM,3137.46403765812,NA,21.9749895503804
WSM,2000,11.002,0.566392532680849,4.523,0.095944539757509,NA,Oceania,WSM,2945.37217923198,7.18760013580322,21.9529698020724
SMR,2023,NA,97.33640289,1.149,0.21012372031263,NA,Europe,SMR,51323.7972635865,51.1357340720222,97.1317310361655
SMR,2022,NA,97.32790375,1.136,0.1954400660131097,NA,Europe,SMR,51277.3460993917,53.7988826815642,97.1141889380465
SMR,2021,NA,81.66999817,1.125,0.1901299196247289,NA,Europe,SMR,46834.1395065822,57.6704545454545,97.1035668453272
SMR,2020,NA,77.94999695,1.113,0.1909509319634291,NA,Europe,SMR,40506.8521137898,55.0960978450786,97.0999984741211
SMR,2019,NA,67.85070038,1.096,0.165639987346868,NA,Europe,SMR,43525.4225717352,50.2355712603062,97.0999984741211
SMR,2018,NA,NA,1.077,0.1632311233898568,NA,Europe,SMR,42818.6962696679,45.421020282729,97.0999984741211
SMR,2017,NA,60.18230057,1.054,0.16209517911223079,NA,Europe,SMR,43057.7784775102,NA,97.0999984741211
SMR,2016,NA,55,1.127,0.1599063586143113,NA,Europe,SMR,43886.2146896896,NA,97.0999984741211
SMR,2015,NA,NA,1.196,0.1574064545120547,NA,Europe,SMR,43146.8240435428,NA,97.0999984741211
SMR,2014,NA,NA,1.259,0.155432195630594,NA,Europe,SMR,42492.8509160139,NA,97.0999984741211
SMR,2013,NA,NA,1.483,0.1525735306779002,NA,Europe,SMR,42293.4870685544,NA,97.0999984741211
SMR,2012,NA,NA,1.289,0.1504287164877752,NA,Europe,SMR,42082.5554467713,59.8490048043926,97.0999984741211
SMR,2011,NA,49.6,1.456,0.1480133799578289,NA,Europe,SMR,46450.0251706982,64.2955801104972,97.0999984741211
SMR,2010,NA,NA,1.459,0.1448997813212149,NA,Europe,SMR,49672.6977770842,66.4068036853295,97.074615769187
SMR,2009,NA,54.21,1.358,0.1444201936573305,NA,Europe,SMR,52873.2681862909,NA,96.8391666956869
SMR,2008,NA,54.52,1.521,0.1416662273661601,NA,Europe,SMR,61572.7435735639,65.980110168457,96.3901700249324
SMR,2007,NA,50.3648221088655,1.257,0.1405163503142583,NA,Europe,SMR,62776.9461598748,NA,95.8182890221867
SMR,2006,NA,50.2086593635889,1.242,0.1396958156808755,NA,Europe,SMR,60604.3508911242,NA,95.2084276028853
SMR,2005,NA,NA,1.198,0.1387915631208211,NA,Europe,SMR,59049.5774485922,NA,94.6454896824635
SMR,2004,NA,50.5663430420712,1.298,0.1384359500811204,NA,Europe,SMR,58393.2236678918,NA,94.2143791763566
SMR,2003,NA,50.003453038674,1.296,0.1375931716559755,NA,Europe,SMR,59090.2331058555,NA,94
SMR,2002,NA,50.8348399446985,1.432,0.1366090708649283,NA,Europe,SMR,57615.4100635074,NA,93.9488167294543
SMR,2001,NA,50.3416690898517,1.519,0.1375847221736954,NA,Europe,SMR,58173.2936031775,NA,93.9000015258789
SMR,2000,NA,48.7994953055999,1.404,0.1363628796293788,NA,Europe,SMR,55806.9219720449,59.3199005126953,93.7709762556799
STP,2023,8.54,58.70130157,3.644,0.1574805630040278,NA,Africa,STP,1380.60169416257,NA,68.6043921103568
STP,2022,8.487,58.56779861,3.695,0.1470581753798881,NA,Africa,STP,1403.23356704678,NA,68.3720919798341
STP,2021,9.089,54.94950104,3.759,0.1431839239300488,NA,Africa,STP,1428.28676097975,NA,68.1738967895508
STP,2020,9.417,51.55469894,3.827,0.1420929135114312,NA,Africa,STP,1430.84119299096,NA,68.0436706542969
STP,2019,8.403,44.25790024,3.9,0.1232260233757901,NA,Africa,STP,1420.66008316091,NA,67.9129943847656
STP,2018,8.312,37.99380112,3.977,0.1222807746116808,NA,Africa,STP,1413.84348618541,NA,67.7828826904297
STP,2017,8.388,32.61640167,4.069,0.1211428159793486,NA,Africa,STP,1375.59403284199,NA,67.6520004272461
STP,2016,10.611,28,4.203,0.1201732496573905,NA,Africa,STP,1342.533807689,NA,67.5218887329102
STP,2015,12.798,25.81999969,4.354,0.1189964005941573,NA,Africa,STP,1298.10946596396,12.8210802078247,67.3915710449219
STP,2014,14.854,24.40999985,4.485,0.1178711158603567,NA,Africa,STP,1301.32146445028,9.24396991729736,67.2606735229492
STP,2013,17.099,23,4.584,0.1169259988063587,NA,Africa,STP,1263.70423995281,NA,67.1306686401367
STP,2012,19.398,21.57239914,4.664,0.1160425650311521,NA,Africa,STP,1225.6945255615,7.83568000793457,67.0335889448132
STP,2011,20.273,20.16119957,4.718,0.1157392068465914,NA,Africa,STP,1214.96130276731,NA,66.7275977610702
STP,2010,20.841,18.75,4.769,0.1155762984283307,NA,Africa,STP,1216.3502521663,4.22901010513306,66.0572200728291
STP,2009,21.52,16.40999985,4.838,0.115716082961221,NA,Africa,STP,1225.60541902997,3.92682003974915,65.0832313370367
STP,2008,21.912,15.47999954,4.906,0.1160911615077691,NA,Africa,STP,1214.14114724792,NA,63.8690133423199
STP,2007,22.686,14.5904831987414,4.957,0.116049960847904,NA,Africa,STP,1170.51612474435,NA,62.4779478773056
STP,2006,23.474,14.18200016,4.933,0.1159961754343387,NA,Africa,STP,1157.0861446542,NA,60.9734167306206
STP,2005,23.124,13.75949955,4.939,0.1158413965818587,NA,Africa,STP,1089.14778798762,NA,59.4188016908917
STP,2004,22.477,13.3228526892178,4.962,0.1156401303986309,NA,Africa,STP,1047.05796134884,NA,57.8774845467458
STP,2003,22.718,10.1618443069961,5.013,0.1154516697029358,NA,Africa,STP,1036.86196260207,NA,56.4128470868097
STP,2002,24.254,7.580665168911,5.062,0.1150791548987226,NA,Africa,STP,982.32906557627,NA,55.0882710997103
STP,2001,21.611,6.31091788794615,5.097,0.1145372036856217,NA,Africa,STP,973.424252100436,NA,53.9612039920776
STP,2000,19.65,4.6385168164075,5.157,0.1139987526413952,NA,Africa,STP,959.938180991352,NA,52.9663437052108
SAU,2023,13.474,100,2.28,0.1711225012698853,67.98852394400838,Asia,SAU,25634.8237547841,NA,84.2962388315415
SAU,2022,15.964,100,2.14,0.1612470466099063,68.33102301236042,Asia,SAU,26706.917926066,73.7492065429688,84.1349430023993
SAU,2021,19.772,100,2.17,0.1615677333729565,70.16973641513934,Asia,SAU,24922.6716948944,74.3924865722656,83.9716349986538
SAU,2020,29.627,97.8623325,2.27,0.1619229547115278,75.75933050099107,Asia,SAU,22827.671935548,73.7510866368859,83.8064352851942
SAU,2019,25.477,95.7247355953812,2.49,0.146880232689342,75.24142007980268,Asia,SAU,24905.6697428558,77.9664942011008,83.6394643268678
SAU,2018,30.213,93.3100018480347,2.67,0.1471227469704301,76.35939257110681,Asia,SAU,24393.5188306638,73.1971736383918,83.4708425884849
SAU,2017,31.504,94.1755996113911,2.67,0.1470184434053924,85.78667336446244,Asia,SAU,23035.1199977707,70.7471342981424,83.300690534822
SAU,2016,24.275,74.8792746891625,2.65,0.1461420853197437,91.55038131604435,Asia,SAU,22783.0328538685,63.9826623355369,83.129128630626
SAU,2015,28.156,69.6162358014004,2.63,0.1451241296629276,99.99999999999997,Asia,SAU,23256.1549553531,57.0892771397236,82.9562773406163
SAU,2014,28.603,64.713657369019,2.68,0.1446491459163774,103.61527005868474,Asia,SAU,23404.7306039825,53.1803840195563,82.7822571294871
SAU,2013,26.946,60.5,2.67,0.1439881877475354,NA,Asia,SAU,23057.3494468535,43.163501739502,82.6071884619102
SAU,2012,24.843,54,2.78,0.1425440179762438,NA,Asia,SAU,23643.0358324647,36.0444107055664,82.4311918025358
SAU,2011,25.11,47.5,2.8,0.1427164335702491,NA,Asia,SAU,23314.5576023168,28.9419498443604,82.2543876159947
SAU,2010,24.738,41,2.81,0.1418820236876206,NA,Asia,SAU,21830.1424272816,29.3244802795728,82.0791668544465
SAU,2009,24.743,38,2.95,0.1416031414936876,NA,Asia,SAU,20577.5453445336,25.0353107452393,81.8644480116889
SAU,2008,23.253,36,3.074,0.1406928886505741,NA,Asia,SAU,21629.8405734551,24.4659805297852,81.6441431042994
SAU,2007,23.81,30,3.185,0.1402669854061248,NA,Asia,SAU,21196.7926036633,24.3000392913818,81.4230015549063
SAU,2006,26.457,19.4595543513634,3.176,0.1400871534087595,NA,Asia,SAU,21616.3355772516,24.5137691497803,81.2008588083072
SAU,2005,25.795,12.7050359882849,3.161,0.1394824396295755,NA,Asia,SAU,21838.1915349374,25.1983699798584,80.9775503092999
SAU,2004,25.08,10.2345329969583,3.264,0.1392903491805111,NA,Asia,SAU,21545.894988606,26.2631301879883,80.7542316538166
SAU,2003,24.438,8.00158289090878,3.465,0.1388986962175553,NA,Asia,SAU,20765.9387688082,26.6230297088623,80.5414456330177
SAU,2002,23.889,6.38470501955932,3.709,0.137573748661123,NA,Asia,SAU,20025.4319998275,25.1049709320068,80.3438134074234
SAU,2001,22.436,4.6810531658103,3.964,0.1368379047673859,NA,Asia,SAU,21193.0922894351,27.2377300262451,80.155242811133
SAU,2000,22.847,2.21069180908888,4.206,0.1365096118067646,NA,Asia,SAU,22247.8566987439,28.3759498596191,79.9704860819453
SEN,2023,3.859,59.18740082,3.818,0.1500317623955659,NA,Africa,SEN,1458.96642332589,16.0710053721835,54.6992276190794
SEN,2022,3.902,56.82830048,3.864,0.1395663861326268,NA,Africa,SEN,1433.1991875241,15.6478973478986,53.4435061024348
SEN,2021,4.661,55.04040146,3.936,0.1390129757373125,NA,Africa,SEN,1414.5395109385,14.6823561354842,52.2260292191155
SEN,2020,4.817,53.30879974,4.003,0.1360911138732232,NA,Africa,SEN,1361.79143748646,13.3136624860931,51.0562950093282
SEN,2019,4.037,43.37969971,4.1,0.1202740068899566,NA,Africa,SEN,1379.60875249861,12.60825139125,49.9443321273477
SEN,2018,4.92,35.29999924,4.294,0.1191731144963998,NA,Africa,SEN,1355.09610863712,12.4178375059947,48.9001692274485
SEN,2017,5.836,29.64310074,4.489,0.118511113093389,NA,Africa,SEN,1312.10932776049,11.3494415127099,47.9338349639053
SEN,2016,6.374,25.66480064,4.648,0.117937792158799,NA,Africa,SEN,1257.40906915928,10.8875992426245,47.0553579909929
SEN,2015,8.045,21.700000760000002,4.751,0.117199586582222,NA,Africa,SEN,1218.00613555438,10.8409366679467,46.2747669629858
SEN,2014,6.825,17.700000760000002,4.884,0.1163188486150243,NA,Africa,SEN,1180.7987108505,10.8787568632408,45.6020905341588
SEN,2013,5.654,13.100000380000001,5.049,0.1154825143388689,NA,Africa,SEN,1147.3859217191,10.5725397458545,45.0398750539456
SEN,2012,4.29,10.80000019,5.129,0.1152969487992637,NA,Africa,SEN,1154.05677992367,10.2635537254668,44.5359772452989
SEN,2011,2.978,9.800000191,5.099,0.1154139783874609,NA,Africa,SEN,1139.74447892639,10.121109956384,44.0689668509475
SEN,2010,2.937,8,5.055,0.1149269207897188,NA,Africa,SEN,1153.53431121583,7.62979751289774,43.6371785059692
SEN,2009,2.942,7.5,5.025,0.1148164149605075,NA,Africa,SEN,1142.65317233964,7.9150800704956,43.23773199459
SEN,2008,2.945,7.1199998859999996,5.024,0.1150304487038836,NA,Africa,SEN,1138.66883930214,7.75537014007568,42.867747101036
SEN,2007,2.932,6.889999866,5.018,0.1146959118473865,NA,Africa,SEN,1123.99862153285,6.1223201751709,42.524343609533
SEN,2006,2.9,5.61173865217952,5.064,0.1143485999518211,NA,Africa,SEN,1118.7830430051,5.46575021743774,42.2046413043069
SEN,2005,2.847,4.78668408310535,5.133,0.1146494032069296,NA,Africa,SEN,1119.0505307548,5.26141023635864,41.9057599695838
SEN,2004,2.91,4.38602398008563,5.192,0.1141891512635821,NA,Africa,SEN,1098.20064546027,4.75202989578247,41.6248193895895
SEN,2003,2.913,2.10143642986685,5.246,0.1142795504626703,NA,Africa,SEN,1074.38578467686,NA,41.35893934855
SEN,2002,2.938,1.00645453672323,5.301,0.1139242209952623,NA,Africa,SEN,1042.25509944289,NA,41.1081471561292
SEN,2001,2.837,0.983794058848003,5.397,0.1135108793873767,NA,Africa,SEN,1067.36886550595,NA,40.8763420163126
SEN,2000,2.811,0.403967485868965,5.498,0.1131519874347337,NA,Africa,SEN,1048.37474052363,NA,40.6667555531967
SRB,2023,24.129,85.35746686,1.62,0.1519444611839299,NA,Europe,SRB,8208.4786891507,73.2060012817383,62.1434649229738
SRB,2022,23.27,83.53825397,1.59,0.1431089266916738,NA,Europe,SRB,7862.95387364846,69.8046798706055,61.9013813540396
SRB,2021,24.498,81.16588116,1.52,0.1432851297037494,NA,Europe,SRB,7465.67601077148,69.1800231933594,61.363899230957
SRB,2020,26.608,78.36804864,1.48,0.1422846867902647,NA,Europe,SRB,6850.96742168834,68.1431121826172,61.223201751709
SRB,2019,27.495,77.4167736219802,1.52,0.1288666014273229,NA,Europe,SRB,6870.75810896296,67.7898406982422,61.0492248535156
SRB,2018,29.696,73.360709154564,1.49,0.1300159182594759,NA,Europe,SRB,6524.08029755191,67.1586608886719,60.8433609008789
SRB,2017,31.905,70.3308355269141,1.49,0.1307429250803273,NA,Europe,SRB,6200.26118592152,66.4867401123047,60.621208190918
SRB,2016,34.962,67.0568413716938,1.46,0.1303303870653859,NA,Europe,SRB,6024.95754653784,62.1369705200195,60.3853870034026
SRB,2015,43.23,65.3170254003801,1.46,0.1302150056707271,NA,Europe,SRB,5820.3215576888,58.2876892089844,60.1388092041016
SRB,2014,47.632,62.0750804639377,1.46,0.1309632210978372,NA,Europe,SRB,5716.54047153506,58.0549697875977,59.8779373168945
SRB,2013,49.464,53.450364175,1.43,0.1310544830762726,NA,Europe,SRB,5793.33614525565,56.3808784484863,59.6111068725586
SRB,2012,51.244,48.09999847,1.45,0.1305033790268945,NA,Europe,SRB,5739.3075023532,53.5000305175781,59.3468437194824
SRB,2011,51.182,42.2,1.4,0.1300144031216505,NA,Europe,SRB,5737.00120175811,51.5937690734863,59.4349187787267
SRB,2010,46.439,40.9,1.4,0.1295131296360227,NA,Europe,SRB,5690.70327182682,49.0825119018555,59.3505550689338
SRB,2009,41.391,38.1,1.44,0.127891367581927,NA,Europe,SRB,5578.0119741931,49.8496704101562,59.1643483956067
SRB,2008,35.076,35.6,1.4,0.1278362894896815,NA,Europe,SRB,5735.94772695749,48.6653785705566,58.8944613226962
SRB,2007,43.608,33.15,1.38,0.1271380302821616,NA,Europe,SRB,5431.27887426624,47.966869354248,58.5577111784378
SRB,2006,48.004,27.2,1.43,0.1264613439700403,NA,Europe,SRB,5016.41289322251,46.819580078125,58.1709152910668
SRB,2005,47.133,26.299999239999998,1.45,0.1260662865377649,NA,Europe,SRB,4809.1384076488,44.205249786377,57.7508909888183
SRB,2004,41.726,23.5,1.57,0.1257046780175708,NA,Europe,SRB,4527.43498659451,40.9337997436523,57.3144555999278
SRB,2003,35.057,NA,1.59,0.125139692329305,NA,Europe,SRB,4233.77644906089,39.6133613586426,56.8784264526306
SRB,2002,31.327,NA,1.57,0.1249057014901201,NA,Europe,SRB,4038.65251197442,35.6637191772461,56.462901503343
SRB,2001,28.656,NA,1.58,0.1245893917571057,NA,Europe,SRB,3788.98233947399,37.7618789672852,56.0482321112049
SRB,2000,28.03,NA,1.48,0.124112891909587,NA,Europe,SRB,3542.35365914848,NA,55.5923115701625
SYC,2023,NA,86.001297,2.18,0.1008880304062276,NA,Africa,SYC,16242.4365925219,14.0341370902195,45.0971081321658
SYC,2022,NA,84.83380127,2.2,0.0961231988006338,NA,Africa,SYC,15869.6738782504,13.930414075936,44.9108209981157
SYC,2021,NA,81.99530029,2.38,0.0973332964834004,NA,Africa,SYC,17005.0422063679,26.8701526144608,44.6026796065539
SYC,2020,NA,79.25170135,2.2,0.0941723892490533,NA,Africa,SYC,17048.361729788,26.934264107039,44.2936147152263
SYC,2019,NA,76.63420105,2.31,0.0869642456391803,NA,Africa,SYC,19481.6461053742,41.2970430107527,44.0049304031754
SYC,2018,NA,69.23660278,2.34,0.087091504703359,NA,Africa,SYC,18628.1862276696,38.8581314878893,43.7386669014459
SYC,2017,NA,62.55310059,2.34,0.0870906464676344,NA,Africa,SYC,17921.5731976918,42.2082018927445,43.4968644410824
SYC,2016,NA,56.51470184,2.33,0.0864916696803224,NA,Africa,SYC,16962.6753972731,25.6358902463449,43.2815632531296
SYC,2015,NA,54.25960159,2.26,0.0869411423576178,NA,Africa,SYC,15333.1051727105,16.4973007303906,43.094803568632
SYC,2014,NA,51.25469971,2.19,0.0862188865914622,NA,Africa,SYC,14395.6158118771,7.29119296649992,42.9386256186342
SYC,2013,NA,50.40000153,2.21,0.0854732875863397,NA,Africa,SYC,14050.3135581314,3.50154479917611,42.815069634181
SYC,2012,NA,47.07600021,2.32,0.0847192362394384,NA,Africa,SYC,14135.0010570653,1.55593589544111,42.7261758463169
SYC,2011,NA,43.16400146,2.3,0.0840536092360232,NA,Africa,SYC,13843.7116081878,2.91756715035505,42.6739844860866
SYC,2010,NA,41,2.13,0.0835251875319179,NA,Africa,SYC,12313.5566919249,NA,42.660307244583
SYC,2009,NA,NA,2.38,0.0830850354294862,NA,Africa,SYC,12116.3783687977,NA,42.6708881192085
SYC,2008,NA,40.44,2.33,0.0824794949694723,NA,Africa,SYC,12473.2921769121,NA,42.696637125589
SYC,2007,NA,38.38,2.24,0.0822273015960139,NA,Africa,SYC,13112.8210098816,NA,42.7361330057413
SYC,2006,NA,34.95197117065,2.11,0.0818655364127455,NA,Africa,SYC,12105.4475265558,NA,42.7880431397027
SYC,2005,NA,25.4132681462836,2.2,0.0815662106958892,NA,Africa,SYC,11297.3118190493,NA,42.8510349075107
SYC,2004,NA,24.2721392249906,2.01,0.081216626333246,NA,Africa,SYC,10412.0868936027,NA,42.9237756892027
SYC,2003,NA,14.5925043169492,2.06,0.0805426208496412,NA,Africa,SYC,10677.9692081272,NA,43.0049328648162
SYC,2002,NA,14.3041708309972,2.04,0.079997527658231593,NA,Africa,SYC,11218.2606464315,NA,43.0948464521927
SYC,2001,NA,11.0151029300174,1.98,0.079764327330826,NA,Africa,SYC,11427.9413083015,NA,43.2172985855685
SYC,2000,NA,7.39562918315276,2.08,0.0789199907451146,NA,Africa,SYC,11703.7535246117,NA,43.3974230710038
SLE,2023,3.484,23.71360016,3.791,0.1612951191348558,NA,Africa,SLE,1113.86837500697,NA,44.809324991151
SLE,2022,3.513,21.50880051,3.876,0.1521786439240395,NA,Africa,SLE,1077.08884538507,NA,44.2666343543487
SLE,2021,3.902,18.65390015,3.978,0.1477816120872729,NA,Africa,SLE,1045.7661615758,NA,43.7345385973699
SLE,2020,4.082,17.12080002,4.08,0.1491389998577235,NA,Africa,SLE,1010.25294614757,NA,43.2129659123546
SLE,2019,3.583,15.71370029,4.192,0.1317110783120466,NA,Africa,SLE,1046.96778078594,NA,42.7018444914441
SLE,2018,3.573,14.42230034,4.294,0.1303405835444646,NA,Africa,SLE,1015.6678297205,NA,42.2011025267803
SLE,2017,5.087,9.297100067,4.389,0.1284808654475875,NA,Africa,SLE,1010.54694071207,NA,41.7106682105058
SLE,2016,6.706,7.680099964,4.466,0.1294629287780845,NA,Africa,SLE,1002.77862282013,NA,41.229411538771
SLE,2015,8.135,6.344399929,4.548,0.1268163590728755,NA,Africa,SLE,964.575980888989,NA,40.7669565187099
SLE,2014,9.442,6.057300091,4.703,0.1263792803364386,NA,Africa,SLE,1032.23789355905,NA,40.3272406886245
SLE,2013,8.736,4,4.873,0.1257482924053581,NA,Africa,SLE,1146.81973456475,NA,39.8916422780075
SLE,2012,8.442,2.5,5.064,0.1239018708757781,NA,Africa,SLE,1025.04366004502,NA,39.4644094876975
SLE,2011,8.158,0.899999976,5.209,0.1240247322864978,NA,Africa,SLE,950.760763054593,NA,39.0472153491602
SLE,2010,7.802,0.579999983,5.327,0.1242836782689515,NA,Africa,SLE,902.769891411394,NA,38.6417328938613
SLE,2009,7.423,0.25999999,5.448,0.1239276989190932,NA,Africa,SLE,872.23959352481,NA,38.2496351532666
SLE,2008,6.977,0.25,5.563,0.1250840551364837,NA,Africa,SLE,882.54147817868,NA,37.8725951588418
SLE,2007,6.568,0.239800006,5.643,0.1253764632585795,NA,Africa,SLE,872.68836234614,NA,37.5122859420526
SLE,2006,6.142,0.227699995,5.737,0.1248816533898282,NA,Africa,SLE,859.824260714965,NA,37.1703805343647
SLE,2005,5.7,0.215399995,5.807,0.1246972075353452,NA,Africa,SLE,842.906030904902,NA,36.8485519672439
SLE,2004,5.111,0.203007680592588,5.919,0.1256317280021476,NA,Africa,SLE,829.759768928304,NA,36.5491283814755
SLE,2003,7.206,0.190173281668183,6.087,0.1259098552135479,NA,Africa,SLE,806.066489012144,NA,36.2690511597053
SLE,2002,7.247,0.176198956814076,6.23,0.1255137214165689,NA,Africa,SLE,766.788693742901,1.98783004283905,36.0082791496616
SLE,2001,7.661,0.160264445493032,6.305,0.1254374710341755,NA,Africa,SLE,642.036645844304,2.11300992965698,35.763651295501
SLE,2000,7.55,0.118254245682183,6.355,0.1249879559675593,NA,Africa,SLE,727.240914632596,1.67453002929688,35.5327867241975
SGP,2023,8.515,94.28518987,0.97,0.1254469540651319,NA,Asia,SGP,66167.3596303607,97.2886546863037,100
SGP,2022,7.924,95.95386476,1.04,0.1222721010756654,NA,Asia,SGP,68218.805333562,98.02222650098,100
SGP,2021,9.499,96.92468156,1.12,0.1238345960772277,NA,Asia,SGP,67731.2610711717,97.0989103061521,100
SGP,2020,10.558,92.00434653,1.1,0.120448053226969,NA,Asia,SGP,59189.70385743,93.134767179468,100
SGP,2019,7.629,88.9492526850762,1.14,0.1166293483228541,NA,Asia,SGP,61345.5291820062,91.0889904414776,100
SGP,2018,8.437,88.1656360313447,1.14,0.1162055530246437,NA,Asia,SGP,61250.3476672302,88.8864453410769,100
SGP,2017,9.338,84.4522678893074,1.16,0.1164013782739586,NA,Asia,SGP,59485.3015873921,84.7929138455372,100
SGP,2016,8.723,84.4522678893074,1.2,0.1161495109981246,NA,Asia,SGP,56986.7853102911,83.9409778236648,100
SGP,2015,8.894,79.0129570025584,1.24,0.1151448634767783,NA,Asia,SGP,55645.6068614606,NA,100
SGP,2014,8.378,79.0292358633435,1.25,0.1141540473739376,NA,Asia,SGP,54681.9336458253,NA,100
SGP,2013,8.903,80.90209961,1.19,0.113612059395344,NA,Asia,SGP,53298.9728558286,NA,100
SGP,2012,8.529,72,1.29,0.1133130126849464,NA,Asia,SGP,51679.352717333,101.99681244982,100
SGP,2011,8.868,71,1.2,0.1129577241738268,NA,Asia,SGP,50713.5326393594,95.9817452372883,100
SGP,2010,9.413,71,1.15,0.1122082358137163,NA,Asia,SGP,48752.0515441859,93.2696812803906,100
SGP,2009,12.488,69,1.22,0.1117437016553002,NA,Asia,SGP,43331.8746638962,NA,100
SGP,2008,8.809,69,1.28,0.1113792697704789,NA,Asia,SGP,44601.5799302699,NA,100
SGP,2007,8.496,69.9,1.29,0.1102750350567544,NA,Asia,SGP,46178.8139470199,NA,100
SGP,2006,8.634,59,1.28,0.1097562693819441,NA,Asia,SGP,44159.4101820552,NA,100
SGP,2005,10.38,61,1.26,0.1090726244482471,NA,Asia,SGP,41798.4880834671,NA,100
SGP,2004,10.514,62,1.26,0.1084522950011237,NA,Asia,SGP,39856.6356222613,NA,100
SGP,2003,9.847,53.8379432881911,1.27,0.1078531721857857,NA,Asia,SGP,36709.7965038255,NA,100
SGP,2002,10.767,47,1.37,0.1073207597231562,NA,Asia,SGP,34598.8267483781,NA,100
SGP,2001,7.396,41.6704251756041,1.41,0.106779547612858,NA,Asia,SGP,33597.8690808226,NA,100
SGP,2000,6.827,36,1.6,0.1061994880677448,NA,Asia,SGP,34890.0811365168,NA,100
SXM,2023,NA,NA,1.447,NA,NA,Americas,SXM,34300.9634216479,7.65284309533989,100
SXM,2022,NA,NA,1.453,NA,NA,Americas,SXM,33523.6038330075,8.259449370042,100
SXM,2021,NA,NA,1.456,NA,NA,Americas,SXM,29834.6350068383,NA,100
SXM,2020,NA,NA,1.467,NA,NA,Americas,SXM,28920.3773007159,NA,100
SXM,2019,NA,NA,1.481,NA,NA,Americas,SXM,33877.976645467,NA,100
SXM,2018,NA,NA,1.522,NA,NA,Americas,SXM,31047.7241050626,NA,100
SXM,2017,NA,NA,1.571,NA,NA,Americas,SXM,33945.4185182499,9.85608373310074,100
SXM,2016,NA,NA,1.642,NA,NA,Americas,SXM,37428.7027557069,NA,100
SXM,2015,NA,NA,1.732,NA,NA,Americas,SXM,37839.6283815163,7.93456032719836,100
SXM,2014,NA,NA,1.817,NA,NA,Americas,SXM,38623.1999405819,7.32811856731165,100
SXM,2013,NA,NA,1.894,NA,NA,Americas,SXM,38889.7715088035,NA,100
SXM,2012,NA,NA,1.959,NA,NA,Americas,SXM,39298.9873567827,7.8405017921147,100
SXM,2011,NA,NA,1.99,NA,NA,Americas,SXM,39615.1371367338,NA,100
SXM,2010,NA,NA,1.848,NA,NA,Americas,SXM,38403.0705201664,NA,100
SXM,2009,NA,NA,1.713,NA,NA,Americas,SXM,37548.9474627441,NA,100
SXM,2008,NA,NA,1.728,NA,NA,Americas,SXM,NA,NA,100
SXM,2007,NA,NA,1.572,NA,NA,Americas,SXM,NA,NA,100
SXM,2006,NA,NA,1.758,NA,NA,Americas,SXM,NA,NA,100
SXM,2005,NA,NA,1.708,NA,NA,Americas,SXM,NA,NA,100
SXM,2004,NA,NA,1.702,NA,NA,Americas,SXM,NA,NA,100
SXM,2003,NA,NA,1.742,NA,NA,Americas,SXM,NA,NA,100
SXM,2002,NA,NA,1.809,NA,NA,Americas,SXM,NA,NA,100
SXM,2001,NA,NA,1.892,NA,NA,Americas,SXM,NA,NA,100
SXM,2000,NA,NA,1.982,NA,NA,Americas,SXM,NA,NA,100
SVK,2023,19.867,87.2131343,1.49,0.1355990511405882,128.88746109360076,Europe,SVK,19383.3732009401,53.417610168457,53.190805019646
SVK,2022,19.924,89.06766196,1.57,0.1279442674366158,142.13694574029176,Europe,SVK,18964.8298400624,52.4959106445312,53.1902831072528
SVK,2021,21.211,88.92560523,1.63,0.1288760660185306,139.3664205144915,Europe,SVK,18808.4540496595,50.7342491149902,53.1901479870605
SVK,2020,19.438,89.92090413,1.59,0.1264039106963768,135.16974345865424,Europe,SVK,17763.8563847352,48.3790016174316,53.2481998906526
SVK,2019,16.12,82.8536605021784,1.57,0.1158404039136568,126.051402477061,Europe,SVK,18250.9802475637,48.1902389526367,53.3666558664583
SVK,2018,14.971,80.4489224826099,1.54,0.1168929378153082,118.18406573823525,Europe,SVK,17869.0149173679,47.8138313293457,53.4881496935559
SVK,2017,18.962,81.6256675172655,1.52,0.1161062641748424,112.08812134569774,Europe,SVK,17195.2888721963,49.1256103515625,53.6126018237016
SVK,2016,22.274,80.475857275668,1.48,0.1162696376928039,106.99850505965826,Europe,SVK,16740.7413996428,50.3014488220215,53.7399327086517
SVK,2015,26.571,77.6346820339875,1.4,0.1164659580414486,99.99999999999983,Europe,SVK,16442.0760860018,52.7206687927246,53.8700628001622
SVK,2014,26.745,79.9843017656729,1.37,0.1165198812197299,94.84989478935475,Europe,SVK,15647.6491763517,53.8843002319336,54.0029125499893
SVK,2013,33.711,77.8826,1.34,0.116475773032203,93.47302535065725,Europe,SVK,15249.8824513785,55.253978729248,54.1384024098892
SVK,2012,34.102,76.7099901181121,1.34,0.1163033793232949,93.93406394685515,Europe,SVK,15159.657042000401,57.0384407043457,54.2764528316182
SVK,2011,33.487,74.4399971746757,1.45,0.1160581181761548,99.90591524111683,Europe,SVK,14950.8735178599,57.1524887084961,54.4167387988534
SVK,2010,33.749,75.71,1.43,0.1156744515698891,105.28570399998475,Europe,SVK,14596.1477776887,58.0442390441895,54.5650740704331
SVK,2009,27.423,70,1.44,0.1152646539496326,110.4068248964915,Europe,SVK,13680.7537106597,56.7700996398926,54.7260356993483
SVK,2008,19.069,66.05,1.34,0.1148045131313476,126.66004938551075,Europe,SVK,14497.1114407172,54.1637115478516,54.895930446636
SVK,2007,20.479,61.8,1.27,0.1143784724754634,112.0596827317955,Europe,SVK,13770.9602691527,50.5563583374023,55.0707354484001
SVK,2006,26.846,56.08,1.25,0.113994998596345,89.1556757224454,Europe,SVK,12430.2015488557,45.0326881408691,55.2464278407442
SVK,2005,30.275,55.19,1.27,0.1136550417949953,80.09784807733602,Europe,SVK,11412.1593630008,40.7710609436035,55.4189847597721
SVK,2004,32.996,52.89,1.25,0.1133015362965555,NA,Europe,SVK,10718.2101858841,36.6599617004395,55.5843833415875
SVK,2003,33.408,43.04,1.2,0.1129279033356282,NA,Europe,SVK,10168.02256533,34.5505905151367,55.7386007222942
SVK,2002,37.428,40.14,1.19,0.1125904905782824,NA,Europe,SVK,9690.68468262889,32.7422409057617,55.8776140379959
SVK,2001,38.879,12.5283218484637,1.2,0.1126864992901017,NA,Europe,SVK,9277.35808851002,30.8164901733398,55.9968426739371
SVK,2000,36.611,9.42680320061637,1.3,0.112881019370503,NA,Europe,SVK,8997.21199594319,NA,56.1058893284907
SVN,2023,9.948,90.37794678,1.51,0.1546914468578939,146.601877252503,Europe,SVN,25773.9015835069,80.0806884765625,55.5378927789875
SVN,2022,10.14,88.91248552,1.55,0.145430278405299,147.19397599377726,Europe,SVN,25275.715967757,82.3922576904297,55.3377817873563
SVN,2021,12.846,89.00399524,1.64,0.1438394394100755,140.61884712228226,Europe,SVN,24665.4410464026,82.2400436401367,55.3046289429588
SVN,2020,14.179,86.60130109,1.59,0.1440777666866209,130.16131482576048,Europe,SVN,22811.8050540778,75.8166809082031,55.384391784668
SVN,2019,8.136,83.1083578026717,1.61,0.1310271075768959,124.0489473194695,Europe,SVN,23943.1800949889,76.4720077514648,55.4523277282715
SVN,2018,8.817,79.7499765956562,1.6,0.1311166124948188,117.88322991873375,Europe,SVN,23293.966665323,77.3015975952148,55.1913430955675
SVN,2017,11.24,78.8854263554775,1.62,0.1305692913082796,110.60134979070375,Europe,SVN,22397.7634988337,79.2703475952148,55.2451133728027
SVN,2016,15.243,75.4985042610791,1.58,0.1312198714628015,103.73682711384525,Europe,SVN,21309.7122138949,79.4747467041016,53.647274017334
SVN,2015,16.299,73.0986599745829,1.57,0.1301247874884618,100,Europe,SVN,20697.2748530619,82.1997833251953,53.6612160294144
SVN,2014,20.236,71.5862515855601,1.58,0.130195394505483,98.3949376875289,Europe,SVN,20228.7081986391,84.3780288696289,50.983470916748
SVN,2013,21.665,72.6756,1.55,0.1301050232174755,105.27984621323675,Europe,SVN,19704.2186005128,87.8572082519531,50.0466580754027
SVN,2012,20.649,68.3499745287825,1.58,0.1298242441212717,112.64943631597325,Europe,SVN,19894.8697964548,89.0215606689453,49.7619476318359
SVN,2011,15.764,67.3399948092396,1.56,0.1295315857272825,123.416880618225,Europe,SVN,20535.4155754108,87.1887130737305,49.9463818748723
SVN,2010,14.7,70,1.57,0.1293838117948336,122.80022882731501,Europe,SVN,20444.1201295876,90.2514877319336,50.1194862794826
SVN,2009,13.661,64,1.53,0.1293509915910964,125.20563065775525,Europe,SVN,20307.6188322273,87.96533203125,50.2439782050416
SVN,2008,10.506,58,1.53,0.1292046788899745,137.93394991330752,Europe,SVN,22175.2369557321,88.5987091064453,50.3620036820409
SVN,2007,10.127,56.74,1.38,0.1288964703049183,136.09503007493126,Europe,SVN,21485.780992381,87.2651672363281,50.4707127083144
SVN,2006,13.887,54.01,1.31,0.1288028283399961,NA,Europe,SVN,20166.5323431214,85.2738876342773,50.5672552816963
SVN,2005,15.968,46.81,1.26,0.1284190866084024,NA,Europe,SVN,19102.2776603905,81.2728118896484,50.648781400021
SVN,2004,14.1,40.81,1.25,0.1280868059025721,NA,Europe,SVN,18425.2601213581,73.348876953125,50.7124410611224
SVN,2003,15.346,31.8547930120441,1.2,0.1277690680706583,NA,Europe,SVN,17635.3608581831,69.6047668457031,50.7553842628349
SVN,2002,14.904,27.8388854180687,1.21,0.1275269220959518,NA,Europe,SVN,17099.658209132,66.6545715332031,50.7744556266555
SVN,2001,15.73,30.1759104700854,1.21,0.1273251415933434,NA,Europe,SVN,16576.7158840406,60.8455085754395,50.7597503536323
SVN,2000,16.367,15.1102595640388,1.26,0.1271122323594208,NA,Europe,SVN,16146.1216848394,NA,50.6975029797519
SLB,2023,2.927,28.67239952,3.557,0.1266492350064827,NA,Oceania,SLB,1795.88798697142,NA,30.0088821088389
SLB,2022,2.945,28.017299650000002,3.62,0.121367042208185,NA,Oceania,SLB,1788.61727922057,NA,29.3511689856806
SLB,2021,1.37,26.03790092,3.694,0.1220224938839791,NA,Oceania,SLB,1880.5519827183,NA,28.6889396820578
SLB,2020,1.486,24.1984005,3.749,0.1167569210330005,NA,Oceania,SLB,1930.65510307199,NA,28.0327555150022
SLB,2019,1.299,22.48880005,3.8,0.1066087146614159,NA,Oceania,SLB,2043.09139778307,NA,27.275106750276
SLB,2018,1.288,20.8593998,3.93,0.1060684254934524,NA,Oceania,SLB,2061.8996970669,NA,26.2946826684302
SLB,2017,1.291,15.14840031,4.06,0.1054012357199039,NA,Oceania,SLB,2075.36705302305,NA,25.3830535769599
SLB,2016,1.297,11.00090027,4.2,0.1046611055743039,NA,Oceania,SLB,2084.24845745225,NA,24.5047424399707
SLB,2015,1.297,10.00049973,4.291,0.1039536523739539,NA,Oceania,SLB,2045.47721526649,NA,23.6630502067213
SLB,2014,1.294,9,4.36,0.1030981459574506,NA,Oceania,SLB,2085.16067273086,NA,22.8612778264703
SLB,2013,1.274,8,4.325,0.1023354025501055,NA,Oceania,SLB,2136.72116177034,NA,22.1027262484765
SLB,2012,1.817,6.997399807,4.332,0.1016251108356198,NA,Oceania,SLB,2105.91423758379,NA,21.3906964219987
SLB,2011,2.373,6,4.335,0.1009710537253691,NA,Oceania,SLB,2132.02844199392,NA,20.7284892962955
SLB,2010,2.932,5,4.341,0.1004988552078252,NA,Oceania,SLB,2058.95691648883,NA,20.1194058206257
SLB,2009,3.527,4,4.349,0.0999498666669613,NA,Oceania,SLB,1930.46287614922,NA,19.5633740998673
SLB,2008,3.494,3,4.358,0.0993895021978874,NA,Oceania,SLB,1911.18969015528,NA,19.0370010521463
SLB,2007,3.458,2,4.372,0.0989654722807964,NA,Oceania,SLB,1830.23321405807,NA,18.5333445288467
SLB,2006,3.395,1.646299958,4.39,0.0991655881565028,NA,Oceania,SLB,1796.71439810674,NA,18.0540134013038
SLB,2005,3.347,0.844299972,4.411,0.0994329523938801,NA,Oceania,SLB,1755.74082446273,NA,17.6001415877737
SLB,2004,3.424,0.64967267325146,4.466,0.098455981517106,NA,Oceania,SLB,1664.57315979072,NA,17.172863006512
SLB,2003,3.544,0.555609881855115,4.539,0.0988206279722028,NA,Oceania,SLB,1573.84348435767,NA,16.7733115757749
SLB,2002,3.701,0.501919843401009,4.602,0.0991923563188694,NA,Oceania,SLB,1504.8467296693,NA,16.4026212138182
SLB,2001,3.674,0.468551963584141,4.673,0.0977679498566429,NA,Oceania,SLB,1577.65519452251,NA,16.0619258388978
SLB,2000,3.591,0.481296806114395,4.757,0.0970174415850654,NA,Oceania,SLB,1747.71796168688,NA,15.7523593692696
SOM,2023,34.091,26.12010002,6.132,0.1315297848061065,NA,Africa,SOM,464.721069525567,NA,54.0714435506882
SOM,2022,34.286,27.6,6.255,0.1240566827256784,NA,Africa,SOM,460.046226685196,NA,53.5010115886789
SOM,2021,35.287,23.87479973,6.353,0.1252019794756269,NA,Africa,SOM,461.627830725978,NA,52.9060649733324
SOM,2020,35.91,15.02369976,6.453,0.1218846130620281,NA,Africa,SOM,462.867053737236,NA,52.286318011754
SOM,2019,33.844,2.731400013,6.56,0.1086565458873219,NA,Africa,SOM,494.444039712339,NA,51.6421170703225
SOM,2018,33.602,NA,6.662,0.1082328500933544,NA,Africa,SOM,498.981065013872,NA,50.9506215336872
SOM,2017,33.201,NA,6.766,0.1077899248423637,NA,Africa,SOM,506.501098879459,NA,48.3639630032265
SOM,2016,33.467,1.879999995,6.878,0.1076055024102274,NA,Africa,SOM,458.921476824605,NA,45.942842729174
SOM,2015,33.352,1.75999999,6.975,0.107667345146363,NA,Africa,SOM,445.583080073396,NA,43.8618107408479
SOM,2014,33.548,1.629999995,7.061,0.1078756015788,NA,Africa,SOM,417.516796906395,NA,42.3515167236328
SOM,2013,33.655,1.5,7.14,0.1079367847549784,NA,Africa,SOM,397.108796344858,NA,41.2593474250273
SOM,2012,33.826,1.376700044,7.211,0.1079932099928159,NA,Africa,SOM,369.617204753385,NA,40.2722730087349
SOM,2011,33.743,1.25,7.268,0.1079852710095145,NA,Africa,SOM,349.577449077722,NA,39.380318284448
SOM,2010,33.644,NA,7.322,0.1080848674546392,NA,Africa,SOM,329.970504936941,NA,38.5735080618592
SOM,2009,33.607,1.160599947,7.376,0.1081132301850883,NA,Africa,SOM,317.03818481457,NA,37.8418671506609
SOM,2008,33.59,1.142699957,7.415,0.1079788462850201,NA,Africa,SOM,304.741448811117,NA,37.1754203605454
SOM,2007,33.56,1.122200012,7.457,0.1080687702022897,NA,Africa,SOM,294.210404466634,NA,36.5641925012053
SOM,2006,33.615,1.100200057,7.49,0.1079691701538947,NA,Africa,SOM,284.470789865234,NA,35.9982083823331
SOM,2005,33.603,1.077299953,7.527,0.1074934121018677,NA,Africa,SOM,275.457040798093,NA,35.4674928136211
SOM,2004,33.616,1.05345474358422,7.568,0.1081655807787157,NA,Africa,SOM,266.257271856641,NA,34.9620706047618
SOM,2003,33.646,0.376198002539086,7.603,0.1073665951302051,NA,Africa,SOM,257.910337235986,NA,34.4719665654476
SOM,2002,33.7,0.115614213354469,7.626,0.1076063872157902,NA,Africa,SOM,248.636454000766,NA,33.9872055053711
SOM,2001,33.758,0.0790391786670095,7.636,0.1080452532449362,NA,Africa,SOM,239.83907408804,NA,33.5128183866634
SOM,2000,33.829,0.02,7.645,0.1076706721910765,NA,Africa,SOM,233.032393086265,NA,33.0596136927225
ZAF,2023,60.259,78.33670044,2.216,0.1474192532341893,91.48576922185005,Africa,ZAF,5756.55049453121,23.493768799339,63.5823705163545
ZAF,2022,61.676,78.29319763,2.227,0.1363135905684546,96.12291300653067,Africa,ZAF,5786.86505344736,23.7271036201865,63.4766699210327
ZAF,2021,65.451,74.96859741,2.248,0.13607354825223059,98.87963794263001,Africa,ZAF,5750.90937479584,22.3431289991291,63.4503925883909
ZAF,2020,59.607,72.1128006,2.257,0.1333900811151084,96.23078212850825,Africa,ZAF,5569.58483319272,22.6148742572009,63.4373088310982
ZAF,2019,57.317,69.69689941,2.264,0.1165793721920801,96.79893981157265,Africa,ZAF,6032.82972598668,22.2442465104023,63.4127255007908
ZAF,2018,53.634,62.40000153,2.27,0.1157510993408622,97.97979680742887,Africa,ZAF,6117.2701406047,22.3515425184231,63.3771545246841
ZAF,2017,53.396,56.16740036,2.283,0.1150404257825634,98.40214463830615,Africa,ZAF,6125.6920507497,21.0902909603212,63.3311078299936
ZAF,2016,53.452,54,2.261,0.1145283606582754,98.70297611653746,Africa,ZAF,6095.295060428,18.9292980324153,63.2750973439347
ZAF,2015,50.115,51.91910172,2.359,0.1136034514777151,100.00000000000013,Africa,ZAF,6112.27382485974,19.0332949537661,63.2096349937231
ZAF,2014,51.194,49,2.424,0.1133899059229339,98.4521878008298,Africa,ZAF,6155.00589462516,18.4813356370067,63.1352327065742
ZAF,2013,51.205,46.5,2.428,0.1125335810751755,96.95086801940603,Africa,ZAF,6170.87670863373,18.6088225305342,63.0524024097034
ZAF,2012,51.322,41,2.447,0.1122944045900844,96.64843019925107,Africa,ZAF,6121.55783860713,17.9447234835981,62.9616560303263
ZAF,2011,49.745,33.97,2.436,0.1122171111808759,98.0044416296371,Africa,ZAF,6067.12482726885,NA,62.850627754452
ZAF,2010,50.451,24,2.445,0.112004920003663,99.89177515449171,Africa,ZAF,5953.94506512821,NA,62.6299120560569
ZAF,2009,47.473,10,2.501,0.1121208984639482,99.55059751060948,Africa,ZAF,5847.05811084505,NA,62.2592839131287
ZAF,2008,44.577,8.43,2.679,0.1119934405760997,109.4597723944965,Africa,ZAF,6009.71963138635,NA,61.7692983894896
ZAF,2007,44.044,8.06537517355504,2.545,0.1119494610206918,120.58533685193726,Africa,ZAF,5891.42069421698,NA,61.1840533154988
ZAF,2006,43.868,7.60713967477381,2.548,0.1118589907073024,112.60643071608875,Africa,ZAF,5650.9883176549,NA,60.5276465215157
ZAF,2005,43.93,7.48854252992921,2.512,0.1116431032478369,99.25371842010995,Africa,ZAF,5406.07581377638,NA,59.8241758378997
ZAF,2004,43.863,8.4251186825406,2.436,0.1118661788111251,80.73504406516388,Africa,ZAF,5187.35683424034,NA,59.0977390950102
ZAF,2003,43.796,7.00769172611251,2.358,0.1117665195365649,64.81124683780098,Africa,ZAF,5011.62223150169,NA,58.3724341232066
ZAF,2002,43.35,6.71032243705404,2.324,0.1117434074033419,57.085856435793474,Africa,ZAF,4916.81498068625,NA,57.6723587528482
ZAF,2001,43.21,6.34661931839768,2.373,0.1116047070046508,54.6672340175775,Africa,ZAF,4786.482450463,NA,57.0014339378269
ZAF,2000,43.185,5.34855973203537,2.413,0.1116245707267143,55.500504991987896,Africa,ZAF,4700.87555500704,NA,56.2589954883628
SSD,2023,18.524,NA,3.864,0.1546506947523089,NA,Africa,SSD,NA,NA,21.0737755279692
SSD,2022,18.717,NA,3.964,0.1457401907060193,NA,Africa,SSD,NA,NA,20.7752121046616
SSD,2021,20.797,NA,4.047,0.1436537867669299,NA,Africa,SSD,NA,NA,20.4811115270532
SSD,2020,21.846,NA,4.16,0.1429802805369861,NA,Africa,SSD,NA,NA,20.1914565476286
SSD,2019,19.263,6.671000004,4.26,0.1276380557679933,NA,Africa,SSD,NA,NA,19.9062299188719
SSD,2018,19.555,4.800000191,4.37,0.1267175412647015,NA,Africa,SSD,NA,NA,19.6254143932663
SSD,2017,19.849,4.1,4.483,0.1256762211171478,NA,Africa,SSD,NA,NA,19.3489927232944
SSD,2016,19.847,3.5,4.579,0.124567408084868,NA,Africa,SSD,NA,NA,19.0769476614377
SSD,2015,19.419,3,4.695,0.1230832899783693,NA,Africa,SSD,1080.14718624765,NA,18.8092619601773
SSD,2014,19.576,2.5999999049999998,4.818,0.1218391922958449,NA,Africa,SSD,1197.09491969479,NA,18.5459183719929
SSD,2013,19.733,2.200000048,4.939,0.1205405736647005,NA,Africa,SSD,1165.16202707495,NA,18.2868996493633
SSD,2012,19.907,1.5,5.061,0.1190016253027767,NA,Africa,SSD,1069.19619080938,NA,18.0321885447664
SSD,2011,19.605,NA,5.193,0.1174112731357126,NA,Africa,SSD,2073.23981819145,NA,17.7817678106789
SSD,2010,19.401,NA,5.318,0.1164241000697714,NA,Africa,SSD,2295.07026096006,NA,17.535620199576
SSD,2009,19.286,NA,5.446,0.1157976939119823,NA,Africa,SSD,2293.80166888543,NA,17.2937284639317
SSD,2008,19.04,NA,5.569,0.114894538312432,NA,Africa,SSD,2289.18415375563,NA,17.0301141193955
SSD,2007,18.922,NA,5.704,0.1147484569540769,NA,Africa,SSD,NA,NA,16.9986889512954
SSD,2006,18.844,NA,5.853,0.1148640018013055,NA,Africa,SSD,NA,NA,16.9509881842643
SSD,2005,18.76,NA,6.022,0.1146962949566794,NA,Africa,SSD,NA,NA,16.8695760318857
SSD,2004,18.67,NA,6.19,0.1147589224868952,NA,Africa,SSD,NA,NA,16.7569099090725
SSD,2003,18.553,NA,6.353,0.1149780705357796,NA,Africa,SSD,NA,NA,16.6154472307377
SSD,2002,18.446,NA,6.515,0.1150583205482837,NA,Africa,SSD,NA,NA,16.447645411794
SSD,2001,18.401,NA,6.654,0.1151427794409316,NA,Africa,SSD,NA,NA,16.2559618671544
SSD,2000,18.355,NA,6.803,0.1153159795942882,NA,Africa,SSD,NA,NA,16.0428540117317
ESP,2023,28.747,95.44564516,1.12,0.2018305284205612,123.5978868592505,Europe,ESP,28558.6319817501,93.7303466796875,80.128491001856
ESP,2022,29.713,94.4855432,1.16,0.1902182204958349,124.92903209541625,Europe,ESP,28203.1093419474,95.0271606445312,79.9548794567814
ESP,2021,34.999,93.89752157,1.18,0.1888031513105316,124.01217246869275,Europe,ESP,26705.3629138959,95.3768997192383,79.7846242983598
ESP,2020,38.312,93.20564892,1.18,0.1880072293668973,122.256531782889,Europe,ESP,25077.019882928,91.59912109375,79.6955674617799
ESP,2019,32.555,90.718665325267,1.23,0.1695561636794069,119.643245693051,Europe,ESP,28301.4393949563,91.5387725830078,79.6349761108307
ESP,2018,34.362,86.107235525659,1.26,0.1682153837479597,114.96625532742375,Europe,ESP,27956.7225466484,92.5194931030273,79.5580057813361
ESP,2017,38.594,84.6022457016524,1.31,0.1672926524948117,109.23393924775175,Europe,ESP,27426.281015093,92.070182800293,79.4663233085683
ESP,2016,44.445,80.5613329432179,1.33,0.1644411368764579,104.41964524351025,Europe,ESP,26719.2442268615,89.810791015625,79.3615955277997
ESP,2015,48.353,78.6896318703515,1.33,0.1629954751447168,99.99999999999997,Europe,ESP,25982.4416197775,88.5305328369141,79.2454892743023
ESP,2014,53.169,76.1867089778712,1.32,0.1615753734857808,96.46732961002132,Europe,ESP,24947.8512505913,87.9358520507812,79.1196713833488
ESP,2013,55.444,71.635,1.27,0.1601366883615104,96.2901261416492,Europe,ESP,24498.5559507945,85.1826324462891,78.9858086902112
ESP,2012,52.829,69.8099999420024,1.32,0.1587482146247855,106.990967610861,Europe,ESP,24763.568274484,82.89208984375,78.8455680301618
ESP,2011,46.158,67.0899993926581,1.34,0.1566799081438896,128.082757227371,Europe,ESP,25510.5579678829,80.7240905761719,78.695397956495
ESP,2010,41.453,65.8,1.37,0.155115066582382,141.9105648796625,Europe,ESP,25766.2515825743,76.3829116821289,78.5138156234888
ESP,2009,37.71,62.4,1.38,0.1533624044218654,147.274167902929,Europe,ESP,25860.8142592652,71.4311676025391,78.2919921861701
ESP,2008,24.443,59.6,1.45,0.1515478346970676,156.18870218824827,Europe,ESP,27112.526293889,69.4019393920898,78.0421438998777
ESP,2007,18.087,55.11,1.38,0.1496382857473684,164.109686076283,Europe,ESP,27338.79541774,69.2297668457031,77.7738937890987
ESP,2006,17.886,50.37,1.36,0.149186511706243,154.4338558225,Europe,ESP,26899.0921497113,68.9646224975586,77.4968648783202
ESP,2005,19.642,47.88,1.33,0.1480554937706642,140.6831128669285,Europe,ESP,26294.447384391,68.1358337402344,77.2206801920294
ESP,2004,22.48,44.01,1.31,0.1474265176588433,126.82137705224,Europe,ESP,25825.3106463315,67.4735717773438,76.9549627547133
ESP,2003,22.328,39.93,1.3,0.1460283278828406,110.9264117857355,Europe,ESP,25481.1653690112,65.5322113037109,76.709335590859
ESP,2002,21.544,20.39,1.25,0.1448800839242416,95.42574157177225,Europe,ESP,25205.3154769045,63.7400817871094,76.4934217249538
ESP,2001,20.72,18.1487226902932,1.23,0.1441104215377585,83.81121527028277,Europe,ESP,24878.3784543991,61.0042190551758,76.3156889510385
ESP,2000,25.258,13.6249608089899,1.22,0.1434837050901248,79.26572886981441,Europe,ESP,24106.8818529374,NA,76.1650552349602
LKA,2023,20.342,51.2,1.974,0.1053380203330845,NA,Asia,LKA,3964.91987394354,20.7412633848006,20.1455348442463
LKA,2022,21.732,48.3,1.984,0.1021470413017772,NA,Asia,LKA,4033.14561476298,22.3679922774735,19.9877933196367
LKA,2021,25.371,44.45308724,1.995,0.103056706728591,NA,Asia,LKA,4357.97225779491,20.7824292013914,19.8266275195269
LKA,2020,25.449,36.18473435,2.007,0.0990974413935236,NA,Asia,LKA,4227.23315306594,20.1614879343022,19.6621898312161
LKA,2019,20.425,32.02090073,2.022,0.0937827278357374,NA,Asia,LKA,4455.78189608267,19.4563160693078,19.4946326418437
LKA,2018,20.496,28.33620071,2.033,0.0929627429277366,NA,Asia,LKA,4493.03575444544,17.8869756778112,19.3241083384127
LKA,2017,17.391,25.07550049,2.044,0.0920995993686266,NA,Asia,LKA,4436.00789945768,17.1941300290821,19.1507693078088
LKA,2016,20.07,22.19,2.062,0.0914547979886962,NA,Asia,LKA,4214.74117992085,17.1510485178135,18.9747679368162
LKA,2015,19.231,15.26249981,2.09,0.0912961270502323,NA,Asia,LKA,4057.7158346231,18.1726459197686,18.796256612131
LKA,2014,18.781,10.5000026214106,2.134,0.090711150720001,NA,Asia,LKA,3929.92062032185,17.8701919678234,18.6153877203724
LKA,2013,17.939,10.04440022,2.178,0.0902698550500798,NA,Asia,LKA,3728.93586647848,17.7655041707891,18.4323136480916
LKA,2012,16.795,9.00039959,2.173,0.0898016686069521,NA,Asia,LKA,3484.79049033884,16.322805343317,18.2617686748284
LKA,2011,16.758,7.956399918,2.144,0.0893954727888006,NA,Asia,LKA,3232.37350382301,14.6727189156336,17.7881192817964
LKA,2010,18.684,6.912399769,2.134,0.0891579816332511,NA,Asia,LKA,2993.01411511147,15.8440563450578,17.2486209380693
LKA,2009,21.155,5.868500233,2.179,0.0887659827403964,NA,Asia,LKA,2787.27350976338,NA,16.7428136405592
LKA,2008,18.731,4.824500084,2.232,0.0879975252253989,NA,Asia,LKA,2708.58594222506,NA,16.2762363395441
LKA,2007,21.467,3.88,2.295,0.087187265216822,NA,Asia,LKA,2573.54362192705,NA,15.8544279853018
LKA,2006,22.121,2.53756612897332,2.292,0.086484578293795,NA,Asia,LKA,2426.34873273046,NA,15.4829275281105
LKA,2005,27.701,1.792000055,2.263,0.0857601142206804,NA,Asia,LKA,2268.6880127005,NA,15.167273918248
LKA,2004,28.302,1.44615998041486,2.271,0.085557428280578,NA,Asia,LKA,2149.10628588002,NA,14.9130061059922
LKA,2003,27.586,1.45858022842408,2.301,0.0853819018161188,NA,Asia,LKA,2052.03045078787,NA,14.7256630416211
LKA,2002,28.545,1.05042270585318,2.31,0.0848911868795608,NA,Asia,LKA,1951.22522777045,NA,14.6107836754127
LKA,2001,25.007,0.793821864362622,2.283,0.0850263272165259,NA,Asia,LKA,1896.48251734068,NA,14.5739539539707
LKA,2000,23.791,0.647410010940963,2.213,0.0849213696937939,NA,Asia,LKA,1956.93310381072,NA,14.6196895000898
KNA,2023,NA,76.58950043,1.505,0.1724838958364693,NA,Americas,KNA,21664.0333984701,NA,31.7007809622822
KNA,2022,NA,75.76229858,1.512,0.1643190702081405,NA,Americas,KNA,21050.758653729,NA,31.6156404983167
KNA,2021,NA,74.37159729,1.531,0.1647226561873635,NA,Americas,KNA,19031.8211910603,NA,31.5393525093972
KNA,2020,NA,70.27529907,1.55,0.1619383164992198,NA,Americas,KNA,18918.8263456611,NA,31.4716289738952
KNA,2019,NA,69.43499756,1.568,0.1493813245712076,NA,Americas,KNA,22297.7644995701,NA,31.4121818392285
KNA,2018,NA,68.60479736,1.587,0.1495018214268205,NA,Americas,KNA,21635.4972146482,NA,31.3607229995076
KNA,2017,NA,67.78440094,1.61,0.1493608720456826,NA,Americas,KNA,21191.6047083703,NA,31.3169642505921
KNA,2016,NA,66.97389984,1.633,0.1488751261563383,NA,Americas,KNA,21133.6575914414,NA,31.2806171906169
KNA,2015,NA,66.17310333,1.643,0.148201283484947,NA,Americas,KNA,20328.8003530109,93.92236328125,31.2513929695583
KNA,2014,NA,65.38179779,1.665,0.1475026706784169,NA,Americas,KNA,20187.8061975481,90.9599990844727,31.2290015317909
KNA,2013,NA,64.59999847,1.682,0.147084477630484,NA,Americas,KNA,18773.8926898397,NA,31.2131485582887
KNA,2012,NA,64,1.713,0.1466761077518434,NA,Americas,KNA,17770.4963640576,NA,31.2035138804223
KNA,2011,NA,63.20000076,1.74,0.1460134749824491,NA,Americas,KNA,17958.6813977053,NA,31.2000648379646
KNA,2010,NA,63,1.762,0.1457909389038715,NA,Americas,KNA,17688.0690103409,NA,31.3056125693165
KNA,2009,NA,55.70000076,1.8,0.1456905395683218,NA,Americas,KNA,17671.2547069735,NA,31.4311032932653
KNA,2008,NA,49.20000076,1.833,0.1454418119640779,NA,Americas,KNA,18325.7612670282,19.8842601776123,31.5615339709202
KNA,2007,NA,43.5,1.871,0.1451738653795562,NA,Americas,KNA,16508.1437081315,NA,31.6967077874804
KNA,2006,NA,38.5,1.902,0.1448504996569183,NA,Americas,KNA,16457.8622372067,NA,31.8364279281447
KNA,2005,NA,34,1.931,0.1444749149346601,NA,Americas,KNA,16000.5658929826,NA,31.9804975781124
KNA,2004,NA,24.7376775443732,1.964,0.1440054801004275,NA,Americas,KNA,14619.795111247,NA,32.1287199225823
KNA,2003,NA,22.9697842928439,2.004,0.1435148661981673,NA,Americas,KNA,14100.3067967234,NA,32.2808981467536
KNA,2002,NA,21.152381758186,2.038,0.1429445171418399,NA,Americas,KNA,14727.3908829316,NA,32.4368354358251
KNA,2001,NA,7.71472655580319,2.082,0.14227714722117701,NA,Americas,KNA,14610.9099610508,NA,32.5960599951138
KNA,2000,NA,5.86281024037522,2.126,0.1416398194846203,NA,Americas,KNA,14039.0281125333,NA,32.764294564989
LCA,2023,30.261,67.44390106,1.379,0.1720876445170084,NA,Americas,LCA,11440.0829538276,15.0396404266357,29.0976313248036
LCA,2022,30.854,66.95159912,1.387,0.1631579011377854,NA,Americas,LCA,11224.2899455738,16.1808795928955,29.097678526676
LCA,2021,45.012,63.06330109,1.399,0.1642824811319235,NA,Americas,LCA,9336.92127417129,NA,27.4443458949551
LCA,2020,51.641,62.06399918,1.411,0.160086342432136,NA,Americas,LCA,8379.27495097388,16.8199691772461,25.7524386560998
LCA,2019,35.883,61.08050156,1.424,0.1475242389160504,NA,Americas,LCA,11114.7785940338,15.9467096328735,24.2476974658382
LCA,2018,41.613,60.11259842,1.436,0.1476921970102842,NA,Americas,LCA,11233.8883578457,14.6563596725464,22.9261241055144
LCA,2017,44.995,59.16009903,1.448,0.1476150237830668,NA,Americas,LCA,10960.4843512477,20.7471294403076,21.783720356472
LCA,2016,45.88,58.22259903,1.461,0.1472021475717317,NA,Americas,LCA,10644.1612913407,19.7992000579834,20.8164880000551
LCA,2015,46.991,57.26330185,1.473,0.1465519516469921,NA,Americas,LCA,10334.9860823918,17.0301094055176,20.0204288176073
LCA,2014,47.855,53.17969894,1.485,0.1458840612178123,NA,Americas,LCA,10369.9382566513,17.0831794738769,19.3915445904726
LCA,2013,48.479,49.3871994,1.5,0.1455092466992424,NA,Americas,LCA,10279.4155096001,14.0192003250122,18.9258370999948
LCA,2012,40.816,45.865,1.5,0.1451366313683883,NA,Americas,LCA,10517.2777635533,10.2734699249268,18.6193081275177
LCA,2011,39.547,34,1.5,0.1445094593978129,NA,Americas,LCA,10576.8979743596,16.2693996429443,18.4743479557314
LCA,2010,35.32,32.5,1.673,0.1442924279560812,NA,Americas,LCA,10191.3146827694,12.4684000015259,18.5125070971313
LCA,2009,31.099,31,1.735,0.1442221222288092,NA,Americas,LCA,10219.8024011561,17.469539642334,18.9805947108213
LCA,2008,25.057,30,1.7,0.1440028022280619,NA,Americas,LCA,10583.4310172598,15.7249202728272,19.8192937163625
LCA,2007,26.593,27.89999962,1.7,0.1437488391086398,NA,Americas,LCA,10147.4432459936,8.46230983734131,20.9268897953144
LCA,2006,29.876,24.5,1.765,0.1434164433770014,NA,Americas,LCA,10045.6504032593,9.52157974243164,22.2016686292365
LCA,2005,34.366,21.5675829464215,1.807,0.1430579787140835,NA,Americas,LCA,9527.58469430542,12.7918500900269,23.5419158996884
LCA,2004,38.053,21.395212362765,1.863,0.142613722916743,NA,Americas,LCA,9637.37801390276,13.3422899246216,24.8459172882296
LCA,2003,36.811,20.9824734633424,1.939,0.1430085103928781,NA,Americas,LCA,9054.06778374517,NA,26.0119584764195
LCA,2002,33.507,14.6418357746777,2.032,0.1424858424640056,NA,Americas,LCA,8755.45939353129,NA,26.9383251458178
LCA,2001,30.503,8.18186395448366,2.125,0.1410325034759689,NA,Americas,LCA,8795.54582090658,NA,27.5160334778671
LCA,2000,27.186,5.09048334139327,2.207,0.1422335316779717,NA,Americas,LCA,9198.93894352203,NA,27.8532282391838
MAF,2023,NA,NA,2.718,NA,NA,Americas,MAF,NA,NA,100
MAF,2022,NA,NA,2.763,NA,NA,Americas,MAF,NA,NA,100
MAF,2021,NA,NA,2.804,NA,NA,Americas,MAF,NA,NA,100
MAF,2020,NA,NA,2.829,NA,NA,Americas,MAF,NA,NA,100
MAF,2019,NA,NA,2.791,NA,NA,Americas,MAF,NA,NA,100
MAF,2018,NA,NA,2.725,NA,NA,Americas,MAF,NA,NA,100
MAF,2017,NA,NA,2.657,NA,NA,Americas,MAF,NA,NA,100
MAF,2016,NA,NA,2.643,NA,NA,Americas,MAF,NA,NA,100
MAF,2015,NA,NA,2.665,NA,NA,Americas,MAF,NA,NA,100
MAF,2014,NA,NA,2.707,NA,NA,Americas,MAF,NA,NA,100
MAF,2013,NA,NA,2.719,NA,NA,Americas,MAF,NA,NA,100
MAF,2012,NA,NA,2.773,NA,NA,Americas,MAF,NA,NA,100
MAF,2011,NA,NA,2.424,NA,NA,Americas,MAF,NA,NA,100
MAF,2010,NA,NA,2.4,NA,NA,Americas,MAF,NA,NA,100
MAF,2009,NA,NA,2.464,NA,NA,Americas,MAF,NA,NA,100
MAF,2008,NA,NA,2.55,NA,NA,Americas,MAF,NA,NA,100
MAF,2007,NA,NA,2.633,NA,NA,Americas,MAF,NA,NA,100
MAF,2006,NA,NA,2.711,NA,NA,Americas,MAF,NA,NA,100
MAF,2005,NA,NA,2.779,NA,NA,Americas,MAF,NA,NA,100
MAF,2004,NA,NA,2.827,NA,NA,Americas,MAF,NA,NA,100
MAF,2003,NA,NA,2.872,NA,NA,Americas,MAF,NA,NA,100
MAF,2002,NA,NA,2.896,NA,NA,Americas,MAF,NA,NA,100
MAF,2001,NA,NA,2.897,NA,NA,Americas,MAF,NA,NA,100
MAF,2000,NA,NA,2.876,NA,NA,Americas,MAF,NA,NA,100
VCT,2023,42.333,75.53679657,1.775,0.1663790557700384,NA,Americas,VCT,9051.35208011007,NA,47.7169922340041
VCT,2022,43.995,74.75479889,1.791,0.1597542275061052,NA,Americas,VCT,8532.7381341339,41.4983277591973,47.585897833353
VCT,2021,46.04,68.83339691,1.808,0.1599867485798417,NA,Americas,VCT,8211.33588012942,35.7032258064516,47.4554100739049
VCT,2020,47.708,63.38100052,1.83,0.1570375042983446,NA,Americas,VCT,7989.74651933597,33.6692278624512,47.325517185843204
VCT,2019,43.587,59.57630157,1.864,0.1465627142339374,NA,Americas,VCT,8294.67434486665,29.6853960093035,47.1962073993512
VCT,2018,42.737,56,1.9,0.1467020174847975,NA,Americas,VCT,8179.99598957084,26.0140359224456,47.0674689446123
VCT,2017,42.39,53.70000076,1.94,0.1465738142275712,NA,Americas,VCT,7872.92690537077,25.7215423689679,46.9392900518098
VCT,2016,42.09,51.5,2.055,0.1461347664626105,NA,Americas,VCT,7702.8942635647,23.6683079677708,46.8116589511271
VCT,2015,42.029,49.40000153,2.133,0.1454696772009766,NA,Americas,VCT,7353.73556054184,23.6186294555664,46.6845638727475
VCT,2014,42.008,47.4,2.141,0.1448109956906391,NA,Americas,VCT,7116.22071347207,23.9405403137207,46.5579930468544
VCT,2013,42.024,43.5,2.106,0.1444339777868284,NA,Americas,VCT,6996.57386151332,19.7655115169122,46.4319347036311
VCT,2012,42.63,40,2.113,0.1440761940210996,NA,Americas,VCT,6790.68325958275,19.8016733808491,46.3063114823836
VCT,2011,42.742,36.70000076,2.076,0.1434671834200558,NA,Americas,VCT,6674.58198966102,20.6017072662919,46.18402928344
VCT,2010,42.427,33.70000076,2.144,0.1432643517281584,NA,Americas,VCT,6678.04200697308,13.4546976354886,46.0626395961215
VCT,2009,41.234,31,2.174,0.1431617366150314,NA,Americas,VCT,6955.82358345268,NA,45.9420760438477
VCT,2008,39.94,21,2.15,0.1429014003267443,NA,Americas,VCT,7019.9950843874,NA,45.8223405756329
VCT,2007,39.928,16,2.063,0.1426103223752962,NA,Americas,VCT,6960.17151500732,NA,45.7034351404912
VCT,2006,40.002,12,2.033,0.1422711252275749,NA,Americas,VCT,6707.27875985734,NA,45.5853616874371
VCT,2005,40.164,9.19827808234299,2.068,0.1419053357686299,NA,Americas,VCT,6244.35953746008,NA,45.4681221654846
VCT,2004,39.958,7.37116584201749,2.087,0.1414290173887344,NA,Americas,VCT,6071.94945269221,NA,45.3517185236482
VCT,2003,40.35,6.46227416659743,2.142,0.1408784815503716,NA,Americas,VCT,5816.20788359407,NA,45.236152710942
VCT,2002,41.074,5.54959487957379,2.218,0.1401791121686591,NA,Americas,VCT,5441.52648867536,NA,45.1214266763803
VCT,2001,41.581,5.09480977832946,2.3,0.1394654739900755,NA,Americas,VCT,5158.56617678847,NA,45.0076571524878
VCT,2000,40.772,3.24503741064558,2.306,0.1388246971563135,NA,Americas,VCT,5067.96739467376,NA,44.8903114926141
SDN,2023,NA,NA,4.323,0.1564286008039563,NA,Africa,SDN,677.723205566406,NA,34.7960076976764
SDN,2022,12,NA,4.384,0.148861616179433,NA,Africa,SDN,973.225280761719,NA,34.7209852053086
SDN,2021,17.406,NA,4.457,0.1478825833930429,NA,Africa,SDN,1009.54888916016,NA,34.6421563427994
SDN,2020,19.783,NA,4.542,0.1484979396154706,NA,Africa,SDN,1056.86474609375,NA,34.5594433789246
SDN,2019,19.37,NA,4.617,0.1328319985263363,NA,Africa,SDN,1126.55297851563,NA,34.4727685824236
SDN,2018,20.795,NA,4.681,0.1328495905301692,NA,Africa,SDN,1185.94445800781,NA,34.382054222005
SDN,2017,22.198,18.60000038,4.761,0.1325389757366238,NA,Africa,SDN,1261.87353515625,NA,34.2872225663509
SDN,2016,23.625,14.0999999446534,4.829,0.1325803849573737,NA,Africa,SDN,1297.15454101563,NA,34.1881958841213
SDN,2015,25.229,12,4.898,0.1324995276409125,NA,Africa,SDN,1292.37963867188,15.8645696640015,34.0914394628597
SDN,2014,27.283,NA,4.912,0.1322440382302565,NA,Africa,SDN,1307.3896484375,15.958589553833,33.762458240811704
SDN,2013,29.155,NA,4.965,0.1317909150609357,NA,Africa,SDN,1283.45922851563,16.6676292419434,33.4264777958103
SDN,2012,30.834,NA,5.031,0.1314453171775857,NA,Africa,SDN,1288.25854492188,14.8181400299072,33.1425561614901
SDN,2011,32.17,NA,5.087,0.1311933722480105,NA,Africa,SDN,1388.21813964844,14.5120697021484,32.9059760141986
SDN,2010,26.4,NA,5.141,0.1311657188723459,NA,Africa,SDN,1311.22314453125,14.8035297393799,32.7174026591513
SDN,2009,21.347,NA,5.173,0.131133128351573,NA,Africa,SDN,1301.34729003906,14.6098203659058,32.5774622972843
SDN,2008,24.119,NA,5.212,0.1316087542814968,NA,Africa,SDN,1381.62561035156,14.3921899795532,32.4816230749746
SDN,2007,24.105,8.66,5.27,0.1318239649700973,NA,Africa,SDN,1372.10961914063,13.0165500640869,32.4759528252296
SDN,2006,24.122,NA,5.332,0.1322484983568388,NA,Africa,SDN,1336.1240234375,13.3374099731445,32.4702930558327
SDN,2005,24.127,NA,5.397,0.1321582104966414,NA,Africa,SDN,1290.24438476563,11.823320388794,32.4603150404146
SDN,2004,24.125,0.791561615446385,5.455,0.1325105064379695,NA,Africa,SDN,1255.67114257813,10.5490598678589,32.4459598296403
SDN,2003,24.103,0.538471703150458,5.489,0.1324298526225216,NA,Africa,SDN,1226.42077636719,8.65738010406494,32.4271684741748
SDN,2002,24.115,0.439477639075583,5.531,0.1322496629694731,NA,Africa,SDN,1185.21533203125,9.31309986114502,32.4038820246832
SDN,2001,24.2,0.140185224494161,5.562,0.1322179494059494,NA,Africa,SDN,1150.17626953125,8.25726985931396,32.3760415318304
SDN,2000,24.27,0.0257850324762484,5.596,0.1321655881949487,NA,Africa,SDN,1111.11865234375,6.69480991363525,32.3435880462815
SUR,2023,24.982,87.4,2.249,0.1680062695303243,NA,Americas,SUR,7186.47308739957,4.93785087797966,65.7562408447266
SUR,2022,25.534,NA,2.274,0.1587962747850692,NA,Americas,SUR,7081.33357325783,5.02487384130847,65.8985443115234
SUR,2021,27.463,NA,2.295,0.1603957558966305,NA,Americas,SUR,6973.89941868115,8.45416298008342,65.9853973388672
SUR,2020,28.839,NA,2.314,0.1554047756392956,NA,Americas,SUR,7213.10766669943,5.30574712643678,66.00830078125
SUR,2019,24.661,62.03350067,2.347,0.1426773083324954,NA,Americas,SUR,8677.30522021731,5.26435130947432,66.0370492311305
SUR,2018,24.788,55.10210037,2.381,0.1425144670455686,NA,Americas,SUR,8666.64870697797,NA,66.0693060442846
SUR,2017,24.914,48.94520187,2.431,0.1420593489610362,NA,Americas,SUR,8338.69235401862,NA,66.1046467051207
SUR,2016,24.957,45.40000153,2.5,0.1415010535777038,NA,Americas,SUR,8293.31553031406,NA,66.1426466980469
SUR,2015,13.027,42.76380157,2.57,0.1410794238767901,NA,Americas,SUR,8813.61705392067,NA,66.1828815074718
SUR,2014,15.603,40.08000183,2.62,0.1409709568182665,NA,Americas,SUR,9224.24378410547,NA,66.2249266178037
SUR,2013,19.335,37.40000153,2.651,0.1409365625541144,NA,Americas,SUR,9303.46008775809,NA,66.2683575134509
SUR,2012,19.595,34.68119812,2.669,0.140802092575092,NA,Americas,SUR,9140.92898611536,NA,66.3132562693376
SUR,2011,19.21,32,2.667,0.1407212165698757,NA,Americas,SUR,9003.28597674886,NA,66.3675227342307
SUR,2010,13.452,31.59,2.688,0.1407358839126,NA,Americas,SUR,8603.90786745855,NA,66.4338443691967
SUR,2009,19.575,31.36,2.712,0.1408137346782399,NA,Americas,SUR,8276.69079768793,NA,66.5058869102882
SUR,2008,19.976,21.05999947,2.727,0.1407491101675386,NA,Americas,SUR,8129.11464659446,NA,66.5776961831642
SUR,2007,20.422,14.11,2.735,0.1405085338993519,NA,Americas,SUR,7897.25648915828,NA,66.6433180134835
SUR,2006,20.817,9.49960041,2.727,0.1401960616585495,NA,Americas,SUR,7599.35696921481,NA,66.6967982269052
SUR,2005,21.289,6.40308628759062,2.712,0.1398030221703716,NA,Americas,SUR,7261.8171350196,NA,66.7321826490881
SUR,2004,21.828,6.0760478144456,2.738,0.1393563179366551,NA,Americas,SUR,7021.98919924338,NA,66.743604713168
SUR,2003,24.14,4.71987539528956,2.839,0.1389048411656054,NA,Americas,SUR,6567.84309876847,NA,66.7404073281911
SUR,2002,26.45,4.1615687449541,2.956,0.1383834854107929,NA,Americas,SUR,6301.31731043167,11.2604503631592,66.7320549534773
SUR,2001,28.796,3.06444838873752,3.057,0.1378004492665205,NA,Americas,SUR,6255.55274185687,NA,66.718959290312
SUR,2000,31.093,2.50641105226881,3.046,0.1372369934313645,NA,Americas,SUR,6128.31602380553,NA,66.7015222141811
SWE,2023,21.941,95.70327461,1.45,0.185703245586195,104.62954994755825,Europe,SWE,53937.7967122429,81.3998184204102,88.631216160938
SWE,2022,21.597,95.00970335,1.53,0.1759845500913341,118.00127158473676,Europe,SWE,54304.1877501033,83.8976135253906,88.4038576504809
SWE,2021,24.555,94.6703163,1.67,0.1697316487375403,121.47879499232475,Europe,SWE,53997.1337068799,85.9426193237305,88.1741651958315
SWE,2020,23.891,94.53943122,1.67,0.1729021225295431,112.7474170317345,Europe,SWE,51624.5811789573,79.1196365356445,87.9424046895699
SWE,2019,20.092,94.4934434072202,1.71,0.1531880165187403,109.15834966467,Europe,SWE,53024.4099494317,75.1148529052734,87.7088420242759
SWE,2018,17.398,89.2469631588137,1.76,0.1511781278478705,108.702429580007,Europe,SWE,52203.0872589761,73.4083786010742,87.4737430925296
SWE,2017,17.873,93.0062669652127,1.78,0.1501368976406654,112.46889362543774,Europe,SWE,51894.3748177808,70.4342498779297,87.237373786911
SWE,2016,18.894,89.6509476102355,1.85,0.1469633811593136,107.289787072262,Europe,SWE,51626.3235312369,68.306037902832,87
SWE,2015,20.363,90.6101966398616,1.85,0.1462537523725655,99.99999999999997,Europe,SWE,51188.1652120493,66.4283218383789,86.6158654081858
SWE,2014,22.821,92.5236065037579,1.88,0.1431034024361667,89.33631408046855,Europe,SWE,49557.6183647959,64.9541931152344,86.2563838747314
SWE,2013,23.518,94.7836,1.89,0.1413836399522438,82.33621437004757,Europe,SWE,48928.4994141291,65.7820892333984,85.9249771259894
SWE,2012,23.608,93.1799880065108,1.91,0.1411918321724996,78.74319506808783,Europe,SWE,48789.7906883637,68.742301940918,85.6250668883122
SWE,2011,22.782,92.7699860554046,1.9,0.1374445764072543,78.12983079367456,Europe,SWE,49356.5905257047,71.9184112548828,85.3600748880524
SWE,2010,24.76,90,1.98,0.1386308991110404,77.22143272028525,Europe,SWE,48205.5492512742,73.0818328857422,85.1334228515625
SWE,2009,25.024,91,1.94,0.1366426161497839,72.46953300481005,Europe,SWE,45974.3911151254,71.0115814208984,84.9341031919813
SWE,2008,20.206,90,1.91,0.1352953140382689,71.70106276672438,Europe,SWE,48428.6587081751,71.158073425293,84.7517366727063
SWE,2007,19.26,82.01,1.88,0.1353428863941881,72.96780240177695,Europe,SWE,49262.152916545,75.3943710327148,84.5906875454778
SWE,2006,21.475,87.76,1.85,0.1337452820781574,65.6995586924002,Europe,SWE,48078.3520110084,79.3352279663086,84.4553200620359
SWE,2005,22.829,84.83,1.77,0.133168198721137,58.94313936140165,Europe,SWE,46189.6828420555,81.7390899658203,84.3499984741211
SWE,2004,18.522,83.89,1.75,0.1309184019906466,54.57229595478027,Europe,SWE,45114.6701230708,83.0349807739258,84.2670710494849
SWE,2003,14.312,79.13,1.71,0.1302951477689666,50.16888442068195,Europe,SWE,43475.3655433221,80.4902877807617,84.1954289653543
SWE,2002,12.924,70.57,1.65,0.1306104018541093,47.9731938232549,Europe,SWE,42831.7584103774,74.7414321899414,84.1342508376823
SWE,2001,11.668,51.7656649372808,1.57,0.1303603430209997,45.88265712642485,Europe,SWE,42014.4022302506,70.0115203857422,84.0827152824223
SWE,2000,9.29,45.6876522122282,1.54,0.1300342419399027,43.41233430108835,Europe,SWE,41561.7747635857,NA,84.0400009155273
CHE,2023,7.865,97.34436623,1.33,0.2005115564675803,128.28851527071726,Europe,CHE,90077.4460280731,74.0060882568359,85.1854212679815
CHE,2022,6.835,96.45279694,1.39,0.1936950195791364,128.04928018874276,Europe,CHE,90605.019427268,74.1526794433594,84.9206266284521
CHE,2021,8.315,95.56937154,1.52,0.1887155142899209,121.87219097827875,Europe,CHE,88661.2029776281,71.893928527832,84.2006477608879
CHE,2020,8.603,94.34999847,1.46,0.1915110992736967,114.371798415939,Europe,CHE,84637.0132935333,68.0676422119141,82.3416838515457
CHE,2019,7.993,93.1460869535177,1.48,0.1718397814204312,109.19225830958625,Europe,CHE,87123.6604234257,66.3093414306641,80.7792907322229
CHE,2018,7.937,91.80000305,1.52,0.1709761903527163,104.96566739720325,Europe,CHE,86756.6022327472,64.3533935546875,79.2922201625844
CHE,2017,8.059,89.6861476710225,1.52,0.1717421731040289,103.0476615412795,Europe,CHE,84967.5886498224,62.4597206115723,77.9126273688843
CHE,2016,8.579,89.1346877351392,1.54,0.1693997288998707,101.8284883698515,Europe,CHE,84611.0998672721,61.1939888000488,76.6726675773771
CHE,2015,8.815,87.4790555978675,1.54,0.1683818894192378,99.99999999999994,Europe,CHE,83806.4476003837,60.8185615539551,75.6044960143169
CHE,2014,8.597,83.6172512621702,1.54,0.1681625838774154,96.00412997206685,Europe,CHE,83394.3712888211,58.0650596618652,74.7402679059582
CHE,2013,8.743,86.34,1.52,0.1674923838104814,93.3241971682237,Europe,CHE,82479.9215677304,56.1812400817871,74.1121384785551
CHE,2012,8.327,85.2,1.52,0.1657648347075446,90.15857742104212,Europe,CHE,81964.8864937809,54.835620880127,73.7522629583622
CHE,2011,7.727,85.1930281804854,1.52,0.1663197814670348,85.16011645594583,Europe,CHE,81874.3362425008,53.1352806091309,73.65058748615
CHE,2010,8.216,83.9,1.52,0.1641033983636159,79.59651604260745,Europe,CHE,81315.4228307049,52.8040618896484,73.6086716419323
CHE,2009,8.446,81.3,1.5,0.1632747043431081,77.70023078110015,Europe,CHE,79585.5216989959,50.3034515380859,73.5741230920283
CHE,2008,7.018,79.2,1.48,0.1622993198832568,76.75178016187037,Europe,CHE,82481.0680560935,49.6888809204102,73.5482927401305
CHE,2007,7.083,77.2,1.46,0.1613977694662646,75.20916031731667,Europe,CHE,81254.1701015272,47.8155517578125,73.5283795081459
CHE,2006,7.7,75.7,1.44,0.1613916203119404,72.216274319284,Europe,CHE,78893.8078199046,46.2847785949707,73.5115823179813
CHE,2005,8.76,70.1,1.42,0.1605248038439352,69.0053854289103,Europe,CHE,76282.9840696619,45.2465286254883,73.4951000915434
CHE,2004,7.707,67.8,1.42,0.15994582065118,67.19818497079252,Europe,CHE,74718.6836260364,44.8805198669434,73.4761317507392
CHE,2003,8.494,65.1,1.39,0.1608820837875164,65.326711177113,Europe,CHE,73254.9529864219,43.0505409240723,73.4518762174754
CHE,2002,5.586,61.4,1.39,0.1573148608089149,65.16193479523555,Europe,CHE,73824.3849167809,39.9602890014648,73.4195324136588
CHE,2001,5.625,55.1,1.38,0.1589318330955469,64.92502829927602,Europe,CHE,74439.4637644735,39.2238006591797,73.3762992611964
CHE,2000,4.806,47.1,1.5,0.1560236033085033,64.66138189290766,Europe,CHE,73749.9389517966,38.1127586364746,73.302430524727
SYR,2023,32.26,NA,2.712,0.1959790159440061,NA,Asia,SYR,NA,NA,72.1673803143204
SYR,2022,31.987,NA,2.746,0.1866262845491358,NA,Asia,SYR,712.272278200037,NA,72.6124992370605
SYR,2021,34.645,NA,2.798,0.1885923297654649,NA,Asia,SYR,734.334236323426,NA,73.0125007629395
SYR,2020,36.288,NA,2.837,0.1874817046014152,NA,Asia,SYR,740.811397013438,NA,73.4125031102512
SYR,2019,32.056,NA,2.878,0.166200402820578,NA,Asia,SYR,771.518695271305,NA,73.8248788261986
SYR,2018,32.411,33.77000046,2.932,0.1664221496576368,NA,Asia,SYR,792.413811698757,NA,74.0612602381775
SYR,2017,32.888,32.70000076,2.972,0.1665189911221855,NA,Asia,SYR,795.883216970859,NA,74.5395596323392
SYR,2016,33.634,31.8696003,3.012,0.1669449209031919,NA,Asia,SYR,802.969498335502,43.7606582641602,75.15400963398
SYR,2015,34.807,29.97979927,3.067,0.1674885157000533,NA,Asia,SYR,847.731631942565,47.8358993530273,75.7529067188542
SYR,2014,35.979,28.09000015,3.117,0.1662918807971099,NA,Asia,SYR,847.659877206276,44.4609794616699,76
SYR,2013,35.447,26.200000760000002,3.165,0.1636133058402315,NA,Asia,SYR,884.329813332104,31.4127197265625,73.0620491886137
SYR,2012,33.807,24.30010033,3.221,0.1616246344987895,NA,Asia,SYR,1142.29080150598,28.8359394073486,65.0896662830335
SYR,2011,21.107,22.5,3.285,0.1598649896899664,NA,Asia,SYR,1542.71957174916,24.5282592773438,58.4817704183521
SYR,2010,20.493,20.7,3.355,0.1578587892227656,NA,Asia,SYR,1526.36894402751,24.7345008850098,55.6962002889119
SYR,2009,16.315,17.3,3.415,0.1585278217838366,NA,Asia,SYR,1484.40523742854,22.903039932251,55.0293653833552
SYR,2008,22.147,14,3.481,0.157524711453152,NA,Asia,SYR,1423.59559425951,21.8033008575439,54.5858464394493
SYR,2007,18.922,11.5,3.538,0.1585210890824286,NA,Asia,SYR,1411.6899137524,21.3354091644287,54.2883969431774
SYR,2006,17.646,7.832600117,3.562,0.1587240668107369,NA,Asia,SYR,1420.72293121298,20.8499908447266,54.059770380523
SYR,2005,18.176,5.648099899,3.605,0.1581054894629071,NA,Asia,SYR,1411.63184941498,18.2976398468018,53.8227202374695
SYR,2004,18.776,4.32159377785571,3.679,0.1575320073753513,NA,Asia,SYR,1363.61946683869,15.2420597076416,53.5
SYR,2003,19.433,3.39797261356623,3.763,0.15773382249743861,NA,Asia,SYR,1307.4814585452,13.2320003509522,53.1024010548332
SYR,2002,20.684,2.09310101861765,3.865,0.1575457314738269,NA,Asia,SYR,1249.00621359351,12.6482696533203,52.6957745699164
SYR,2001,21.982,0.353759130007247,3.976,0.1569768582908185,NA,Asia,SYR,1230.87200021533,NA,52.2854637030759
SYR,2000,18.236,0.181698580104333,4.068,0.1568336268482181,NA,Asia,SYR,1248.38488334216,NA,51.876811612138
TJK,2023,14.511,54.41550064,3.072,0.1260571423421586,NA,Asia,TJK,1407.1075436221,34.9689625947729,26.1890127571429
TJK,2022,14.479,48.91429901,3.127,0.1208409562496632,NA,Asia,TJK,1325.75545290849,37.2834392884446,26.1957126615618
TJK,2021,15.122,36.70560074,3.17,0.1205719001180422,NA,Asia,TJK,1254.06999592306,37.4220713871838,26.1991525151375
TJK,2020,15.66,27.54409981,3.211,0.1196647817916556,NA,Asia,TJK,1171.90127480359,34.6676458195911,26.1925442328719
TJK,2019,14.159,22.68630028,3.281,0.1092245193822188,NA,Asia,TJK,1148.34676712493,NA,26.1300735473633
TJK,2018,14.055,32.59999847,3.294,0.1087343516540208,NA,Asia,TJK,1094.8002018221,NA,26.2338752746582
TJK,2017,13.956,21.95999908,3.29,0.1082194155169612,NA,Asia,TJK,1042.26391757642,30.2374706268311,26.2731513977051
TJK,2016,13.854,20.46999931,3.384,0.108235727956252,NA,Asia,TJK,997.352614556708,28.5179100036621,26.3718509674072
TJK,2015,13.722,18.97999954,3.459,0.1070394292927849,NA,Asia,TJK,956.916310930656,26.0669097900391,26.478832244873
TJK,2014,13.578,17.48999977,3.459,0.1072295996428526,NA,Asia,TJK,925.970961482804,24.2260093688965,26.5633735656738
TJK,2013,13.44,16,3.433,0.1071290796627558,NA,Asia,TJK,889.882383099979,22.6164398193359,26.4883155822754
TJK,2012,13.309,14.51000023,3.421,0.1067488653633478,NA,Asia,TJK,849.519080831738,22.6923599243164,26.4102249145508
TJK,2011,13.195,13.02999973,3.456,0.1057815335861382,NA,Asia,TJK,809.368229154093,22.3199405670166,26.4792213439941
TJK,2010,13.073,11.55000019,3.457,0.1051640576742319,NA,Asia,TJK,770.604105393791,22.8308906555176,26.5274312963978
TJK,2009,12.966,10.07,3.43,0.1051279583362341,NA,Asia,TJK,739.212878526331,22.5239295959473,26.529186594207
TJK,2008,9.358,8.78,3.388,0.1035589301542706,NA,Asia,TJK,726.185491338269,22.7512302398682,26.5306015116451
TJK,2007,5.87,7.19761951797855,3.367,0.1035187384443976,NA,Asia,TJK,686.48090192413,22.2864494323731,26.5315339938424
TJK,2006,6.735,3.77240620666448,3.341,0.1030997996349244,NA,Asia,TJK,649.163328755334,21.302490234375,26.5321180842215
TJK,2005,5.812,0.298690023682825,3.398,0.1026822673932052,NA,Asia,TJK,618.333702588577,20.1519508361816,26.5324878262051
TJK,2004,5.347,0.0774799071356825,3.507,0.1020627971352063,NA,Asia,TJK,590.957111385699,19.5840606689453,26.5327772632159
TJK,2003,5.517,0.0645837771508553,3.42,0.1025425056963485,NA,Asia,TJK,546.391479808684,18.3057403564453,26.5331204386766
TJK,2002,5.713,0.0554628269910006,3.47,0.1022797270748434,NA,Asia,TJK,501.80856647117,16.9350700378418,26.5336513960096
TJK,2001,5.47,0.0512591325352927,3.49,0.1034641043369869,NA,Asia,TJK,461.681195760256,16.7238998413086,26.5345041786379
TJK,2000,6.111,0.048599594582182,3.49,0.1037048610654188,NA,Asia,TJK,429.537300984643,17.1997108459473,26.5355104669232
TZA,2023,2.339,28.43190002,4.606,0.1297706404875823,NA,Africa,TZA,1092.86413574219,5.16887784940301,35.4748019434954
TZA,2022,2.344,26.86059952,4.671,0.1224012379471941,NA,Africa,TZA,1070.58532714844,5.32159018874409,34.8234736377147
TZA,2021,2.752,22.87540054,4.734,0.1226954693510432,NA,Africa,TZA,1054.31726074219,3.59164319762461,34.3500111758619
TZA,2020,2.746,19.48139954,4.801,0.1201159190556828,NA,Africa,TZA,1041.25964355469,7.18188265775187,33.8547246036273
TZA,2019,2.657,16.59090042,4.866,0.1072952881202785,NA,Africa,TZA,1051.7666015625,2.85588898826608,33.3475258518752
TZA,2018,2.846,15.49069977,4.932,0.106608432021423,NA,Africa,TZA,1024.01525878906,4.27996511118124,32.8287423010834
TZA,2017,3.037,14.46339989,4.988,0.1060594529208132,NA,Africa,TZA,1001.55895996094,4.78205361153138,32.2987013317296
TZA,2016,3.241,13.5042328468919,5.006,0.1059513886225809,NA,Africa,TZA,970.156127929688,3.72893939925404,31.7577303242916
TZA,2015,3.443,10,5.025,0.1049710901596267,NA,Africa,TZA,939.127319335938,3.98361077132501,31.2061566592472
TZA,2014,3.693,7,5.122,0.1042072220736947,NA,Africa,TZA,913.811218261719,NA,30.6443077170742
TZA,2013,5.689,4.400000095,5.156,0.1038556766140688,NA,Africa,TZA,882.8115234375,3.67337417645482,30.0725108782502
TZA,2012,6.26,3.950000048,5.137,0.1027638727621252,NA,Africa,TZA,851.910705566406,3.96461947161333,29.4878764597911
TZA,2011,6.761,3.200000048,5.141,0.1027748578800397,NA,Africa,TZA,838.999267578125,NA,28.865726405543
TZA,2010,5.852,2.9000000950000002,5.225,0.1027257169798226,NA,Africa,TZA,801.29931640625,2.13913621753427,28.1968953939105
TZA,2009,4.841,2.4000000950000002,5.26,0.1024745930128591,NA,Africa,TZA,772.929565429688,NA,27.498387547781
TZA,2008,5.267,1.899999976,5.324,0.1027137470154605,NA,Africa,TZA,752.540466308594,NA,26.7851328989335
TZA,2007,5.632,1.6,5.403,0.1027211188043357,NA,Africa,TZA,731.52001953125,1.46310997009277,26.0720614791471
TZA,2006,6.021,1.299999952,5.511,0.1026180656353136,NA,Africa,TZA,704.502746582031,NA,25.3741033202009
TZA,2005,5.831,1.100000024,5.579,0.1029449817053762,NA,Africa,TZA,680.051208496094,1.42771995067596,24.7061884538741
TZA,2004,5.665,0.87757497099259,5.597,0.1030837744938132,NA,Africa,TZA,650.516540527344,1.21524000167847,24.0832469119457
TZA,2003,5.544,0.676962856510303,5.578,0.1027881425312805,NA,Africa,TZA,621.720703125,0.897960007190704,23.520208726194902
TZA,2002,5.451,0.222484413923909,5.57,0.103259837931071,NA,Africa,TZA,598.421569824219,0.697420001029968,23.0306918214565
TZA,2001,5.354,0.171300350668948,5.617,0.1030555588379227,NA,Africa,TZA,573.400146484375,0.662460029125214,22.5963228653037
TZA,2000,5.544,0.11719444010825,5.67,0.102985126842259,NA,Africa,TZA,555.348083496094,0.64341002702713,22.1944164040635
THA,2023,4.491,89.53525238,1.212,0.0985431230057217,NA,Asia,THA,6408.41432577294,45.4407811172674,60.9341926574707
THA,2022,5.208,87.97724503,1.221,0.0955428938590362,NA,Asia,THA,6278.7855138276,43.29484965617,59.742374420166
THA,2021,5.858,85.26956666,1.234,0.0964184037448605,NA,Asia,THA,6121.52696529713,43.4690405127808,58.5087776184082
THA,2020,5.199,77.84374066,1.259,0.0932292781231992,NA,Asia,THA,6035.18627737077,42.5900878816865,57.2358779907227
THA,2019,4.19,66.6524194587528,1.285,0.0890334630105593,NA,Asia,THA,6434.53770518034,44.9880040072053,55.9266166687012
THA,2018,4.011,56.8174809301456,1.323,0.0884816424339501,NA,Asia,THA,6314.19948412043,46.1667791174286,54.5843734741211
THA,2017,4.373,52.8919293439676,1.363,0.0879115953214185,NA,Asia,THA,6076.74307700082,47.427491541895,49.2311973571777
THA,2016,3.714,47.5049656215909,1.4,0.087327841812698,NA,Asia,THA,5857.78052935926,49.3227291503798,47.8801095551247
THA,2015,3.094,39.3161267365004,1.451,0.0866914612530649,NA,Asia,THA,5688.85335397884,45.713134717198,46.9521043776171
THA,2014,3.113,34.8860535783465,1.484,0.0862158180251057,NA,Asia,THA,5541.46599361845,49.9091820021394,46.3138799467897
THA,2013,1.231,28.94,1.526,0.0860227954986787,NA,Asia,THA,5516.61164164135,49.6879408184566,45.8321343847773
THA,2012,2.758,26.46,1.563,0.0858308756906914,NA,Asia,THA,5403.87846036273,50.7403100613359,45.373565813715
THA,2011,2.947,23.669925618731,1.571,0.0858083062013907,NA,Asia,THA,5070.23740191942,52.7332765596589,44.8048723557374
THA,2010,2.598,22.4,1.562,0.0859329925282475,NA,Asia,THA,5059.35747831657,46.3783774485726,44.0018736622496
THA,2009,5.729,20.1,1.565,0.086109279076839,NA,Asia,THA,4737.45679763314,46.2023391723633,42.9991311200422
THA,2008,4.874,18.2,1.587,0.0864120859251097,NA,Asia,THA,4805.76393990836,46.3521308898926,41.8954507430475
THA,2007,4.548,20.03,1.616,0.0868338284446738,NA,Asia,THA,4760.66708464831,47.55419921875,40.7036878697821
THA,2006,4.842,17.1607147169285,1.631,0.0870183618530495,NA,Asia,THA,4551.5250018314,44.1761817932129,39.4424037014582
THA,2005,4.809,15.0260043588909,1.644,0.0869024988867199,NA,Asia,THA,4372.25730206261,44.3367195129395,38.1301594392881
THA,2004,4.595,10.6773033237281,1.665,0.0865097969200778,NA,Asia,THA,4232.77157261934,42.1445999145508,36.785516284484
THA,2003,5.188,9.29902723805965,1.673,0.0858038734133731,NA,Asia,THA,4018.15538187068,41.1551513671875,35.4270354382579
THA,2002,5.756,7.53125033488567,1.688,0.0851474801333855,NA,Asia,THA,3783.75422073266,40.1257095336914,34.0732781018222
THA,2001,7.87,5.55632612097332,1.711,0.0846498461134448,NA,Asia,THA,3599.02524877358,38.9344787597656,32.7428054763889
THA,2000,6.816,3.68904127944164,1.734,0.0842962836431804,NA,Asia,THA,3514.71662970608,35.3038711547852,31.4626212652205
TLS,2023,3.198,NA,2.707,0.0991392895443108,NA,Asia,TLS,1279.21122757564,30.9611108169641,28.595471832952
TLS,2022,3.212,NA,2.801,0.0973023436815895,NA,Asia,TLS,1579.71085276403,NA,28.5857292288968
TLS,2021,4.791,35.04199982,2.892,0.0965393067396402,NA,Asia,TLS,2015.82035757039,NA,28.7927371734472
TLS,2020,6.786,32.01269913,3.011,0.0938572927378681,NA,Asia,TLS,1947.83992943521,NA,28.9619049897647
TLS,2019,7.968,28.00460052,3.116,0.0882726058879327,NA,Asia,TLS,1507.24743550088,NA,29.1148755245217
TLS,2018,9.775,27.60000038,3.244,0.0883178121592659,NA,Asia,TLS,1237.2006590123,NA,29.248617510057
TLS,2017,11.493,24.200000760000002,3.399,0.0882187788832635,NA,Asia,TLS,1267.08661597675,NA,29.3600996787092
TLS,2016,13.065,21.200000760000002,3.582,0.0877739115990275,NA,Asia,TLS,1333.65856117568,NA,29.4462907628171
TLS,2015,8.568,18.60000038,3.779,0.0881605226038223,NA,Asia,TLS,1319.59295003154,NA,29.5043315008419
TLS,2014,8.842,17.5,3.999,0.0873995547504447,NA,Asia,TLS,1312.96494988639,NA,29.5463092024041
TLS,2013,9.084,11,4.208,0.086988661409309,NA,Asia,TLS,1281.92864043187,NA,29.5836906253246
TLS,2012,9.198,7,4.404,0.086500040827744,NA,Asia,TLS,1269.41625561248,NA,29.6136082349605
TLS,2011,9.285,4,4.614,0.0860783887066272,NA,Asia,TLS,1237.48380284894,NA,29.633352306451
TLS,2010,9.348,3,4.816,0.086214628725863,NA,Asia,TLS,1195.38066079604,17.7029094696045,29.6398840020416
TLS,2009,9.297,2,4.994,0.086111039496334,NA,Asia,TLS,1120.09693594876,16.5156002044678,29.4007657042596
TLS,2008,9.595,1.5,5.171,0.0859106081578354,NA,Asia,TLS,1042.86833768293,NA,28.8076745459306
TLS,2007,9.754,1,5.333,0.0854158580881308,NA,Asia,TLS,961.848415522858,NA,28.0011655196859
TLS,2006,9.953,0.5,5.474,0.0855501833725775,NA,Asia,TLS,897.573801807644,NA,27.121697883382
TLS,2005,9.99,0.0990317678179026,5.611,0.085472133933394,NA,Asia,TLS,964.026656178075,NA,26.3097308948751
TLS,2004,10.144,NA,5.741,0.084551535984973,NA,Asia,TLS,955.470489028291,NA,25.7040830077802
TLS,2003,9.951,NA,5.846,0.0855019941242023,NA,Asia,TLS,964.322543048225,NA,25.2611540807581
TLS,2002,9.72,0,5.899,0.0854752230992234,NA,Asia,TLS,1028.13194386616,8.40392971038818,24.8506108883184
TLS,2001,9.979,NA,5.918,0.0853586681344209,NA,Asia,TLS,1192.74796357529,NA,24.469641672156
TLS,2000,10.311,NA,5.934,0.0851468521208973,NA,Asia,TLS,1117.56432347244,NA,24.1139427164365
TGO,2023,3.395,37.57020187,4.192401,0.1838036946479047,NA,Africa,TGO,893.753030300995,NA,43.2496853032436
TGO,2022,3.417,35.60749817,4.253183,0.17310504883561811,NA,Africa,TGO,861.508010803054,NA,42.7332327975627
TGO,2021,3.778,30.33839989,4.323871,0.1701664997360672,NA,Africa,TGO,829.786700130989,NA,42.3105904515122
TGO,2020,3.695,29.02370071,4.386312,0.168454868449261,NA,Africa,TGO,808.300697079208,14.9029897765252,41.8781527268075
TGO,2019,3.076,20.72730064,4.450408,0.150018444933743,NA,Africa,TGO,810.512262603518,13.1551472123617,41.445731197295
TGO,2018,6.232,15.5,4.513072,0.147185117388846,NA,Africa,TGO,791.592405216309,12.9031599603185,41.013328267781
TGO,2017,9.282,12.3602249692905,4.576231,0.1473825817907346,NA,Africa,TGO,774.274897347436,12.3068653432672,40.5809463430719
TGO,2016,6.813,11.31000042,4.633942,0.1470781728384711,NA,Africa,TGO,763.276185353302,12.0913340463942,40.1485878279739
TGO,2015,4.315,7.1199998859999996,4.661566,0.1440665916189417,NA,Africa,TGO,751.051987587248,10.8146472215817,39.7162551272934
TGO,2014,3.996,5.699999809,4.701602,0.1425571094809211,NA,Africa,TGO,730.291049611232,10.5384945175632,39.2839506458368
TGO,2013,3.698,4.5,4.753612,0.1431819424033589,NA,Africa,TGO,709.09186114976,10.8397865677878,38.8516767884103
TGO,2012,3.414,4,4.853789,0.1401701357063743,NA,Africa,TGO,687.495464571464,10.7079137745625,38.4194359598204
TGO,2011,3.15,3.5,4.984234,0.1407446859701184,NA,Africa,TGO,663.96334052788,9.66968081043628,37.9872305648732
TGO,2010,3.958,3,5.087324,0.1388067710116994,NA,Africa,TGO,644.5632812645,8.90678270945479,37.5545882975638
TGO,2009,4.842,2.5999999049999998,5.104276,0.1375297512357423,NA,Africa,TGO,625.711511370434,NA,37.1195037247939
TGO,2008,5.696,2.4000000950000002,5.100197,0.1380318323550781,NA,Africa,TGO,610.405413708475,NA,36.6808327233827
TGO,2007,6.66,2.200000048,5.102,0.1361911490747155,NA,Africa,TGO,603.83784338967,5.5628399848938,36.2392154091353
TGO,2006,7.49,2,5.076201,0.1347927130474871,NA,Africa,TGO,629.079905835563,4.9507098197937,35.795057579151
TGO,2005,7.396,1.799999952,5.037823,0.1366971034200193,NA,Africa,TGO,630.248678309054,NA,35.3487650305291
TGO,2004,7.223,1.5,4.994707,0.1342501241022214,NA,Africa,TGO,678.28759996017,NA,34.9007435603688
TGO,2003,7.173,1.2,5.047961,0.1339567133791025,NA,Africa,TGO,702.799255960869,NA,34.4513989657696
TGO,2002,7.295,1,5.09187,0.1343912775247194,NA,Africa,TGO,675.440797960321,NA,34.0011370438307
TGO,2001,7.303,0.9,5.12801,0.1349355308881107,NA,Africa,TGO,667.298334712527,NA,33.5503635916513
TGO,2000,7.342,0.8,5.1652,0.1346284171014811,NA,Africa,TGO,679.533421599502,NA,33.0994844063309
TON,2023,4.632,64.13140106,3.129,0.1469251313438091,NA,Oceania,TON,4680.29974543195,42.8611738148984,21.147944541337
TON,2022,6.147,61.60739899,3.171,0.1378466187975295,NA,Oceania,TON,4533.96790206106,NA,21.147219451842
TON,2021,6.375,57.549,3.198,0.1375163212121475,NA,Oceania,TON,4612.90046969933,NA,21.258003897665
TON,2020,7.992,54.47370148,3.234,0.1357899141550912,NA,Oceania,TON,4647.0076512901,21.2782986508118,21.8766206823411
TON,2019,6.473,51.56299973,3.274,0.1199047349844935,NA,Oceania,TON,4566.07497816235,NA,22.3288155626206
TON,2018,6.679,48.80789948,3.326,0.1192711113297707,NA,Oceania,TON,4583.5594849415,NA,22.7017138925547
TON,2017,6.318,46.20080185,3.388,0.1184903504295952,NA,Oceania,TON,4568.62468668733,NA,22.9711300654966
TON,2016,6.01,39.95000076,3.463,0.117610113988773,NA,Oceania,TON,4419.81472868939,NA,23.1277038505921
TON,2015,5.832,38.65129852,3.54,0.116775374708034,NA,Oceania,TON,4123.90323993332,NA,23.2434422818439
TON,2014,5.498,35.95439911,3.619,0.1158241055921042,NA,Oceania,TON,4058.815614369,NA,23.3431040935971
TON,2013,5.052,32.75400162,3.696,0.1150433529203159,NA,Oceania,TON,3962.16964095596,NA,23.4170795020344
TON,2012,4.705,30,3.768,0.1143175921937918,NA,Oceania,TON,3932.59350453286,NA,23.4589062635692
TON,2011,4.486,25,3.829,0.113606246070488,NA,Oceania,TON,3892.76791192676,NA,23.46075468367
TON,2010,4.185,16,3.879,0.1130938821673974,NA,Oceania,TON,3653.97801722796,NA,23.4243619099178
TON,2009,3.903,10,3.946,0.1125105014099611,NA,Oceania,TON,3630.76081551536,NA,23.3612068183251
TON,2008,3.511,8.11076994380395,4.012,0.1119551324071907,NA,Oceania,TON,3833.60152751942,NA,23.2889000757567
TON,2007,3.251,7.179900169,4.086,0.1114871559311352,NA,Oceania,TON,3665.89534379299,NA,23.2239976577967
TON,2006,2.912,5.853899956,4.141,0.1109720531961192,NA,Oceania,TON,3775.24832512712,NA,23.1801421282521
TON,2005,6.789,4.907800198,4.195,0.1104923260291171,NA,Oceania,TON,3880.07037654517,NA,23.1473956500293
TON,2004,10.398,3.95237389457043,4.186,0.1099912958005718,NA,Oceania,TON,3928.06014016386,NA,23.1191794451059
TON,2003,13.865,2.98581736750435,4.175,0.1094673680061164,NA,Oceania,TON,4030.19673410072,6.82398986816406,23.0943621775072
TON,2002,12.509,2.90729731626382,4.138,0.1089866210195035,NA,Oceania,TON,4050.98945082432,6.1286997795105,23.071428585567
TON,2001,11.514,2.82537183911525,4.127,0.1085616638459027,NA,Oceania,TON,3901.18055446166,4.62669992446899,23.0488634076195
TON,2000,10.386,2.4343980443669,4.159,0.1081500413197022,NA,Oceania,TON,3866.68574867282,5.37392997741699,23.0251513819988
TTO,2023,8.041,81.9681015,1.532,0.1672558617815024,NA,Americas,TTO,15922.7668349788,NA,53.9536842104572
TTO,2022,10.596,81.69760132,1.544,0.1605965559390623,NA,Americas,TTO,15712.230497272,NA,53.9474037904998
TTO,2021,13.145,84.36576986,1.559,0.1621683827574806,NA,Americas,TTO,15558.0940536829,NA,53.9421278853848
TTO,2020,11.81,77.28130341,1.572,0.1565818055653377,NA,Americas,TTO,15679.9611486825,NA,53.9377689584806
TTO,2019,9.17,74.98670197,1.578,0.1417382231377987,NA,Americas,TTO,17225.361633712,NA,53.9342394732739
TTO,2018,9.164,72.76029968,1.588,0.1413663130272709,NA,Americas,TTO,17205.615135339,NA,53.9314518934907
TTO,2017,9.027,70.59999847,1.594,0.139364433214197,NA,Americas,TTO,17402.6155328454,NA,53.9293186833833
TTO,2016,8.719,67.80000305,1.601,0.1392585146513755,NA,Americas,TTO,18331.034459758,NA,53.9277523084951
TTO,2015,5.869,65.09999847,1.598,0.1383898459661901,NA,Americas,TTO,19887.2327716498,NA,53.926665238022
TTO,2014,5.882,62.40000153,1.602,0.1370066286617658,NA,Americas,TTO,20032.5402001718,NA,53.9259699537793
TTO,2013,6.275,59.90000153,1.603,0.1364147012509462,NA,Americas,TTO,19392.1974593783,NA,53.9255789963372
TTO,2012,8.608,57.5,1.609,0.1355676151790606,NA,Americas,TTO,18835.6674122954,NA,53.9254053431618
TTO,2011,8.586,55.2,1.611,0.1347116960372184,NA,Americas,TTO,17746.509252615,NA,53.9253615474727
TTO,2010,9.85,48.5,1.614,0.134986641908175,NA,Americas,TTO,17938.0949459463,NA,54.0899565963587
TTO,2009,11.728,44.3,1.618,0.135557171470255,NA,Americas,TTO,17461.9640940055,NA,54.3920297229449
TTO,2008,10.514,34.8,1.617,0.1357087996243831,NA,Americas,TTO,18285.2735441992,NA,54.6761864235364
TTO,2007,11.363,32.3,1.622,0.1356469684703651,NA,Americas,TTO,17758.6995224652,NA,54.9393004563973
TTO,2006,13.033,30.00370026,1.624,0.1355394578336131,NA,Americas,TTO,17021.2241679562,NA,55.1782455797922
TTO,2005,16.539,28.97669983,1.625,0.1351285235226782,NA,Americas,TTO,15075.4179709902,NA,55.3898955519853
TTO,2004,17.188,27.0242700782714,1.627,0.1345949258204311,NA,Americas,TTO,13657.2534995604,11.8308000564575,55.5711241312409
TTO,2003,21.428,25.9717641091609,1.648,0.1339991463191011,NA,Americas,TTO,12714.5004334846,8.70431995391846,55.7188050758235
TTO,2002,20.929,21.9986754804449,1.672,0.1333175523668568,NA,Americas,TTO,11165.960015838,8.58695983886719,55.8298121439974
TTO,2001,21.399,15.384627218944,1.705,0.1333890278335449,NA,Americas,TTO,10395.2041042218,6.25368022918701,55.9010190940268
TTO,2000,23.4,7.72141147401745,1.732,0.1336747788471337,NA,Americas,TTO,10023.0206669207,5.75815010070801,55.9291468285602
TUN,2023,38.484,NA,1.832,0.1780062738924762,NA,Africa,TUN,3967.33387634534,38.1219482421875,70.0266686486584
TUN,2022,37.826,NA,1.847,0.167099941850172,NA,Africa,TUN,3986.54558325666,37.1276893615723,69.707138648303
TUN,2021,39.309,68.31552226,1.8,0.1686649584341233,NA,Africa,TUN,3902.53322990199,33.2740287780762,69.3997523770568
TUN,2020,41.242,68.55639648,2,0.1663659779183158,NA,Africa,TUN,3749.26841452928,32.5181999206543,69.1043166438476
TUN,2019,37.867,66.6999983024144,2.1,0.1467470047100119,NA,Africa,TUN,4153.27978615515,31.4410896301269,68.8206382576031
TUN,2018,34.877,64.1908102327387,2.133,0.1469270076906096,NA,Africa,TUN,4127.97005697994,30.9594707489014,68.5485240272509
TUN,2017,35.315,55.5001550633671,2.205,0.1465886150318689,NA,Africa,TUN,4062.80606534519,30.9277496337891,68.2877807617188
TUN,2016,35.119,49.5999948415756,2.275,0.1465203666332481,NA,Africa,TUN,4015.28893802703,31.2128105163574,68.0623356528248
TUN,2015,34.967,46.4999943435776,2.306,0.1461858444696769,NA,Africa,TUN,4014.94773686432,33.373851776123,67.8807907104492
TUN,2014,36.912,46.15999985,2.316,0.1457101671569058,NA,Africa,TUN,4021.59954703591,33.7252311706543,67.7524643379101
TUN,2013,34.828,43.79999924,2.31,0.1444791681006202,NA,Africa,TUN,3947.58763533174,34.2130088806152,67.4999542236328
TUN,2012,38.444,41.4416008,2.277,0.1432114051590538,NA,Africa,TUN,3900.04620132702,36.0693092346191,67.2098922729492
TUN,2011,42.639,39.1,2.189,0.1432370771846153,NA,Africa,TUN,3784.7412903401,35.942798614502,66.9191886197857
TUN,2010,29.573,36.8,2.075,0.1423833049743534,NA,Africa,TUN,3906.90625867605,36.0425300598145,66.6280059814453
TUN,2009,31.153,34.07,2.004,0.1432731643166419,NA,Africa,TUN,3835.25011939301,35.3081817626953,66.3362197875977
TUN,2008,28.66,27.53,1.975,0.1422707737877891,NA,Africa,TUN,3760.11828478704,33.5827484130859,66.0676053984361
TUN,2007,28.143,17.1,1.957,0.1434993000274948,NA,Africa,TUN,3642.11977444786,32.1416816711426,65.8000030517578
TUN,2006,27.913,12.98639965,1.952,0.1430372227423025,NA,Africa,TUN,3444.5513526091,31.5884609222412,65.5209809651521
TUN,2005,28.103,9.655099869,1.953,0.142236542865625,NA,Africa,TUN,3301.93817216029,30.4263496398926,65.2340901739004
TUN,2004,30.533,8.52881775162591,1.95,0.1430896417962716,NA,Africa,TUN,3218.72320748457,28.3220500946045,64.9272741461338
TUN,2003,30.664,6.49084579532797,1.956,0.1429502776780343,NA,Africa,TUN,3058.22895827842,25.9742908477783,64.6055972687544
TUN,2002,30.395,5.25288729548421,1.941,0.1440611584913575,NA,Africa,TUN,2950.20410959054,22.0570907592773,64.2822554892505
TUN,2001,29.889,4.29796603474685,1.975,0.1426369132516811,NA,Africa,TUN,2941.73893592906,20.5963401794434,63.9541757453358
TUN,2000,30.729,2.75074029298135,2.025,0.1424956831234239,NA,Africa,TUN,2864.54703666618,18.2472705841064,63.6166653822584
TUR,2023,17.306,85.96074155,1.51,0.1566444267572797,195.44361746063925,Asia,TUR,14932.8851363122,105.88606262207,89.0218446796121
TUR,2022,19.289,83.43716576,1.63,0.1499981375238514,155.306511016844,Asia,TUR,14273.5747654873,127.577972412109,89.0381164550781
TUR,2021,22.36,81.40843745,1.71,0.1507906072590396,114.2618110633905,Asia,TUR,13670.938029516,125.763786315918,89.1762048153239
TUR,2020,24.919,77.6695605,1.77,0.14931719157229081,100.1868559685183,Asia,TUR,12338.643833135,118.883682250977,88.9303114965222
TUR,2019,25.039,73.9767022871511,1.89,0.1359001280172009,91.35542807185257,Asia,TUR,12238.2950220128,117.005470275879,88.6618152857124
TUR,2018,20.011,71.0427608433809,2,0.1362253534434216,99.90766830043235,Asia,TUR,12255.0082146169,115.462463378906,88.1655749576173
TUR,2017,20.469,64.6846176835371,2.08,0.1364866798213552,105.63276743884751,Asia,TUR,12005.6459824832,110.534072875977,88.0320472717286
TUR,2016,19.369,58.3477340145685,2.11,0.1370434862775462,105.91771946810125,Asia,TUR,11279.6169531569,103.71558380127,88.1020958581776
TUR,2015,18.299,53.7449791423583,2.16,0.1370250608237088,100.00000000000013,Asia,TUR,11064.6494504662,95.5645065307617,87.2167107972537
TUR,2014,17.698,51.0373665521645,2.19,0.136754855677612,93.01366277218263,Asia,TUR,10597.9801881716,86.9976806640625,83.6024850744433
TUR,2013,18.442,46.25,2.11,0.1364375678571649,89.0325857133806,Asia,TUR,10269.4489140773,79.6469573974609,78.5218368384696
TUR,2012,17.342,45.13,2.11,0.1359947223540684,84.43884445018662,Asia,TUR,9588.32066531438,70.1044998168945,73.7788680234324
TUR,2011,18.208,43.065710430925,2.05,0.1358633274886569,82.94977888802343,Asia,TUR,9265.85910238578,61.516300201416,71.0028723528334
TUR,2010,21.578,39.82,2.08,0.1358838176581465,83.57495498068877,Asia,TUR,8472.57809050119,56.7506217956543,69.3471253941487
TUR,2009,25.093,36.4,2.1,0.1357553927521125,NA,Asia,TUR,7925.30110421185,46.9404602050781,67.8401432171223
TUR,2008,20.304,34.37,2.15,0.1357175107669021,NA,Asia,TUR,8447.93976396947,40.7729606628418,66.513650890377
TUR,2007,19.807,28.63,2.16,0.1355937812699855,NA,Asia,TUR,8477.53328393352,39.3874015808105,65.338961815468707
TUR,2006,18.89,18.24,2.193,0.1351831772724036,NA,Asia,TUR,8078.5153787571,37.3102416992188,64.2873893939536
TUR,2005,19.685,15.46,2.197,0.1348968384595977,NA,Asia,TUR,7623.14640948457,33.2225189208984,63.3302470273874
TUR,2004,20.333,14.58,2.197,0.1346960502422698,NA,Asia,TUR,7061.62219794984,30.7662506103516,62.4388481173262
TUR,2003,20.253,12.33,2.202,0.13460148767736,NA,Asia,TUR,6496.07277294612,29.7210502624512,61.5845060653258
TUR,2002,18.944,11.38,2.268,0.1343858959409412,NA,Asia,TUR,6211.70542960394,25.9334297180176,60.7385342729423
TUR,2001,16.048,5.18948146078506,2.392,0.1345979376015931,NA,Asia,TUR,5906.92348536699,25.0384502410889,59.8722461417316
TUR,2000,12.944,3.761685035075,2.487,0.1345289349456444,NA,Asia,TUR,6326.25746472488,NA,58.9706120006403
TKM,2023,9.198,NA,2.69,0.1273746341435844,NA,Asia,TKM,7880.44528570939,18.8084201812744,47.0678875054171
TKM,2022,9.109,NA,2.728,0.1228462083049926,NA,Asia,TKM,7551.03650143157,16.7316012007071,47.0592103414926
TKM,2021,10.227,NA,2.754,0.1201758745569508,NA,Asia,TKM,7248.70763225719,14.5425982703266,47.0581410301711
TKM,2020,10.155,NA,2.793,0.1207842896483812,NA,Asia,TKM,6965.11226889286,12.4085702576356,47.0546961907259
TKM,2019,8.483,NA,2.834,0.1093296956375478,NA,Asia,TKM,6718.16608056274,11.0507708201956,47.0494562466485
TKM,2018,8.454,NA,2.875,0.109291527590055,NA,Asia,TKM,6460.94356849428,NA,47.0423948717765
TKM,2017,8.561,NA,2.934,0.1075980369212567,NA,Asia,TKM,6222.55590558882,NA,47.0334857399476
TKM,2016,8.788,17.99029922,2.99,0.1054365416966267,NA,Asia,TKM,5977.83828113854,NA,47.0227025249994
TKM,2015,8.916,14.99680042,3.033,0.1058163823506614,NA,Asia,TKM,5759.497903834,NA,47.0100189007695
TKM,2014,9.066,12.19999981,3.023,0.1045655400117759,NA,Asia,TKM,5533.03528846527,7.00093637977294,46.9954085410955
TKM,2013,8.932,9.600000381,3.007,0.1038050286213595,NA,Asia,TKM,5131.16736462999,NA,46.9788451198152
TKM,2012,8.888,7.195799828,2.955,0.1033788026760055,NA,Asia,TKM,4761.0792759807,NA,46.9603023107661
TKM,2011,8.529,5,2.9,0.102717229616132,NA,Asia,TKM,4379.74943394339,NA,46.9397537877858
TKM,2010,8.434,3,2.848,0.1028626983444444,NA,Asia,TKM,3900.14237925855,NA,46.9171732247121
TKM,2009,8.323,1.950000048,2.794,0.1024578273093977,NA,Asia,TKM,3645.43522420841,NA,46.8925342953825
TKM,2008,9.545,1.75,2.75,0.1026067977985807,NA,Asia,TKM,3504.34843278483,NA,46.8658106736347
TKM,2007,10.814,1.40636068812023,2.734,0.1025612624349,NA,Asia,TKM,3114.06330033038,NA,46.8369760333063
TKM,2006,12.684,1.3195731180963,2.724,0.1024115109004825,NA,Asia,TKM,2856.77457038028,NA,46.8060040482349
TKM,2005,14.507,0.997300029,2.706,0.1024349218859793,NA,Asia,TKM,2622.61796328876,NA,46.7728683922582
TKM,2004,16.487,0.754053982724623,2.674,0.1022044223977929,NA,Asia,TKM,2364.26725156856,NA,46.7375427392139
TKM,2003,17.973,0.425182631884743,2.667,0.101944021608543,NA,Asia,TKM,2295.29620574541,NA,46.7000007629395
TKM,2002,19.761,0.302132016152841,2.71,0.1016912392189104,NA,Asia,TKM,2266.6336625636,NA,46.5924846062154
TKM,2001,21.225,0.175209517731422,2.814,0.1010863399151917,NA,Asia,TKM,2306.30057631688,NA,46.3715562022892
TKM,2000,22.387,0.13328218259348,2.9,0.100212230238054,NA,Asia,TKM,2255.01496788934,NA,46.0736689106993
TCA,2023,NA,NA,1.463,NA,NA,Americas,TCA,54523.0330927151,25.2537080405933,93.9324513656818
TCA,2022,NA,NA,1.477,NA,NA,Americas,TCA,48307.3079245499,16.973180770874,93.6922471653237
TCA,2021,NA,NA,1.501,NA,NA,Americas,TCA,42907.7492465912,NA,93.4467025398547
TCA,2020,NA,NA,1.552,NA,NA,Americas,TCA,33739.4253991739,NA,93.1960408439605
TCA,2019,NA,NA,1.617,NA,NA,Americas,TCA,52419.8862128617,11.7383177570093,92.9404854322845
TCA,2018,NA,NA,1.677,NA,NA,Americas,TCA,51863.1830309332,11.3000755857899,92.6802596594323
TCA,2017,NA,NA,1.704,NA,NA,Americas,TCA,50586.1032335151,11.8171251452925,92.4155868799755
TCA,2016,NA,NA,1.713,NA,NA,Americas,TCA,30183.000294988102,11.0619469026549,92.1466904484552
TCA,2015,NA,NA,1.718,NA,NA,Americas,TCA,29457.0140691162,12.3809523809524,91.8737937193851
TCA,2014,NA,NA,1.729,NA,NA,Americas,TCA,27636.8210228067,13.5160680529301,91.5971200472541
TCA,2013,NA,NA,1.752,NA,NA,Americas,TCA,26477.5410719582,NA,91.3168927865286
TCA,2012,NA,NA,1.805,NA,NA,Americas,TCA,27441.3335987017,NA,91.0352667584286
TCA,2011,NA,NA,1.859,NA,NA,Americas,TCA,29363.9475927366,NA,90.7312950817828
TCA,2010,NA,NA,1.907,NA,NA,Americas,TCA,29111.8729223189,0.30978998541832,90.3748294690201
TCA,2009,NA,NA,1.959,NA,NA,Americas,TCA,29988.5997375172,NA,89.9678368353804
TCA,2008,NA,NA,2.005,NA,NA,Americas,TCA,38854.1075698814,0.116480000317097,89.5140091795268
TCA,2007,NA,NA,2.049,NA,NA,Americas,TCA,37466.1822614725,NA,89.0170385001222
TCA,2006,NA,NA,2.078,NA,NA,Americas,TCA,NA,NA,88.4806167958296
TCA,2005,NA,NA,2.106,NA,NA,Americas,TCA,NA,NA,87.908436065312
TCA,2004,NA,NA,2.136,NA,NA,Americas,TCA,NA,NA,87.3041883072325
TCA,2003,NA,NA,2.176,NA,NA,Americas,TCA,NA,NA,86.671565520254
TCA,2002,NA,NA,2.242,NA,NA,Americas,TCA,NA,NA,86.0142597030394
TCA,2001,NA,NA,2.342,NA,NA,Americas,TCA,NA,NA,85.3337963668196
TCA,2000,NA,NA,2.406,NA,NA,Americas,TCA,NA,NA,84.6139434685266
TUV,2023,NA,NA,3.208,0.1254859674442122,NA,Oceania,TUV,4773.34085526672,19.3509615384615,64.0117206689787
TUV,2022,NA,NA,3.244,0.1187566819433661,NA,Oceania,TUV,4515.29701517492,NA,63.3065768081154
TUV,2021,NA,NA,3.277,0.1189100352675697,NA,Oceania,TUV,4396.04894488478,NA,62.6098296425994
TUV,2020,NA,NA,3.309,0.115957581330965,NA,Oceania,TUV,4233.0183205634,NA,61.9212610534937
TUV,2019,NA,NA,3.331,0.1054170925489944,NA,Oceania,TUV,4345.99606453315,NA,61.2406529218636
TUV,2018,NA,NA,3.328,0.1048566821283135,NA,Oceania,TUV,3757.85997284742,NA,60.5596409590777
TUV,2017,NA,35.20000076,3.301,0.1041841554301605,NA,Oceania,TUV,3666.20189700038,NA,59.9531274910912
TUV,2016,NA,31,3.297,0.1034374980872386,NA,Oceania,TUV,3558.61212970652,NA,59.4744768348285
TUV,2015,NA,27.299999239999998,3.308,0.1027312501398594,NA,Oceania,TUV,3357.83417700071,NA,58.9148502652344
TUV,2014,NA,24.10000038,3.33,0.1019076043963632,NA,Oceania,TUV,3035.24325598472,NA,58.2999596618832
TUV,2013,NA,21.200000760000002,3.389,0.1011900106819724,NA,Oceania,TUV,3030.55285189857,NA,57.6314336806359
TUV,2012,NA,18.700000760000002,3.47,0.1005239024517772,NA,Oceania,TUV,2922.07629963849,NA,56.8964903305448
TUV,2011,NA,16.5,3.463,0.099889840210371,NA,Oceania,TUV,3028.2511217061,NA,56.0428770356731
TUV,2010,NA,14.600000380000001,3.442,0.0994372271851462,NA,Oceania,TUV,2879.29645720352,NA,55.0541326559964
TUV,2009,NA,12.80000019,3.425,0.0989429110639465,NA,Oceania,TUV,2987.80397939993,NA,53.9728070033742
TUV,2008,NA,11.19999981,3.415,0.0984580622096777,NA,Oceania,TUV,3230.22109521715,NA,52.8338644492855
TUV,2007,NA,10,3.446,0.0980814379578896,NA,Oceania,TUV,3069.67368184077,NA,51.6722693652096
TUV,2006,NA,9.100000381,3.525,0.0977080891718861,NA,Oceania,TUV,2900.92710155819,NA,50.5229861226256
TUV,2005,NA,8.300000191,3.546,0.0973624132122849,NA,Oceania,TUV,2864.90524160208,NA,49.4209790930126
TUV,2004,NA,7.6,3.553,0.0970384171636161,NA,Oceania,TUV,3042.6128529965,NA,48.4012126478499
TUV,2003,NA,6.9,3.579,0.0967274276620841,NA,Oceania,TUV,3152.22822039796,NA,47.4986511586165
TUV,2002,NA,6.3,3.637,0.0964962463978712,NA,Oceania,TUV,3320.16858154912,NA,46.7435481854875
TUV,2001,NA,5.7,3.749,0.096333703126737,NA,Oceania,TUV,3043.15907920605,NA,46.0920220655498
TUV,2000,NA,5.24163958486214,3.841,0.0961564647695893,NA,Oceania,TUV,3056.55101983122,NA,45.5119494377121
UGA,2023,4.208,9.286999702,4.283,0.1440589712865959,NA,Africa,UGA,955.745797275462,NA,30.6059359395495
UGA,2022,4.335,9.636899948,4.388,0.1346147853788932,NA,Africa,UGA,933.094056370423,NA,29.9251969709665
UGA,2021,5.04,10,4.51,0.1356020503637591,NA,Africa,UGA,919.401675217265,NA,29.2362957789022
UGA,2020,5.688,7.4,4.621,0.1291817376648841,NA,Africa,UGA,917.0350317644,NA,28.5399752271502
UGA,2019,4.691,11.72579956,4.744,0.1166815625748413,NA,Africa,UGA,920.939101515671,NA,27.8369781799403
UGA,2018,4.884,9.326299667,4.867,0.1160805787786902,NA,Africa,UGA,895.07512785438,NA,27.1280475018884
UGA,2017,5.052,7.417900085,4.987,0.1154170107017995,NA,Africa,UGA,871.093880017151,NA,26.4139260579546
UGA,2016,4.411,5.9,5.112,0.1142613279031355,NA,Africa,UGA,874.648370639216,NA,25.6953567134098
UGA,2015,3.871,5.699999809,5.251,0.1126673670178076,NA,Africa,UGA,862.934610355811,NA,24.9777856560427
UGA,2014,3.324,5.400000095,5.408,0.1119208056039925,NA,Africa,UGA,845.978664791099,4.61899995803833,24.1938503391826
UGA,2013,2.591,5.099999905,5.563,0.1110461952850193,NA,Africa,UGA,828.988669729986,NA,22.7367659239271
UGA,2012,5.275,4.800000191,5.729,0.1102852176833455,NA,Africa,UGA,823.580468285493,3.74987006187439,21.372369321253
UGA,2011,5.098,4.599999905,5.885,0.1095117712195478,NA,Africa,UGA,816.516366587228,4.37658023834229,20.0561028736631
UGA,2010,5.357,4.300000191,6.019,0.1097058122906098,NA,Africa,UGA,768.624091660131,3.9166100025177,18.7990645544572
UGA,2009,5.379,4.099999905,6.124,0.1097966174818045,NA,Africa,UGA,749.342865535423,4.19193983078003,17.6123523369348
UGA,2008,4.598,3.880000114,6.202,0.1094405743631083,NA,Africa,UGA,722.565167003452,3.80542993545532,16.5070641943955
UGA,2007,4.03,3.67196535074744,6.326,0.1100391919448177,NA,Africa,UGA,684.542241787248,NA,15.494298100139
UGA,2006,3.423,2.52940011,6.429,0.1102384052212933,NA,Africa,UGA,650.270540867444,3.56147003173828,14.5851520274647
UGA,2005,2.852,1.742200017,6.525,0.1103548806903344,NA,Africa,UGA,604.404813057618,NA,13.7907239496723
UGA,2004,4.036,0.719970679914031,6.612,0.110320859019539,NA,Africa,UGA,585.339489080616,3.65948009490967,13.1221118400615
UGA,2003,5.331,0.464849840113968,6.671,0.1101895597645358,NA,Africa,UGA,564.720539196569,3.77904009819031,12.5904136719317
UGA,2002,5.147,0.384093504951945,6.735,0.1102467036298445,NA,Africa,UGA,547.405338919875,3.54375004768372,12.202793574555
UGA,2001,5.177,0.237945087191408,6.757,0.1100317744693337,NA,Africa,UGA,519.456547890884,2.85116004943848,11.9013889740088
UGA,2000,5.192,0.163714063074854,6.788,0.110231611542221,NA,Africa,UGA,509.19755319016,2.61231994628906,11.6414758125187
UKR,2023,NA,81.58059692,0.977,0.154167161774694,NA,Europe,UKR,2164.26123046875,82.5533599853516,69.4754455027606
UKR,2022,NA,80.47429657,0.897,0.1474879356161647,NA,Europe,UKR,1874.66296386719,NA,69.42345912103
UKR,2021,19.145,79.21829353,1.148,0.1485689705803148,NA,Europe,UKR,2426.6123046875,75.9079435107907,69.4027032653896
UKR,2020,19.355,75.03790912,1.208,0.1448632515195556,NA,Europe,UKR,2324.107421875,82.1345992180731,69.3839100516745
UKR,2019,15.484,70.1248442995263,1.218,0.1311299053232412,NA,Europe,UKR,2398.07836914063,84.48135621115,69.3527648708735
UKR,2018,17.965,62.5531553933869,1.233,0.1312460802948915,NA,Europe,UKR,2308.6669921875,81.4946716210446,69.3157992777909
UKR,2017,18.963,58.8894794459775,1.3,0.1314743094654632,NA,Europe,UKR,2217.7529296875,80.1990246943391,69.2633108489282
UKR,2016,23.139,53.0009695981884,1.391,0.1301578217474522,NA,Europe,UKR,2156.0830078125,77.0398374695438,69.2102241609089
UKR,2015,22.611,48.8846436813218,1.387,0.1295358388008538,NA,Europe,UKR,2094.47387695313,76.8646556476929,69.1587317201337
UKR,2014,23.573,46.2359754571651,1.466,0.1297840885452888,NA,Europe,UKR,2308.6435546875,83.7842174613245,69.0554339301313
UKR,2013,17.643,40.954128997,1.515,0.1277610744777854,NA,Europe,UKR,2432.41625976563,81.5320112568844,68.9326288082226
UKR,2012,17.798,35.27,1.528,0.1277322030754798,NA,Europe,UKR,2426.92944335938,83.8798999891598,68.8241983107739
UKR,2011,17.811,28.7082628400713,1.464,0.1271767182470931,NA,Europe,UKR,2418.12084960938,84.7981059629784,68.7234299826222
UKR,2010,17.709,23.3,1.436,0.1268397050781634,NA,Europe,UKR,2285.93383789063,81.9082510858655,68.637397133357
UKR,2009,18.23,17.9,1.47,0.126685909022216,NA,Europe,UKR,2188.17016601563,82.4992523193359,68.5251442249547
UKR,2008,13.14,11,1.444,0.12659673666368,NA,Europe,UKR,2567.69409179688,79.7325210571289,68.3752085755346
UKR,2007,13.207,6.55,1.343,0.1255155254245214,NA,Europe,UKR,2498.35205078125,76.2627563476562,68.2102322372037
UKR,2006,14.252,4.50612456357379,1.297,0.1245741543855782,NA,Europe,UKR,2298.13232421875,71.939811706543,68.0293347798948
UKR,2005,15.212,3.749799967,1.221,0.124984618242785,NA,Europe,UKR,2122.6015625,66.8898620605469,67.8136046317755
UKR,2004,15.995,3.4894778812677,1.215,0.1228155455813908,NA,Europe,UKR,2042.44494628906,63.4407501220703,67.5970968423685
UKR,2003,16.882,3.14812758815439,1.173,0.1220371657769627,NA,Europe,UKR,1814.25854492188,60.2553215026855,67.419679868405
UKR,2002,18.926,1.87388511643427,1.127,0.1236666976768726,NA,Europe,UKR,1644.28125,56.645679473877,67.2672733350904
UKR,2001,20.685,1.23875954748114,1.092,0.1223121919785171,NA,Europe,UKR,1547.2783203125,52.9101104736328,67.2749805493459
UKR,2000,21.9,0.716183762031043,1.108,0.1222122694893074,NA,Europe,UKR,1409.22265625,50.5071182250977,67.403857296906
ARE,2023,6.351,100,1.2,0.1363615209568997,NA,Asia,ARE,41926.5823645673,61.3456114422447,85.6680699002526
ARE,2022,9.992,100,1.148,0.1338392824616289,NA,Asia,ARE,41828.5553298104,60.4188226013954,85.5147347682487
ARE,2021,9.737,100,1.162,0.1301517595916473,NA,Asia,ARE,40935.8936567784,56.4520334436146,85.3571908511355
ARE,2020,13.482,100,1.289,0.131848005638717,NA,Asia,ARE,39878.474427695,54.9746998074699,85.1955255681984
ARE,2019,7.325,99.1499979561243,1.247,0.1204761489094349,NA,Asia,ARE,43468.4586811918,53.8814655213653,85.0298263388195
ARE,2018,6.747,98.4500017817194,1.288,0.1191897610975199,NA,Asia,ARE,43377.7858697225,53.2113281680102,84.8601805824625
ARE,2017,7.474,94.8199225383446,1.35,0.1209480326448428,NA,Asia,ARE,43293.0203824801,NA,84.686675718659
ARE,2016,5.107,90.6000073180483,1.366,0.1200518372286564,NA,Asia,ARE,45168.4982473243,NA,84.5093991669984
ARE,2015,5.444,90.5,1.417,0.1195997508468145,NA,Asia,ARE,44910.334995523,NA,84.3284383471193
ARE,2014,5.823,90.4000107121939,1.483,0.1184727188436644,NA,Asia,ARE,44257.6514761082,NA,84.1438806787019
ARE,2013,6.116,88,1.527,0.1174658793585073,NA,Asia,ARE,44312.6337162614,NA,83.9558135814626
ARE,2012,6.467,84.9999915049492,1.532,0.117341244073907,NA,Asia,ARE,43958.5681120856,NA,83.7643244751488
ARE,2011,6.856,78,1.539,0.1164937660867533,NA,Asia,ARE,43687.7782783233,NA,83.5695007795347
ARE,2010,7.191,68,1.565,0.1174617901909787,NA,Asia,ARE,42328.8508165469,NA,83.3714299144178
ARE,2009,7.466,64,1.582,0.1157792644543755,NA,Asia,ARE,42672.1987890808,NA,83.1701992996163
ARE,2008,7.54,63,1.516,0.11591881554432901,NA,Asia,ARE,47922.6988207823,NA,82.9658963549658
ARE,2007,7.797,61,1.792,0.1161943720830904,NA,Asia,ARE,52038.6159567932,NA,82.758608500318
ARE,2006,7.92,52,1.958,0.116411129432072,NA,Asia,ARE,56629.9761392644,NA,82.5588968646829
ARE,2005,8.045,40,2.232,0.1163566745850724,NA,Asia,ARE,55363.5661047143,NA,82.2122832763517
ARE,2004,7.362,30.1312961695367,2.385,0.1163290995878202,NA,Asia,ARE,55611.419401142,NA,81.4729199268812
ARE,2003,6.83,29.4779534120864,2.491,0.1162973358220115,NA,Asia,ARE,53619.1925678774,NA,80.8489432668434
ARE,2002,6.184,28.3164853110439,2.541,0.1162306089065308,NA,Asia,ARE,52216.8753217152,NA,80.2705602850306
ARE,2001,5.625,26.2717542010006,2.622,0.1161370999776299,NA,Asia,ARE,54169.4153530236,NA,79.7469002624215
ARE,2000,5.137,23.6253008751553,2.733,0.1160649871694094,NA,Asia,ARE,56939.2701807931,NA,79.287092479995
GBR,2023,11.944,95.44719696,1.56,0.239610534107634,111.43022550247625,Europe,GBR,47934.9375098983,80.4146499633789,83.1601932891335
GBR,2022,10.589,95.46530151,1.56,0.2272082887659396,118.83796538099651,Europe,GBR,48433.009835767,79.7695083618164,83.0753982997505
GBR,2021,12.891,96.19650269,1.583,0.2218817852231611,118.00962650289026,Europe,GBR,46487.3424706549,76.7543563842773,82.9886431523641
GBR,2020,13.365,94.81820132,1.571,0.2206276516363636,112.040776356038,Europe,GBR,42982.4631007642,69.4076614379883,82.9000015258789
GBR,2019,10.688,92.5166285497138,1.632,0.1916067957473099,109.36916415346676,Europe,GBR,47864.7588712634,65.5119934082031,82.6699420738913
GBR,2018,11.647,90.692008988783,1.68,0.1882575592316515,109.81754935917675,Europe,GBR,47514.7763693453,61.1377716064453,82.4465657551295
GBR,2017,12.519,90.4245504868553,1.74,0.1859936635267951,108.5348129604415,Europe,GBR,47018.0254757676,59.6282081604004,82.23065673273
GBR,2016,13.205,94.7758006318882,1.79,0.184014509236243,105.66239996867725,Europe,GBR,45888.0105130748,58.083869934082,82.0229991698295
GBR,2015,15.177,92.0002998740234,1.8,0.1803286073263391,99.99999999999997,Europe,GBR,45255.3449216209,56.4461288452148,81.8243772295647
GBR,2014,17.512,91.6133009176453,1.81,0.177111909969503,94.02730147045968,Europe,GBR,44627.8818268644,56.5240287780762,81.6355750750722
GBR,2013,20.944,89.8441,1.83,0.1735925414807594,88.09410997783962,Europe,GBR,43585.1936238647,56.7794799804688,81.4573768694887
GBR,2012,22.106,87.4799984242111,1.92,0.1710506680720732,87.80431663945572,Europe,GBR,43136.7006795996,59.1535682678223,81.2905667759508
GBR,2011,21.689,85.3799985496322,1.91,0.1685965566334498,88.88681699423068,Europe,GBR,42791.0934313474,59.3426704406738,81.1359685592627
GBR,2010,20.328,85,1.92,0.166611025594065,93.74113716412653,Europe,GBR,42762.720840223,59.8467292785645,80.995165116277
GBR,2009,19.479,83.56,1.89,0.1653741210028919,89.42753611453323,Europe,GBR,42146.5095879962,59.101131439209,80.8692180088478
GBR,2008,15.352,78.39,1.91,0.1635231463061705,99.13638147270964,Europe,GBR,44508.2874631479,57.4309883117676,80.7547673906116
GBR,2007,14.611,75.09,1.86,0.1623323548375422,107.937080502226,Europe,GBR,44882.141312304,58.8450889587402,80.6483331957387
GBR,2006,14.233,68.82,1.82,0.1611177807231961,99.64718212038377,Europe,GBR,43944.9985799069,59.1907196044922,80.5464353583991
GBR,2005,13.053,70,1.76,0.1594957682688915,95.26788971699125,Europe,GBR,43320.5628684438,59.2745018005371,80.4455938127627
GBR,2004,10.618,65.61,1.75,0.1574685209975036,90.8042413153753,Europe,GBR,42434.8209023638,59.4526710510254,80.3423284929998
GBR,2003,11.236,64.82,1.7,0.1563182610850333,82.7773890903771,Europe,GBR,41706.8303930126,61.4559707641602,80.2331593332802
GBR,2002,10.779,56.48,1.63,0.1551487649933444,72.5389687676499,Europe,GBR,40594.932929345,61.1282196044922,80.1146062677742
GBR,2001,10.191,33.4810948744147,1.63,0.1534848108206677,62.99579934681878,Europe,GBR,40082.1359356822,57.4873008728027,79.9838301298823
GBR,2000,11.874,26.8217543508578,1.64,0.153637580772582,58.74072843732843,Europe,GBR,39297.1366317267,57.365119934082,79.8241408315172
USA,2023,7.953,93.52559662,1.6165,0.1877558267275865,150.0328640412375,Americas,USA,65186.5977244157,NA,80.071561119178
USA,2022,8.105,92.72850037,1.6565,0.177566252873839,148.83813626056974,Americas,USA,63886.1317069841,79.361930847168,80.0324978239707
USA,2021,9.704,91.2684021,1.664,0.1777727134580084,139.87096038202625,Americas,USA,62680.2503585805,84.8550872802734,80.0074765140272
USA,2020,14.891,90.34470367,1.6415,0.1779043381015168,124.99534211967425,Americas,USA,59194.6665172031,87.5676574707031,79.997451762548
USA,2019,8.375,89.4302848575712,1.706,0.1612298571045946,117.232787393591,Americas,USA,60750.9898621637,87.8887100219727,80.1304793353594
USA,2018,8.607,88.498903165152,1.7295,0.1612947416849367,113.25023152041925,Americas,USA,59526.665698712,88.2991790771484,80.2804567987377
USA,2017,9.238,87.2748891687657,1.7655,0.1618654205909525,108.96599526520475,Americas,USA,58151.7021391854,88.1673889160156,80.4018678392891
USA,2016,10.432,85.5444212887222,1.8205,0.1625325127098681,104.4945971743005,Americas,USA,57151.4708448372,88.8350524902344,80.4976645324131
USA,2015,11.634,74.5542024462761,1.8435,0.162658909884914,99.99999999999994,Americas,USA,56572.9188996063,88.8894119262695,80.5707989535091
USA,2014,13.411,73,1.8625,0.1629723771678031,95.30902407793769,Americas,USA,55394.4510435329,88.6268692016602,80.6242231779766
USA,2013,15.558,71.4,1.8575,0.1629787352491888,92.20475011134725,Americas,USA,54462.6252412407,88.7264175415039,80.660889281215
USA,2012,16.211,74.7,1.8805,0.1632994442152932,87.40344974359678,Americas,USA,53738.1476714593,NA,80.6837493386238
USA,2011,17.272,69.7294607619268,1.8945,0.163930429732797,86.70843510312028,Americas,USA,52956.6630340962,NA,80.6957554256024
USA,2010,18.361,71.69,1.931,0.1645320452412631,92.92327980900933,Americas,USA,52555.7695134023,NA,80.6997744673366
USA,2009,17.517,71,2.002,0.1659103335137292,97.46771927549071,Americas,USA,51611.3217087719,NA,80.6850378350499
USA,2008,12.76,74,2.072,0.1672353381083414,103.40669716001993,Americas,USA,53442.7136899777,NA,80.6219682896606
USA,2007,10.472,75,2.12,0.1683443579124151,115.9805870298375,Americas,USA,53889.3964951775,NA,80.5153172872016
USA,2006,10.43,68.93119812,2.108,0.1690019596680051,119.065904555269,Americas,USA,53335.5896950225,NA,80.3713066436159
USA,2005,11.24,67.9681015,2.057,0.1695444824582881,115.67662419901775,Americas,USA,52393.4513113092,80.6348266601562,80.1961581748464
USA,2004,11.791,64.7582564759896,2.0515,0.1701652462743981,107.736047073601,Americas,USA,51098.5573007417,NA,79.9960936968363
USA,2003,12.362,61.6971171244207,2.0475,0.1706254459091657,100.90980309808876,Americas,USA,49662.7520549839,NA,79.7773350255284
USA,2002,11.935,58.7854038836952,2.0205,0.1701531265068934,95.7218284831015,Americas,USA,48729.1586442625,NA,79.5461039768657
USA,2001,10.492,49.0808315896951,2.0305,0.1697001393939689,90.63442729505255,Americas,USA,48361.0167607073,NA,79.3086223667912
USA,2000,9.278,43.0791626375201,2.056,0.1688146084376791,86.49187159775155,Americas,USA,48379.7551705781,NA,79.0740897861327
URY,2023,26.221,90.92590332,1.409,0.1851679598673781,NA,Americas,URY,18378.9833563662,79.9536903496537,95.5439605712891
URY,2022,25.32,89.87304314,1.425,0.1763605719464597,NA,Americas,URY,18228.3558443761,76.3977408357972,95.4977416992188
URY,2021,31.807,87.64440155,1.446,0.1769164102789612,NA,Americas,URY,17416.0052208869,75.1713873701582,95.4497146606445
URY,2020,34.215,85.47100067,1.497,0.1717747232075138,NA,Americas,URY,16443.3635000843,64.9332150107214,95.3997650146484
URY,2019,28.474,83.3515337667548,1.567,0.156562316012341,NA,Americas,URY,17758.4384372986,61.9644279466795,95.3479309082031
URY,2018,26.538,80.7268428795854,1.681,0.1576349728189624,NA,Americas,URY,17608.9441195037,60.2781342968002,95.2942581176758
URY,2017,25.251,70.3223543994698,1.824,0.1547977765696334,NA,Americas,URY,17611.6036701032,59.7518904286933,95.2288235732042
URY,2016,24.149,66.40000153,1.966,0.1554568745678222,NA,Americas,URY,17357.2349992841,59.6462945758069,95.1585424955685
URY,2015,22.875,64.5707870971624,2.041,0.1531752718705172,NA,Americas,URY,17125.9016800298,57.7897211461691,95.0800002298303
URY,2014,19.422,61.4624951684405,2.026,0.1525589946499623,NA,Americas,URY,17122.0364563225,59.826704311423,94.9897821210514
URY,2013,19.302,57.69,2.034,0.1520226226343529,NA,Americas,URY,16639.4054750651,59.9512588300598,94.8844735142936
URY,2012,18.566,54.453768680746,2.012,0.1514031118830149,NA,Americas,URY,15949.3176985435,54.7069093768187,94.7606597546186
URY,2011,18.055,51.4046610563616,1.987,0.1512527497369377,NA,Americas,URY,15443.9961926395,52.5558159999377,94.6036824756941
URY,2010,20.707,46.4,2.011,0.1509885557355675,NA,Americas,URY,14722.3780081191,51.8884303512712,94.3333219475319
URY,2009,20.957,41.8,2.018,0.1509248704767225,NA,Americas,URY,13691.71420689,50.9438095092773,93.9337324320314
URY,2008,22.354,39.3,2.03,0.1506002141601964,NA,Americas,URY,13165.83628166,51.0627593994141,93.45975578621
URY,2007,24.891,34,2.048,0.1501153151313682,NA,Americas,URY,12310.482735502,50.3921318054199,92.9603688038713
URY,2006,28.089,29.39999962,2.07,0.1496459926099859,NA,Americas,URY,11574.470540231,45.3399810791016,92.4845482788191
URY,2005,29.067,20.0881895579305,2.097,0.1490380138974641,NA,Americas,URY,11131.3984890038,44.3836708068848,92.0812710048572
URY,2004,33.068,17.0630983403661,2.093,0.1484816297393091,NA,Americas,URY,10366.9067382871,42.7656097412109,91.8009434091917
URY,2003,38.091,15.9371367159756,2.116,0.1479462463168339,NA,Americas,URY,9878.75684344081,41.7629699707031,91.6260094228609
URY,2002,37.887,11.4194701966853,2.16,0.1474423269969944,NA,Americas,URY,9806.7713064359,39.5832290649414,91.4886084712534
URY,2001,34.45,11.1214376832783,2.161,0.1469472205847201,NA,Americas,URY,10643.5574019273,37.7791595458984,91.3759250620534
URY,2000,29.251,10.5390577480141,2.196,0.1464248233641685,NA,Americas,URY,11096.3309569487,33.8414497375488,91.2769768173566
UZB,2023,10.762,89.01361047,3.5,0.1139705617443519,NA,Asia,UZB,3725.67414578619,45.7591768686293,50.9964841114568
UZB,2022,10.853,83.90000012,3.396,0.1118219976307507,NA,Asia,UZB,3576.71552716054,31.701936179599,50.9847412109375
UZB,2021,13.031,76.59043014,3.273,0.1103589451209006,NA,Asia,UZB,3442.7248445034,22.0939011675309,50.9269905090332
UZB,2020,12.838,71.09999824,3.062,0.1104622926570326,NA,Asia,UZB,3249.05191094018,15.9720957084892,50.7670402526855
UZB,2019,11.27,70.3999986481458,2.869,0.1032578954778686,NA,Asia,UZB,3259.36964632494,13.0316667432446,50.5920104980469
UZB,2018,12.073,55.2000006732722,2.713,0.1034726077254215,NA,Asia,UZB,3108.1618786112,9.95855522351711,50.5814971923828
UZB,2017,12.887,48.6999988524556,2.57,0.1034346481532534,NA,Asia,UZB,2995.76761437743,8.64750307019382,50.6787376403809
UZB,2016,11.464,46.79130173,2.564,0.1022162788755138,NA,Asia,UZB,2918.67725852903,8.33958377998093,50.6572189331055
UZB,2015,11.455,42.79999924,2.583,0.1034941444359248,NA,Asia,UZB,2803.19018021751,8.05320814639575,50.6597328186035
UZB,2014,11.372,35.5,2.546,0.1036233101782772,NA,Asia,UZB,2659.99075095273,7.99231869405469,50.8868713378906
UZB,2013,10.758,26.799999239999998,2.445,0.1035766835768859,NA,Asia,UZB,2530.68447898703,7.97676963416095,51.1276969909668
UZB,2012,10.68,23.60000038,2.337,0.103881280205909,NA,Asia,UZB,2395.84036755728,7.84954008903504,51.3359680175781
UZB,2011,10.589,18.6,2.354,0.103568786993013,NA,Asia,UZB,2271.00936223002,8.58497947573208,51.3395500183105
UZB,2010,11.586,15.899999619999999,2.442,0.1039206675724819,NA,Asia,UZB,2144.6400056546,8.85653237012253,51.3321647644043
UZB,2009,10.753,11.9,2.559,0.1040155206918458,NA,Asia,UZB,2025.04298646098,9.8161096572876,51.6105041503906
UZB,2008,10.154,9.0801145234501,2.635,0.1042254228353567,NA,Asia,UZB,1904.45855506712,9.89933967590332,51.7943572998047
UZB,2007,10.141,7.49060468138629,2.573,0.1046010959197124,NA,Asia,UZB,1773.75803693248,9.83143043518066,51.7087010288873
UZB,2006,12.355,6.38832196706805,2.461,0.1036934375998371,NA,Asia,UZB,1643.14645619601,9.96053028106689,51.4638817209862
UZB,2005,14.491,3.34350988825952,2.438,0.1036028086073639,NA,Asia,UZB,1549.04577531643,9.84444999694824,51.0781236333777
UZB,2004,16.775,2.59372542084924,2.496,0.1039837609560347,NA,Asia,UZB,1466.6134889113,13.8527898788452,50.5696510233382
UZB,2003,18.882,1.91259517784997,2.503,0.103256788582948,NA,Asia,UZB,1381.8257280882,13.8350601196289,49.9566881481443
UZB,2002,20.986,1.08193974248733,2.575,0.1031202502358432,NA,Asia,UZB,1341.95995981671,13.7379999160767,49.2574592650723
UZB,2001,22.983,0.597567993875805,2.61,0.1034129553147923,NA,Asia,UZB,1306.60633175114,13.297869682312,48.4901886313987
UZB,2000,24.819,0.484347307694947,2.696,0.1029464749806927,NA,Asia,UZB,1269.72137546219,13.0081100463867,47.6731005044
VUT,2023,11.489,NA,3.596,0.1228487728929717,NA,Oceania,VUT,2733.35978526081,NA,22.2651966823901
VUT,2022,11.61,NA,3.647,0.1166770369856236,NA,Oceania,VUT,2740.27545530661,NA,22.2541249733107
VUT,2021,10.921,NA,3.696,0.1167154268524078,NA,Oceania,VUT,2666.30269843855,NA,22.2501822422475
VUT,2020,9.696,NA,3.738,0.1146324907739412,NA,Oceania,VUT,2771.87098808052,NA,22.4186852094794
VUT,2019,12.336,NA,3.79,0.1047316033388892,NA,Oceania,VUT,2986.2036911437,NA,23.5024668917075
VUT,2018,11.992,NA,3.834,0.1034411833377167,NA,Oceania,VUT,2960.65376683153,NA,24.2729727045038
VUT,2017,11.612,NA,3.875,0.1043679034852187,NA,Oceania,VUT,2946.96186165079,NA,24.7644441456437
VUT,2016,11.32,NA,3.915,0.102065201447156,NA,Oceania,VUT,2889.01404801498,NA,24.8654875642873
VUT,2015,11.067,22.35140038,3.952,0.1013696502078074,NA,Oceania,VUT,2854.89412272653,NA,24.8626945764242
VUT,2014,10.814,18.799999239999998,3.999,0.1005610774718589,NA,Oceania,VUT,2807.83422956759,NA,24.8549637694775
VUT,2013,10.465,11.30000019,4.039,0.099863551392725,NA,Oceania,VUT,2799.28262661802,NA,24.8407362750263
VUT,2012,10.122,10.59799957,4.059,0.0992193780585089,NA,Oceania,VUT,2849.05448321427,NA,24.8183551383933
VUT,2011,9.758,9.199999809,4.093,0.0986070318463363,NA,Oceania,VUT,2883.22689591881,NA,24.7861634049013
VUT,2010,9.399,8,4.126,0.0981646438870912,NA,Oceania,VUT,2856.77377649901,NA,24.742504119873
VUT,2009,8.957,7.5,4.157,0.0976729491603365,NA,Oceania,VUT,2888.13715784739,NA,24.2861753285463
VUT,2008,10.425,7.26911992337492,4.159,0.0971838461526833,NA,Oceania,VUT,2875.08524058992,NA,23.9280261965467
VUT,2007,12.016,6.800000191,4.117,0.0968037276346321,NA,Oceania,VUT,2791.7418410919,NA,23.5955155378332
VUT,2006,13.543,5.850599766,4.1,0.0964336030112219,NA,Oceania,VUT,2780.97475852227,NA,23.2888338847199
VUT,2005,13.633,5.082300186,4.133,0.096114670044682,NA,Oceania,VUT,2626.85057870874,NA,23.0020186653551
VUT,2004,13.996,4.74660261917533,4.214,0.0958120177481532,NA,Oceania,VUT,2555.73432279339,4.87792015075684,22.7291073078871
VUT,2003,14.335,3.90329584542948,4.293,0.0955174322126908,NA,Oceania,VUT,2518.521315183,4.86402988433838,22.4641372404641
VUT,2002,14.368,3.51003871071264,4.382,0.0953059307422249,NA,Oceania,VUT,2475.16636434639,5.41701984405518,22.2011458912344
VUT,2001,14.251,2.83057223877678,4.495,0.0951788019093364,NA,Oceania,VUT,2676.92934450613,4.5063099861145,21.9341706883464
VUT,2000,14.107,2.10833689115184,4.537,0.0950484246588702,NA,Oceania,VUT,2841.73909435642,4.54419994354248,21.6572490599483
VEN,2023,10.274,76.33190155,2.079,0.1601569125072861,NA,Americas,VEN,1430.74575249312,NA,89.249627620225
VEN,2022,10.58,75.82180023,2.088,0.1522052722008843,NA,Americas,VEN,1379.97778822986,NA,89.2132204732836
VEN,2021,12.943,74.11219788,2.105,0.1518861685179403,NA,Americas,VEN,1276.62381449407,NA,89.1766444746891
VEN,2020,13.608,72.44110107,2.116,0.1484354614072741,NA,Americas,VEN,1255.37263090506,NA,89.1399056567545
VEN,2019,11.767,49.05009842,2.131,0.1356964072237542,NA,Americas,VEN,1762.73734800083,NA,89.1030100517924
VEN,2018,12.034,NA,2.151,0.1344472205380883,NA,Americas,VEN,2365.59281270712,NA,89.0659636921159
VEN,2017,12.247,NA,2.183,0.1331559646315326,NA,Americas,VEN,2871.31531165261,NA,89.0287726100378
VEN,2016,11.677,60,2.217,0.1319459216806849,NA,Americas,VEN,3382.73477932247,NA,88.9914428378712
VEN,2015,13.334,58,2.253,0.130321348119669,NA,Americas,VEN,4103.1384987005,NA,88.9539804079292
VEN,2014,14.767,57,2.296,0.1293280261447979,NA,Americas,VEN,4421.60786723331,NA,88.9163913525251
VEN,2013,16.224,54.90000153,2.334,0.1284232421966299,NA,Americas,VEN,4653.3645655649,NA,88.8786817039721
VEN,2012,14.089,49.0500830729861,2.379,0.1279210728135767,NA,Americas,VEN,4647.37303726595,NA,88.8401868543141
VEN,2011,14.048,40.22,2.398,0.127665995760307,NA,Americas,VEN,4455.41063337951,NA,88.8079278904659
VEN,2010,14.178,37.37,2.396,0.1273508904906057,NA,Americas,VEN,4332.02681796507,NA,88.8026372923982
VEN,2009,12.126,32.7,2.422,0.1271277304254712,NA,Americas,VEN,4455.4532320933,78.2699203491211,88.7865574027187
VEN,2008,12.354,25.88,2.475,0.1270098924055592,NA,Americas,VEN,4665.9531880382,78.2515029907227,88.7615723567652
VEN,2007,13.574,20.83,2.524,0.1267564672548913,NA,Americas,VEN,4496.84905010777,NA,88.7282308562487
VEN,2006,15.361,15.2247114771787,2.595,0.1263955954572626,NA,Americas,VEN,4199.39766916963,NA,88.6870816028803
VEN,2005,18.247,12.5529979098299,2.629,0.1263031165332903,NA,Americas,VEN,3884.70081071301,NA,88.638673298371
VEN,2004,25.273,8.40446959241215,2.639,0.1261158226935571,NA,Americas,VEN,3580.85417271298,41.2058296203613,88.5835546444319
VEN,2003,27.914,7.49996346522407,2.703,0.1259001940321689,NA,Americas,VEN,3079.6634541359,39.2063407897949,88.522274342774
VEN,2002,27.187,4.91044632720325,2.739,0.1256025906065774,NA,Americas,VEN,3398.56849937324,37.518970489502,88.4553810951083
VEN,2001,21.94,4.63600094778677,2.779,0.1252587936069446,NA,Americas,VEN,3796.80579715312,NA,88.372774123042
VEN,2000,23.396,3.3595974645036,2.79,0.124797385283269,NA,Americas,VEN,3740.0195496928,27.8114891052246,88.219476430842
VNM,2023,6.441,78.08,1.913,0.086513410665162,NA,Asia,VNM,3775.46375555802,32.8415128147815,38.1298904418945
VNM,2022,6.097,78.58999918,1.927,0.0833181404691765,NA,Asia,VNM,3617.66311465012,44.7536854027422,37.5478515625
VNM,2021,6.903,74.20999985,1.942,0.0848106464579263,NA,Asia,VNM,3358.21734764714,41.9554971195048,36.6540656426603
VNM,2020,6.546,70.300000120000007,1.957,0.0819685183645246,NA,Asia,VNM,3303.16949807493,NA,35.5706676299742
VNM,2019,5.624,68.6615802057338,1.943,0.0784145871234317,NA,Asia,VNM,3241.07648966529,30.2241191864014,34.6239134999511
VNM,2018,4.648,69.8479286837965,1.88,0.0791340429786502,NA,Asia,VNM,3048.28327602145,NA,33.9410227821412
VNM,2017,7.124,58.1400000036297,1.985,0.079019146386299,NA,Asia,VNM,2868.13680013379,25.9526307046456,33.3625963003742
VNM,2016,6.763,53,2,0.0788350952850685,NA,Asia,VNM,2715.57887431272,29.0811980839409,32.8476189285136
VNM,2015,6.267,45,2.1,0.0785268040079396,NA,Asia,VNM,2577.56885340113,29.7250797402999,32.3810945365679
VNM,2014,4.666,41,2.09,0.0779827227839287,NA,Asia,VNM,2439.28655744423,31.3306389293887,31.9480269945454
VNM,2013,4.559,38.5,1.98,0.0778498662396112,NA,Asia,VNM,2320.08431444934,25.6249412769592,31.5334201724543
VNM,2012,3.63,36.79999924,1.967,0.0778197312650408,NA,Asia,VNM,2224.11404253256,25.7487091222031,31.1222779403029
VNM,2011,3.226,35.07,1.927,0.0772661312767527,NA,Asia,VNM,2132.90453762087,25.8674734818525,30.6996041680996
VNM,2010,3.432,30.65,1.906,0.0772426981229245,NA,Asia,VNM,2027.58184375924,23.9250975429329,30.2504027258526
VNM,2009,4.433,26.55,1.92,0.0773217383699559,NA,Asia,VNM,1927.13427057454,21.5007190704346,29.7581347355675
VNM,2008,5.184,23.92,1.933,0.0764898729116822,NA,Asia,VNM,1856.00519883979,20.0552005767822,29.2198330128693
VNM,2007,5.885,20.7554447679753,1.911,0.0765866193398714,NA,Asia,VNM,1788.9485028957,18.9504508972168,28.6456370509099
VNM,2006,5.401,17.2545617186662,1.873,0.0764439446138957,NA,Asia,VNM,1699.67620343393,16.8052501678467,28.0458290558422
VNM,2005,4.963,12.7399292907031,1.887,0.076292433792683,NA,Asia,VNM,1609.96268313651,15.8760204315185,27.4285898187702
VNM,2004,4.57,7.64240852842363,1.968,0.0754846919883878,NA,Asia,VNM,1510.94449049599,NA,26.8021001307977
VNM,2003,4.718,3.78028081370641,1.999,0.0759895741560796,NA,Asia,VNM,1418.74337471509,9.91792964935303,26.1745407830283
VNM,2002,4.418,1.85499923592581,2.006,0.0748521575843781,NA,Asia,VNM,1340.51670460271,9.55722999572754,25.5540925665659
VNM,2001,5.592,1.26565123612317,2.023,0.0753241182492887,NA,Asia,VNM,1273.8052690094,9.30103015899658,24.9489362725143
VNM,2000,4.732,0.25424827575493397,2.028,0.0748698664120066,NA,Asia,VNM,1212.19657794381,9.24740982055664,24.3672526919772
VIR,2023,23.588,NA,1.98,0.1677448889875107,NA,Americas,VIR,NA,NA,95.2740790945924
VIR,2022,25.611,NA,2,0.160318858872614,NA,Americas,VIR,36983.431060272,NA,95.2171514724412
VIR,2021,30.712,NA,2.01,0.1607812096519578,NA,Americas,VIR,37313.0484931531,NA,95.1604310610968
VIR,2020,34.064,NA,2.03,0.1579527213015038,NA,Americas,VIR,35850.7433148653,NA,95.0974024521293
VIR,2019,26.505,NA,2.05,0.1474228862716216,NA,Americas,VIR,36309.7438446842,NA,95.0857481413049
VIR,2018,26.474,NA,2.06,0.1476813333597006,NA,Americas,VIR,35174.1019944986,NA,95.0676784538999
VIR,2017,26.044,64.3774942980087,2.08,0.1476867894162656,NA,Americas,VIR,34435.4944455756,NA,95.0366785523929
VIR,2016,26.746,59.60831579895,2.09,0.1473590839130188,NA,Americas,VIR,34614.7482633247,NA,94.9941093874829
VIR,2015,25.425,54.839137296,2.11,0.146799964543695,NA,Americas,VIR,34007.3529411765,NA,94.9413319098685
VIR,2014,26.297,50.07,2.09,0.1462317251004601,NA,Americas,VIR,34098.7109972738,NA,94.8797070702488
VIR,2013,26.179,45.3,2.08,0.1459719348226537,NA,Americas,VIR,34663.6460602129,NA,94.8105958193224
VIR,2012,24.923,40.5479,2.06,0.1456851979343864,NA,Americas,VIR,36938.1682086351,NA,94.7353591077883
VIR,2011,24.371,35.6,2.16,0.145094081555983,NA,Americas,VIR,43320.176769501,NA,94.6553578863453
VIR,2010,23.068,31.22,2.3,0.1448898706735469,NA,Americas,VIR,47162.7375570431,NA,94.5724392667003
VIR,2009,22.927,27.3965096846662,2.37,0.1446981977155832,NA,Americas,VIR,46862.8076001874,NA,94.4814990349105
VIR,2008,19.906,27.3617774210613,2.44,0.144307258887807,NA,Americas,VIR,50174.7528938473,NA,94.3718227372483
VIR,2007,19.85,27.3393358364014,2.51,0.1439011455354756,NA,Americas,VIR,49598.125907942704,NA,94.2409825406024
VIR,2006,20.214,27.3326105376325,2.03,0.1434471230004544,NA,Americas,VIR,47671.567182812,NA,94.0875454279337
VIR,2005,21.502,27.3443196733265,2.24,0.1429423640034157,NA,Americas,VIR,46021.5905731819,NA,93.9100783822029
VIR,2004,21.658,27.3770087880198,2.17,0.14239521124807,NA,Americas,VIR,44466.2872190216,NA,93.7071483863705
VIR,2003,22.111,27.4290729887632,2.07,0.1418211631753932,NA,Americas,VIR,43036.1815136022,NA,93.4773224233974
VIR,2002,21.234,27.4944323774436,2.21,0.1411696661351965,NA,Americas,VIR,43205.7246740388,NA,93.2191674762441
VIR,2001,20.802,18.3757660397468,1.9,0.140463332591209,NA,Americas,VIR,NA,NA,92.9312505278715
VIR,2000,20.39,13.8150805419196,2.06,0.1397966701048528,NA,Americas,VIR,NA,NA,92.6234446497486
PSE,2023,NA,86.63765334,3.311,0.1633983522050135,NA,Asia,PSE,2888.76306072177,44.4904623709098,86.8576870415886
PSE,2022,36.092,88.64690554,3.375,0.1551623797030388,NA,Asia,PSE,3099.9609010368,45.7982801281791,86.5961423216016
PSE,2021,41.63,NA,3.442,0.1570828561888379,NA,Asia,PSE,3051.48607007995,44.2081176768623,86.334956387337
PSE,2020,42.053,76.18160248,3.511,0.1543218262836541,NA,Asia,PSE,2922.46801084844,45.3895360497376,86.0741183743925
PSE,2019,40.151,70.6225837001758,3.591,0.1397475449540187,NA,Asia,PSE,3378.4346209191,45.6330464687168,85.8136174183656
PSE,2018,42.224,64.3999937114499,3.674,0.1406515074306412,NA,Asia,PSE,3417.79440837962,46.4852162059319,85.5351131070872
PSE,2017,41.868,63.29999924,3.771,0.1417863816763471,NA,Asia,PSE,3462.97986107136,45.5044081379083,85.3782255354
PSE,2016,38.507,59.90000153,3.887,0.1422128071866118,NA,Asia,PSE,3483.09903532972,45.3924907557838,85.3377390706351
PSE,2015,37.215,56.70000076,3.977,0.142601422633386,NA,Asia,PSE,3272.15432360708,46.0871831764203,85.2182174537886
PSE,2014,36.33,53.6651997924171,3.995,0.1437078462673213,NA,Asia,PSE,3227.84934482645,44.8451220304662,85.0433335176723
PSE,2013,37.137,46.59999847,4.049,0.1433824791531248,NA,Asia,PSE,3309.63120243098,45.2354836861858,84.8178459889593
PSE,2012,34.644,43.4,4.154,0.1444435183459115,NA,Asia,PSE,3237.91619995789,47.0416991089195,84.5465135943222
PSE,2011,31.224,41.08000183,4.305,0.1448822087457319,NA,Asia,PSE,3128.10811061384,47.5094364758648,84.2340950604341
PSE,2010,36.178,37.40000153,4.434,0.1450537380268365,NA,Asia,PSE,2927.08101953403,45.0943742403046,83.8853491139676
PSE,2009,33.995,32.23,4.44,0.145824597268877,NA,Asia,PSE,2840.01594969395,43.4091491699219,83.5050344815957
PSE,2008,37.286,24.3579998,4.509,0.1460526140563001,NA,Asia,PSE,2685.98601828464,44.7015686035156,83.0979098899913
PSE,2007,31.008,21.1760006,4.627,0.1460060201328019,NA,Asia,PSE,2569.98434108953,43.544979095459,82.596126313073
PSE,2006,29.844,18.41,4.739,0.1462413686552442,NA,Asia,PSE,2540.26763083127,40.1437492370605,81.7611786265942
PSE,2005,31.933,16.00499916,4.867,0.146070507070874,NA,Asia,PSE,2632.24627423958,38.400749206543,80.5172240645229
PSE,2004,35.61,4.40090482603223,4.971,0.1462138614080099,NA,Asia,PSE,2426.41565630382,35.1719093322754,78.9926422349822
PSE,2003,35.433,4.13061635632919,5.062,0.1460188947986241,NA,Asia,PSE,2041.60484619659,31.2601299285889,77.2865026687292
PSE,2002,38.739,3.10009223512517,5.216,0.1456068919326673,NA,Asia,PSE,1836.98042481351,27.5037307739258,75.4978748965208
PSE,2001,31.281,1.83685483917877,5.342,0.1449996559442251,NA,Asia,PSE,2153.45735383203,25.7727699279785,73.7258284491139
PSE,2000,15.818,1.11130620708969,5.457,0.1446156721490019,NA,Asia,PSE,2436.01207739636,23.624870300293,72.0694328572656
YEM,2023,32.104,NA,4.59,0.1483570095614721,NA,Asia,YEM,NA,NA,36.5707979836506
YEM,2022,32.454,NA,4.593,0.1423761712224571,NA,Asia,YEM,NA,NA,36.3226310308295
YEM,2021,34.097,NA,4.597,0.142545946696132,NA,Asia,YEM,NA,NA,36.0704951256305
YEM,2020,34.531,NA,4.6,0.143554129324204,NA,Asia,YEM,NA,NA,35.7025604580302
YEM,2019,32.347,17.49099922,4.603,0.1286732784412766,NA,Asia,YEM,NA,NA,34.9067561732024
YEM,2018,32.72,NA,4.607,0.1295861763260817,NA,Asia,YEM,1079.32938366255,NA,34.2106045810864
YEM,2017,33.899,NA,4.61,0.130107864816635,NA,Asia,YEM,1103.45634849842,NA,33.5586912522175
YEM,2016,33.511,24.57920074,4.613,0.1303914721188892,NA,Asia,YEM,1197.95865971172,NA,32.9512008005236
YEM,2015,32.7,24.08539963,4.617,0.1310258282056613,NA,Asia,YEM,1362.1738120601,NA,32.3883178702702
YEM,2014,24.761,22.549999239999998,4.62,0.131334314973973,NA,Asia,YEM,1950.1625450589,NA,31.8626162180918
YEM,2013,24.56,20,4.623,0.1313110335677714,NA,Asia,YEM,2014.7289059487,NA,31.4427187944215
YEM,2012,23.83,17.44650078,4.633,0.1318126641337968,NA,Asia,YEM,1981.45800046603,NA,31.2031839858628
YEM,2011,23.161,14.90499973,4.63,0.1322140132383719,NA,Asia,YEM,1994.83663337222,8.80690002441406,30.9237389467026
YEM,2010,22.036,12.35,4.81,0.1326634169944919,NA,Asia,YEM,2356.19960422096,9.26154041290283,30.6232848305331
YEM,2009,21.753,9.96,5.004,0.1332586507445766,NA,Asia,YEM,2257.46902086832,9.69779014587402,30.3031502248211
YEM,2008,21.373,6.89,5.113,0.1334328241668422,NA,Asia,YEM,2244.04491655237,9.20860004425049,29.9646637170333
YEM,2007,20.932,5.01,5.261,0.1339669435871919,NA,Asia,YEM,2235.75075901067,9.04864025115967,29.6091538946366
YEM,2006,20.55,1.24782404904485,5.412,0.1340044924908477,NA,Asia,YEM,2234.74266863312,8.00743007659912,29.2379493450977
YEM,2005,20.186,1.048599958,5.563,0.1338784075222039,NA,Asia,YEM,2237.63762643152,8.33720016479492,28.8523786558834
YEM,2004,19.904,0.881222988679516,5.712,0.1338598100767665,NA,Asia,YEM,2185.78999159086,8.35861015319824,28.4506523754813
YEM,2003,19.601,0.604734100431821,5.839,0.1339753511944438,NA,Asia,YEM,2164.86083019467,8.78116989135742,28.0277061455611
YEM,2002,19.237,0.518796032123435,5.971,0.1336942454557526,NA,Asia,YEM,2148.88860494788,9.18375968933105,27.5777619268614
YEM,2001,18.953,0.0908024587169292,6.143,0.1333913664261704,NA,Asia,YEM,2129.77268762778,NA,27.1033603053549
YEM,2000,18.611,0.0825003865143108,6.317,0.1334733829464891,NA,Asia,YEM,2114.67265566851,NA,26.6054859383233
ZMB,2023,10.038,16.45070076,4.101,0.1489040098190358,NA,Africa,ZMB,1330.85998216751,NA,45.0285853521585
ZMB,2022,9.849,15,4.175,0.1381018733235554,NA,Africa,ZMB,1298.8480495593,NA,44.5988511178469
ZMB,2021,9.364,14.82190037,4.246,0.1377522612755865,NA,Africa,ZMB,1269.10821808895,NA,44.2353731410926
ZMB,2020,11.042,14.64579964,4.323,0.1337650617057945,NA,Africa,ZMB,1228.73500113195,NA,43.8644489410157
ZMB,2019,10.348,14.47189999,4.418,0.11762190678437,NA,Africa,ZMB,1301.18132976178,NA,43.4897864547552
ZMB,2018,8.745,14.2999970950012,4.492,0.1167215455509666,NA,Africa,ZMB,1321.25045711573,NA,43.1114735233156
ZMB,2017,8.514,12.19999981,4.567,0.1154051220606314,NA,Africa,ZMB,1308.76829240086,NA,42.7295979877011
ZMB,2016,10.506,10.30000019,4.669,0.1145003738664316,NA,Africa,ZMB,1303.57513869133,NA,42.3442476889162
ZMB,2015,12.364,8.8,4.775,0.1136563655209206,NA,Africa,ZMB,1295.87788680068,NA,41.9555104679652
ZMB,2014,14.003,6.5,4.89,0.1123763528872103,NA,Africa,ZMB,1299.01241762504,NA,41.5634741658525
ZMB,2013,15.71,4.8,5.014,0.110485988952812,NA,Africa,ZMB,1280.77012176778,NA,41.1682266235825
ZMB,2012,17.161,4.099999905,5.136,0.1090720702542712,NA,Africa,ZMB,1258.78938578996,3.96159738763825,40.7698556821596
ZMB,2011,23.216,3.5,5.256,0.1082019324554174,NA,Africa,ZMB,1208.46424569634,3.99062158481189,40.3684491825881
ZMB,2010,29.164,3,5.359,0.1066892369515795,NA,Africa,ZMB,1183.41712409199,NA,39.9558857709992
ZMB,2009,22.898,2.5,5.453,0.1084189228374298,NA,Africa,ZMB,1110.71918102486,NA,39.4908312026796
ZMB,2008,16.786,2.200000048,5.53,0.1064873706877047,NA,Africa,ZMB,1053.58612301068,NA,38.9629632271162
ZMB,2007,21.859,1.899999976,5.613,0.1072817277441845,NA,Africa,ZMB,1013.08567432637,NA,38.4034874343601
ZMB,2006,26.773,1.600000024,5.679,0.1077825327523664,NA,Africa,ZMB,968.563565019492,NA,37.8392213204204
ZMB,2005,31.462,1.299999952,5.697,0.1063709465956026,NA,Africa,ZMB,929.079255855905,NA,37.2969823813059
ZMB,2004,29.625,1.1,5.698,0.1062772578077087,NA,Africa,ZMB,895.475258534826,NA,36.8035881130253
ZMB,2003,27.737,0.980483039426114,5.71,0.1079860482333713,NA,Africa,ZMB,863.650190656785,NA,36.3858560115875
ZMB,2002,25.983,0.477750906947484,5.774,0.1066284058101134,NA,Africa,ZMB,833.021177549004,NA,36.0706035730014
ZMB,2001,24.045,0.233129556342332,5.848,0.1078827901845998,NA,Africa,ZMB,822.020935308251,NA,35.8846482932758
ZMB,2000,22.543,0.191071642503428,5.921,0.1075843363339263,NA,Africa,ZMB,804.48463418783,NA,35.8735460960387
ZWE,2023,15.332,38.67480087,3.724,0.1403095240546591,NA,Africa,ZWE,1418.47184628799,NA,39.2919370795795
ZWE,2022,16.984,36.25650024,3.767,0.1307890120760457,NA,Africa,ZWE,1369.19761495571,NA,38.7055207169041
ZWE,2021,15.208,32.5923996,3.765,0.1316601946855349,NA,Africa,ZWE,1312.20001358807,NA,37.8692058859373
ZWE,2020,14.243,29.29856532,3.754,0.1284120483851903,NA,Africa,ZWE,1230.81933361016,NA,37.0097671560802
ZWE,2019,11.718,26.5883007,3.748,0.1140254081626028,NA,Africa,ZWE,1357.53087818754,NA,36.1837638266364
ZWE,2018,10.693,25,3.744,0.1138573183102315,NA,Africa,ZWE,1472.14603844842,NA,35.4085538807905
ZWE,2017,9.833,24.39999962,3.768,0.1138974128050462,NA,Africa,ZWE,1422.91948946927,NA,34.7014953017273
ZWE,2016,8.949,23.12000084,3.828,0.1141337998038068,NA,Africa,ZWE,1378.34256192374,NA,34.0799460726314
ZWE,2015,8.016,22.74279976,3.911,0.1140326986970702,NA,Africa,ZWE,1387.12632595026,11.0489020370076,33.5612641766874
ZWE,2014,6.945,16.3647399572904,4.011,0.1137848755858995,NA,Africa,ZWE,1381.25404125871,NA,33.1628075970801
ZWE,2013,7.606,15.5,4.111,0.1134916474520299,NA,Africa,ZWE,1367.81831689463,7.31873655658947,32.9019343169941
ZWE,2012,8.169,12,4.134,0.1132506967993733,NA,Africa,ZWE,1360.15230034275,7.12874147164551,32.7931752128328
ZWE,2011,8.959,8.399999619,4.126,0.1139838760055344,NA,Africa,ZWE,1184.93421020563,7.111226643716,32.7567295776968
ZWE,2010,9.093,6.400000095,4.04,0.1144151858470125,NA,Africa,ZWE,1056.20884563889,6.9457720142893,32.7284525810054
ZWE,2009,9.109,4,3.95,0.114844027789817,NA,Africa,ZWE,896.915532877845,NA,32.7074288573175
ZWE,2008,9.026,3.5,3.783,0.1155713658100844,NA,Africa,ZWE,803.044944654991,NA,32.6912786206175
ZWE,2007,8.53,3,3.677,0.1153347763554724,NA,Africa,ZWE,987.200362596937,NA,32.67762208489
ZWE,2006,8.235,2.4000000950000002,3.635,0.1152557745772026,NA,Africa,ZWE,1038.22375658033,NA,32.6640794641194
ZWE,2005,8.1,2.4000000950000002,3.693,0.1156140435279076,NA,Africa,ZWE,1088.63148420699,NA,32.6482709722903
ZWE,2004,7.842,2.1,3.776,0.1155275752282354,NA,Africa,ZWE,1165.54447081543,NA,32.6278168233873
ZWE,2003,8.951,1.8,3.862,0.1156554424602174,NA,Africa,ZWE,1250.91948331231,NA,32.6003372313948
ZWE,2002,9.886,1.1,3.925,0.1156856144865894,NA,Africa,ZWE,1525.07935706564,NA,32.5631884166934
ZWE,2001,10.863,0.799846045633137,3.983,0.115420943985179,NA,Africa,ZWE,1690.14666163116,NA,32.4999278382836
ZWE,2000,11.937,0.401433535211582,4.009,0.1148723437098546,NA,Africa,ZWE,1677.34896793251,NA,32.3991568853313
